metric,policy,baseline,interference_regime,load_regime,mean_diff,ci_lo,ci_hi,p_value,cohens_d,n,q_value,significant
cvar99_us,SIT-safe,partition,adversarial,high,5226.8746,1906.5521,9010.5388,0.001,0.2065,200,0.007714,True
cvar99_us,SIT-no-IRBS,partition,adversarial,high,10031.7168,6971.2195,13890.1146,0.001,0.3979,200,0.006646,True
cvar99_us,SIT-no-safety,partition,adversarial,high,12288.845,9393.1734,15628.9877,0.001,0.5779,200,0.008471,True
cvar99_us,SIT-no-admission,partition,adversarial,high,8666.2472,6075.9494,11235.1109,0.001,0.4755,200,0.008429,True
cvar99_us,spread,partition,adversarial,high,4571.9132,2062.8663,7131.4953,0.001,0.2444,200,0.008388,True
cvar99_us,random,partition,adversarial,high,17645.9614,13149.2895,23009.9284,0.001,0.5031,200,0.008348,True
cvar99_us,round-robin,partition,adversarial,high,19773.6337,16026.2788,23741.4448,0.001,0.7231,200,0.008308,True
cvar99_us,binpack-greedy,partition,adversarial,high,20767.0401,17790.9332,23900.9286,0.001,0.9886,200,0.008268,True
cvar99_us,tail-greedy,partition,adversarial,high,4514.1713,2093.7247,6991.9275,0.001,0.2536,200,0.008229,True
cvar99_us,similarity-avoidance,partition,adversarial,high,9505.0125,6953.7568,12031.518,0.001,0.5262,200,0.00819,True
cvar99_us,admission-only,partition,adversarial,high,14511.1093,11714.5983,17214.3034,0.001,0.7328,200,0.008772,True
cvar99_us,oracle,partition,adversarial,high,3817.8165,1358.0343,6192.4961,0.001,0.2196,200,0.008727,True
cvar99_us,static-low,partition,adversarial,high,3845.8553,1048.1769,6674.0828,0.002,0.1908,200,0.004807,True
cvar99_us,static-high,partition,adversarial,high,23839.3288,20930.7852,26622.3276,0.001,1.1512,200,0.008683,True
cvar99_us,k8s-hpa,partition,adversarial,high,10974.8471,8036.481,13959.8335,0.001,0.5122,200,0.009191,True
cvar99_us,k8s-default,partition,adversarial,high,10256.1302,6824.26,14243.631,0.001,0.4119,200,0.008597,True
cvar99_us,slurm-fcfs,partition,adversarial,high,15774.1864,12933.2083,18332.3197,0.001,0.7948,200,0.008554,True
cvar99_us,triton-proxy,partition,adversarial,high,24524.5543,20999.3735,28268.652,0.001,0.9155,200,0.008512,True
cvar99_us,SIT-safe,partition,adversarial,low,1596.7962,1146.5059,2058.4457,0.001,0.4831,200,0.003248,True
cvar99_us,SIT-no-IRBS,partition,adversarial,low,2967.5187,2531.6178,3413.4186,0.001,0.9409,200,0.003692,True
cvar99_us,SIT-no-safety,partition,adversarial,low,3898.463,3441.9934,4389.7554,0.001,1.1254,200,0.003684,True
cvar99_us,SIT-no-admission,partition,adversarial,low,2875.4916,2398.8101,3298.8373,0.001,0.899,200,0.003677,True
cvar99_us,spread,partition,adversarial,low,1823.7199,1351.0713,2303.8015,0.001,0.49,200,0.003669,True
cvar99_us,random,partition,adversarial,low,5365.4397,4704.0445,6060.8285,0.001,1.0886,200,0.003661,True
cvar99_us,round-robin,partition,adversarial,low,6079.5439,5323.8259,6763.8735,0.001,1.1855,200,0.003653,True
cvar99_us,binpack-greedy,partition,adversarial,low,6645.0609,6160.6247,7121.7206,0.001,1.8745,200,0.003646,True
cvar99_us,tail-greedy,partition,adversarial,low,2209.1975,1736.8032,2742.3868,0.001,0.5968,200,0.003429,True
cvar99_us,similarity-avoidance,partition,adversarial,low,3289.5355,2769.714,3812.4397,0.001,0.8274,200,0.003422,True
cvar99_us,admission-only,partition,adversarial,low,5080.0308,4489.8823,5671.9587,0.001,1.1995,200,0.003415,True
cvar99_us,oracle,partition,adversarial,low,2312.9774,1770.4719,2838.8407,0.001,0.6144,200,0.003408,True
cvar99_us,static-low,partition,adversarial,low,950.9965,453.4019,1385.9442,0.001,0.2917,200,0.003402,True
cvar99_us,static-high,partition,adversarial,low,7788.1248,7217.6041,8311.8944,0.001,2.0429,200,0.003395,True
cvar99_us,k8s-hpa,partition,adversarial,low,3612.4014,3075.7116,4128.4011,0.001,0.9258,200,0.007261,True
cvar99_us,k8s-default,partition,adversarial,low,2824.5702,2346.5034,3348.8023,0.001,0.7843,200,0.003176,True
cvar99_us,slurm-fcfs,partition,adversarial,low,5529.7135,4847.8777,6288.4914,0.001,1.071,200,0.003171,True
cvar99_us,triton-proxy,partition,adversarial,low,7642.7873,6854.3676,8485.1653,0.001,1.3321,200,0.003165,True
cvar99_us,SIT-safe,partition,adversarial,medium,3521.5015,2665.2581,4428.0606,0.001,0.5467,200,0.003159,True
cvar99_us,SIT-no-IRBS,partition,adversarial,medium,6541.9373,5731.204,7384.4757,0.001,1.0749,200,0.003153,True
cvar99_us,SIT-no-safety,partition,adversarial,medium,7912.8179,7096.7588,8650.3556,0.001,1.3583,200,0.003148,True
cvar99_us,SIT-no-admission,partition,adversarial,medium,6039.0194,5166.5963,6894.0105,0.001,1.0369,200,0.003142,True
cvar99_us,spread,partition,adversarial,medium,3055.1315,2209.616,3879.1341,0.001,0.4992,200,0.00323,True
cvar99_us,random,partition,adversarial,medium,10725.8037,9661.7163,11831.6538,0.001,1.4011,200,0.003224,True
cvar99_us,round-robin,partition,adversarial,medium,12700.2148,11432.9286,13977.0787,0.001,1.4277,200,0.003218,True
cvar99_us,binpack-greedy,partition,adversarial,medium,13586.615,12672.3603,14649.9934,0.001,1.9552,200,0.003212,True
cvar99_us,tail-greedy,partition,adversarial,medium,4300.5273,3433.0917,5190.04,0.001,0.6714,200,0.003206,True
cvar99_us,similarity-avoidance,partition,adversarial,medium,6944.1244,5851.3523,7971.8447,0.001,0.9236,200,0.0032,True
cvar99_us,admission-only,partition,adversarial,medium,10313.569,9202.8284,11476.3264,0.001,1.2566,200,0.003194,True
cvar99_us,oracle,partition,adversarial,medium,4441.0477,3620.5356,5331.4447,0.001,0.6945,200,0.003188,True
cvar99_us,static-low,partition,adversarial,medium,2410.3716,1575.8041,3221.9273,0.001,0.4177,200,0.003578,True
cvar99_us,static-high,partition,adversarial,medium,15671.1593,14655.1346,16756.2628,0.001,2.0553,200,0.00357,True
cvar99_us,k8s-hpa,partition,adversarial,medium,7705.1251,6764.7295,8719.3278,0.001,1.0754,200,0.003563,True
cvar99_us,k8s-default,partition,adversarial,medium,6466.906,5575.9421,7441.3285,0.001,0.9154,200,0.003556,True
cvar99_us,slurm-fcfs,partition,adversarial,medium,10542.7487,9411.2379,11652.4215,0.001,1.2846,200,0.003548,True
cvar99_us,triton-proxy,partition,adversarial,medium,15764.9226,14150.9969,17392.2126,0.001,1.4369,200,0.003463,True
cvar99_us,SIT-safe,partition,adversarial,saturation,7222.1573,3003.5447,11924.8019,0.001,0.216,200,0.003242,True
cvar99_us,SIT-no-IRBS,partition,adversarial,saturation,12149.8966,9303.847,14924.9567,0.001,0.5949,200,0.003236,True
cvar99_us,SIT-no-safety,partition,adversarial,saturation,14646.6534,11503.0403,17434.4303,0.001,0.7013,200,0.006621,True
cvar99_us,SIT-no-admission,partition,adversarial,saturation,12508.1322,9090.6678,16008.6423,0.001,0.4895,200,0.00363,True
cvar99_us,spread,partition,adversarial,saturation,4721.7158,1607.8871,7939.8517,0.001,0.2017,200,0.003716,True
cvar99_us,random,partition,adversarial,saturation,20876.1439,17186.9507,25011.533,0.001,0.73,200,0.003615,True
cvar99_us,round-robin,partition,adversarial,saturation,26087.8008,20525.1019,33012.4619,0.001,0.5769,200,0.003608,True
cvar99_us,binpack-greedy,partition,adversarial,saturation,24375.8678,21426.3009,27142.4957,0.001,1.121,200,0.0036,True
cvar99_us,tail-greedy,partition,adversarial,saturation,4962.1337,2419.1635,7433.4944,0.001,0.2728,200,0.003593,True
cvar99_us,similarity-avoidance,partition,adversarial,saturation,12872.7708,9528.6922,15885.9053,0.001,0.5804,200,0.003585,True
cvar99_us,admission-only,partition,adversarial,saturation,21129.1218,17361.1132,24814.8063,0.001,0.7603,200,0.0037,True
cvar99_us,oracle,partition,adversarial,saturation,6801.0965,3664.3301,9865.472,0.001,0.3168,200,0.00723,True
cvar99_us,static-low,partition,adversarial,saturation,3470.2805,-23.2691,6542.6874,0.027,0.1449,200,0.06196,False
cvar99_us,static-high,partition,adversarial,saturation,30006.4867,26269.2525,33763.8666,0.001,1.1628,200,0.0072,True
cvar99_us,k8s-hpa,partition,adversarial,saturation,15568.315,11799.5425,19575.7157,0.001,0.557,200,0.00717,True
cvar99_us,k8s-default,partition,adversarial,saturation,10639.2413,6994.7267,14539.2609,0.001,0.401,200,0.00714,True
cvar99_us,slurm-fcfs,partition,adversarial,saturation,19597.7258,16473.3814,22891.1245,0.001,0.8033,200,0.007111,True
cvar99_us,triton-proxy,partition,adversarial,saturation,35032.3262,29389.3288,41303.3446,0.001,0.8314,200,0.007082,True
cvar99_us,SIT-safe,partition,drifting,high,5595.1461,5498.1995,5695.6347,0.001,7.6638,200,0.006238,True
cvar99_us,SIT-no-IRBS,partition,drifting,high,10003.0993,9723.5013,10283.732,0.001,4.8446,200,0.006216,True
cvar99_us,SIT-no-safety,partition,drifting,high,10495.7913,10325.2211,10658.0138,0.001,8.6574,200,0.006194,True
cvar99_us,SIT-no-admission,partition,drifting,high,7946.611,7806.0696,8072.4903,0.001,8.2746,200,0.006171,True
cvar99_us,spread,partition,drifting,high,3817.7754,3600.9379,4039.5482,0.001,2.4245,200,0.006149,True
cvar99_us,random,partition,drifting,high,11321.7182,11004.1253,11646.2275,0.001,4.8833,200,0.006996,True
cvar99_us,round-robin,partition,drifting,high,11307.4336,10913.3312,11678.6319,0.001,4.0563,200,0.007322,True
cvar99_us,binpack-greedy,partition,drifting,high,15486.6692,15273.6726,15714.8022,0.001,9.3038,200,0.007291,True
cvar99_us,tail-greedy,partition,drifting,high,5591.6013,5485.7658,5692.5887,0.001,7.5541,200,0.006424,True
cvar99_us,similarity-avoidance,partition,drifting,high,7518.9115,7269.309,7770.914,0.001,4.0,200,0.0064,True
cvar99_us,admission-only,partition,drifting,high,11266.4387,10945.2489,11611.3919,0.001,4.5824,200,0.006672,True
cvar99_us,oracle,partition,drifting,high,5591.7913,5499.8027,5695.8396,0.001,7.584,200,0.006353,True
cvar99_us,static-low,partition,drifting,high,2095.3818,2039.3598,2158.1528,0.001,4.8311,200,0.00633,True
cvar99_us,static-high,partition,drifting,high,19966.8065,19722.3592,20224.9884,0.001,10.2709,200,0.006307,True
cvar99_us,k8s-hpa,partition,drifting,high,7847.682,7584.4213,8119.4989,0.001,3.8366,200,0.006284,True
cvar99_us,k8s-default,partition,drifting,high,6453.3426,6214.4002,6703.7931,0.001,3.8652,200,0.006261,True
cvar99_us,slurm-fcfs,partition,drifting,high,11283.212,10899.9648,11652.7508,0.001,3.9988,200,0.007053,True
cvar99_us,triton-proxy,partition,drifting,high,16569.9716,16035.9985,17107.7939,0.001,4.3418,200,0.006595,True
cvar99_us,SIT-safe,partition,drifting,low,1873.3255,1838.832,1906.3467,0.001,7.6006,200,0.00657,True
cvar99_us,SIT-no-IRBS,partition,drifting,low,3481.163,3374.3854,3585.5526,0.001,4.7455,200,0.006545,True
cvar99_us,SIT-no-safety,partition,drifting,low,3516.2388,3456.2968,3573.0328,0.001,8.5992,200,0.006521,True
cvar99_us,SIT-no-admission,partition,drifting,low,2660.7845,2617.5047,2707.452,0.001,8.0651,200,0.006496,True
cvar99_us,spread,partition,drifting,low,1281.2353,1211.8367,1354.3902,0.001,2.4847,200,0.006472,True
cvar99_us,random,partition,drifting,low,3804.817,3702.7582,3922.7445,0.001,4.7088,200,0.006448,True
cvar99_us,round-robin,partition,drifting,low,3786.1964,3662.4662,3909.744,0.001,4.0531,200,0.003254,True
cvar99_us,binpack-greedy,partition,drifting,low,5186.6485,5112.5582,5264.9969,0.001,9.2038,200,0.003806,True
cvar99_us,tail-greedy,partition,drifting,low,1869.233,1835.7472,1902.9171,0.001,7.3441,200,0.004331,True
cvar99_us,similarity-avoidance,partition,drifting,low,2524.4413,2440.571,2613.9408,0.001,3.9666,200,0.00432,True
cvar99_us,admission-only,partition,drifting,low,3772.6699,3656.0819,3893.4984,0.001,4.4941,200,0.004309,True
cvar99_us,oracle,partition,drifting,low,1872.0552,1835.3601,1905.0326,0.001,7.3275,200,0.004299,True
cvar99_us,static-low,partition,drifting,low,704.4909,684.5668,726.532,0.001,4.9156,200,0.004288,True
cvar99_us,static-high,partition,drifting,low,6693.6818,6603.6656,6776.763,0.001,10.1862,200,0.004277,True
cvar99_us,k8s-hpa,partition,drifting,low,2626.3792,2536.2113,2714.6068,0.001,3.8101,200,0.003304,True
cvar99_us,k8s-default,partition,drifting,low,2165.2887,2087.9176,2244.2315,0.001,3.8537,200,0.003298,True
cvar99_us,slurm-fcfs,partition,drifting,low,3779.7748,3654.6801,3917.5263,0.001,3.9789,200,0.003291,True
cvar99_us,triton-proxy,partition,drifting,low,5552.3718,5383.7182,5729.5236,0.001,4.3442,200,0.003285,True
cvar99_us,SIT-safe,partition,drifting,medium,3728.1486,3658.9702,3794.0895,0.001,7.4399,200,0.003279,True
cvar99_us,SIT-no-IRBS,partition,drifting,medium,7085.8654,6857.8093,7337.9541,0.001,4.1452,200,0.003273,True
cvar99_us,SIT-no-safety,partition,drifting,medium,7001.646,6888.0089,7118.808,0.001,8.65,200,0.003267,True
cvar99_us,SIT-no-admission,partition,drifting,medium,5300.8036,5218.8924,5384.3704,0.001,8.2589,200,0.00326,True
cvar99_us,spread,partition,drifting,medium,2541.8241,2409.8141,2686.9361,0.001,2.6073,200,0.003355,True
cvar99_us,random,partition,drifting,medium,7556.5514,7333.914,7778.4294,0.001,4.5426,200,0.003349,True
cvar99_us,round-robin,partition,drifting,medium,7543.9072,7284.9893,7793.2111,0.001,4.0432,200,0.003342,True
cvar99_us,binpack-greedy,partition,drifting,medium,10330.0288,10185.0225,10486.3231,0.001,9.3011,200,0.003336,True
cvar99_us,tail-greedy,partition,drifting,medium,3728.0123,3659.8974,3796.2055,0.001,7.3566,200,0.003329,True
cvar99_us,similarity-avoidance,partition,drifting,medium,5018.4235,4849.1624,5196.8493,0.001,3.9557,200,0.003323,True
cvar99_us,admission-only,partition,drifting,medium,7508.2092,7274.6384,7726.0345,0.001,4.584,200,0.003388,True
cvar99_us,oracle,partition,drifting,medium,3728.0328,3662.7517,3796.1748,0.001,7.4748,200,0.00331,True
cvar99_us,static-low,partition,drifting,medium,1394.4343,1352.6804,1434.0651,0.001,4.8587,200,0.003136,True
cvar99_us,static-high,partition,drifting,medium,13333.0975,13157.2312,13518.9347,0.001,10.118,200,0.00313,True
cvar99_us,k8s-hpa,partition,drifting,medium,5232.7497,5042.2888,5417.8637,0.001,3.8066,200,0.003125,True
cvar99_us,k8s-default,partition,drifting,medium,4299.2502,4143.7392,4455.9945,0.001,3.8407,200,0.003317,True
cvar99_us,slurm-fcfs,partition,drifting,medium,7521.4308,7269.4396,7774.2576,0.001,3.9781,200,0.003382,True
cvar99_us,triton-proxy,partition,drifting,medium,11069.4737,10754.1395,11421.1672,0.001,4.3362,200,0.003375,True
cvar99_us,SIT-safe,partition,drifting,saturation,7449.6935,7318.9307,7586.8679,0.001,7.5244,200,0.003368,True
cvar99_us,SIT-no-IRBS,partition,drifting,saturation,13791.9199,13380.7077,14180.0469,0.001,4.8742,200,0.003362,True
cvar99_us,SIT-no-safety,partition,drifting,saturation,13992.7828,13789.3455,14211.6932,0.001,8.807,200,0.004547,True
cvar99_us,SIT-no-admission,partition,drifting,saturation,10609.3753,10424.0642,10775.6838,0.001,8.3497,200,0.004535,True
cvar99_us,spread,partition,drifting,saturation,5075.8374,4787.0493,5382.5331,0.001,2.53,200,0.004524,True
cvar99_us,random,partition,drifting,saturation,15347.1015,14873.7742,15857.9367,0.001,4.2596,200,0.004512,True
cvar99_us,round-robin,partition,drifting,saturation,15077.7237,14603.4959,15610.2107,0.001,4.0736,200,0.0045,True
cvar99_us,binpack-greedy,partition,drifting,saturation,20641.2581,20357.1591,20943.3687,0.001,9.4358,200,0.004488,True
cvar99_us,tail-greedy,partition,drifting,saturation,7459.331,7332.4086,7593.8778,0.001,7.5718,200,0.004477,True
cvar99_us,similarity-avoidance,partition,drifting,saturation,10047.2393,9711.7887,10375.464,0.001,4.0282,200,0.004608,True
cvar99_us,admission-only,partition,drifting,saturation,15221.0446,14766.7903,15694.7412,0.001,4.5347,200,0.004144,True
cvar99_us,oracle,partition,drifting,saturation,7457.1404,7321.3571,7586.8956,0.001,7.5349,200,0.004134,True
cvar99_us,static-low,partition,drifting,saturation,2804.027,2727.0669,2878.9986,0.001,5.1156,200,0.004124,True
cvar99_us,static-high,partition,drifting,saturation,26625.7631,26271.8089,26993.0304,0.001,10.2171,200,0.004465,True
cvar99_us,k8s-hpa,partition,drifting,saturation,10468.2275,10092.4786,10842.3653,0.001,3.8338,200,0.004596,True
cvar99_us,k8s-default,partition,drifting,saturation,8619.3316,8317.1247,8941.6048,0.001,3.8342,200,0.004584,True
cvar99_us,slurm-fcfs,partition,drifting,saturation,15037.3123,14520.3078,15561.213,0.001,4.0109,200,0.004571,True
cvar99_us,triton-proxy,partition,drifting,saturation,22111.9448,21377.8713,22869.2926,0.001,4.3762,200,0.004559,True
cvar99_us,SIT-safe,partition,heavy_tail_burst,high,-23164.2342,-133450.7707,59733.4116,0.376,-0.0315,200,0.690465,False
cvar99_us,SIT-no-IRBS,partition,heavy_tail_burst,high,93499.817,-134658.6796,424385.8751,0.355,0.0429,200,0.658904,False
cvar99_us,SIT-no-safety,partition,heavy_tail_burst,high,-44768.7713,-166061.8718,29276.4821,0.199,-0.0626,200,0.405032,False
cvar99_us,SIT-no-admission,partition,heavy_tail_burst,high,44705.2834,-82989.9677,157418.2563,0.221,0.0514,200,0.440979,False
cvar99_us,spread,partition,heavy_tail_burst,high,115107.5451,-36434.8561,291201.0922,0.084,0.0946,200,0.182123,False
cvar99_us,random,partition,heavy_tail_burst,high,-26745.8155,-142951.5365,45799.2224,0.329,-0.0393,200,0.622004,False
cvar99_us,round-robin,partition,heavy_tail_burst,high,-6742.7855,-119405.5276,73227.7126,0.486,-0.0091,200,0.838969,False
cvar99_us,binpack-greedy,partition,heavy_tail_burst,high,14274.2803,-124791.1837,150284.7817,0.408,0.0152,200,0.7344,False
cvar99_us,tail-greedy,partition,heavy_tail_burst,high,-39495.2333,-150636.0112,40530.4367,0.266,-0.0547,200,0.517039,False
cvar99_us,similarity-avoidance,partition,heavy_tail_burst,high,-4317.4181,-122792.571,74822.3135,0.506,-0.0058,200,0.870884,False
cvar99_us,admission-only,partition,heavy_tail_burst,high,-3956.2969,-128822.0005,79658.872,0.528,-0.0054,200,0.906042,False
cvar99_us,oracle,partition,heavy_tail_burst,high,-24599.4005,-132107.1181,53021.2687,0.349,-0.0334,200,0.650563,False
cvar99_us,static-low,partition,heavy_tail_burst,high,-13246.2101,-137507.4091,84867.9501,0.43,-0.0166,200,0.766021,False
cvar99_us,static-high,partition,heavy_tail_burst,high,211958.7759,-102638.3825,724512.74,0.208,0.0648,200,0.419398,False
cvar99_us,k8s-hpa,partition,heavy_tail_burst,high,30243.4443,-114389.3241,170220.0188,0.327,0.0298,200,0.620259,False
cvar99_us,k8s-default,partition,heavy_tail_burst,high,-25382.2011,-142377.3655,61556.9218,0.356,-0.0339,200,0.660052,False
cvar99_us,slurm-fcfs,partition,heavy_tail_burst,high,16861.6576,-95908.2973,113447.3813,0.338,0.0212,200,0.636929,False
cvar99_us,triton-proxy,partition,heavy_tail_burst,high,5798.8329,-109015.1285,92651.8883,0.41,0.0081,200,0.736466,False
cvar99_us,SIT-safe,partition,heavy_tail_burst,low,1935.5057,-3242.2143,7000.3331,0.224,0.0539,200,0.44645,False
cvar99_us,SIT-no-IRBS,partition,heavy_tail_burst,low,3255.863,-999.1182,7702.5563,0.071,0.1008,200,0.15629,False
cvar99_us,SIT-no-safety,partition,heavy_tail_burst,low,5811.9605,559.5752,11384.6889,0.014,0.1509,200,0.03314,True
cvar99_us,SIT-no-admission,partition,heavy_tail_burst,low,4604.0487,-220.0381,10030.8446,0.032,0.1223,200,0.073143,False
cvar99_us,spread,partition,heavy_tail_burst,low,80.6664,-4335.5173,4454.8797,0.484,0.0026,200,0.837189,False
cvar99_us,random,partition,heavy_tail_burst,low,2685.1247,-1946.5098,7044.3951,0.119,0.0835,200,0.250771,False
cvar99_us,round-robin,partition,heavy_tail_burst,low,4596.6529,2.7243,9287.7787,0.025,0.1296,200,0.057677,False
cvar99_us,binpack-greedy,partition,heavy_tail_burst,low,7736.1768,3225.2306,12690.5065,0.001,0.2201,200,0.004454,True
cvar99_us,tail-greedy,partition,heavy_tail_burst,low,-1795.2357,-6270.8732,2454.4983,0.217,-0.0575,200,0.434503,False
cvar99_us,similarity-avoidance,partition,heavy_tail_burst,low,-250.6179,-4874.7809,3849.8883,0.449,-0.0081,200,0.795766,False
cvar99_us,admission-only,partition,heavy_tail_burst,low,4944.0683,239.4254,9254.1228,0.021,0.1469,200,0.048906,True
cvar99_us,oracle,partition,heavy_tail_burst,low,4319.3638,-1104.5543,9923.104,0.07,0.1089,200,0.154483,False
cvar99_us,static-low,partition,heavy_tail_burst,low,1115.6159,-4249.6738,6126.0146,0.297,0.031,200,0.57024,False
cvar99_us,static-high,partition,heavy_tail_burst,low,6628.322,1763.5721,11045.2006,0.006,0.1976,200,0.01432,True
cvar99_us,k8s-hpa,partition,heavy_tail_burst,low,483.8308,-4015.3469,4567.2375,0.397,0.0156,200,0.719849,False
cvar99_us,k8s-default,partition,heavy_tail_burst,low,3015.8954,-1987.4528,8293.363,0.109,0.0812,200,0.231391,False
cvar99_us,slurm-fcfs,partition,heavy_tail_burst,low,3151.951,-1308.6547,7198.7032,0.084,0.1018,200,0.181895,False
cvar99_us,triton-proxy,partition,heavy_tail_burst,low,5740.8114,1383.7708,10094.1841,0.006,0.1815,200,0.01434,True
cvar99_us,SIT-safe,partition,heavy_tail_burst,medium,-8798.7401,-21374.6499,1868.0408,0.053,-0.1052,200,0.118632,False
cvar99_us,SIT-no-IRBS,partition,heavy_tail_burst,medium,1442.4074,-10721.8767,13011.8885,0.402,0.0163,200,0.725111,False
cvar99_us,SIT-no-safety,partition,heavy_tail_burst,medium,11.0616,-12533.1664,11282.0932,0.452,0.0001,200,0.79781,False
cvar99_us,SIT-no-admission,partition,heavy_tail_burst,medium,-3073.2216,-16117.6771,9272.6703,0.321,-0.0337,200,0.610218,False
cvar99_us,spread,partition,heavy_tail_burst,medium,-11454.3871,-23144.8893,-1080.1206,0.015,-0.1393,200,0.035458,True
cvar99_us,random,partition,heavy_tail_burst,medium,-4555.3144,-15848.4131,5570.7754,0.201,-0.0585,200,0.408141,False
cvar99_us,round-robin,partition,heavy_tail_burst,medium,2058.3299,-10453.0324,14015.0186,0.347,0.0232,200,0.648234,False
cvar99_us,binpack-greedy,partition,heavy_tail_burst,medium,1092.297,-11844.6098,10956.5386,0.419,0.0132,200,0.749516,False
cvar99_us,tail-greedy,partition,heavy_tail_burst,medium,-11365.9292,-23906.0274,-760.6243,0.019,-0.1365,200,0.044488,True
cvar99_us,similarity-avoidance,partition,heavy_tail_burst,medium,-6072.8673,-18159.215,4476.7461,0.165,-0.072,200,0.341461,False
cvar99_us,admission-only,partition,heavy_tail_burst,medium,4631.5143,-10048.6473,21337.7732,0.269,0.0409,200,0.521697,False
cvar99_us,oracle,partition,heavy_tail_burst,medium,-7350.2095,-19847.0304,3320.3011,0.102,-0.0895,200,0.2176,False
cvar99_us,static-low,partition,heavy_tail_burst,medium,-9015.874,-21693.981,2140.438,0.063,-0.1045,200,0.139928,False
cvar99_us,static-high,partition,heavy_tail_burst,medium,1707.1839,-10703.1165,12456.2359,0.385,0.0202,200,0.703256,False
cvar99_us,k8s-hpa,partition,heavy_tail_burst,medium,-2465.2085,-14364.8703,8578.0859,0.329,-0.0286,200,0.622686,False
cvar99_us,k8s-default,partition,heavy_tail_burst,medium,-522.262,-12125.1778,10292.2435,0.482,-0.0061,200,0.837924,False
cvar99_us,slurm-fcfs,partition,heavy_tail_burst,medium,-4553.4756,-15835.9922,7051.887,0.227,-0.0526,200,0.451908,False
cvar99_us,triton-proxy,partition,heavy_tail_burst,medium,585.7121,-12065.2702,11891.142,0.483,0.0069,200,0.837135,False
cvar99_us,SIT-safe,partition,heavy_tail_burst,saturation,-18048.6895,-90216.953,46446.349,0.288,-0.0372,200,0.553575,False
cvar99_us,SIT-no-IRBS,partition,heavy_tail_burst,saturation,32962.3155,-57901.926,136980.7652,0.26,0.0497,200,0.507661,False
cvar99_us,SIT-no-safety,partition,heavy_tail_burst,saturation,-977.4464,-71097.929,69801.7475,0.469,-0.002,200,0.821939,False
cvar99_us,SIT-no-admission,partition,heavy_tail_burst,saturation,-16821.9218,-82829.0591,49373.4264,0.307,-0.0363,200,0.586183,False
cvar99_us,spread,partition,heavy_tail_burst,saturation,-13395.9281,-87604.153,63526.0954,0.361,-0.0233,200,0.667174,False
cvar99_us,random,partition,heavy_tail_burst,saturation,-4845.6392,-66433.7893,54719.9505,0.467,-0.0108,200,0.820098,False
cvar99_us,round-robin,partition,heavy_tail_burst,saturation,-16796.762,-86348.9086,36246.8183,0.253,-0.0379,200,0.4968,False
cvar99_us,binpack-greedy,partition,heavy_tail_burst,saturation,38818.1445,-50643.0095,130966.1964,0.215,0.0575,200,0.430998,False
cvar99_us,tail-greedy,partition,heavy_tail_burst,saturation,1696.2595,-65834.8266,75496.2634,0.48,0.0033,200,0.835287,False
cvar99_us,similarity-avoidance,partition,heavy_tail_burst,saturation,-36118.4745,-98379.7748,24734.6093,0.129,-0.0807,200,0.270196,False
cvar99_us,admission-only,partition,heavy_tail_burst,saturation,-35887.1016,-92830.3911,17033.6007,0.105,-0.0881,200,0.223173,False
cvar99_us,oracle,partition,heavy_tail_burst,saturation,-50069.7069,-108714.5462,5443.2963,0.037,-0.1214,200,0.084237,False
cvar99_us,static-low,partition,heavy_tail_burst,saturation,-31571.6042,-107459.807,46959.7344,0.205,-0.0561,200,0.414801,False
cvar99_us,static-high,partition,heavy_tail_burst,saturation,-8584.6735,-74736.8671,52506.4618,0.376,-0.0195,200,0.689732,False
cvar99_us,k8s-hpa,partition,heavy_tail_burst,saturation,-28650.0083,-90147.5015,27221.8008,0.156,-0.0687,200,0.323611,False
cvar99_us,k8s-default,partition,heavy_tail_burst,saturation,-10879.5853,-83310.7079,56631.0663,0.384,-0.0214,200,0.702171,False
cvar99_us,slurm-fcfs,partition,heavy_tail_burst,saturation,-25104.754,-87618.215,29871.5243,0.204,-0.0592,200,0.413261,False
cvar99_us,triton-proxy,partition,heavy_tail_burst,saturation,4127.386,-66487.7457,78246.5289,0.473,0.0081,200,0.826435,False
cvar99_us,SIT-safe,partition,iid_noise,high,5560.2905,5464.3129,5659.2138,0.001,7.6614,200,0.00374,True
cvar99_us,SIT-no-IRBS,partition,iid_noise,high,8582.9429,8338.2429,8833.2616,0.001,4.9637,200,0.003732,True
cvar99_us,SIT-no-safety,partition,iid_noise,high,10447.8243,10278.2167,10611.9582,0.001,8.8133,200,0.003724,True
cvar99_us,SIT-no-admission,partition,iid_noise,high,7908.0192,7775.2126,8037.4558,0.001,8.2978,200,0.004,True
cvar99_us,spread,partition,iid_noise,high,3772.8676,3568.748,3981.6127,0.001,2.6116,200,0.004105,True
cvar99_us,random,partition,iid_noise,high,11263.4443,10928.2031,11640.8297,0.001,4.466,200,0.004095,True
cvar99_us,round-robin,partition,iid_noise,high,11254.35,10895.5632,11637.6357,0.001,4.0924,200,0.004085,True
cvar99_us,binpack-greedy,partition,iid_noise,high,15418.9705,15206.5051,15636.0584,0.001,9.4441,200,0.003901,True
cvar99_us,tail-greedy,partition,iid_noise,high,5566.2994,5459.389,5660.0204,0.001,7.6307,200,0.004066,True
cvar99_us,similarity-avoidance,partition,iid_noise,high,7484.2083,7242.3047,7751.9376,0.001,3.9918,200,0.004056,True
cvar99_us,admission-only,partition,iid_noise,high,11239.6604,10894.4788,11560.79,0.001,4.3608,200,0.004047,True
cvar99_us,oracle,partition,iid_noise,high,5558.1392,5458.3997,5665.278,0.001,7.5892,200,0.004037,True
cvar99_us,static-low,partition,iid_noise,high,2081.903,2028.1613,2138.7279,0.001,5.2595,200,0.004028,True
cvar99_us,static-high,partition,iid_noise,high,19886.8743,19625.9096,20169.7169,0.001,10.2709,200,0.004019,True
cvar99_us,k8s-hpa,partition,iid_noise,high,7810.8111,7516.0754,8109.9135,0.001,3.8255,200,0.004009,True
cvar99_us,k8s-default,partition,iid_noise,high,6424.4129,6203.4061,6657.31,0.001,3.8314,200,0.002919,True
cvar99_us,slurm-fcfs,partition,iid_noise,high,11222.6296,10834.1688,11592.307,0.001,4.0374,200,0.002914,True
cvar99_us,triton-proxy,partition,iid_noise,high,16508.015,16019.4812,17047.547,0.001,4.3615,200,0.002909,True
cvar99_us,SIT-safe,partition,iid_noise,low,1852.613,1818.9874,1889.4769,0.001,7.4038,200,0.002904,True
cvar99_us,SIT-no-IRBS,partition,iid_noise,low,2904.6832,2821.7303,2989.1678,0.001,4.6864,200,0.002899,True
cvar99_us,SIT-no-safety,partition,iid_noise,low,3488.471,3433.0322,3544.5913,0.001,8.8048,200,0.002894,True
cvar99_us,SIT-no-admission,partition,iid_noise,low,2638.6529,2594.4294,2683.2181,0.001,8.2277,200,0.00289,True
cvar99_us,spread,partition,iid_noise,low,1257.4699,1186.661,1325.8898,0.001,2.4639,200,0.002885,True
cvar99_us,random,partition,iid_noise,low,3781.063,3672.9542,3898.0916,0.001,4.6541,200,0.002424,True
cvar99_us,round-robin,partition,iid_noise,low,3757.8759,3637.3301,3887.5043,0.001,4.067,200,0.00242,True
cvar99_us,binpack-greedy,partition,iid_noise,low,5142.2529,5069.1384,5218.405,0.001,9.2952,200,0.002486,True
cvar99_us,tail-greedy,partition,iid_noise,low,1852.3944,1817.463,1888.3584,0.001,7.4067,200,0.002417,True
cvar99_us,similarity-avoidance,partition,iid_noise,low,2499.4112,2409.7127,2584.431,0.001,4.0018,200,0.002939,True
cvar99_us,admission-only,partition,iid_noise,low,3783.4784,3668.9896,3901.8657,0.001,4.5047,200,0.002934,True
cvar99_us,oracle,partition,iid_noise,low,1854.3385,1821.0431,1888.8842,0.001,7.5187,200,0.002929,True
cvar99_us,static-low,partition,iid_noise,low,689.5185,668.7383,707.8284,0.001,4.9442,200,0.002924,True
cvar99_us,static-high,partition,iid_noise,low,6638.459,6547.4234,6723.6411,0.001,10.1939,200,0.002526,True
cvar99_us,k8s-hpa,partition,iid_noise,low,2604.0094,2501.784,2698.737,0.001,3.8227,200,0.002434,True
cvar99_us,k8s-default,partition,iid_noise,low,2143.8266,2066.8261,2228.0174,0.001,3.8271,200,0.002448,True
cvar99_us,slurm-fcfs,partition,iid_noise,low,3741.5014,3620.2359,3866.8714,0.001,4.005,200,0.002444,True
cvar99_us,triton-proxy,partition,iid_noise,low,5509.5609,5325.0461,5685.6532,0.001,4.3445,200,0.002441,True
cvar99_us,SIT-safe,partition,iid_noise,medium,3702.3209,3637.611,3769.3168,0.001,7.4895,200,0.002437,True
cvar99_us,SIT-no-IRBS,partition,iid_noise,medium,5868.4538,5706.1718,6034.8466,0.001,4.8586,200,0.00243,True
cvar99_us,SIT-no-safety,partition,iid_noise,medium,6968.4625,6850.6159,7084.3819,0.001,8.8447,200,0.002427,True
cvar99_us,SIT-no-admission,partition,iid_noise,medium,5272.4161,5186.698,5359.3224,0.001,8.2578,200,0.002497,True
cvar99_us,spread,partition,iid_noise,medium,2411.9751,2287.0864,2545.8244,0.001,2.5271,200,0.002501,True
cvar99_us,random,partition,iid_noise,medium,7547.9439,7321.1535,7799.9302,0.001,4.0477,200,0.002504,True
cvar99_us,round-robin,partition,iid_noise,medium,7502.8333,7238.5434,7777.3182,0.001,4.0571,200,0.002508,True
cvar99_us,binpack-greedy,partition,iid_noise,medium,10279.228,10130.9018,10438.398,0.001,9.4021,200,0.002512,True
cvar99_us,tail-greedy,partition,iid_noise,medium,3709.307,3641.8134,3775.1182,0.001,7.5729,200,0.002515,True
cvar99_us,similarity-avoidance,partition,iid_noise,medium,4996.9692,4811.4324,5161.5592,0.001,4.0043,200,0.002519,True
cvar99_us,admission-only,partition,iid_noise,medium,7539.7654,7302.2191,7766.0528,0.001,4.3369,200,0.002523,True
cvar99_us,oracle,partition,iid_noise,medium,3708.5922,3643.196,3773.8066,0.001,7.4818,200,0.003048,True
cvar99_us,static-low,partition,iid_noise,medium,1386.6804,1349.6353,1423.1022,0.001,5.1235,200,0.003053,True
cvar99_us,static-high,partition,iid_noise,medium,13264.6156,13091.8297,13446.4475,0.001,10.2228,200,0.003058,True
cvar99_us,k8s-hpa,partition,iid_noise,medium,5213.5828,5033.4933,5393.4705,0.001,3.8245,200,0.003064,True
cvar99_us,k8s-default,partition,iid_noise,medium,4283.6719,4135.1531,4450.5809,0.001,3.8475,200,0.003119,True
cvar99_us,slurm-fcfs,partition,iid_noise,medium,7486.2399,7221.9052,7740.6287,0.001,4.0071,200,0.003075,True
cvar99_us,triton-proxy,partition,iid_noise,medium,11009.0625,10683.3863,11369.2621,0.001,4.3486,200,0.00308,True
cvar99_us,SIT-safe,partition,iid_noise,saturation,7433.2701,7308.6889,7566.8416,0.001,7.7571,200,0.003086,True
cvar99_us,SIT-no-IRBS,partition,iid_noise,saturation,11712.6044,11372.4553,12030.2286,0.001,4.8341,200,0.00281,True
cvar99_us,SIT-no-safety,partition,iid_noise,saturation,13932.4843,13724.0099,14179.0021,0.001,8.8388,200,0.002805,True
cvar99_us,SIT-no-admission,partition,iid_noise,saturation,10549.549,10361.9658,10717.3965,0.001,8.3119,200,0.002801,True
cvar99_us,spread,partition,iid_noise,saturation,4997.1952,4734.3347,5293.2623,0.001,2.5139,200,0.002796,True
cvar99_us,random,partition,iid_noise,saturation,15082.917,14622.4139,15553.6702,0.001,4.3297,200,0.003026,True
cvar99_us,round-robin,partition,iid_noise,saturation,15002.4019,14489.0411,15502.3418,0.001,4.0819,200,0.003032,True
cvar99_us,binpack-greedy,partition,iid_noise,saturation,20559.7448,20254.3739,20869.8173,0.001,9.4891,200,0.003037,True
cvar99_us,tail-greedy,partition,iid_noise,saturation,7435.2541,7307.864,7564.1409,0.001,7.6524,200,0.003042,True
cvar99_us,similarity-avoidance,partition,iid_noise,saturation,10004.8929,9643.2361,10360.4296,0.001,4.0162,200,0.002842,True
cvar99_us,admission-only,partition,iid_noise,saturation,15193.476,14783.8837,15643.3637,0.001,4.8775,200,0.002837,True
cvar99_us,oracle,partition,iid_noise,saturation,7427.1559,7298.8188,7556.7908,0.001,7.6307,200,0.002591,True
cvar99_us,static-low,partition,iid_noise,saturation,2775.8712,2702.9401,2849.3017,0.001,5.2326,200,0.002833,True
cvar99_us,static-high,partition,iid_noise,saturation,26531.8971,26163.9182,26895.3514,0.001,10.3382,200,0.002828,True
cvar99_us,k8s-hpa,partition,iid_noise,saturation,10426.8377,10035.3086,10821.5911,0.001,3.8267,200,0.002824,True
cvar99_us,k8s-default,partition,iid_noise,saturation,8563.331,8258.9318,8884.4259,0.001,3.8485,200,0.002819,True
cvar99_us,slurm-fcfs,partition,iid_noise,saturation,14971.0637,14456.7833,15513.6305,0.001,4.0078,200,0.002814,True
cvar99_us,triton-proxy,partition,iid_noise,saturation,22008.7774,21319.9959,22741.1325,0.001,4.3722,200,0.00288,True
cvar99_us,SIT-safe,partition,partial_obs,high,5869.7305,3749.8333,7872.8141,0.001,0.3965,200,0.002875,True
cvar99_us,SIT-no-IRBS,partition,partial_obs,high,9170.3166,6797.2852,11481.8145,0.001,0.533,200,0.00287,True
cvar99_us,SIT-no-safety,partition,partial_obs,high,9915.5699,7908.5796,11777.814,0.001,0.7341,200,0.002944,True
cvar99_us,SIT-no-admission,partition,partial_obs,high,7297.7119,4918.4823,9847.0382,0.001,0.4333,200,0.002861,True
cvar99_us,spread,partition,partial_obs,high,4333.003,1937.232,6732.4497,0.001,0.2499,200,0.002856,True
cvar99_us,random,partition,partial_obs,high,10702.4361,8651.9245,12825.462,0.001,0.7237,200,0.002851,True
cvar99_us,round-robin,partition,partial_obs,high,10121.5227,8025.0918,12037.4757,0.001,0.6883,200,0.002847,True
cvar99_us,binpack-greedy,partition,partial_obs,high,14637.9275,12515.8828,16833.2897,0.001,0.9861,200,0.002642,True
cvar99_us,tail-greedy,partition,partial_obs,high,5939.6768,3511.0768,8338.1906,0.001,0.344,200,0.002638,True
cvar99_us,similarity-avoidance,partition,partial_obs,high,6161.2224,4147.8984,8149.38,0.001,0.4084,200,0.002634,True
cvar99_us,admission-only,partition,partial_obs,high,10076.3515,8070.9164,11866.0978,0.001,0.7405,200,0.00263,True
cvar99_us,oracle,partition,partial_obs,high,5817.3702,3672.4808,8097.5293,0.001,0.3535,200,0.002626,True
cvar99_us,static-low,partition,partial_obs,high,2618.3512,65.8097,5527.3796,0.022,0.1378,200,0.051097,False
cvar99_us,static-high,partition,partial_obs,high,19630.9683,17362.6947,21719.0582,0.001,1.2767,200,0.002622,True
cvar99_us,k8s-hpa,partition,partial_obs,high,8635.3121,5142.3367,13300.8897,0.001,0.279,200,0.002618,True
cvar99_us,k8s-default,partition,partial_obs,high,5611.9155,2906.7016,9166.582,0.001,0.2559,200,0.002969,True
cvar99_us,slurm-fcfs,partition,partial_obs,high,11001.325,8726.5713,13050.3381,0.001,0.7043,200,0.002964,True
cvar99_us,triton-proxy,partition,partial_obs,high,13957.5923,11771.5203,15850.3875,0.001,0.9589,200,0.002959,True
cvar99_us,SIT-safe,partition,partial_obs,low,1734.5831,1430.5434,1995.5482,0.001,0.8474,200,0.002954,True
cvar99_us,SIT-no-IRBS,partition,partial_obs,low,2826.4569,2445.4869,3260.681,0.001,1.0049,200,0.002949,True
cvar99_us,SIT-no-safety,partition,partial_obs,low,3239.737,2956.1258,3534.957,0.001,1.5578,200,0.002866,True
cvar99_us,SIT-no-admission,partition,partial_obs,low,2432.005,2125.9267,2707.6843,0.001,1.0813,200,0.00265,True
cvar99_us,spread,partition,partial_obs,low,1207.3002,910.2232,1531.4157,0.001,0.5199,200,0.002646,True
cvar99_us,random,partition,partial_obs,low,3557.714,3240.4175,3874.7079,0.001,1.5905,200,0.00301,True
cvar99_us,round-robin,partition,partial_obs,low,3487.0035,3200.9615,3777.823,0.001,1.595,200,0.003005,True
cvar99_us,binpack-greedy,partition,partial_obs,low,5181.289,4863.569,5514.1076,0.001,2.1989,200,0.003,True
cvar99_us,tail-greedy,partition,partial_obs,low,1901.7334,1591.9348,2247.4788,0.001,0.8386,200,0.002995,True
cvar99_us,similarity-avoidance,partition,partial_obs,low,2047.9443,1763.4529,2318.658,0.001,0.9662,200,0.00299,True
cvar99_us,admission-only,partition,partial_obs,low,3629.9571,3339.7472,3918.8956,0.001,1.6811,200,0.002984,True
cvar99_us,oracle,partition,partial_obs,low,1824.8941,1480.2601,2134.5733,0.001,0.773,200,0.002979,True
cvar99_us,static-low,partition,partial_obs,low,646.5888,345.2767,955.5398,0.001,0.298,200,0.002974,True
cvar99_us,static-high,partition,partial_obs,low,6560.8349,6233.1864,6881.4506,0.001,2.7706,200,0.003091,True
cvar99_us,k8s-hpa,partition,partial_obs,low,2361.8401,2040.321,2681.5986,0.001,0.9527,200,0.003097,True
cvar99_us,k8s-default,partition,partial_obs,low,1839.2444,1529.6265,2140.3839,0.001,0.8004,200,0.003102,True
cvar99_us,slurm-fcfs,partition,partial_obs,low,3602.6914,3285.2433,3919.2432,0.001,1.5663,200,0.003108,True
cvar99_us,triton-proxy,partition,partial_obs,low,4819.709,4519.4049,5118.5761,0.001,2.1149,200,0.003114,True
cvar99_us,SIT-safe,partition,partial_obs,medium,3734.3211,3123.1753,4312.768,0.001,0.8684,200,0.003069,True
cvar99_us,SIT-no-IRBS,partition,partial_obs,medium,5629.5627,4941.7049,6217.1921,0.001,1.3057,200,0.003021,True
cvar99_us,SIT-no-safety,partition,partial_obs,medium,6738.026,6135.0622,7344.9667,0.001,1.5772,200,0.003016,True
cvar99_us,SIT-no-admission,partition,partial_obs,medium,5463.9062,4812.3199,6045.6229,0.001,1.2527,200,0.002783,True
cvar99_us,spread,partition,partial_obs,medium,2456.9479,1862.3019,3007.2218,0.001,0.5539,200,0.002778,True
cvar99_us,random,partition,partial_obs,medium,7757.9183,6974.3229,8689.2787,0.001,1.3097,200,0.002774,True
cvar99_us,round-robin,partition,partial_obs,medium,7522.7651,6842.6099,8184.3145,0.001,1.5574,200,0.002769,True
cvar99_us,binpack-greedy,partition,partial_obs,medium,10172.1462,9507.8647,10926.8911,0.001,1.9481,200,0.002765,True
cvar99_us,tail-greedy,partition,partial_obs,medium,3987.0361,3399.5831,4601.0408,0.001,0.9298,200,0.00276,True
cvar99_us,similarity-avoidance,partition,partial_obs,medium,4248.5366,3616.9422,4880.1876,0.001,0.9532,200,0.002756,True
cvar99_us,admission-only,partition,partial_obs,medium,6940.1975,6333.1962,7527.7222,0.001,1.7023,200,0.002752,True
cvar99_us,oracle,partition,partial_obs,medium,3484.9041,2806.2102,4202.5485,0.001,0.6985,200,0.002552,True
cvar99_us,static-low,partition,partial_obs,medium,1657.7913,982.7238,2421.229,0.001,0.3172,200,0.002549,True
cvar99_us,static-high,partition,partial_obs,medium,12580.0009,12027.3152,13081.4152,0.001,3.3196,200,0.002545,True
cvar99_us,k8s-hpa,partition,partial_obs,medium,4878.4377,4273.111,5465.0348,0.001,1.1519,200,0.002541,True
cvar99_us,k8s-default,partition,partial_obs,medium,3642.4708,3088.6506,4191.665,0.001,0.9074,200,0.002537,True
cvar99_us,slurm-fcfs,partition,partial_obs,medium,7633.352,6964.723,8318.901,0.001,1.5162,200,0.002534,True
cvar99_us,triton-proxy,partition,partial_obs,medium,9916.3211,9319.4561,10573.3754,0.001,2.1369,200,0.002721,True
cvar99_us,SIT-safe,partition,partial_obs,saturation,8538.105,6302.4067,11097.3997,0.001,0.4885,200,0.002787,True
cvar99_us,SIT-no-IRBS,partition,partial_obs,saturation,13175.7049,11451.1668,14999.7754,0.001,1.0732,200,0.002583,True
cvar99_us,SIT-no-safety,partition,partial_obs,saturation,14069.0286,12403.7707,15714.5489,0.001,1.2218,200,0.002579,True
cvar99_us,SIT-no-admission,partition,partial_obs,saturation,10024.9431,8577.613,11407.1225,0.001,0.9692,200,0.002575,True
cvar99_us,spread,partition,partial_obs,saturation,5383.4417,3771.0314,7094.8753,0.001,0.4424,200,0.002571,True
cvar99_us,random,partition,partial_obs,saturation,15661.064,13951.8002,17375.958,0.001,1.2698,200,0.002568,True
cvar99_us,round-robin,partition,partial_obs,saturation,16418.7442,14514.0656,18217.2308,0.001,1.2326,200,0.002564,True
cvar99_us,binpack-greedy,partition,partial_obs,saturation,21562.4081,19924.9739,23029.9451,0.001,1.9612,200,0.00256,True
cvar99_us,tail-greedy,partition,partial_obs,saturation,7511.0909,5870.6107,9164.6314,0.001,0.6264,200,0.002556,True
cvar99_us,similarity-avoidance,partition,partial_obs,saturation,10093.9583,8098.9757,12029.1177,0.001,0.7529,200,0.002614,True
cvar99_us,admission-only,partition,partial_obs,saturation,15209.2191,13635.7155,17015.0912,0.001,1.1815,200,0.00261,True
cvar99_us,oracle,partition,partial_obs,saturation,9314.2374,7552.693,11279.4118,0.001,0.7335,200,0.002606,True
cvar99_us,static-low,partition,partial_obs,saturation,2731.2249,1134.4547,4224.1312,0.001,0.2565,200,0.002602,True
cvar99_us,static-high,partition,partial_obs,saturation,26879.382,25209.6814,28539.7922,0.001,2.3324,200,0.002598,True
cvar99_us,k8s-hpa,partition,partial_obs,saturation,10868.6224,9152.881,12665.5477,0.001,0.8204,200,0.002595,True
cvar99_us,k8s-default,partition,partial_obs,saturation,8122.7255,6589.9186,9667.7683,0.001,0.7124,200,0.002654,True
cvar99_us,slurm-fcfs,partition,partial_obs,saturation,14427.0208,13091.7763,15895.2991,0.001,1.3519,200,0.002587,True
cvar99_us,triton-proxy,partition,partial_obs,saturation,19984.3204,18664.7458,21248.9129,0.001,2.045,200,0.014281,True
cvar99_us,SIT-safe,partition,structured,high,5371.7083,5291.2118,5450.8887,0.001,8.6152,200,0.014164,True
cvar99_us,SIT-no-IRBS,partition,structured,high,9445.7208,9210.6356,9698.0058,0.001,5.2487,200,0.014049,True
cvar99_us,SIT-no-safety,partition,structured,high,11169.1117,10996.0302,11346.5574,0.001,8.9516,200,0.013935,True
cvar99_us,SIT-no-admission,partition,structured,high,8417.9763,8281.5276,8561.2526,0.001,8.0063,200,0.013824,True
cvar99_us,spread,partition,structured,high,4145.1415,3861.7482,4474.6632,0.001,1.9042,200,0.013714,True
cvar99_us,random,partition,structured,high,12192.1639,11733.9495,12679.8427,0.001,3.4013,200,0.013606,True
cvar99_us,round-robin,partition,structured,high,12453.4246,11861.6128,13073.7339,0.001,2.956,200,0.0135,True
cvar99_us,binpack-greedy,partition,structured,high,18082.7297,17167.5042,19022.697,0.001,2.6138,200,0.002679,True
cvar99_us,tail-greedy,partition,structured,high,5924.408,5824.5867,6025.6828,0.001,7.8664,200,0.002675,True
cvar99_us,similarity-avoidance,partition,structured,high,7641.5997,7484.6374,7837.7816,0.001,5.5814,200,0.002671,True
cvar99_us,admission-only,partition,structured,high,12657.7086,12076.2215,13312.9107,0.001,2.9099,200,0.002667,True
cvar99_us,oracle,partition,structured,high,5924.6771,5824.7808,6025.0737,0.001,7.8449,200,0.002663,True
cvar99_us,static-low,partition,structured,high,2916.5036,2671.9443,3153.4761,0.001,1.6102,200,0.003182,True
cvar99_us,static-high,partition,structured,high,22133.7937,21600.3949,22684.4784,0.001,6.0018,200,0.002658,True
cvar99_us,k8s-hpa,partition,structured,high,10374.9469,9919.6766,10819.4848,0.001,3.0913,200,0.0144,True
cvar99_us,k8s-default,partition,structured,high,8224.7903,7787.9734,8695.9707,0.001,2.5405,200,0.002713,True
cvar99_us,slurm-fcfs,partition,structured,high,12762.0099,12341.7908,13203.5984,0.001,4.0571,200,0.002708,True
cvar99_us,triton-proxy,partition,structured,high,16289.414,15982.2572,16546.7822,0.001,8.1885,200,0.002704,True
cvar99_us,SIT-safe,partition,structured,low,1799.957,1771.1982,1828.879,0.001,8.6051,200,0.0027,True
cvar99_us,SIT-no-IRBS,partition,structured,low,3047.6611,2955.2538,3147.6372,0.001,4.4372,200,0.002696,True
cvar99_us,SIT-no-safety,partition,structured,low,3729.6905,3675.0198,3787.4594,0.001,8.8472,200,0.002692,True
cvar99_us,SIT-no-admission,partition,structured,low,2814.6609,2767.6906,2864.8203,0.001,7.9657,200,0.002687,True
cvar99_us,spread,partition,structured,low,1452.2692,1356.8109,1548.7776,0.001,2.1838,200,0.002683,True
cvar99_us,random,partition,structured,low,4178.0493,3993.6035,4380.4525,0.001,2.9559,200,0.002747,True
cvar99_us,round-robin,partition,structured,low,4161.1193,3986.7344,4375.2539,0.001,2.9608,200,0.002743,True
cvar99_us,binpack-greedy,partition,structured,low,6046.6817,5728.5488,6370.8482,0.001,2.6099,200,0.002739,True
cvar99_us,tail-greedy,partition,structured,low,1981.375,1949.5319,2016.8243,0.001,7.8923,200,0.002734,True
cvar99_us,similarity-avoidance,partition,structured,low,2557.0815,2492.3055,2629.8658,0.001,5.5392,200,0.00273,True
cvar99_us,admission-only,partition,structured,low,4095.2608,3920.2961,4294.7838,0.001,3.1235,200,0.002726,True
cvar99_us,oracle,partition,structured,low,1979.8744,1946.1971,2014.1847,0.001,7.8428,200,0.002792,True
cvar99_us,static-low,partition,structured,low,978.1617,896.4416,1060.8171,0.001,1.615,200,0.002717,True
cvar99_us,static-high,partition,structured,low,7395.1601,7229.9185,7573.5516,0.001,5.9931,200,0.016302,True
cvar99_us,k8s-hpa,partition,structured,low,3461.745,3318.0167,3610.2901,0.001,3.0895,200,0.018189,True
cvar99_us,k8s-default,partition,structured,low,2752.1288,2605.9725,2925.6314,0.001,2.5394,200,0.016,True
cvar99_us,slurm-fcfs,partition,structured,low,4261.8241,4114.1087,4405.5113,0.001,4.0549,200,0.015853,True
cvar99_us,triton-proxy,partition,structured,low,5444.4569,5351.4857,5540.5197,0.001,8.206,200,0.015709,True
cvar99_us,SIT-safe,partition,structured,medium,3586.1888,3526.2216,3641.8815,0.001,8.6594,200,0.015568,True
cvar99_us,SIT-no-IRBS,partition,structured,medium,6132.5421,5971.2077,6306.8387,0.001,5.0712,200,0.015429,True
cvar99_us,SIT-no-safety,partition,structured,medium,7457.3114,7345.4934,7570.7647,0.001,8.9715,200,0.015292,True
cvar99_us,SIT-no-admission,partition,structured,medium,5631.238,5536.7224,5726.5528,0.001,8.1059,200,0.017633,True
cvar99_us,spread,partition,structured,medium,2709.7957,2549.6548,2895.517,0.001,2.2475,200,0.017455,True
cvar99_us,random,partition,structured,medium,8408.1086,8062.2691,8772.4139,0.001,3.1472,200,0.01728,True
cvar99_us,round-robin,partition,structured,medium,8309.2774,7928.1911,8716.9765,0.001,2.9575,200,0.017109,True
cvar99_us,binpack-greedy,partition,structured,medium,12069.4857,11494.8994,12758.1744,0.001,2.612,200,0.016941,True
cvar99_us,tail-greedy,partition,structured,medium,3963.9474,3899.6458,4037.9941,0.001,7.9807,200,0.016777,True
cvar99_us,similarity-avoidance,partition,structured,medium,5098.786,4963.2608,5222.5385,0.001,5.5576,200,0.016615,True
cvar99_us,admission-only,partition,structured,medium,8369.2646,7979.1984,8819.7271,0.001,2.8023,200,0.016457,True
cvar99_us,oracle,partition,structured,medium,3953.6934,3883.6928,4021.611,0.001,7.8618,200,0.012613,True
cvar99_us,static-low,partition,structured,medium,1942.0248,1786.1548,2109.396,0.001,1.6006,200,0.012522,True
cvar99_us,static-high,partition,structured,medium,14773.0691,14438.3844,15116.1147,0.001,6.0308,200,0.012432,True
cvar99_us,k8s-hpa,partition,structured,medium,6920.9322,6611.8276,7261.1228,0.001,3.0833,200,0.012343,True
cvar99_us,k8s-default,partition,structured,medium,5492.8115,5204.6615,5789.9459,0.001,2.5418,200,0.012255,True
cvar99_us,slurm-fcfs,partition,structured,medium,8511.554,8209.4159,8795.9462,0.001,4.0726,200,0.01615,True
cvar99_us,triton-proxy,partition,structured,medium,10874.5938,10695.9852,11065.537,0.001,8.2664,200,0.018,True
cvar99_us,SIT-safe,partition,structured,saturation,7193.748,7079.0604,7308.7694,0.001,8.7163,200,0.017814,True
cvar99_us,SIT-no-IRBS,partition,structured,saturation,12430.2594,12052.8567,12810.284,0.001,4.6873,200,0.013395,True
cvar99_us,SIT-no-safety,partition,structured,saturation,14895.6072,14669.0758,15130.9391,0.001,8.9627,200,0.013292,True
cvar99_us,SIT-no-admission,partition,structured,saturation,11253.9007,11081.2848,11448.1123,0.001,8.1061,200,0.014521,True
cvar99_us,spread,partition,structured,saturation,5932.0256,5521.5836,6376.9474,0.001,1.9375,200,0.013091,True
cvar99_us,random,partition,structured,saturation,16330.1674,15670.1934,17039.7464,0.001,3.1008,200,0.012992,True
cvar99_us,round-robin,partition,structured,saturation,16631.8873,15891.8848,17425.6132,0.001,2.9619,200,0.012896,True
cvar99_us,binpack-greedy,partition,structured,saturation,24120.356,22870.8169,25484.774,0.001,2.6185,200,0.0128,True
cvar99_us,tail-greedy,partition,structured,saturation,7915.8581,7789.538,8051.4449,0.001,7.982,200,0.012706,True
cvar99_us,similarity-avoidance,partition,structured,saturation,10219.8283,9967.7791,10449.5122,0.001,5.5629,200,0.009391,True
cvar99_us,admission-only,partition,structured,saturation,16532.8245,15860.7123,17259.3616,0.001,3.2521,200,0.009341,True
cvar99_us,oracle,partition,structured,saturation,7922.3232,7790.4211,8052.9592,0.001,8.0422,200,0.00929,True
cvar99_us,static-low,partition,structured,saturation,3894.2215,3562.7163,4229.2634,0.001,1.6117,200,0.009241,True
cvar99_us,static-high,partition,structured,saturation,29509.3278,28835.8948,30168.2672,0.001,6.0281,200,0.011221,True
cvar99_us,k8s-hpa,partition,structured,saturation,13826.8043,13179.5366,14449.1329,0.001,3.0996,200,0.012084,True
cvar99_us,k8s-default,partition,structured,saturation,10986.7279,10364.5,11571.9828,0.001,2.5448,200,0.012,True
cvar99_us,slurm-fcfs,partition,structured,saturation,17039.6281,16503.9513,17624.2572,0.001,4.0776,200,0.011917,True
cvar99_us,triton-proxy,partition,structured,saturation,21749.3363,21384.8679,22059.0895,0.001,8.2843,200,0.009818,True
goodput,SIT-safe,partition,adversarial,high,0.0,0.0,0.0,1.0,0.0,200,1.0,False
goodput,SIT-no-IRBS,partition,adversarial,high,0.0,0.0,0.0,1.0,0.0,200,1.0,False
goodput,SIT-no-safety,partition,adversarial,high,0.0,0.0,0.0,1.0,0.0,200,1.0,False
goodput,SIT-no-admission,partition,adversarial,high,0.0,0.0,0.0,1.0,0.0,200,1.0,False
goodput,spread,partition,adversarial,high,0.0,0.0,0.0,1.0,0.0,200,1.0,False
goodput,random,partition,adversarial,high,0.0,0.0,0.0,1.0,0.0,200,1.0,False
goodput,round-robin,partition,adversarial,high,0.0,0.0,0.0,1.0,0.0,200,1.0,False
goodput,binpack-greedy,partition,adversarial,high,0.0,0.0,0.0,1.0,0.0,200,1.0,False
goodput,tail-greedy,partition,adversarial,high,0.0,0.0,0.0,1.0,0.0,200,1.0,False
goodput,similarity-avoidance,partition,adversarial,high,0.0,0.0,0.0,1.0,0.0,200,1.0,False
goodput,admission-only,partition,adversarial,high,0.0,0.0,0.0,1.0,0.0,200,1.0,False
goodput,oracle,partition,adversarial,high,0.0,0.0,0.0,1.0,0.0,200,1.0,False
goodput,static-low,partition,adversarial,high,0.0,0.0,0.0,1.0,0.0,200,1.0,False
goodput,static-high,partition,adversarial,high,0.0,0.0,0.0,1.0,0.0,200,1.0,False
goodput,k8s-hpa,partition,adversarial,high,0.0,0.0,0.0,1.0,0.0,200,1.0,False
goodput,k8s-default,partition,adversarial,high,0.0,0.0,0.0,1.0,0.0,200,1.0,False
goodput,slurm-fcfs,partition,adversarial,high,0.0,0.0,0.0,1.0,0.0,200,1.0,False
goodput,triton-proxy,partition,adversarial,high,0.0,0.0,0.0,1.0,0.0,200,1.0,False
goodput,SIT-safe,partition,adversarial,low,0.0,0.0,0.0,1.0,0.0,200,1.0,False
goodput,SIT-no-IRBS,partition,adversarial,low,0.0,0.0,0.0,1.0,0.0,200,1.0,False
goodput,SIT-no-safety,partition,adversarial,low,0.0,0.0,0.0,1.0,0.0,200,1.0,False
goodput,SIT-no-admission,partition,adversarial,low,0.0,0.0,0.0,1.0,0.0,200,1.0,False
goodput,spread,partition,adversarial,low,0.0,0.0,0.0,1.0,0.0,200,1.0,False
goodput,random,partition,adversarial,low,-0.0,-0.0001,0.0,0.347,-0.0709,200,0.647533,False
goodput,round-robin,partition,adversarial,low,0.0,0.0,0.0,1.0,0.0,200,1.0,False
goodput,binpack-greedy,partition,adversarial,low,0.0,0.0,0.0,1.0,0.0,200,1.0,False
goodput,tail-greedy,partition,adversarial,low,0.0,0.0,0.0,1.0,0.0,200,1.0,False
goodput,similarity-avoidance,partition,adversarial,low,0.0,0.0,0.0,1.0,0.0,200,1.0,False
goodput,admission-only,partition,adversarial,low,0.0,0.0,0.0,1.0,0.0,200,1.0,False
goodput,oracle,partition,adversarial,low,0.0,0.0,0.0,1.0,0.0,200,1.0,False
goodput,static-low,partition,adversarial,low,0.0,0.0,0.0,1.0,0.0,200,1.0,False
goodput,static-high,partition,adversarial,low,0.0,0.0,0.0,1.0,0.0,200,1.0,False
goodput,k8s-hpa,partition,adversarial,low,0.0,0.0,0.0,1.0,0.0,200,1.0,False
goodput,k8s-default,partition,adversarial,low,0.0,0.0,0.0,1.0,0.0,200,1.0,False
goodput,slurm-fcfs,partition,adversarial,low,0.0,0.0,0.0,1.0,0.0,200,1.0,False
goodput,triton-proxy,partition,adversarial,low,0.0,0.0,0.0,1.0,0.0,200,1.0,False
goodput,SIT-safe,partition,adversarial,medium,0.0,0.0,0.0,1.0,0.0,200,1.0,False
goodput,SIT-no-IRBS,partition,adversarial,medium,0.0,0.0,0.0,1.0,0.0,200,1.0,False
goodput,SIT-no-safety,partition,adversarial,medium,0.0,0.0,0.0,1.0,0.0,200,1.0,False
goodput,SIT-no-admission,partition,adversarial,medium,0.0,0.0,0.0,1.0,0.0,200,1.0,False
goodput,spread,partition,adversarial,medium,0.0,0.0,0.0,1.0,0.0,200,1.0,False
goodput,random,partition,adversarial,medium,0.0,0.0,0.0,1.0,0.0,200,1.0,False
goodput,round-robin,partition,adversarial,medium,0.0,0.0,0.0,1.0,0.0,200,1.0,False
goodput,binpack-greedy,partition,adversarial,medium,0.0,0.0,0.0,1.0,0.0,200,1.0,False
goodput,tail-greedy,partition,adversarial,medium,0.0,0.0,0.0,1.0,0.0,200,1.0,False
goodput,similarity-avoidance,partition,adversarial,medium,0.0,0.0,0.0,1.0,0.0,200,1.0,False
goodput,admission-only,partition,adversarial,medium,0.0,0.0,0.0,1.0,0.0,200,1.0,False
goodput,oracle,partition,adversarial,medium,0.0,0.0,0.0,1.0,0.0,200,1.0,False
goodput,static-low,partition,adversarial,medium,0.0,0.0,0.0,1.0,0.0,200,1.0,False
goodput,static-high,partition,adversarial,medium,0.0,0.0,0.0,1.0,0.0,200,1.0,False
goodput,k8s-hpa,partition,adversarial,medium,0.0,0.0,0.0,1.0,0.0,200,1.0,False
goodput,k8s-default,partition,adversarial,medium,0.0,0.0,0.0,1.0,0.0,200,1.0,False
goodput,slurm-fcfs,partition,adversarial,medium,0.0,0.0,0.0,1.0,0.0,200,1.0,False
goodput,triton-proxy,partition,adversarial,medium,0.0,0.0,0.0,1.0,0.0,200,1.0,False
goodput,SIT-safe,partition,adversarial,saturation,0.0,0.0,0.0,1.0,0.0,200,1.0,False
goodput,SIT-no-IRBS,partition,adversarial,saturation,0.0,0.0,0.0,1.0,0.0,200,1.0,False
goodput,SIT-no-safety,partition,adversarial,saturation,0.0,0.0,0.0,1.0,0.0,200,1.0,False
goodput,SIT-no-admission,partition,adversarial,saturation,0.0,0.0,0.0,1.0,0.0,200,1.0,False
goodput,spread,partition,adversarial,saturation,0.0,0.0,0.0,1.0,0.0,200,1.0,False
goodput,random,partition,adversarial,saturation,0.0,0.0,0.0,1.0,0.0,200,1.0,False
goodput,round-robin,partition,adversarial,saturation,0.0,0.0,0.0,1.0,0.0,200,1.0,False
goodput,binpack-greedy,partition,adversarial,saturation,0.0,0.0,0.0,1.0,0.0,200,1.0,False
goodput,tail-greedy,partition,adversarial,saturation,0.0,0.0,0.0,1.0,0.0,200,1.0,False
goodput,similarity-avoidance,partition,adversarial,saturation,0.0,0.0,0.0,1.0,0.0,200,1.0,False
goodput,admission-only,partition,adversarial,saturation,0.0,0.0,0.0,1.0,0.0,200,1.0,False
goodput,oracle,partition,adversarial,saturation,0.0,0.0,0.0,1.0,0.0,200,1.0,False
goodput,static-low,partition,adversarial,saturation,0.0,0.0,0.0,1.0,0.0,200,1.0,False
goodput,static-high,partition,adversarial,saturation,0.0,0.0,0.0,1.0,0.0,200,1.0,False
goodput,k8s-hpa,partition,adversarial,saturation,0.0,0.0,0.0,1.0,0.0,200,1.0,False
goodput,k8s-default,partition,adversarial,saturation,0.0,0.0,0.0,1.0,0.0,200,1.0,False
goodput,slurm-fcfs,partition,adversarial,saturation,0.0,0.0,0.0,1.0,0.0,200,1.0,False
goodput,triton-proxy,partition,adversarial,saturation,0.0,0.0,0.0,1.0,0.0,200,1.0,False
goodput,SIT-safe,partition,drifting,high,0.0,0.0,0.0,1.0,0.0,200,1.0,False
goodput,SIT-no-IRBS,partition,drifting,high,0.0,0.0,0.0,1.0,0.0,200,1.0,False
goodput,SIT-no-safety,partition,drifting,high,0.0,0.0,0.0,1.0,0.0,200,1.0,False
goodput,SIT-no-admission,partition,drifting,high,0.0,0.0,0.0,1.0,0.0,200,1.0,False
goodput,spread,partition,drifting,high,0.0,0.0,0.0,1.0,0.0,200,1.0,False
goodput,random,partition,drifting,high,0.0,0.0,0.0,1.0,0.0,200,1.0,False
goodput,round-robin,partition,drifting,high,0.0,0.0,0.0,1.0,0.0,200,1.0,False
goodput,binpack-greedy,partition,drifting,high,0.0,0.0,0.0,1.0,0.0,200,1.0,False
goodput,tail-greedy,partition,drifting,high,0.0,0.0,0.0,1.0,0.0,200,1.0,False
goodput,similarity-avoidance,partition,drifting,high,0.0,0.0,0.0,1.0,0.0,200,1.0,False
goodput,admission-only,partition,drifting,high,0.0,0.0,0.0,1.0,0.0,200,1.0,False
goodput,oracle,partition,drifting,high,0.0,0.0,0.0,1.0,0.0,200,1.0,False
goodput,static-low,partition,drifting,high,0.0,0.0,0.0,1.0,0.0,200,1.0,False
goodput,static-high,partition,drifting,high,0.0,0.0,0.0,1.0,0.0,200,1.0,False
goodput,k8s-hpa,partition,drifting,high,0.0,0.0,0.0,1.0,0.0,200,1.0,False
goodput,k8s-default,partition,drifting,high,0.0,0.0,0.0,1.0,0.0,200,1.0,False
goodput,slurm-fcfs,partition,drifting,high,0.0,0.0,0.0,1.0,0.0,200,1.0,False
goodput,triton-proxy,partition,drifting,high,0.0,0.0,0.0,1.0,0.0,200,1.0,False
goodput,SIT-safe,partition,drifting,low,0.0,0.0,0.0,1.0,0.0,200,1.0,False
goodput,SIT-no-IRBS,partition,drifting,low,0.0,0.0,0.0,1.0,0.0,200,1.0,False
goodput,SIT-no-safety,partition,drifting,low,0.0,0.0,0.0,1.0,0.0,200,1.0,False
goodput,SIT-no-admission,partition,drifting,low,0.0,0.0,0.0,1.0,0.0,200,1.0,False
goodput,spread,partition,drifting,low,0.0,0.0,0.0,1.0,0.0,200,1.0,False
goodput,random,partition,drifting,low,0.0,0.0,0.0,1.0,0.0,200,1.0,False
goodput,round-robin,partition,drifting,low,0.0,0.0,0.0,1.0,0.0,200,1.0,False
goodput,binpack-greedy,partition,drifting,low,0.0,0.0,0.0,1.0,0.0,200,1.0,False
goodput,tail-greedy,partition,drifting,low,0.0,0.0,0.0,1.0,0.0,200,1.0,False
goodput,similarity-avoidance,partition,drifting,low,0.0,0.0,0.0,1.0,0.0,200,1.0,False
goodput,admission-only,partition,drifting,low,0.0,0.0,0.0,1.0,0.0,200,1.0,False
goodput,oracle,partition,drifting,low,0.0,0.0,0.0,1.0,0.0,200,1.0,False
goodput,static-low,partition,drifting,low,0.0,0.0,0.0,1.0,0.0,200,1.0,False
goodput,static-high,partition,drifting,low,0.0,0.0,0.0,1.0,0.0,200,1.0,False
goodput,k8s-hpa,partition,drifting,low,0.0,0.0,0.0,1.0,0.0,200,1.0,False
goodput,k8s-default,partition,drifting,low,0.0,0.0,0.0,1.0,0.0,200,1.0,False
goodput,slurm-fcfs,partition,drifting,low,0.0,0.0,0.0,1.0,0.0,200,1.0,False
goodput,triton-proxy,partition,drifting,low,0.0,0.0,0.0,1.0,0.0,200,1.0,False
goodput,SIT-safe,partition,drifting,medium,0.0,0.0,0.0,1.0,0.0,200,1.0,False
goodput,SIT-no-IRBS,partition,drifting,medium,0.0,0.0,0.0,1.0,0.0,200,1.0,False
goodput,SIT-no-safety,partition,drifting,medium,0.0,0.0,0.0,1.0,0.0,200,1.0,False
goodput,SIT-no-admission,partition,drifting,medium,0.0,0.0,0.0,1.0,0.0,200,1.0,False
goodput,spread,partition,drifting,medium,0.0,0.0,0.0,1.0,0.0,200,1.0,False
goodput,random,partition,drifting,medium,0.0,0.0,0.0,1.0,0.0,200,1.0,False
goodput,round-robin,partition,drifting,medium,0.0,0.0,0.0,1.0,0.0,200,1.0,False
goodput,binpack-greedy,partition,drifting,medium,0.0,0.0,0.0,1.0,0.0,200,1.0,False
goodput,tail-greedy,partition,drifting,medium,0.0,0.0,0.0,1.0,0.0,200,1.0,False
goodput,similarity-avoidance,partition,drifting,medium,0.0,0.0,0.0,1.0,0.0,200,1.0,False
goodput,admission-only,partition,drifting,medium,0.0,0.0,0.0,1.0,0.0,200,1.0,False
goodput,oracle,partition,drifting,medium,0.0,0.0,0.0,1.0,0.0,200,1.0,False
goodput,static-low,partition,drifting,medium,0.0,0.0,0.0,1.0,0.0,200,1.0,False
goodput,static-high,partition,drifting,medium,0.0,0.0,0.0,1.0,0.0,200,1.0,False
goodput,k8s-hpa,partition,drifting,medium,0.0,0.0,0.0,1.0,0.0,200,1.0,False
goodput,k8s-default,partition,drifting,medium,0.0,0.0,0.0,1.0,0.0,200,1.0,False
goodput,slurm-fcfs,partition,drifting,medium,0.0,0.0,0.0,1.0,0.0,200,1.0,False
goodput,triton-proxy,partition,drifting,medium,0.0,0.0,0.0,1.0,0.0,200,1.0,False
goodput,SIT-safe,partition,drifting,saturation,0.0,0.0,0.0,1.0,0.0,200,1.0,False
goodput,SIT-no-IRBS,partition,drifting,saturation,0.0,0.0,0.0,1.0,0.0,200,1.0,False
goodput,SIT-no-safety,partition,drifting,saturation,0.0,0.0,0.0,1.0,0.0,200,1.0,False
goodput,SIT-no-admission,partition,drifting,saturation,0.0,0.0,0.0,1.0,0.0,200,1.0,False
goodput,spread,partition,drifting,saturation,0.0,0.0,0.0,1.0,0.0,200,1.0,False
goodput,random,partition,drifting,saturation,0.0,0.0,0.0,1.0,0.0,200,1.0,False
goodput,round-robin,partition,drifting,saturation,0.0,0.0,0.0,1.0,0.0,200,1.0,False
goodput,binpack-greedy,partition,drifting,saturation,0.0,0.0,0.0,1.0,0.0,200,1.0,False
goodput,tail-greedy,partition,drifting,saturation,0.0,0.0,0.0,1.0,0.0,200,1.0,False
goodput,similarity-avoidance,partition,drifting,saturation,0.0,0.0,0.0,1.0,0.0,200,1.0,False
goodput,admission-only,partition,drifting,saturation,0.0,0.0,0.0,1.0,0.0,200,1.0,False
goodput,oracle,partition,drifting,saturation,0.0,0.0,0.0,1.0,0.0,200,1.0,False
goodput,static-low,partition,drifting,saturation,0.0,0.0,0.0,1.0,0.0,200,1.0,False
goodput,static-high,partition,drifting,saturation,0.0,0.0,0.0,1.0,0.0,200,1.0,False
goodput,k8s-hpa,partition,drifting,saturation,0.0,0.0,0.0,1.0,0.0,200,1.0,False
goodput,k8s-default,partition,drifting,saturation,0.0,0.0,0.0,1.0,0.0,200,1.0,False
goodput,slurm-fcfs,partition,drifting,saturation,0.0,0.0,0.0,1.0,0.0,200,1.0,False
goodput,triton-proxy,partition,drifting,saturation,0.0,0.0,0.0,1.0,0.0,200,1.0,False
goodput,SIT-safe,partition,heavy_tail_burst,high,0.0002,-0.0004,0.0009,0.264,0.0501,200,0.514889,False
goodput,SIT-no-IRBS,partition,heavy_tail_burst,high,0.0005,-0.0,0.0011,0.043,0.1232,200,0.097257,False
goodput,SIT-no-safety,partition,heavy_tail_burst,high,0.0006,0.0001,0.0012,0.016,0.1536,200,0.03777,True
goodput,SIT-no-admission,partition,heavy_tail_burst,high,-0.0001,-0.0007,0.0005,0.345,-0.0302,200,0.646594,False
goodput,spread,partition,heavy_tail_burst,high,-0.0001,-0.0008,0.0006,0.41,-0.0229,200,0.737232,False
goodput,random,partition,heavy_tail_burst,high,0.0002,-0.0004,0.0009,0.241,0.0517,200,0.477031,False
goodput,round-robin,partition,heavy_tail_burst,high,0.0003,-0.0003,0.001,0.214,0.0593,200,0.429491,False
goodput,binpack-greedy,partition,heavy_tail_burst,high,0.0004,-0.0001,0.0011,0.079,0.099,200,0.171713,False
goodput,tail-greedy,partition,heavy_tail_burst,high,0.0004,-0.0002,0.0011,0.112,0.0923,200,0.237467,False
goodput,similarity-avoidance,partition,heavy_tail_burst,high,0.0003,-0.0003,0.0009,0.17,0.0709,200,0.351388,False
goodput,admission-only,partition,heavy_tail_burst,high,0.0001,-0.0005,0.0008,0.399,0.0243,200,0.72196,False
goodput,oracle,partition,heavy_tail_burst,high,0.0002,-0.0004,0.001,0.277,0.0501,200,0.534811,False
goodput,static-low,partition,heavy_tail_burst,high,0.0005,-0.0001,0.0011,0.057,0.1116,200,0.127256,False
goodput,static-high,partition,heavy_tail_burst,high,0.0004,-0.0002,0.001,0.133,0.0804,200,0.278237,False
goodput,k8s-hpa,partition,heavy_tail_burst,high,0.0004,-0.0002,0.0011,0.079,0.0979,200,0.171929,False
goodput,k8s-default,partition,heavy_tail_burst,high,0.0005,-0.0001,0.0011,0.078,0.1075,200,0.170613,False
goodput,slurm-fcfs,partition,heavy_tail_burst,high,0.0001,-0.0006,0.0007,0.436,0.0164,200,0.775909,False
goodput,triton-proxy,partition,heavy_tail_burst,high,0.0001,-0.0005,0.0008,0.413,0.0258,200,0.741084,False
goodput,SIT-safe,partition,heavy_tail_burst,low,-0.0,-0.0002,0.0001,0.346,-0.0354,200,0.647766,False
goodput,SIT-no-IRBS,partition,heavy_tail_burst,low,-0.0002,-0.0004,0.0,0.034,-0.1402,200,0.077509,False
goodput,SIT-no-safety,partition,heavy_tail_burst,low,-0.0,-0.0002,0.0001,0.451,-0.0183,200,0.796859,False
goodput,SIT-no-admission,partition,heavy_tail_burst,low,-0.0,-0.0002,0.0001,0.453,-0.0196,200,0.797945,False
goodput,spread,partition,heavy_tail_burst,low,0.0,-0.0001,0.0002,0.563,0.0,200,0.963232,False
goodput,random,partition,heavy_tail_burst,low,-0.0001,-0.0003,0.0001,0.198,-0.0668,200,0.403948,False
goodput,round-robin,partition,heavy_tail_burst,low,-0.0001,-0.0002,0.0001,0.212,-0.0709,200,0.425972,False
goodput,binpack-greedy,partition,heavy_tail_burst,low,-0.0001,-0.0002,0.0001,0.273,-0.0515,200,0.528269,False
goodput,tail-greedy,partition,heavy_tail_burst,low,-0.0001,-0.0002,0.0001,0.254,-0.0589,200,0.498198,False
goodput,similarity-avoidance,partition,heavy_tail_burst,low,-0.0001,-0.0002,0.0001,0.288,-0.0515,200,0.554192,False
goodput,admission-only,partition,heavy_tail_burst,low,-0.0001,-0.0003,0.0,0.072,-0.1086,200,0.15829,False
goodput,oracle,partition,heavy_tail_burst,low,-0.0,-0.0002,0.0001,0.437,-0.0183,200,0.776889,False
goodput,static-low,partition,heavy_tail_burst,low,-0.0001,-0.0003,0.0,0.064,-0.1086,200,0.141967,False
goodput,static-high,partition,heavy_tail_burst,low,-0.0,-0.0002,0.0001,0.465,-0.0183,200,0.817416,False
goodput,k8s-hpa,partition,heavy_tail_burst,low,-0.0001,-0.0002,0.0001,0.186,-0.0668,200,0.382629,False
goodput,k8s-default,partition,heavy_tail_burst,low,-0.0001,-0.0003,0.0,0.059,-0.1086,200,0.131551,False
goodput,slurm-fcfs,partition,heavy_tail_burst,low,-0.0001,-0.0003,0.0,0.086,-0.1038,200,0.18576,False
goodput,triton-proxy,partition,heavy_tail_burst,low,-0.0001,-0.0003,0.0,0.1,-0.0953,200,0.213597,False
goodput,SIT-safe,partition,heavy_tail_burst,medium,0.0004,-0.0,0.0009,0.026,0.1306,200,0.059745,False
goodput,SIT-no-IRBS,partition,heavy_tail_burst,medium,0.0003,-0.0001,0.0008,0.07,0.1059,200,0.15468,False
goodput,SIT-no-safety,partition,heavy_tail_burst,medium,0.0003,-0.0001,0.0008,0.104,0.0908,200,0.221593,False
goodput,SIT-no-admission,partition,heavy_tail_burst,medium,-0.0,-0.0006,0.0005,0.424,-0.0123,200,0.757675,False
goodput,spread,partition,heavy_tail_burst,medium,0.0004,-0.0001,0.0009,0.045,0.1211,200,0.101647,False
goodput,random,partition,heavy_tail_burst,medium,0.0005,0.0,0.0009,0.022,0.1509,200,0.051166,False
goodput,round-robin,partition,heavy_tail_burst,medium,0.0001,-0.0003,0.0006,0.302,0.0377,200,0.577914,False
goodput,binpack-greedy,partition,heavy_tail_burst,medium,0.0004,-0.0,0.0008,0.039,0.1188,200,0.088557,False
goodput,tail-greedy,partition,heavy_tail_burst,medium,0.0004,0.0,0.0009,0.018,0.1377,200,0.042204,True
goodput,similarity-avoidance,partition,heavy_tail_burst,medium,0.0003,-0.0002,0.0007,0.129,0.0825,200,0.270524,False
goodput,admission-only,partition,heavy_tail_burst,medium,0.0005,0.0,0.0009,0.023,0.1419,200,0.053348,False
goodput,oracle,partition,heavy_tail_burst,medium,0.0005,0.0001,0.001,0.011,0.1668,200,0.026146,True
goodput,static-low,partition,heavy_tail_burst,medium,0.0005,0.0001,0.001,0.011,0.1614,200,0.02611,True
goodput,static-high,partition,heavy_tail_burst,medium,0.0002,-0.0002,0.0007,0.164,0.0674,200,0.339799,False
goodput,k8s-hpa,partition,heavy_tail_burst,medium,0.0003,-0.0001,0.0008,0.091,0.0933,200,0.19607,False
goodput,k8s-default,partition,heavy_tail_burst,medium,0.0003,-0.0001,0.0007,0.078,0.0961,200,0.169967,False
goodput,slurm-fcfs,partition,heavy_tail_burst,medium,0.0006,0.0003,0.0011,0.001,0.2171,200,0.031418,True
goodput,triton-proxy,partition,heavy_tail_burst,medium,0.0004,-0.0001,0.0008,0.071,0.107,200,0.15649,False
goodput,SIT-safe,partition,heavy_tail_burst,saturation,0.0004,-0.0004,0.0012,0.198,0.0634,200,0.404426,False
goodput,SIT-no-IRBS,partition,heavy_tail_burst,saturation,0.0,-0.0008,0.0007,0.509,0.0004,200,0.875176,False
goodput,SIT-no-safety,partition,heavy_tail_burst,saturation,0.0002,-0.0007,0.001,0.358,0.0284,200,0.662338,False
goodput,SIT-no-admission,partition,heavy_tail_burst,saturation,0.0003,-0.0006,0.0011,0.282,0.0448,200,0.543857,False
goodput,spread,partition,heavy_tail_burst,saturation,0.0005,-0.0002,0.0012,0.134,0.0835,200,0.27999,False
goodput,random,partition,heavy_tail_burst,saturation,-0.0001,-0.001,0.0008,0.482,-0.012,200,0.836241,False
goodput,round-robin,partition,heavy_tail_burst,saturation,0.0003,-0.0006,0.0011,0.269,0.0484,200,0.521112,False
goodput,binpack-greedy,partition,heavy_tail_burst,saturation,0.0002,-0.0006,0.001,0.328,0.0289,200,0.621474,False
goodput,tail-greedy,partition,heavy_tail_burst,saturation,0.0002,-0.0006,0.001,0.393,0.0258,200,0.714095,False
goodput,similarity-avoidance,partition,heavy_tail_burst,saturation,0.0005,-0.0002,0.0013,0.099,0.1004,200,0.211723,False
goodput,admission-only,partition,heavy_tail_burst,saturation,0.0004,-0.0005,0.0012,0.18,0.0577,200,0.371169,False
goodput,oracle,partition,heavy_tail_burst,saturation,0.0007,0.0,0.0014,0.03,0.1402,200,0.068662,False
goodput,static-low,partition,heavy_tail_burst,saturation,0.0007,0.0001,0.0014,0.021,0.1407,200,0.048972,True
goodput,static-high,partition,heavy_tail_burst,saturation,0.0003,-0.0004,0.001,0.233,0.0604,200,0.463319,False
goodput,k8s-hpa,partition,heavy_tail_burst,saturation,0.0005,-0.0003,0.0014,0.125,0.0835,200,0.262774,False
goodput,k8s-default,partition,heavy_tail_burst,saturation,0.0003,-0.0005,0.0012,0.253,0.0535,200,0.497365,False
goodput,slurm-fcfs,partition,heavy_tail_burst,saturation,0.0001,-0.0007,0.001,0.394,0.0223,200,0.71516,False
goodput,triton-proxy,partition,heavy_tail_burst,saturation,0.0003,-0.0005,0.0011,0.273,0.0533,200,0.527678,False
goodput,SIT-safe,partition,iid_noise,high,0.0,0.0,0.0,1.0,0.0,200,1.0,False
goodput,SIT-no-IRBS,partition,iid_noise,high,0.0,0.0,0.0,1.0,0.0,200,1.0,False
goodput,SIT-no-safety,partition,iid_noise,high,0.0,0.0,0.0,1.0,0.0,200,1.0,False
goodput,SIT-no-admission,partition,iid_noise,high,0.0,0.0,0.0,1.0,0.0,200,1.0,False
goodput,spread,partition,iid_noise,high,0.0,0.0,0.0,1.0,0.0,200,1.0,False
goodput,random,partition,iid_noise,high,0.0,0.0,0.0,1.0,0.0,200,1.0,False
goodput,round-robin,partition,iid_noise,high,0.0,0.0,0.0,1.0,0.0,200,1.0,False
goodput,binpack-greedy,partition,iid_noise,high,0.0,0.0,0.0,1.0,0.0,200,1.0,False
goodput,tail-greedy,partition,iid_noise,high,0.0,0.0,0.0,1.0,0.0,200,1.0,False
goodput,similarity-avoidance,partition,iid_noise,high,0.0,0.0,0.0,1.0,0.0,200,1.0,False
goodput,admission-only,partition,iid_noise,high,0.0,0.0,0.0,1.0,0.0,200,1.0,False
goodput,oracle,partition,iid_noise,high,0.0,0.0,0.0,1.0,0.0,200,1.0,False
goodput,static-low,partition,iid_noise,high,0.0,0.0,0.0,1.0,0.0,200,1.0,False
goodput,static-high,partition,iid_noise,high,0.0,0.0,0.0,1.0,0.0,200,1.0,False
goodput,k8s-hpa,partition,iid_noise,high,0.0,0.0,0.0,1.0,0.0,200,1.0,False
goodput,k8s-default,partition,iid_noise,high,0.0,0.0,0.0,1.0,0.0,200,1.0,False
goodput,slurm-fcfs,partition,iid_noise,high,0.0,0.0,0.0,1.0,0.0,200,1.0,False
goodput,triton-proxy,partition,iid_noise,high,0.0,0.0,0.0,1.0,0.0,200,1.0,False
goodput,SIT-safe,partition,iid_noise,low,0.0,0.0,0.0,1.0,0.0,200,1.0,False
goodput,SIT-no-IRBS,partition,iid_noise,low,0.0,0.0,0.0,1.0,0.0,200,1.0,False
goodput,SIT-no-safety,partition,iid_noise,low,0.0,0.0,0.0,1.0,0.0,200,1.0,False
goodput,SIT-no-admission,partition,iid_noise,low,0.0,0.0,0.0,1.0,0.0,200,1.0,False
goodput,spread,partition,iid_noise,low,0.0,0.0,0.0,1.0,0.0,200,1.0,False
goodput,random,partition,iid_noise,low,0.0,0.0,0.0,1.0,0.0,200,1.0,False
goodput,round-robin,partition,iid_noise,low,0.0,0.0,0.0,1.0,0.0,200,1.0,False
goodput,binpack-greedy,partition,iid_noise,low,0.0,0.0,0.0,1.0,0.0,200,1.0,False
goodput,tail-greedy,partition,iid_noise,low,0.0,0.0,0.0,1.0,0.0,200,1.0,False
goodput,similarity-avoidance,partition,iid_noise,low,0.0,0.0,0.0,1.0,0.0,200,1.0,False
goodput,admission-only,partition,iid_noise,low,0.0,0.0,0.0,1.0,0.0,200,1.0,False
goodput,oracle,partition,iid_noise,low,0.0,0.0,0.0,1.0,0.0,200,1.0,False
goodput,static-low,partition,iid_noise,low,0.0,0.0,0.0,1.0,0.0,200,1.0,False
goodput,static-high,partition,iid_noise,low,0.0,0.0,0.0,1.0,0.0,200,1.0,False
goodput,k8s-hpa,partition,iid_noise,low,0.0,0.0,0.0,1.0,0.0,200,1.0,False
goodput,k8s-default,partition,iid_noise,low,0.0,0.0,0.0,1.0,0.0,200,1.0,False
goodput,slurm-fcfs,partition,iid_noise,low,0.0,0.0,0.0,1.0,0.0,200,1.0,False
goodput,triton-proxy,partition,iid_noise,low,0.0,0.0,0.0,1.0,0.0,200,1.0,False
goodput,SIT-safe,partition,iid_noise,medium,0.0,0.0,0.0,1.0,0.0,200,1.0,False
goodput,SIT-no-IRBS,partition,iid_noise,medium,0.0,0.0,0.0,1.0,0.0,200,1.0,False
goodput,SIT-no-safety,partition,iid_noise,medium,0.0,0.0,0.0,1.0,0.0,200,1.0,False
goodput,SIT-no-admission,partition,iid_noise,medium,0.0,0.0,0.0,1.0,0.0,200,1.0,False
goodput,spread,partition,iid_noise,medium,0.0,0.0,0.0,1.0,0.0,200,1.0,False
goodput,random,partition,iid_noise,medium,0.0,0.0,0.0,1.0,0.0,200,1.0,False
goodput,round-robin,partition,iid_noise,medium,0.0,0.0,0.0,1.0,0.0,200,1.0,False
goodput,binpack-greedy,partition,iid_noise,medium,0.0,0.0,0.0,1.0,0.0,200,1.0,False
goodput,tail-greedy,partition,iid_noise,medium,0.0,0.0,0.0,1.0,0.0,200,1.0,False
goodput,similarity-avoidance,partition,iid_noise,medium,0.0,0.0,0.0,1.0,0.0,200,1.0,False
goodput,admission-only,partition,iid_noise,medium,0.0,0.0,0.0,1.0,0.0,200,1.0,False
goodput,oracle,partition,iid_noise,medium,0.0,0.0,0.0,1.0,0.0,200,1.0,False
goodput,static-low,partition,iid_noise,medium,0.0,0.0,0.0,1.0,0.0,200,1.0,False
goodput,static-high,partition,iid_noise,medium,0.0,0.0,0.0,1.0,0.0,200,1.0,False
goodput,k8s-hpa,partition,iid_noise,medium,0.0,0.0,0.0,1.0,0.0,200,1.0,False
goodput,k8s-default,partition,iid_noise,medium,0.0,0.0,0.0,1.0,0.0,200,1.0,False
goodput,slurm-fcfs,partition,iid_noise,medium,0.0,0.0,0.0,1.0,0.0,200,1.0,False
goodput,triton-proxy,partition,iid_noise,medium,0.0,0.0,0.0,1.0,0.0,200,1.0,False
goodput,SIT-safe,partition,iid_noise,saturation,0.0,0.0,0.0,1.0,0.0,200,1.0,False
goodput,SIT-no-IRBS,partition,iid_noise,saturation,0.0,0.0,0.0,1.0,0.0,200,1.0,False
goodput,SIT-no-safety,partition,iid_noise,saturation,0.0,0.0,0.0,1.0,0.0,200,1.0,False
goodput,SIT-no-admission,partition,iid_noise,saturation,0.0,0.0,0.0,1.0,0.0,200,1.0,False
goodput,spread,partition,iid_noise,saturation,0.0,0.0,0.0,1.0,0.0,200,1.0,False
goodput,random,partition,iid_noise,saturation,0.0,0.0,0.0,1.0,0.0,200,1.0,False
goodput,round-robin,partition,iid_noise,saturation,0.0,0.0,0.0,1.0,0.0,200,1.0,False
goodput,binpack-greedy,partition,iid_noise,saturation,0.0,0.0,0.0,1.0,0.0,200,1.0,False
goodput,tail-greedy,partition,iid_noise,saturation,0.0,0.0,0.0,1.0,0.0,200,1.0,False
goodput,similarity-avoidance,partition,iid_noise,saturation,0.0,0.0,0.0,1.0,0.0,200,1.0,False
goodput,admission-only,partition,iid_noise,saturation,0.0,0.0,0.0,1.0,0.0,200,1.0,False
goodput,oracle,partition,iid_noise,saturation,0.0,0.0,0.0,1.0,0.0,200,1.0,False
goodput,static-low,partition,iid_noise,saturation,0.0,0.0,0.0,1.0,0.0,200,1.0,False
goodput,static-high,partition,iid_noise,saturation,0.0,0.0,0.0,1.0,0.0,200,1.0,False
goodput,k8s-hpa,partition,iid_noise,saturation,0.0,0.0,0.0,1.0,0.0,200,1.0,False
goodput,k8s-default,partition,iid_noise,saturation,0.0,0.0,0.0,1.0,0.0,200,1.0,False
goodput,slurm-fcfs,partition,iid_noise,saturation,0.0,0.0,0.0,1.0,0.0,200,1.0,False
goodput,triton-proxy,partition,iid_noise,saturation,0.0,0.0,0.0,1.0,0.0,200,1.0,False
goodput,SIT-safe,partition,partial_obs,high,0.0,0.0,0.0,1.0,0.0,200,1.0,False
goodput,SIT-no-IRBS,partition,partial_obs,high,0.0,0.0,0.0,1.0,0.0,200,1.0,False
goodput,SIT-no-safety,partition,partial_obs,high,0.0,0.0,0.0,1.0,0.0,200,1.0,False
goodput,SIT-no-admission,partition,partial_obs,high,0.0,0.0,0.0,1.0,0.0,200,1.0,False
goodput,spread,partition,partial_obs,high,0.0,0.0,0.0,1.0,0.0,200,1.0,False
goodput,random,partition,partial_obs,high,0.0,0.0,0.0,1.0,0.0,200,1.0,False
goodput,round-robin,partition,partial_obs,high,0.0,0.0,0.0,1.0,0.0,200,1.0,False
goodput,binpack-greedy,partition,partial_obs,high,0.0,0.0,0.0,1.0,0.0,200,1.0,False
goodput,tail-greedy,partition,partial_obs,high,0.0,0.0,0.0,1.0,0.0,200,1.0,False
goodput,similarity-avoidance,partition,partial_obs,high,0.0,0.0,0.0,1.0,0.0,200,1.0,False
goodput,admission-only,partition,partial_obs,high,0.0,0.0,0.0,1.0,0.0,200,1.0,False
goodput,oracle,partition,partial_obs,high,0.0,0.0,0.0,1.0,0.0,200,1.0,False
goodput,static-low,partition,partial_obs,high,0.0,0.0,0.0,1.0,0.0,200,1.0,False
goodput,static-high,partition,partial_obs,high,0.0,0.0,0.0,1.0,0.0,200,1.0,False
goodput,k8s-hpa,partition,partial_obs,high,0.0,0.0,0.0,1.0,0.0,200,1.0,False
goodput,k8s-default,partition,partial_obs,high,0.0,0.0,0.0,1.0,0.0,200,1.0,False
goodput,slurm-fcfs,partition,partial_obs,high,0.0,0.0,0.0,1.0,0.0,200,1.0,False
goodput,triton-proxy,partition,partial_obs,high,0.0,0.0,0.0,1.0,0.0,200,1.0,False
goodput,SIT-safe,partition,partial_obs,low,0.0,0.0,0.0,1.0,0.0,200,1.0,False
goodput,SIT-no-IRBS,partition,partial_obs,low,0.0,0.0,0.0,1.0,0.0,200,1.0,False
goodput,SIT-no-safety,partition,partial_obs,low,0.0,0.0,0.0,1.0,0.0,200,1.0,False
goodput,SIT-no-admission,partition,partial_obs,low,0.0,0.0,0.0,1.0,0.0,200,1.0,False
goodput,spread,partition,partial_obs,low,0.0,0.0,0.0,1.0,0.0,200,1.0,False
goodput,random,partition,partial_obs,low,0.0,0.0,0.0,1.0,0.0,200,1.0,False
goodput,round-robin,partition,partial_obs,low,0.0,0.0,0.0,1.0,0.0,200,1.0,False
goodput,binpack-greedy,partition,partial_obs,low,0.0,0.0,0.0,1.0,0.0,200,1.0,False
goodput,tail-greedy,partition,partial_obs,low,0.0,0.0,0.0,1.0,0.0,200,1.0,False
goodput,similarity-avoidance,partition,partial_obs,low,0.0,0.0,0.0,1.0,0.0,200,1.0,False
goodput,admission-only,partition,partial_obs,low,0.0,0.0,0.0,1.0,0.0,200,1.0,False
goodput,oracle,partition,partial_obs,low,0.0,0.0,0.0,1.0,0.0,200,1.0,False
goodput,static-low,partition,partial_obs,low,0.0,0.0,0.0,1.0,0.0,200,1.0,False
goodput,static-high,partition,partial_obs,low,0.0,0.0,0.0,1.0,0.0,200,1.0,False
goodput,k8s-hpa,partition,partial_obs,low,0.0,0.0,0.0,1.0,0.0,200,1.0,False
goodput,k8s-default,partition,partial_obs,low,0.0,0.0,0.0,1.0,0.0,200,1.0,False
goodput,slurm-fcfs,partition,partial_obs,low,0.0,0.0,0.0,1.0,0.0,200,1.0,False
goodput,triton-proxy,partition,partial_obs,low,0.0,0.0,0.0,1.0,0.0,200,1.0,False
goodput,SIT-safe,partition,partial_obs,medium,0.0,0.0,0.0,1.0,0.0,200,1.0,False
goodput,SIT-no-IRBS,partition,partial_obs,medium,0.0,0.0,0.0,1.0,0.0,200,1.0,False
goodput,SIT-no-safety,partition,partial_obs,medium,0.0,0.0,0.0,1.0,0.0,200,1.0,False
goodput,SIT-no-admission,partition,partial_obs,medium,0.0,0.0,0.0,1.0,0.0,200,1.0,False
goodput,spread,partition,partial_obs,medium,0.0,0.0,0.0,1.0,0.0,200,1.0,False
goodput,random,partition,partial_obs,medium,0.0,0.0,0.0,1.0,0.0,200,1.0,False
goodput,round-robin,partition,partial_obs,medium,0.0,0.0,0.0,1.0,0.0,200,1.0,False
goodput,binpack-greedy,partition,partial_obs,medium,0.0,0.0,0.0,1.0,0.0,200,1.0,False
goodput,tail-greedy,partition,partial_obs,medium,0.0,0.0,0.0,1.0,0.0,200,1.0,False
goodput,similarity-avoidance,partition,partial_obs,medium,0.0,0.0,0.0,1.0,0.0,200,1.0,False
goodput,admission-only,partition,partial_obs,medium,0.0,0.0,0.0,1.0,0.0,200,1.0,False
goodput,oracle,partition,partial_obs,medium,0.0,0.0,0.0,1.0,0.0,200,1.0,False
goodput,static-low,partition,partial_obs,medium,0.0,0.0,0.0,1.0,0.0,200,1.0,False
goodput,static-high,partition,partial_obs,medium,0.0,0.0,0.0,1.0,0.0,200,1.0,False
goodput,k8s-hpa,partition,partial_obs,medium,0.0,0.0,0.0,1.0,0.0,200,1.0,False
goodput,k8s-default,partition,partial_obs,medium,0.0,0.0,0.0,1.0,0.0,200,1.0,False
goodput,slurm-fcfs,partition,partial_obs,medium,0.0,0.0,0.0,1.0,0.0,200,1.0,False
goodput,triton-proxy,partition,partial_obs,medium,0.0,0.0,0.0,1.0,0.0,200,1.0,False
goodput,SIT-safe,partition,partial_obs,saturation,0.0,0.0,0.0,1.0,0.0,200,1.0,False
goodput,SIT-no-IRBS,partition,partial_obs,saturation,0.0,0.0,0.0,1.0,0.0,200,1.0,False
goodput,SIT-no-safety,partition,partial_obs,saturation,0.0,0.0,0.0,1.0,0.0,200,1.0,False
goodput,SIT-no-admission,partition,partial_obs,saturation,0.0,0.0,0.0,1.0,0.0,200,1.0,False
goodput,spread,partition,partial_obs,saturation,0.0,0.0,0.0,1.0,0.0,200,1.0,False
goodput,random,partition,partial_obs,saturation,0.0,0.0,0.0,1.0,0.0,200,1.0,False
goodput,round-robin,partition,partial_obs,saturation,0.0,0.0,0.0,1.0,0.0,200,1.0,False
goodput,binpack-greedy,partition,partial_obs,saturation,0.0,0.0,0.0,1.0,0.0,200,1.0,False
goodput,tail-greedy,partition,partial_obs,saturation,0.0,0.0,0.0,1.0,0.0,200,1.0,False
goodput,similarity-avoidance,partition,partial_obs,saturation,0.0,0.0,0.0,1.0,0.0,200,1.0,False
goodput,admission-only,partition,partial_obs,saturation,0.0,0.0,0.0,1.0,0.0,200,1.0,False
goodput,oracle,partition,partial_obs,saturation,0.0,0.0,0.0,1.0,0.0,200,1.0,False
goodput,static-low,partition,partial_obs,saturation,0.0,0.0,0.0,1.0,0.0,200,1.0,False
goodput,static-high,partition,partial_obs,saturation,0.0,0.0,0.0,1.0,0.0,200,1.0,False
goodput,k8s-hpa,partition,partial_obs,saturation,0.0,0.0,0.0,1.0,0.0,200,1.0,False
goodput,k8s-default,partition,partial_obs,saturation,0.0,0.0,0.0,1.0,0.0,200,1.0,False
goodput,slurm-fcfs,partition,partial_obs,saturation,0.0,0.0,0.0,1.0,0.0,200,1.0,False
goodput,triton-proxy,partition,partial_obs,saturation,0.0,0.0,0.0,1.0,0.0,200,1.0,False
goodput,SIT-safe,partition,structured,high,0.0,0.0,0.0,1.0,0.0,200,1.0,False
goodput,SIT-no-IRBS,partition,structured,high,0.0,0.0,0.0,1.0,0.0,200,1.0,False
goodput,SIT-no-safety,partition,structured,high,0.0,0.0,0.0,1.0,0.0,200,1.0,False
goodput,SIT-no-admission,partition,structured,high,0.0,0.0,0.0,1.0,0.0,200,1.0,False
goodput,spread,partition,structured,high,0.0,0.0,0.0,1.0,0.0,200,1.0,False
goodput,random,partition,structured,high,0.0,0.0,0.0,1.0,0.0,200,1.0,False
goodput,round-robin,partition,structured,high,0.0,0.0,0.0,1.0,0.0,200,1.0,False
goodput,binpack-greedy,partition,structured,high,0.0,0.0,0.0,1.0,0.0,200,1.0,False
goodput,tail-greedy,partition,structured,high,0.0,0.0,0.0,1.0,0.0,200,1.0,False
goodput,similarity-avoidance,partition,structured,high,0.0,0.0,0.0,1.0,0.0,200,1.0,False
goodput,admission-only,partition,structured,high,0.0,0.0,0.0,1.0,0.0,200,1.0,False
goodput,oracle,partition,structured,high,0.0,0.0,0.0,1.0,0.0,200,1.0,False
goodput,static-low,partition,structured,high,0.0,0.0,0.0,1.0,0.0,200,1.0,False
goodput,static-high,partition,structured,high,0.0,0.0,0.0,1.0,0.0,200,1.0,False
goodput,k8s-hpa,partition,structured,high,0.0,0.0,0.0,1.0,0.0,200,1.0,False
goodput,k8s-default,partition,structured,high,0.0,0.0,0.0,1.0,0.0,200,1.0,False
goodput,slurm-fcfs,partition,structured,high,0.0,0.0,0.0,1.0,0.0,200,1.0,False
goodput,triton-proxy,partition,structured,high,0.0,0.0,0.0,1.0,0.0,200,1.0,False
goodput,SIT-safe,partition,structured,low,0.0,0.0,0.0,1.0,0.0,200,1.0,False
goodput,SIT-no-IRBS,partition,structured,low,0.0,0.0,0.0,1.0,0.0,200,1.0,False
goodput,SIT-no-safety,partition,structured,low,0.0,0.0,0.0,1.0,0.0,200,1.0,False
goodput,SIT-no-admission,partition,structured,low,0.0,0.0,0.0,1.0,0.0,200,1.0,False
goodput,spread,partition,structured,low,0.0,0.0,0.0,1.0,0.0,200,1.0,False
goodput,random,partition,structured,low,0.0,0.0,0.0,1.0,0.0,200,1.0,False
goodput,round-robin,partition,structured,low,0.0,0.0,0.0,1.0,0.0,200,1.0,False
goodput,binpack-greedy,partition,structured,low,0.0,0.0,0.0,1.0,0.0,200,1.0,False
goodput,tail-greedy,partition,structured,low,0.0,0.0,0.0,1.0,0.0,200,1.0,False
goodput,similarity-avoidance,partition,structured,low,0.0,0.0,0.0,1.0,0.0,200,1.0,False
goodput,admission-only,partition,structured,low,0.0,0.0,0.0,1.0,0.0,200,1.0,False
goodput,oracle,partition,structured,low,0.0,0.0,0.0,1.0,0.0,200,1.0,False
goodput,static-low,partition,structured,low,0.0,0.0,0.0,1.0,0.0,200,1.0,False
goodput,static-high,partition,structured,low,0.0,0.0,0.0,1.0,0.0,200,1.0,False
goodput,k8s-hpa,partition,structured,low,0.0,0.0,0.0,1.0,0.0,200,1.0,False
goodput,k8s-default,partition,structured,low,0.0,0.0,0.0,1.0,0.0,200,1.0,False
goodput,slurm-fcfs,partition,structured,low,0.0,0.0,0.0,1.0,0.0,200,1.0,False
goodput,triton-proxy,partition,structured,low,0.0,0.0,0.0,1.0,0.0,200,1.0,False
goodput,SIT-safe,partition,structured,medium,0.0,0.0,0.0,1.0,0.0,200,1.0,False
goodput,SIT-no-IRBS,partition,structured,medium,0.0,0.0,0.0,1.0,0.0,200,1.0,False
goodput,SIT-no-safety,partition,structured,medium,0.0,0.0,0.0,1.0,0.0,200,1.0,False
goodput,SIT-no-admission,partition,structured,medium,0.0,0.0,0.0,1.0,0.0,200,1.0,False
goodput,spread,partition,structured,medium,0.0,0.0,0.0,1.0,0.0,200,1.0,False
goodput,random,partition,structured,medium,0.0,0.0,0.0,1.0,0.0,200,1.0,False
goodput,round-robin,partition,structured,medium,0.0,0.0,0.0,1.0,0.0,200,1.0,False
goodput,binpack-greedy,partition,structured,medium,0.0,0.0,0.0,1.0,0.0,200,1.0,False
goodput,tail-greedy,partition,structured,medium,0.0,0.0,0.0,1.0,0.0,200,1.0,False
goodput,similarity-avoidance,partition,structured,medium,0.0,0.0,0.0,1.0,0.0,200,1.0,False
goodput,admission-only,partition,structured,medium,0.0,0.0,0.0,1.0,0.0,200,1.0,False
goodput,oracle,partition,structured,medium,0.0,0.0,0.0,1.0,0.0,200,1.0,False
goodput,static-low,partition,structured,medium,0.0,0.0,0.0,1.0,0.0,200,1.0,False
goodput,static-high,partition,structured,medium,0.0,0.0,0.0,1.0,0.0,200,1.0,False
goodput,k8s-hpa,partition,structured,medium,0.0,0.0,0.0,1.0,0.0,200,1.0,False
goodput,k8s-default,partition,structured,medium,0.0,0.0,0.0,1.0,0.0,200,1.0,False
goodput,slurm-fcfs,partition,structured,medium,0.0,0.0,0.0,1.0,0.0,200,1.0,False
goodput,triton-proxy,partition,structured,medium,0.0,0.0,0.0,1.0,0.0,200,1.0,False
goodput,SIT-safe,partition,structured,saturation,0.0,0.0,0.0,1.0,0.0,200,1.0,False
goodput,SIT-no-IRBS,partition,structured,saturation,0.0,0.0,0.0,1.0,0.0,200,1.0,False
goodput,SIT-no-safety,partition,structured,saturation,0.0,0.0,0.0,1.0,0.0,200,1.0,False
goodput,SIT-no-admission,partition,structured,saturation,0.0,0.0,0.0,1.0,0.0,200,1.0,False
goodput,spread,partition,structured,saturation,0.0,0.0,0.0,1.0,0.0,200,1.0,False
goodput,random,partition,structured,saturation,0.0,0.0,0.0,1.0,0.0,200,1.0,False
goodput,round-robin,partition,structured,saturation,0.0,0.0,0.0,1.0,0.0,200,1.0,False
goodput,binpack-greedy,partition,structured,saturation,0.0,0.0,0.0,1.0,0.0,200,1.0,False
goodput,tail-greedy,partition,structured,saturation,0.0,0.0,0.0,1.0,0.0,200,1.0,False
goodput,similarity-avoidance,partition,structured,saturation,0.0,0.0,0.0,1.0,0.0,200,1.0,False
goodput,admission-only,partition,structured,saturation,0.0,0.0,0.0,1.0,0.0,200,1.0,False
goodput,oracle,partition,structured,saturation,0.0,0.0,0.0,1.0,0.0,200,1.0,False
goodput,static-low,partition,structured,saturation,0.0,0.0,0.0,1.0,0.0,200,1.0,False
goodput,static-high,partition,structured,saturation,0.0,0.0,0.0,1.0,0.0,200,1.0,False
goodput,k8s-hpa,partition,structured,saturation,0.0,0.0,0.0,1.0,0.0,200,1.0,False
goodput,k8s-default,partition,structured,saturation,0.0,0.0,0.0,1.0,0.0,200,1.0,False
goodput,slurm-fcfs,partition,structured,saturation,0.0,0.0,0.0,1.0,0.0,200,1.0,False
goodput,triton-proxy,partition,structured,saturation,0.0,0.0,0.0,1.0,0.0,200,1.0,False
violation_rate,SIT-safe,partition,adversarial,high,0.0,0.0,0.0,1.0,0.0,200,1.0,False
violation_rate,SIT-no-IRBS,partition,adversarial,high,0.0,0.0,0.0,1.0,0.0,200,1.0,False
violation_rate,SIT-no-safety,partition,adversarial,high,0.0,0.0,0.0,1.0,0.0,200,1.0,False
violation_rate,SIT-no-admission,partition,adversarial,high,0.0,0.0,0.0,1.0,0.0,200,1.0,False
violation_rate,spread,partition,adversarial,high,0.0,0.0,0.0,1.0,0.0,200,1.0,False
violation_rate,random,partition,adversarial,high,0.0,0.0,0.0,1.0,0.0,200,1.0,False
violation_rate,round-robin,partition,adversarial,high,0.0,0.0,0.0,1.0,0.0,200,1.0,False
violation_rate,binpack-greedy,partition,adversarial,high,0.0,0.0,0.0,1.0,0.0,200,1.0,False
violation_rate,tail-greedy,partition,adversarial,high,0.0,0.0,0.0,1.0,0.0,200,1.0,False
violation_rate,similarity-avoidance,partition,adversarial,high,0.0,0.0,0.0,1.0,0.0,200,1.0,False
violation_rate,admission-only,partition,adversarial,high,0.0,0.0,0.0,1.0,0.0,200,1.0,False
violation_rate,oracle,partition,adversarial,high,0.0,0.0,0.0,1.0,0.0,200,1.0,False
violation_rate,static-low,partition,adversarial,high,0.0,0.0,0.0,1.0,0.0,200,1.0,False
violation_rate,static-high,partition,adversarial,high,0.0,0.0,0.0,1.0,0.0,200,1.0,False
violation_rate,k8s-hpa,partition,adversarial,high,0.0,0.0,0.0,1.0,0.0,200,1.0,False
violation_rate,k8s-default,partition,adversarial,high,0.0,0.0,0.0,1.0,0.0,200,1.0,False
violation_rate,slurm-fcfs,partition,adversarial,high,0.0,0.0,0.0,1.0,0.0,200,1.0,False
violation_rate,triton-proxy,partition,adversarial,high,0.0,0.0,0.0,1.0,0.0,200,1.0,False
violation_rate,SIT-safe,partition,adversarial,low,0.0,0.0,0.0,1.0,0.0,200,1.0,False
violation_rate,SIT-no-IRBS,partition,adversarial,low,0.0,0.0,0.0,1.0,0.0,200,1.0,False
violation_rate,SIT-no-safety,partition,adversarial,low,0.0,0.0,0.0,1.0,0.0,200,1.0,False
violation_rate,SIT-no-admission,partition,adversarial,low,0.0,0.0,0.0,1.0,0.0,200,1.0,False
violation_rate,spread,partition,adversarial,low,0.0,0.0,0.0,1.0,0.0,200,1.0,False
violation_rate,random,partition,adversarial,low,0.0,0.0,0.0001,0.372,0.0709,200,0.685305,False
violation_rate,round-robin,partition,adversarial,low,0.0,0.0,0.0,1.0,0.0,200,1.0,False
violation_rate,binpack-greedy,partition,adversarial,low,0.0,0.0,0.0,1.0,0.0,200,1.0,False
violation_rate,tail-greedy,partition,adversarial,low,0.0,0.0,0.0,1.0,0.0,200,1.0,False
violation_rate,similarity-avoidance,partition,adversarial,low,0.0,0.0,0.0,1.0,0.0,200,1.0,False
violation_rate,admission-only,partition,adversarial,low,0.0,0.0,0.0,1.0,0.0,200,1.0,False
violation_rate,oracle,partition,adversarial,low,0.0,0.0,0.0,1.0,0.0,200,1.0,False
violation_rate,static-low,partition,adversarial,low,0.0,0.0,0.0,1.0,0.0,200,1.0,False
violation_rate,static-high,partition,adversarial,low,0.0,0.0,0.0,1.0,0.0,200,1.0,False
violation_rate,k8s-hpa,partition,adversarial,low,0.0,0.0,0.0,1.0,0.0,200,1.0,False
violation_rate,k8s-default,partition,adversarial,low,0.0,0.0,0.0,1.0,0.0,200,1.0,False
violation_rate,slurm-fcfs,partition,adversarial,low,0.0,0.0,0.0,1.0,0.0,200,1.0,False
violation_rate,triton-proxy,partition,adversarial,low,0.0,0.0,0.0,1.0,0.0,200,1.0,False
violation_rate,SIT-safe,partition,adversarial,medium,0.0,0.0,0.0,1.0,0.0,200,1.0,False
violation_rate,SIT-no-IRBS,partition,adversarial,medium,0.0,0.0,0.0,1.0,0.0,200,1.0,False
violation_rate,SIT-no-safety,partition,adversarial,medium,0.0,0.0,0.0,1.0,0.0,200,1.0,False
violation_rate,SIT-no-admission,partition,adversarial,medium,0.0,0.0,0.0,1.0,0.0,200,1.0,False
violation_rate,spread,partition,adversarial,medium,0.0,0.0,0.0,1.0,0.0,200,1.0,False
violation_rate,random,partition,adversarial,medium,0.0,0.0,0.0,1.0,0.0,200,1.0,False
violation_rate,round-robin,partition,adversarial,medium,0.0,0.0,0.0,1.0,0.0,200,1.0,False
violation_rate,binpack-greedy,partition,adversarial,medium,0.0,0.0,0.0,1.0,0.0,200,1.0,False
violation_rate,tail-greedy,partition,adversarial,medium,0.0,0.0,0.0,1.0,0.0,200,1.0,False
violation_rate,similarity-avoidance,partition,adversarial,medium,0.0,0.0,0.0,1.0,0.0,200,1.0,False
violation_rate,admission-only,partition,adversarial,medium,0.0,0.0,0.0,1.0,0.0,200,1.0,False
violation_rate,oracle,partition,adversarial,medium,0.0,0.0,0.0,1.0,0.0,200,1.0,False
violation_rate,static-low,partition,adversarial,medium,0.0,0.0,0.0,1.0,0.0,200,1.0,False
violation_rate,static-high,partition,adversarial,medium,0.0,0.0,0.0,1.0,0.0,200,1.0,False
violation_rate,k8s-hpa,partition,adversarial,medium,0.0,0.0,0.0,1.0,0.0,200,1.0,False
violation_rate,k8s-default,partition,adversarial,medium,0.0,0.0,0.0,1.0,0.0,200,1.0,False
violation_rate,slurm-fcfs,partition,adversarial,medium,0.0,0.0,0.0,1.0,0.0,200,1.0,False
violation_rate,triton-proxy,partition,adversarial,medium,0.0,0.0,0.0,1.0,0.0,200,1.0,False
violation_rate,SIT-safe,partition,adversarial,saturation,0.0,0.0,0.0,1.0,0.0,200,1.0,False
violation_rate,SIT-no-IRBS,partition,adversarial,saturation,0.0,0.0,0.0,1.0,0.0,200,1.0,False
violation_rate,SIT-no-safety,partition,adversarial,saturation,0.0,0.0,0.0,1.0,0.0,200,1.0,False
violation_rate,SIT-no-admission,partition,adversarial,saturation,0.0,0.0,0.0,1.0,0.0,200,1.0,False
violation_rate,spread,partition,adversarial,saturation,0.0,0.0,0.0,1.0,0.0,200,1.0,False
violation_rate,random,partition,adversarial,saturation,0.0,0.0,0.0,1.0,0.0,200,1.0,False
violation_rate,round-robin,partition,adversarial,saturation,0.0,0.0,0.0,1.0,0.0,200,1.0,False
violation_rate,binpack-greedy,partition,adversarial,saturation,0.0,0.0,0.0,1.0,0.0,200,1.0,False
violation_rate,tail-greedy,partition,adversarial,saturation,0.0,0.0,0.0,1.0,0.0,200,1.0,False
violation_rate,similarity-avoidance,partition,adversarial,saturation,0.0,0.0,0.0,1.0,0.0,200,1.0,False
violation_rate,admission-only,partition,adversarial,saturation,0.0,0.0,0.0,1.0,0.0,200,1.0,False
violation_rate,oracle,partition,adversarial,saturation,0.0,0.0,0.0,1.0,0.0,200,1.0,False
violation_rate,static-low,partition,adversarial,saturation,0.0,0.0,0.0,1.0,0.0,200,1.0,False
violation_rate,static-high,partition,adversarial,saturation,0.0,0.0,0.0,1.0,0.0,200,1.0,False
violation_rate,k8s-hpa,partition,adversarial,saturation,0.0,0.0,0.0,1.0,0.0,200,1.0,False
violation_rate,k8s-default,partition,adversarial,saturation,0.0,0.0,0.0,1.0,0.0,200,1.0,False
violation_rate,slurm-fcfs,partition,adversarial,saturation,0.0,0.0,0.0,1.0,0.0,200,1.0,False
violation_rate,triton-proxy,partition,adversarial,saturation,0.0,0.0,0.0,1.0,0.0,200,1.0,False
violation_rate,SIT-safe,partition,drifting,high,0.0,0.0,0.0,1.0,0.0,200,1.0,False
violation_rate,SIT-no-IRBS,partition,drifting,high,0.0,0.0,0.0,1.0,0.0,200,1.0,False
violation_rate,SIT-no-safety,partition,drifting,high,0.0,0.0,0.0,1.0,0.0,200,1.0,False
violation_rate,SIT-no-admission,partition,drifting,high,0.0,0.0,0.0,1.0,0.0,200,1.0,False
violation_rate,spread,partition,drifting,high,0.0,0.0,0.0,1.0,0.0,200,1.0,False
violation_rate,random,partition,drifting,high,0.0,0.0,0.0,1.0,0.0,200,1.0,False
violation_rate,round-robin,partition,drifting,high,0.0,0.0,0.0,1.0,0.0,200,1.0,False
violation_rate,binpack-greedy,partition,drifting,high,0.0,0.0,0.0,1.0,0.0,200,1.0,False
violation_rate,tail-greedy,partition,drifting,high,0.0,0.0,0.0,1.0,0.0,200,1.0,False
violation_rate,similarity-avoidance,partition,drifting,high,0.0,0.0,0.0,1.0,0.0,200,1.0,False
violation_rate,admission-only,partition,drifting,high,0.0,0.0,0.0,1.0,0.0,200,1.0,False
violation_rate,oracle,partition,drifting,high,0.0,0.0,0.0,1.0,0.0,200,1.0,False
violation_rate,static-low,partition,drifting,high,0.0,0.0,0.0,1.0,0.0,200,1.0,False
violation_rate,static-high,partition,drifting,high,0.0,0.0,0.0,1.0,0.0,200,1.0,False
violation_rate,k8s-hpa,partition,drifting,high,0.0,0.0,0.0,1.0,0.0,200,1.0,False
violation_rate,k8s-default,partition,drifting,high,0.0,0.0,0.0,1.0,0.0,200,1.0,False
violation_rate,slurm-fcfs,partition,drifting,high,0.0,0.0,0.0,1.0,0.0,200,1.0,False
violation_rate,triton-proxy,partition,drifting,high,0.0,0.0,0.0,1.0,0.0,200,1.0,False
violation_rate,SIT-safe,partition,drifting,low,0.0,0.0,0.0,1.0,0.0,200,1.0,False
violation_rate,SIT-no-IRBS,partition,drifting,low,0.0,0.0,0.0,1.0,0.0,200,1.0,False
violation_rate,SIT-no-safety,partition,drifting,low,0.0,0.0,0.0,1.0,0.0,200,1.0,False
violation_rate,SIT-no-admission,partition,drifting,low,0.0,0.0,0.0,1.0,0.0,200,1.0,False
violation_rate,spread,partition,drifting,low,0.0,0.0,0.0,1.0,0.0,200,1.0,False
violation_rate,random,partition,drifting,low,0.0,0.0,0.0,1.0,0.0,200,1.0,False
violation_rate,round-robin,partition,drifting,low,0.0,0.0,0.0,1.0,0.0,200,1.0,False
violation_rate,binpack-greedy,partition,drifting,low,0.0,0.0,0.0,1.0,0.0,200,1.0,False
violation_rate,tail-greedy,partition,drifting,low,0.0,0.0,0.0,1.0,0.0,200,1.0,False
violation_rate,similarity-avoidance,partition,drifting,low,0.0,0.0,0.0,1.0,0.0,200,1.0,False
violation_rate,admission-only,partition,drifting,low,0.0,0.0,0.0,1.0,0.0,200,1.0,False
violation_rate,oracle,partition,drifting,low,0.0,0.0,0.0,1.0,0.0,200,1.0,False
violation_rate,static-low,partition,drifting,low,0.0,0.0,0.0,1.0,0.0,200,1.0,False
violation_rate,static-high,partition,drifting,low,0.0,0.0,0.0,1.0,0.0,200,1.0,False
violation_rate,k8s-hpa,partition,drifting,low,0.0,0.0,0.0,1.0,0.0,200,1.0,False
violation_rate,k8s-default,partition,drifting,low,0.0,0.0,0.0,1.0,0.0,200,1.0,False
violation_rate,slurm-fcfs,partition,drifting,low,0.0,0.0,0.0,1.0,0.0,200,1.0,False
violation_rate,triton-proxy,partition,drifting,low,0.0,0.0,0.0,1.0,0.0,200,1.0,False
violation_rate,SIT-safe,partition,drifting,medium,0.0,0.0,0.0,1.0,0.0,200,1.0,False
violation_rate,SIT-no-IRBS,partition,drifting,medium,0.0,0.0,0.0,1.0,0.0,200,1.0,False
violation_rate,SIT-no-safety,partition,drifting,medium,0.0,0.0,0.0,1.0,0.0,200,1.0,False
violation_rate,SIT-no-admission,partition,drifting,medium,0.0,0.0,0.0,1.0,0.0,200,1.0,False
violation_rate,spread,partition,drifting,medium,0.0,0.0,0.0,1.0,0.0,200,1.0,False
violation_rate,random,partition,drifting,medium,0.0,0.0,0.0,1.0,0.0,200,1.0,False
violation_rate,round-robin,partition,drifting,medium,0.0,0.0,0.0,1.0,0.0,200,1.0,False
violation_rate,binpack-greedy,partition,drifting,medium,0.0,0.0,0.0,1.0,0.0,200,1.0,False
violation_rate,tail-greedy,partition,drifting,medium,0.0,0.0,0.0,1.0,0.0,200,1.0,False
violation_rate,similarity-avoidance,partition,drifting,medium,0.0,0.0,0.0,1.0,0.0,200,1.0,False
violation_rate,admission-only,partition,drifting,medium,0.0,0.0,0.0,1.0,0.0,200,1.0,False
violation_rate,oracle,partition,drifting,medium,0.0,0.0,0.0,1.0,0.0,200,1.0,False
violation_rate,static-low,partition,drifting,medium,0.0,0.0,0.0,1.0,0.0,200,1.0,False
violation_rate,static-high,partition,drifting,medium,0.0,0.0,0.0,1.0,0.0,200,1.0,False
violation_rate,k8s-hpa,partition,drifting,medium,0.0,0.0,0.0,1.0,0.0,200,1.0,False
violation_rate,k8s-default,partition,drifting,medium,0.0,0.0,0.0,1.0,0.0,200,1.0,False
violation_rate,slurm-fcfs,partition,drifting,medium,0.0,0.0,0.0,1.0,0.0,200,1.0,False
violation_rate,triton-proxy,partition,drifting,medium,0.0,0.0,0.0,1.0,0.0,200,1.0,False
violation_rate,SIT-safe,partition,drifting,saturation,0.0,0.0,0.0,1.0,0.0,200,1.0,False
violation_rate,SIT-no-IRBS,partition,drifting,saturation,0.0,0.0,0.0,1.0,0.0,200,1.0,False
violation_rate,SIT-no-safety,partition,drifting,saturation,0.0,0.0,0.0,1.0,0.0,200,1.0,False
violation_rate,SIT-no-admission,partition,drifting,saturation,0.0,0.0,0.0,1.0,0.0,200,1.0,False
violation_rate,spread,partition,drifting,saturation,0.0,0.0,0.0,1.0,0.0,200,1.0,False
violation_rate,random,partition,drifting,saturation,0.0,0.0,0.0,1.0,0.0,200,1.0,False
violation_rate,round-robin,partition,drifting,saturation,0.0,0.0,0.0,1.0,0.0,200,1.0,False
violation_rate,binpack-greedy,partition,drifting,saturation,0.0,0.0,0.0,1.0,0.0,200,1.0,False
violation_rate,tail-greedy,partition,drifting,saturation,0.0,0.0,0.0,1.0,0.0,200,1.0,False
violation_rate,similarity-avoidance,partition,drifting,saturation,0.0,0.0,0.0,1.0,0.0,200,1.0,False
violation_rate,admission-only,partition,drifting,saturation,0.0,0.0,0.0,1.0,0.0,200,1.0,False
violation_rate,oracle,partition,drifting,saturation,0.0,0.0,0.0,1.0,0.0,200,1.0,False
violation_rate,static-low,partition,drifting,saturation,0.0,0.0,0.0,1.0,0.0,200,1.0,False
violation_rate,static-high,partition,drifting,saturation,0.0,0.0,0.0,1.0,0.0,200,1.0,False
violation_rate,k8s-hpa,partition,drifting,saturation,0.0,0.0,0.0,1.0,0.0,200,1.0,False
violation_rate,k8s-default,partition,drifting,saturation,0.0,0.0,0.0,1.0,0.0,200,1.0,False
violation_rate,slurm-fcfs,partition,drifting,saturation,0.0,0.0,0.0,1.0,0.0,200,1.0,False
violation_rate,triton-proxy,partition,drifting,saturation,0.0,0.0,0.0,1.0,0.0,200,1.0,False
violation_rate,SIT-safe,partition,heavy_tail_burst,high,-0.0002,-0.0008,0.0004,0.26,-0.0501,200,0.508235,False
violation_rate,SIT-no-IRBS,partition,heavy_tail_burst,high,-0.0005,-0.0011,0.0001,0.046,-0.1232,200,0.10377,False
violation_rate,SIT-no-safety,partition,heavy_tail_burst,high,-0.0006,-0.0013,-0.0001,0.014,-0.1536,200,0.033185,True
violation_rate,SIT-no-admission,partition,heavy_tail_burst,high,0.0001,-0.0005,0.0008,0.354,0.0302,200,0.657755,False
violation_rate,spread,partition,heavy_tail_burst,high,0.0001,-0.0007,0.0008,0.378,0.0229,200,0.692666,False
violation_rate,random,partition,heavy_tail_burst,high,-0.0002,-0.0009,0.0004,0.245,-0.0517,200,0.482737,False
violation_rate,round-robin,partition,heavy_tail_burst,high,-0.0003,-0.001,0.0003,0.2,-0.0593,200,0.406588,False
violation_rate,binpack-greedy,partition,heavy_tail_burst,high,-0.0004,-0.0011,0.0002,0.078,-0.099,200,0.170182,False
violation_rate,tail-greedy,partition,heavy_tail_burst,high,-0.0004,-0.0011,0.0002,0.097,-0.0923,200,0.207703,False
violation_rate,similarity-avoidance,partition,heavy_tail_burst,high,-0.0003,-0.0009,0.0003,0.187,-0.0709,200,0.384228,False
violation_rate,admission-only,partition,heavy_tail_burst,high,-0.0001,-0.0008,0.0006,0.38,-0.0243,200,0.695593,False
violation_rate,oracle,partition,heavy_tail_burst,high,-0.0002,-0.001,0.0004,0.244,-0.0501,200,0.481865,False
violation_rate,static-low,partition,heavy_tail_burst,high,-0.0005,-0.0011,0.0001,0.063,-0.1116,200,0.140108,False
violation_rate,static-high,partition,heavy_tail_burst,high,-0.0004,-0.001,0.0002,0.149,-0.0804,200,0.309834,False
violation_rate,k8s-hpa,partition,heavy_tail_burst,high,-0.0004,-0.001,0.0002,0.093,-0.0979,200,0.199881,False
violation_rate,k8s-default,partition,heavy_tail_burst,high,-0.0005,-0.0011,0.0001,0.069,-0.1075,200,0.152666,False
violation_rate,slurm-fcfs,partition,heavy_tail_burst,high,-0.0001,-0.0008,0.0006,0.426,-0.0164,200,0.760463,False
violation_rate,triton-proxy,partition,heavy_tail_burst,high,-0.0001,-0.0008,0.0005,0.35,-0.0258,200,0.651724,False
violation_rate,SIT-safe,partition,heavy_tail_burst,low,0.0,-0.0001,0.0002,0.357,0.0354,200,0.661196,False
violation_rate,SIT-no-IRBS,partition,heavy_tail_burst,low,0.0002,0.0,0.0004,0.024,0.1402,200,0.055444,False
violation_rate,SIT-no-safety,partition,heavy_tail_burst,low,0.0,-0.0001,0.0002,0.455,0.0183,200,0.800652,False
violation_rate,SIT-no-admission,partition,heavy_tail_burst,low,0.0,-0.0001,0.0002,0.413,0.0196,200,0.740315,False
violation_rate,spread,partition,heavy_tail_burst,low,0.0,-0.0001,0.0001,0.544,0.0,200,0.931647,False
violation_rate,random,partition,heavy_tail_burst,low,0.0001,-0.0001,0.0003,0.237,0.0668,200,0.470191,False
violation_rate,round-robin,partition,heavy_tail_burst,low,0.0001,-0.0001,0.0002,0.208,0.0709,200,0.419888,False
violation_rate,binpack-greedy,partition,heavy_tail_burst,low,0.0001,-0.0001,0.0002,0.264,0.0515,200,0.514309,False
violation_rate,tail-greedy,partition,heavy_tail_burst,low,0.0001,-0.0001,0.0002,0.243,0.0589,200,0.480439,False
violation_rate,similarity-avoidance,partition,heavy_tail_burst,low,0.0001,-0.0001,0.0002,0.256,0.0515,200,0.501551,False
violation_rate,admission-only,partition,heavy_tail_burst,low,0.0001,-0.0,0.0003,0.069,0.1086,200,0.152862,False
violation_rate,oracle,partition,heavy_tail_burst,low,0.0,-0.0001,0.0002,0.472,0.0183,200,0.826359,False
violation_rate,static-low,partition,heavy_tail_burst,low,0.0001,-0.0,0.0003,0.092,0.1086,200,0.197978,False
violation_rate,static-high,partition,heavy_tail_burst,low,0.0,-0.0001,0.0002,0.449,0.0183,200,0.794951,False
violation_rate,k8s-hpa,partition,heavy_tail_burst,low,0.0001,-0.0001,0.0002,0.199,0.0668,200,0.405509,False
violation_rate,k8s-default,partition,heavy_tail_burst,low,0.0001,-0.0,0.0003,0.077,0.1086,200,0.168639,False
violation_rate,slurm-fcfs,partition,heavy_tail_burst,low,0.0001,-0.0,0.0003,0.073,0.1038,200,0.160285,False
violation_rate,triton-proxy,partition,heavy_tail_burst,low,0.0001,-0.0001,0.0003,0.115,0.0953,200,0.242637,False
violation_rate,SIT-safe,partition,heavy_tail_burst,medium,-0.0004,-0.0009,0.0,0.033,-0.1306,200,0.075329,False
violation_rate,SIT-no-IRBS,partition,heavy_tail_burst,medium,-0.0003,-0.0008,0.0001,0.063,-0.1059,200,0.140289,False
violation_rate,SIT-no-safety,partition,heavy_tail_burst,medium,-0.0003,-0.0008,0.0001,0.082,-0.0908,200,0.17801,False
violation_rate,SIT-no-admission,partition,heavy_tail_burst,medium,0.0,-0.0005,0.0005,0.45,0.0123,200,0.795906,False
violation_rate,spread,partition,heavy_tail_burst,medium,-0.0004,-0.0009,0.0001,0.052,-0.1211,200,0.116848,False
violation_rate,random,partition,heavy_tail_burst,medium,-0.0005,-0.0009,-0.0001,0.017,-0.1509,200,0.040076,True
violation_rate,round-robin,partition,heavy_tail_burst,medium,-0.0001,-0.0006,0.0003,0.308,-0.0377,200,0.587444,False
violation_rate,binpack-greedy,partition,heavy_tail_burst,medium,-0.0004,-0.0009,0.0001,0.046,-0.1188,200,0.103635,False
violation_rate,tail-greedy,partition,heavy_tail_burst,medium,-0.0004,-0.0009,-0.0,0.024,-0.1377,200,0.055518,False
violation_rate,similarity-avoidance,partition,heavy_tail_burst,medium,-0.0003,-0.0007,0.0002,0.127,-0.0825,200,0.266654,False
violation_rate,admission-only,partition,heavy_tail_burst,medium,-0.0005,-0.0009,-0.0,0.017,-0.1419,200,0.039967,True
violation_rate,oracle,partition,heavy_tail_burst,medium,-0.0005,-0.001,-0.0001,0.009,-0.1668,200,0.021421,True
violation_rate,static-low,partition,heavy_tail_burst,medium,-0.0005,-0.001,-0.0001,0.007,-0.1614,200,0.016684,True
violation_rate,static-high,partition,heavy_tail_burst,medium,-0.0002,-0.0007,0.0003,0.195,-0.0674,200,0.399242,False
violation_rate,k8s-hpa,partition,heavy_tail_burst,medium,-0.0003,-0.0008,0.0001,0.114,-0.0933,200,0.240822,False
violation_rate,k8s-default,partition,heavy_tail_burst,medium,-0.0003,-0.0008,0.0002,0.12,-0.0961,200,0.25257,False
violation_rate,slurm-fcfs,partition,heavy_tail_burst,medium,-0.0006,-0.001,-0.0003,0.001,-0.2171,200,0.008816,True
violation_rate,triton-proxy,partition,heavy_tail_burst,medium,-0.0004,-0.0008,0.0001,0.049,-0.107,200,0.11025,False
violation_rate,SIT-safe,partition,heavy_tail_burst,saturation,-0.0004,-0.0012,0.0004,0.174,-0.0634,200,0.359226,False
violation_rate,SIT-no-IRBS,partition,heavy_tail_burst,saturation,-0.0,-0.0007,0.0008,0.515,-0.0004,200,0.884612,False
violation_rate,SIT-no-safety,partition,heavy_tail_burst,saturation,-0.0002,-0.0011,0.0007,0.35,-0.0284,200,0.651023,False
violation_rate,SIT-no-admission,partition,heavy_tail_burst,saturation,-0.0003,-0.0011,0.0005,0.257,-0.0448,200,0.50294,False
violation_rate,spread,partition,heavy_tail_burst,saturation,-0.0005,-0.0014,0.0002,0.152,-0.0835,200,0.315692,False
violation_rate,random,partition,heavy_tail_burst,saturation,0.0001,-0.0009,0.001,0.501,0.012,200,0.864,False
violation_rate,round-robin,partition,heavy_tail_burst,saturation,-0.0003,-0.0011,0.0006,0.283,-0.0484,200,0.545177,False
violation_rate,binpack-greedy,partition,heavy_tail_burst,saturation,-0.0002,-0.0011,0.0007,0.345,-0.0289,200,0.647296,False
violation_rate,tail-greedy,partition,heavy_tail_burst,saturation,-0.0002,-0.001,0.0006,0.406,-0.0258,200,0.731562,False
violation_rate,similarity-avoidance,partition,heavy_tail_burst,saturation,-0.0005,-0.0012,0.0003,0.078,-0.1004,200,0.170397,False
violation_rate,admission-only,partition,heavy_tail_burst,saturation,-0.0004,-0.0012,0.0005,0.194,-0.0577,200,0.397665,False
violation_rate,oracle,partition,heavy_tail_burst,saturation,-0.0007,-0.0014,0.0,0.028,-0.1402,200,0.06417,False
violation_rate,static-low,partition,heavy_tail_burst,saturation,-0.0007,-0.0014,-0.0,0.017,-0.1407,200,0.040022,True
violation_rate,static-high,partition,heavy_tail_burst,saturation,-0.0003,-0.001,0.0005,0.218,-0.0604,200,0.436,False
violation_rate,k8s-hpa,partition,heavy_tail_burst,saturation,-0.0005,-0.0012,0.0003,0.138,-0.0835,200,0.288,False
violation_rate,k8s-default,partition,heavy_tail_burst,saturation,-0.0003,-0.0011,0.0006,0.268,-0.0535,200,0.520342,False
violation_rate,slurm-fcfs,partition,heavy_tail_burst,saturation,-0.0001,-0.001,0.0008,0.386,-0.0223,200,0.703595,False
violation_rate,triton-proxy,partition,heavy_tail_burst,saturation,-0.0003,-0.0011,0.0005,0.238,-0.0533,200,0.471633,False
violation_rate,SIT-safe,partition,iid_noise,high,0.0,0.0,0.0,1.0,0.0,200,1.0,False
violation_rate,SIT-no-IRBS,partition,iid_noise,high,0.0,0.0,0.0,1.0,0.0,200,1.0,False
violation_rate,SIT-no-safety,partition,iid_noise,high,0.0,0.0,0.0,1.0,0.0,200,1.0,False
violation_rate,SIT-no-admission,partition,iid_noise,high,0.0,0.0,0.0,1.0,0.0,200,1.0,False
violation_rate,spread,partition,iid_noise,high,0.0,0.0,0.0,1.0,0.0,200,1.0,False
violation_rate,random,partition,iid_noise,high,0.0,0.0,0.0,1.0,0.0,200,1.0,False
violation_rate,round-robin,partition,iid_noise,high,0.0,0.0,0.0,1.0,0.0,200,1.0,False
violation_rate,binpack-greedy,partition,iid_noise,high,0.0,0.0,0.0,1.0,0.0,200,1.0,False
violation_rate,tail-greedy,partition,iid_noise,high,0.0,0.0,0.0,1.0,0.0,200,1.0,False
violation_rate,similarity-avoidance,partition,iid_noise,high,0.0,0.0,0.0,1.0,0.0,200,1.0,False
violation_rate,admission-only,partition,iid_noise,high,0.0,0.0,0.0,1.0,0.0,200,1.0,False
violation_rate,oracle,partition,iid_noise,high,0.0,0.0,0.0,1.0,0.0,200,1.0,False
violation_rate,static-low,partition,iid_noise,high,0.0,0.0,0.0,1.0,0.0,200,1.0,False
violation_rate,static-high,partition,iid_noise,high,0.0,0.0,0.0,1.0,0.0,200,1.0,False
violation_rate,k8s-hpa,partition,iid_noise,high,0.0,0.0,0.0,1.0,0.0,200,1.0,False
violation_rate,k8s-default,partition,iid_noise,high,0.0,0.0,0.0,1.0,0.0,200,1.0,False
violation_rate,slurm-fcfs,partition,iid_noise,high,0.0,0.0,0.0,1.0,0.0,200,1.0,False
violation_rate,triton-proxy,partition,iid_noise,high,0.0,0.0,0.0,1.0,0.0,200,1.0,False
violation_rate,SIT-safe,partition,iid_noise,low,0.0,0.0,0.0,1.0,0.0,200,1.0,False
violation_rate,SIT-no-IRBS,partition,iid_noise,low,0.0,0.0,0.0,1.0,0.0,200,1.0,False
violation_rate,SIT-no-safety,partition,iid_noise,low,0.0,0.0,0.0,1.0,0.0,200,1.0,False
violation_rate,SIT-no-admission,partition,iid_noise,low,0.0,0.0,0.0,1.0,0.0,200,1.0,False
violation_rate,spread,partition,iid_noise,low,0.0,0.0,0.0,1.0,0.0,200,1.0,False
violation_rate,random,partition,iid_noise,low,0.0,0.0,0.0,1.0,0.0,200,1.0,False
violation_rate,round-robin,partition,iid_noise,low,0.0,0.0,0.0,1.0,0.0,200,1.0,False
violation_rate,binpack-greedy,partition,iid_noise,low,0.0,0.0,0.0,1.0,0.0,200,1.0,False
violation_rate,tail-greedy,partition,iid_noise,low,0.0,0.0,0.0,1.0,0.0,200,1.0,False
violation_rate,similarity-avoidance,partition,iid_noise,low,0.0,0.0,0.0,1.0,0.0,200,1.0,False
violation_rate,admission-only,partition,iid_noise,low,0.0,0.0,0.0,1.0,0.0,200,1.0,False
violation_rate,oracle,partition,iid_noise,low,0.0,0.0,0.0,1.0,0.0,200,1.0,False
violation_rate,static-low,partition,iid_noise,low,0.0,0.0,0.0,1.0,0.0,200,1.0,False
violation_rate,static-high,partition,iid_noise,low,0.0,0.0,0.0,1.0,0.0,200,1.0,False
violation_rate,k8s-hpa,partition,iid_noise,low,0.0,0.0,0.0,1.0,0.0,200,1.0,False
violation_rate,k8s-default,partition,iid_noise,low,0.0,0.0,0.0,1.0,0.0,200,1.0,False
violation_rate,slurm-fcfs,partition,iid_noise,low,0.0,0.0,0.0,1.0,0.0,200,1.0,False
violation_rate,triton-proxy,partition,iid_noise,low,0.0,0.0,0.0,1.0,0.0,200,1.0,False
violation_rate,SIT-safe,partition,iid_noise,medium,0.0,0.0,0.0,1.0,0.0,200,1.0,False
violation_rate,SIT-no-IRBS,partition,iid_noise,medium,0.0,0.0,0.0,1.0,0.0,200,1.0,False
violation_rate,SIT-no-safety,partition,iid_noise,medium,0.0,0.0,0.0,1.0,0.0,200,1.0,False
violation_rate,SIT-no-admission,partition,iid_noise,medium,0.0,0.0,0.0,1.0,0.0,200,1.0,False
violation_rate,spread,partition,iid_noise,medium,0.0,0.0,0.0,1.0,0.0,200,1.0,False
violation_rate,random,partition,iid_noise,medium,0.0,0.0,0.0,1.0,0.0,200,1.0,False
violation_rate,round-robin,partition,iid_noise,medium,0.0,0.0,0.0,1.0,0.0,200,1.0,False
violation_rate,binpack-greedy,partition,iid_noise,medium,0.0,0.0,0.0,1.0,0.0,200,1.0,False
violation_rate,tail-greedy,partition,iid_noise,medium,0.0,0.0,0.0,1.0,0.0,200,1.0,False
violation_rate,similarity-avoidance,partition,iid_noise,medium,0.0,0.0,0.0,1.0,0.0,200,1.0,False
violation_rate,admission-only,partition,iid_noise,medium,0.0,0.0,0.0,1.0,0.0,200,1.0,False
violation_rate,oracle,partition,iid_noise,medium,0.0,0.0,0.0,1.0,0.0,200,1.0,False
violation_rate,static-low,partition,iid_noise,medium,0.0,0.0,0.0,1.0,0.0,200,1.0,False
violation_rate,static-high,partition,iid_noise,medium,0.0,0.0,0.0,1.0,0.0,200,1.0,False
violation_rate,k8s-hpa,partition,iid_noise,medium,0.0,0.0,0.0,1.0,0.0,200,1.0,False
violation_rate,k8s-default,partition,iid_noise,medium,0.0,0.0,0.0,1.0,0.0,200,1.0,False
violation_rate,slurm-fcfs,partition,iid_noise,medium,0.0,0.0,0.0,1.0,0.0,200,1.0,False
violation_rate,triton-proxy,partition,iid_noise,medium,0.0,0.0,0.0,1.0,0.0,200,1.0,False
violation_rate,SIT-safe,partition,iid_noise,saturation,0.0,0.0,0.0,1.0,0.0,200,1.0,False
violation_rate,SIT-no-IRBS,partition,iid_noise,saturation,0.0,0.0,0.0,1.0,0.0,200,1.0,False
violation_rate,SIT-no-safety,partition,iid_noise,saturation,0.0,0.0,0.0,1.0,0.0,200,1.0,False
violation_rate,SIT-no-admission,partition,iid_noise,saturation,0.0,0.0,0.0,1.0,0.0,200,1.0,False
violation_rate,spread,partition,iid_noise,saturation,0.0,0.0,0.0,1.0,0.0,200,1.0,False
violation_rate,random,partition,iid_noise,saturation,0.0,0.0,0.0,1.0,0.0,200,1.0,False
violation_rate,round-robin,partition,iid_noise,saturation,0.0,0.0,0.0,1.0,0.0,200,1.0,False
violation_rate,binpack-greedy,partition,iid_noise,saturation,0.0,0.0,0.0,1.0,0.0,200,1.0,False
violation_rate,tail-greedy,partition,iid_noise,saturation,0.0,0.0,0.0,1.0,0.0,200,1.0,False
violation_rate,similarity-avoidance,partition,iid_noise,saturation,0.0,0.0,0.0,1.0,0.0,200,1.0,False
violation_rate,admission-only,partition,iid_noise,saturation,0.0,0.0,0.0,1.0,0.0,200,1.0,False
violation_rate,oracle,partition,iid_noise,saturation,0.0,0.0,0.0,1.0,0.0,200,1.0,False
violation_rate,static-low,partition,iid_noise,saturation,0.0,0.0,0.0,1.0,0.0,200,1.0,False
violation_rate,static-high,partition,iid_noise,saturation,0.0,0.0,0.0,1.0,0.0,200,1.0,False
violation_rate,k8s-hpa,partition,iid_noise,saturation,0.0,0.0,0.0,1.0,0.0,200,1.0,False
violation_rate,k8s-default,partition,iid_noise,saturation,0.0,0.0,0.0,1.0,0.0,200,1.0,False
violation_rate,slurm-fcfs,partition,iid_noise,saturation,0.0,0.0,0.0,1.0,0.0,200,1.0,False
violation_rate,triton-proxy,partition,iid_noise,saturation,0.0,0.0,0.0,1.0,0.0,200,1.0,False
violation_rate,SIT-safe,partition,partial_obs,high,0.0,0.0,0.0,1.0,0.0,200,1.0,False
violation_rate,SIT-no-IRBS,partition,partial_obs,high,0.0,0.0,0.0,1.0,0.0,200,1.0,False
violation_rate,SIT-no-safety,partition,partial_obs,high,0.0,0.0,0.0,1.0,0.0,200,1.0,False
violation_rate,SIT-no-admission,partition,partial_obs,high,0.0,0.0,0.0,1.0,0.0,200,1.0,False
violation_rate,spread,partition,partial_obs,high,0.0,0.0,0.0,1.0,0.0,200,1.0,False
violation_rate,random,partition,partial_obs,high,0.0,0.0,0.0,1.0,0.0,200,1.0,False
violation_rate,round-robin,partition,partial_obs,high,0.0,0.0,0.0,1.0,0.0,200,1.0,False
violation_rate,binpack-greedy,partition,partial_obs,high,0.0,0.0,0.0,1.0,0.0,200,1.0,False
violation_rate,tail-greedy,partition,partial_obs,high,0.0,0.0,0.0,1.0,0.0,200,1.0,False
violation_rate,similarity-avoidance,partition,partial_obs,high,0.0,0.0,0.0,1.0,0.0,200,1.0,False
violation_rate,admission-only,partition,partial_obs,high,0.0,0.0,0.0,1.0,0.0,200,1.0,False
violation_rate,oracle,partition,partial_obs,high,0.0,0.0,0.0,1.0,0.0,200,1.0,False
violation_rate,static-low,partition,partial_obs,high,0.0,0.0,0.0,1.0,0.0,200,1.0,False
violation_rate,static-high,partition,partial_obs,high,0.0,0.0,0.0,1.0,0.0,200,1.0,False
violation_rate,k8s-hpa,partition,partial_obs,high,0.0,0.0,0.0,1.0,0.0,200,1.0,False
violation_rate,k8s-default,partition,partial_obs,high,0.0,0.0,0.0,1.0,0.0,200,1.0,False
violation_rate,slurm-fcfs,partition,partial_obs,high,0.0,0.0,0.0,1.0,0.0,200,1.0,False
violation_rate,triton-proxy,partition,partial_obs,high,0.0,0.0,0.0,1.0,0.0,200,1.0,False
violation_rate,SIT-safe,partition,partial_obs,low,0.0,0.0,0.0,1.0,0.0,200,1.0,False
violation_rate,SIT-no-IRBS,partition,partial_obs,low,0.0,0.0,0.0,1.0,0.0,200,1.0,False
violation_rate,SIT-no-safety,partition,partial_obs,low,0.0,0.0,0.0,1.0,0.0,200,1.0,False
violation_rate,SIT-no-admission,partition,partial_obs,low,0.0,0.0,0.0,1.0,0.0,200,1.0,False
violation_rate,spread,partition,partial_obs,low,0.0,0.0,0.0,1.0,0.0,200,1.0,False
violation_rate,random,partition,partial_obs,low,0.0,0.0,0.0,1.0,0.0,200,1.0,False
violation_rate,round-robin,partition,partial_obs,low,0.0,0.0,0.0,1.0,0.0,200,1.0,False
violation_rate,binpack-greedy,partition,partial_obs,low,0.0,0.0,0.0,1.0,0.0,200,1.0,False
violation_rate,tail-greedy,partition,partial_obs,low,0.0,0.0,0.0,1.0,0.0,200,1.0,False
violation_rate,similarity-avoidance,partition,partial_obs,low,0.0,0.0,0.0,1.0,0.0,200,1.0,False
violation_rate,admission-only,partition,partial_obs,low,0.0,0.0,0.0,1.0,0.0,200,1.0,False
violation_rate,oracle,partition,partial_obs,low,0.0,0.0,0.0,1.0,0.0,200,1.0,False
violation_rate,static-low,partition,partial_obs,low,0.0,0.0,0.0,1.0,0.0,200,1.0,False
violation_rate,static-high,partition,partial_obs,low,0.0,0.0,0.0,1.0,0.0,200,1.0,False
violation_rate,k8s-hpa,partition,partial_obs,low,0.0,0.0,0.0,1.0,0.0,200,1.0,False
violation_rate,k8s-default,partition,partial_obs,low,0.0,0.0,0.0,1.0,0.0,200,1.0,False
violation_rate,slurm-fcfs,partition,partial_obs,low,0.0,0.0,0.0,1.0,0.0,200,1.0,False
violation_rate,triton-proxy,partition,partial_obs,low,0.0,0.0,0.0,1.0,0.0,200,1.0,False
violation_rate,SIT-safe,partition,partial_obs,medium,0.0,0.0,0.0,1.0,0.0,200,1.0,False
violation_rate,SIT-no-IRBS,partition,partial_obs,medium,0.0,0.0,0.0,1.0,0.0,200,1.0,False
violation_rate,SIT-no-safety,partition,partial_obs,medium,0.0,0.0,0.0,1.0,0.0,200,1.0,False
violation_rate,SIT-no-admission,partition,partial_obs,medium,0.0,0.0,0.0,1.0,0.0,200,1.0,False
violation_rate,spread,partition,partial_obs,medium,0.0,0.0,0.0,1.0,0.0,200,1.0,False
violation_rate,random,partition,partial_obs,medium,0.0,0.0,0.0,1.0,0.0,200,1.0,False
violation_rate,round-robin,partition,partial_obs,medium,0.0,0.0,0.0,1.0,0.0,200,1.0,False
violation_rate,binpack-greedy,partition,partial_obs,medium,0.0,0.0,0.0,1.0,0.0,200,1.0,False
violation_rate,tail-greedy,partition,partial_obs,medium,0.0,0.0,0.0,1.0,0.0,200,1.0,False
violation_rate,similarity-avoidance,partition,partial_obs,medium,0.0,0.0,0.0,1.0,0.0,200,1.0,False
violation_rate,admission-only,partition,partial_obs,medium,0.0,0.0,0.0,1.0,0.0,200,1.0,False
violation_rate,oracle,partition,partial_obs,medium,0.0,0.0,0.0,1.0,0.0,200,1.0,False
violation_rate,static-low,partition,partial_obs,medium,0.0,0.0,0.0,1.0,0.0,200,1.0,False
violation_rate,static-high,partition,partial_obs,medium,0.0,0.0,0.0,1.0,0.0,200,1.0,False
violation_rate,k8s-hpa,partition,partial_obs,medium,0.0,0.0,0.0,1.0,0.0,200,1.0,False
violation_rate,k8s-default,partition,partial_obs,medium,0.0,0.0,0.0,1.0,0.0,200,1.0,False
violation_rate,slurm-fcfs,partition,partial_obs,medium,0.0,0.0,0.0,1.0,0.0,200,1.0,False
violation_rate,triton-proxy,partition,partial_obs,medium,0.0,0.0,0.0,1.0,0.0,200,1.0,False
violation_rate,SIT-safe,partition,partial_obs,saturation,0.0,0.0,0.0,1.0,0.0,200,1.0,False
violation_rate,SIT-no-IRBS,partition,partial_obs,saturation,0.0,0.0,0.0,1.0,0.0,200,1.0,False
violation_rate,SIT-no-safety,partition,partial_obs,saturation,0.0,0.0,0.0,1.0,0.0,200,1.0,False
violation_rate,SIT-no-admission,partition,partial_obs,saturation,0.0,0.0,0.0,1.0,0.0,200,1.0,False
violation_rate,spread,partition,partial_obs,saturation,0.0,0.0,0.0,1.0,0.0,200,1.0,False
violation_rate,random,partition,partial_obs,saturation,0.0,0.0,0.0,1.0,0.0,200,1.0,False
violation_rate,round-robin,partition,partial_obs,saturation,0.0,0.0,0.0,1.0,0.0,200,1.0,False
violation_rate,binpack-greedy,partition,partial_obs,saturation,0.0,0.0,0.0,1.0,0.0,200,1.0,False
violation_rate,tail-greedy,partition,partial_obs,saturation,0.0,0.0,0.0,1.0,0.0,200,1.0,False
violation_rate,similarity-avoidance,partition,partial_obs,saturation,0.0,0.0,0.0,1.0,0.0,200,1.0,False
violation_rate,admission-only,partition,partial_obs,saturation,0.0,0.0,0.0,1.0,0.0,200,1.0,False
violation_rate,oracle,partition,partial_obs,saturation,0.0,0.0,0.0,1.0,0.0,200,1.0,False
violation_rate,static-low,partition,partial_obs,saturation,0.0,0.0,0.0,1.0,0.0,200,1.0,False
violation_rate,static-high,partition,partial_obs,saturation,0.0,0.0,0.0,1.0,0.0,200,1.0,False
violation_rate,k8s-hpa,partition,partial_obs,saturation,0.0,0.0,0.0,1.0,0.0,200,1.0,False
violation_rate,k8s-default,partition,partial_obs,saturation,0.0,0.0,0.0,1.0,0.0,200,1.0,False
violation_rate,slurm-fcfs,partition,partial_obs,saturation,0.0,0.0,0.0,1.0,0.0,200,1.0,False
violation_rate,triton-proxy,partition,partial_obs,saturation,0.0,0.0,0.0,1.0,0.0,200,1.0,False
violation_rate,SIT-safe,partition,structured,high,0.0,0.0,0.0,1.0,0.0,200,1.0,False
violation_rate,SIT-no-IRBS,partition,structured,high,0.0,0.0,0.0,1.0,0.0,200,1.0,False
violation_rate,SIT-no-safety,partition,structured,high,0.0,0.0,0.0,1.0,0.0,200,1.0,False
violation_rate,SIT-no-admission,partition,structured,high,0.0,0.0,0.0,1.0,0.0,200,1.0,False
violation_rate,spread,partition,structured,high,0.0,0.0,0.0,1.0,0.0,200,1.0,False
violation_rate,random,partition,structured,high,0.0,0.0,0.0,1.0,0.0,200,1.0,False
violation_rate,round-robin,partition,structured,high,0.0,0.0,0.0,1.0,0.0,200,1.0,False
violation_rate,binpack-greedy,partition,structured,high,0.0,0.0,0.0,1.0,0.0,200,1.0,False
violation_rate,tail-greedy,partition,structured,high,0.0,0.0,0.0,1.0,0.0,200,1.0,False
violation_rate,similarity-avoidance,partition,structured,high,0.0,0.0,0.0,1.0,0.0,200,1.0,False
violation_rate,admission-only,partition,structured,high,0.0,0.0,0.0,1.0,0.0,200,1.0,False
violation_rate,oracle,partition,structured,high,0.0,0.0,0.0,1.0,0.0,200,1.0,False
violation_rate,static-low,partition,structured,high,0.0,0.0,0.0,1.0,0.0,200,1.0,False
violation_rate,static-high,partition,structured,high,0.0,0.0,0.0,1.0,0.0,200,1.0,False
violation_rate,k8s-hpa,partition,structured,high,0.0,0.0,0.0,1.0,0.0,200,1.0,False
violation_rate,k8s-default,partition,structured,high,0.0,0.0,0.0,1.0,0.0,200,1.0,False
violation_rate,slurm-fcfs,partition,structured,high,0.0,0.0,0.0,1.0,0.0,200,1.0,False
violation_rate,triton-proxy,partition,structured,high,0.0,0.0,0.0,1.0,0.0,200,1.0,False
violation_rate,SIT-safe,partition,structured,low,0.0,0.0,0.0,1.0,0.0,200,1.0,False
violation_rate,SIT-no-IRBS,partition,structured,low,0.0,0.0,0.0,1.0,0.0,200,1.0,False
violation_rate,SIT-no-safety,partition,structured,low,0.0,0.0,0.0,1.0,0.0,200,1.0,False
violation_rate,SIT-no-admission,partition,structured,low,0.0,0.0,0.0,1.0,0.0,200,1.0,False
violation_rate,spread,partition,structured,low,0.0,0.0,0.0,1.0,0.0,200,1.0,False
violation_rate,random,partition,structured,low,0.0,0.0,0.0,1.0,0.0,200,1.0,False
violation_rate,round-robin,partition,structured,low,0.0,0.0,0.0,1.0,0.0,200,1.0,False
violation_rate,binpack-greedy,partition,structured,low,0.0,0.0,0.0,1.0,0.0,200,1.0,False
violation_rate,tail-greedy,partition,structured,low,0.0,0.0,0.0,1.0,0.0,200,1.0,False
violation_rate,similarity-avoidance,partition,structured,low,0.0,0.0,0.0,1.0,0.0,200,1.0,False
violation_rate,admission-only,partition,structured,low,0.0,0.0,0.0,1.0,0.0,200,1.0,False
violation_rate,oracle,partition,structured,low,0.0,0.0,0.0,1.0,0.0,200,1.0,False
violation_rate,static-low,partition,structured,low,0.0,0.0,0.0,1.0,0.0,200,1.0,False
violation_rate,static-high,partition,structured,low,0.0,0.0,0.0,1.0,0.0,200,1.0,False
violation_rate,k8s-hpa,partition,structured,low,0.0,0.0,0.0,1.0,0.0,200,1.0,False
violation_rate,k8s-default,partition,structured,low,0.0,0.0,0.0,1.0,0.0,200,1.0,False
violation_rate,slurm-fcfs,partition,structured,low,0.0,0.0,0.0,1.0,0.0,200,1.0,False
violation_rate,triton-proxy,partition,structured,low,0.0,0.0,0.0,1.0,0.0,200,1.0,False
violation_rate,SIT-safe,partition,structured,medium,0.0,0.0,0.0,1.0,0.0,200,1.0,False
violation_rate,SIT-no-IRBS,partition,structured,medium,0.0,0.0,0.0,1.0,0.0,200,1.0,False
violation_rate,SIT-no-safety,partition,structured,medium,0.0,0.0,0.0,1.0,0.0,200,1.0,False
violation_rate,SIT-no-admission,partition,structured,medium,0.0,0.0,0.0,1.0,0.0,200,1.0,False
violation_rate,spread,partition,structured,medium,0.0,0.0,0.0,1.0,0.0,200,1.0,False
violation_rate,random,partition,structured,medium,0.0,0.0,0.0,1.0,0.0,200,1.0,False
violation_rate,round-robin,partition,structured,medium,0.0,0.0,0.0,1.0,0.0,200,1.0,False
violation_rate,binpack-greedy,partition,structured,medium,0.0,0.0,0.0,1.0,0.0,200,1.0,False
violation_rate,tail-greedy,partition,structured,medium,0.0,0.0,0.0,1.0,0.0,200,1.0,False
violation_rate,similarity-avoidance,partition,structured,medium,0.0,0.0,0.0,1.0,0.0,200,1.0,False
violation_rate,admission-only,partition,structured,medium,0.0,0.0,0.0,1.0,0.0,200,1.0,False
violation_rate,oracle,partition,structured,medium,0.0,0.0,0.0,1.0,0.0,200,1.0,False
violation_rate,static-low,partition,structured,medium,0.0,0.0,0.0,1.0,0.0,200,1.0,False
violation_rate,static-high,partition,structured,medium,0.0,0.0,0.0,1.0,0.0,200,1.0,False
violation_rate,k8s-hpa,partition,structured,medium,0.0,0.0,0.0,1.0,0.0,200,1.0,False
violation_rate,k8s-default,partition,structured,medium,0.0,0.0,0.0,1.0,0.0,200,1.0,False
violation_rate,slurm-fcfs,partition,structured,medium,0.0,0.0,0.0,1.0,0.0,200,1.0,False
violation_rate,triton-proxy,partition,structured,medium,0.0,0.0,0.0,1.0,0.0,200,1.0,False
violation_rate,SIT-safe,partition,structured,saturation,0.0,0.0,0.0,1.0,0.0,200,1.0,False
violation_rate,SIT-no-IRBS,partition,structured,saturation,0.0,0.0,0.0,1.0,0.0,200,1.0,False
violation_rate,SIT-no-safety,partition,structured,saturation,0.0,0.0,0.0,1.0,0.0,200,1.0,False
violation_rate,SIT-no-admission,partition,structured,saturation,0.0,0.0,0.0,1.0,0.0,200,1.0,False
violation_rate,spread,partition,structured,saturation,0.0,0.0,0.0,1.0,0.0,200,1.0,False
violation_rate,random,partition,structured,saturation,0.0,0.0,0.0,1.0,0.0,200,1.0,False
violation_rate,round-robin,partition,structured,saturation,0.0,0.0,0.0,1.0,0.0,200,1.0,False
violation_rate,binpack-greedy,partition,structured,saturation,0.0,0.0,0.0,1.0,0.0,200,1.0,False
violation_rate,tail-greedy,partition,structured,saturation,0.0,0.0,0.0,1.0,0.0,200,1.0,False
violation_rate,similarity-avoidance,partition,structured,saturation,0.0,0.0,0.0,1.0,0.0,200,1.0,False
violation_rate,admission-only,partition,structured,saturation,0.0,0.0,0.0,1.0,0.0,200,1.0,False
violation_rate,oracle,partition,structured,saturation,0.0,0.0,0.0,1.0,0.0,200,1.0,False
violation_rate,static-low,partition,structured,saturation,0.0,0.0,0.0,1.0,0.0,200,1.0,False
violation_rate,static-high,partition,structured,saturation,0.0,0.0,0.0,1.0,0.0,200,1.0,False
violation_rate,k8s-hpa,partition,structured,saturation,0.0,0.0,0.0,1.0,0.0,200,1.0,False
violation_rate,k8s-default,partition,structured,saturation,0.0,0.0,0.0,1.0,0.0,200,1.0,False
violation_rate,slurm-fcfs,partition,structured,saturation,0.0,0.0,0.0,1.0,0.0,200,1.0,False
violation_rate,triton-proxy,partition,structured,saturation,0.0,0.0,0.0,1.0,0.0,200,1.0,False
p99_latency_us,SIT-safe,partition,adversarial,high,5226.8746,1927.2574,9042.2749,0.001,0.2065,200,0.007385,True
p99_latency_us,SIT-no-IRBS,partition,adversarial,high,10031.7168,6717.901,14003.9271,0.001,0.3979,200,0.007855,True
p99_latency_us,SIT-no-safety,partition,adversarial,high,12288.845,9417.6302,15110.296,0.001,0.5779,200,0.007819,True
p99_latency_us,SIT-no-admission,partition,adversarial,high,8666.2472,6063.8672,11368.842,0.001,0.4755,200,0.007784,True
p99_latency_us,spread,partition,adversarial,high,4571.9132,2186.9991,7112.1772,0.001,0.2444,200,0.007749,True
p99_latency_us,random,partition,adversarial,high,17645.9614,13282.6739,22948.3847,0.001,0.5031,200,0.008151,True
p99_latency_us,round-robin,partition,adversarial,high,19773.6337,16128.1109,23866.0849,0.001,0.7231,200,0.00768,True
p99_latency_us,binpack-greedy,partition,adversarial,high,20767.0401,17852.5125,23780.7356,0.001,0.9886,200,0.007646,True
p99_latency_us,tail-greedy,partition,adversarial,high,4514.1713,2061.6863,6967.93,0.002,0.2536,200,0.00482,True
p99_latency_us,similarity-avoidance,partition,adversarial,high,9505.0125,6996.4736,11879.8672,0.001,0.5262,200,0.008075,True
p99_latency_us,admission-only,partition,adversarial,high,14511.1093,11666.1578,17292.6103,0.001,0.7328,200,0.008037,True
p99_latency_us,oracle,partition,adversarial,high,3817.8165,1394.1332,6108.6994,0.001,0.2196,200,0.008,True
p99_latency_us,static-low,partition,adversarial,high,3845.8553,1017.6318,6627.652,0.002,0.1908,200,0.004813,True
p99_latency_us,static-high,partition,adversarial,high,23839.3288,20867.4176,26637.9494,0.001,1.1512,200,0.007963,True
p99_latency_us,k8s-hpa,partition,adversarial,high,10974.8471,7928.7677,14197.1064,0.001,0.5122,200,0.007927,True
p99_latency_us,k8s-default,partition,adversarial,high,10256.1302,7087.656,13963.7416,0.001,0.4119,200,0.00789,True
p99_latency_us,slurm-fcfs,partition,adversarial,high,15774.1864,12982.7993,18577.0018,0.001,0.7948,200,0.004994,True
p99_latency_us,triton-proxy,partition,adversarial,high,24524.5543,21016.6161,28286.1699,0.001,0.9155,200,0.005221,True
p99_latency_us,SIT-safe,partition,adversarial,low,1596.7962,1137.1315,2056.8245,0.001,0.4831,200,0.005205,True
p99_latency_us,SIT-no-IRBS,partition,adversarial,low,2967.5187,2544.9323,3378.1686,0.001,0.9409,200,0.005189,True
p99_latency_us,SIT-no-safety,partition,adversarial,low,3898.463,3406.7287,4382.8036,0.001,1.1254,200,0.005174,True
p99_latency_us,SIT-no-admission,partition,adversarial,low,2875.4916,2439.8369,3302.8121,0.001,0.899,200,0.005158,True
p99_latency_us,spread,partition,adversarial,low,1823.7199,1304.445,2395.802,0.001,0.49,200,0.005143,True
p99_latency_us,random,partition,adversarial,low,5365.4397,4711.3979,6055.7244,0.001,1.0886,200,0.005128,True
p99_latency_us,round-robin,partition,adversarial,low,6079.5439,5425.0359,6759.6465,0.001,1.1855,200,0.005112,True
p99_latency_us,binpack-greedy,partition,adversarial,low,6645.0609,6136.8161,7136.0966,0.001,1.8745,200,0.004683,True
p99_latency_us,tail-greedy,partition,adversarial,low,2209.1975,1697.5788,2672.788,0.001,0.5968,200,0.00467,True
p99_latency_us,similarity-avoidance,partition,adversarial,low,3289.5355,2764.7702,3859.0727,0.001,0.8274,200,0.004658,True
p99_latency_us,admission-only,partition,adversarial,low,5080.0308,4489.625,5657.0648,0.001,1.1995,200,0.004645,True
p99_latency_us,oracle,partition,adversarial,low,2312.9774,1800.4983,2832.2115,0.001,0.6144,200,0.004633,True
p99_latency_us,static-low,partition,adversarial,low,950.9965,498.8117,1409.8245,0.001,0.2917,200,0.00462,True
p99_latency_us,static-high,partition,adversarial,low,7788.1248,7285.7447,8274.9563,0.001,2.0429,200,0.005067,True
p99_latency_us,k8s-hpa,partition,adversarial,low,3612.4014,3082.701,4129.18,0.001,0.9258,200,0.005236,True
p99_latency_us,k8s-default,partition,adversarial,low,2824.5702,2319.9496,3308.2003,0.001,0.7843,200,0.00864,True
p99_latency_us,slurm-fcfs,partition,adversarial,low,5529.7135,4785.448,6284.3151,0.001,1.071,200,0.009143,True
p99_latency_us,triton-proxy,partition,adversarial,low,7642.7873,6897.3453,8464.2683,0.001,1.3321,200,0.009095,True
p99_latency_us,SIT-safe,partition,adversarial,medium,3521.5015,2595.1533,4421.7086,0.001,0.5467,200,0.009047,True
p99_latency_us,SIT-no-IRBS,partition,adversarial,medium,6541.9373,5719.0248,7427.737,0.001,1.0749,200,0.009,True
p99_latency_us,SIT-no-safety,partition,adversarial,medium,7912.8179,7079.0792,8716.2575,0.001,1.3583,200,0.008953,True
p99_latency_us,SIT-no-admission,partition,adversarial,medium,6039.0194,5232.4504,6844.0086,0.001,1.0369,200,0.008907,True
p99_latency_us,spread,partition,adversarial,medium,3055.1315,2151.3343,3927.0683,0.001,0.4992,200,0.008862,True
p99_latency_us,random,partition,adversarial,medium,10725.8037,9690.0594,11840.3115,0.001,1.4011,200,0.007612,True
p99_latency_us,round-robin,partition,adversarial,medium,12700.2148,11459.9964,13897.9491,0.001,1.4277,200,0.007579,True
p99_latency_us,binpack-greedy,partition,adversarial,medium,13586.615,12671.8124,14569.56,0.001,1.9552,200,0.007546,True
p99_latency_us,tail-greedy,partition,adversarial,medium,4300.5273,3431.2004,5169.4614,0.001,0.6714,200,0.007513,True
p99_latency_us,similarity-avoidance,partition,adversarial,medium,6944.1244,5902.3059,8005.4149,0.001,0.9236,200,0.007481,True
p99_latency_us,admission-only,partition,adversarial,medium,10313.569,9280.0763,11483.2484,0.001,1.2566,200,0.007448,True
p99_latency_us,oracle,partition,adversarial,medium,4441.0477,3563.3934,5305.5878,0.001,0.6945,200,0.007416,True
p99_latency_us,static-low,partition,adversarial,medium,2410.3716,1567.3805,3174.068,0.001,0.4177,200,0.0048,True
p99_latency_us,static-high,partition,adversarial,medium,15671.1593,14590.7957,16725.7237,0.001,2.0553,200,0.005779,True
p99_latency_us,k8s-hpa,partition,adversarial,medium,7705.1251,6685.174,8631.9175,0.001,1.0754,200,0.00576,True
p99_latency_us,k8s-default,partition,adversarial,medium,6466.906,5504.0186,7447.4158,0.001,0.9154,200,0.005741,True
p99_latency_us,slurm-fcfs,partition,adversarial,medium,10542.7487,9502.236,11750.2092,0.001,1.2846,200,0.005722,True
p99_latency_us,triton-proxy,partition,adversarial,medium,15764.9226,14332.5112,17306.1295,0.001,1.4369,200,0.005703,True
p99_latency_us,SIT-safe,partition,adversarial,saturation,7222.1573,2953.8134,12173.0692,0.001,0.216,200,0.005684,True
p99_latency_us,SIT-no-IRBS,partition,adversarial,saturation,12149.8966,9259.7781,14865.158,0.001,0.5949,200,0.005666,True
p99_latency_us,SIT-no-safety,partition,adversarial,saturation,14646.6534,11423.2931,17291.6964,0.001,0.7013,200,0.005434,True
p99_latency_us,SIT-no-admission,partition,adversarial,saturation,12508.1322,8997.5871,16036.5954,0.001,0.4895,200,0.005918,True
p99_latency_us,spread,partition,adversarial,saturation,4721.7158,1351.9483,8011.8189,0.004,0.2017,200,0.009573,True
p99_latency_us,random,partition,adversarial,saturation,20876.1439,17048.7066,24985.8416,0.001,0.73,200,0.005898,True
p99_latency_us,round-robin,partition,adversarial,saturation,26087.8008,20391.2243,32637.9448,0.001,0.5769,200,0.006128,True
p99_latency_us,binpack-greedy,partition,adversarial,saturation,24375.8678,21191.3474,27156.0251,0.001,1.121,200,0.005858,True
p99_latency_us,tail-greedy,partition,adversarial,saturation,4962.1337,2304.9424,7310.2165,0.001,0.2728,200,0.005838,True
p99_latency_us,similarity-avoidance,partition,adversarial,saturation,12872.7708,9959.2048,15650.0926,0.001,0.5804,200,0.005818,True
p99_latency_us,admission-only,partition,adversarial,saturation,21129.1218,17118.8301,24853.7458,0.001,0.7603,200,0.005799,True
p99_latency_us,oracle,partition,adversarial,saturation,6801.0965,3811.9006,9784.529,0.001,0.3168,200,0.00498,True
p99_latency_us,static-low,partition,adversarial,saturation,3470.2805,6.0047,6934.0158,0.025,0.1449,200,0.057523,False
p99_latency_us,static-high,partition,adversarial,saturation,30006.4867,26762.5517,33844.3101,0.001,1.1628,200,0.004966,True
p99_latency_us,k8s-hpa,partition,adversarial,saturation,15568.315,11750.099,19252.157,0.001,0.557,200,0.004951,True
p99_latency_us,k8s-default,partition,adversarial,saturation,10639.2413,6961.4472,14557.8071,0.001,0.401,200,0.004937,True
p99_latency_us,slurm-fcfs,partition,adversarial,saturation,19597.7258,16159.2158,22623.4757,0.001,0.8033,200,0.004923,True
p99_latency_us,triton-proxy,partition,adversarial,saturation,35032.3262,29533.1204,40908.1266,0.001,0.8314,200,0.006376,True
p99_latency_us,SIT-safe,partition,drifting,high,5595.1461,5495.4866,5695.5649,0.001,7.6638,200,0.008113,True
p99_latency_us,SIT-no-IRBS,partition,drifting,high,10003.0993,9722.2959,10282.9307,0.001,4.8446,200,0.005097,True
p99_latency_us,SIT-no-safety,partition,drifting,high,10495.7913,10329.2264,10655.0007,0.001,8.6574,200,0.005082,True
p99_latency_us,SIT-no-admission,partition,drifting,high,7946.611,7817.7329,8076.2561,0.001,8.2746,200,0.005252,True
p99_latency_us,spread,partition,drifting,high,3817.7754,3602.4601,4048.9278,0.001,2.4245,200,0.005053,True
p99_latency_us,random,partition,drifting,high,11321.7182,10993.0126,11638.3932,0.001,4.8833,200,0.005038,True
p99_latency_us,round-robin,partition,drifting,high,11307.4336,10906.9171,11684.5897,0.001,4.0563,200,0.005023,True
p99_latency_us,binpack-greedy,partition,drifting,high,15486.6692,15270.3192,15720.9202,0.001,9.3038,200,0.005009,True
p99_latency_us,tail-greedy,partition,drifting,high,5591.6013,5491.9168,5697.4202,0.001,7.5541,200,0.006106,True
p99_latency_us,similarity-avoidance,partition,drifting,high,7518.9115,7261.1299,7773.0586,0.001,4.0,200,0.005486,True
p99_latency_us,admission-only,partition,drifting,high,11266.4387,10915.562,11622.2808,0.001,4.5824,200,0.005468,True
p99_latency_us,oracle,partition,drifting,high,5591.7913,5490.9749,5694.6804,0.001,7.584,200,0.005451,True
p99_latency_us,static-low,partition,drifting,high,2095.3818,2033.4106,2153.5391,0.001,4.8311,200,0.005647,True
p99_latency_us,static-high,partition,drifting,high,19966.8065,19703.8255,20236.1481,0.001,10.2709,200,0.005417,True
p99_latency_us,k8s-hpa,partition,drifting,high,7847.682,7562.6228,8131.5261,0.001,3.8366,200,0.0054,True
p99_latency_us,k8s-default,partition,drifting,high,6453.3426,6228.1865,6696.3316,0.001,3.8652,200,0.005383,True
p99_latency_us,slurm-fcfs,partition,drifting,high,11283.212,10912.9674,11684.8626,0.001,3.9988,200,0.005366,True
p99_latency_us,triton-proxy,partition,drifting,high,16569.9716,16059.3439,17057.2296,0.001,4.3418,200,0.005629,True
p99_latency_us,SIT-safe,partition,drifting,low,1873.3255,1837.7905,1906.7281,0.001,7.6006,200,0.00561,True
p99_latency_us,SIT-no-IRBS,partition,drifting,low,3481.163,3381.1358,3578.86,0.001,4.7455,200,0.005592,True
p99_latency_us,SIT-no-safety,partition,drifting,low,3516.2388,3459.8618,3573.3639,0.001,8.5992,200,0.005574,True
p99_latency_us,SIT-no-admission,partition,drifting,low,2660.7845,2618.6856,2707.5566,0.001,8.0651,200,0.005556,True
p99_latency_us,spread,partition,drifting,low,1281.2353,1210.7526,1356.7045,0.001,2.4847,200,0.005538,True
p99_latency_us,random,partition,drifting,low,3804.817,3692.6764,3911.5942,0.001,4.7088,200,0.005521,True
p99_latency_us,round-robin,partition,drifting,low,3786.1964,3656.3758,3922.5228,0.001,4.0531,200,0.005503,True
p99_latency_us,binpack-greedy,partition,drifting,low,5186.6485,5104.0751,5265.5048,0.001,9.2038,200,0.004787,True
p99_latency_us,tail-greedy,partition,drifting,low,1869.233,1833.204,1905.6668,0.001,7.3441,200,0.004773,True
p99_latency_us,similarity-avoidance,partition,drifting,low,2524.4413,2434.345,2619.4328,0.001,3.9666,200,0.00476,True
p99_latency_us,admission-only,partition,drifting,low,3772.6699,3659.1834,3896.7041,0.001,4.4941,200,0.004909,True
p99_latency_us,oracle,partition,drifting,low,1872.0552,1836.823,1906.5065,0.001,7.3275,200,0.004734,True
p99_latency_us,static-low,partition,drifting,low,704.4909,686.0225,724.8633,0.001,4.9156,200,0.004721,True
p99_latency_us,static-high,partition,drifting,low,6693.6818,6599.527,6783.553,0.001,10.1862,200,0.004708,True
p99_latency_us,k8s-hpa,partition,drifting,low,2626.3792,2535.8555,2721.5525,0.001,3.8101,200,0.004696,True
p99_latency_us,k8s-default,partition,drifting,low,2165.2887,2084.5712,2239.6277,0.001,3.8537,200,0.004895,True
p99_latency_us,slurm-fcfs,partition,drifting,low,3779.7748,3658.1811,3908.2255,0.001,3.9789,200,0.004881,True
p99_latency_us,triton-proxy,partition,drifting,low,5552.3718,5384.6373,5728.8258,0.001,4.3442,200,0.004868,True
p99_latency_us,SIT-safe,partition,drifting,medium,3728.1486,3662.0122,3799.3935,0.001,7.4399,200,0.004854,True
p99_latency_us,SIT-no-IRBS,partition,drifting,medium,7085.8654,6852.5078,7322.1825,0.001,4.1452,200,0.00484,True
p99_latency_us,SIT-no-safety,partition,drifting,medium,7001.646,6890.0948,7112.9077,0.001,8.65,200,0.004827,True
p99_latency_us,SIT-no-admission,partition,drifting,medium,5300.8036,5211.1571,5384.6954,0.001,8.2589,200,0.004813,True
p99_latency_us,spread,partition,drifting,medium,2541.8241,2404.6411,2689.1282,0.001,2.6073,200,0.009763,True
p99_latency_us,random,partition,drifting,medium,7556.5514,7325.541,7803.9165,0.001,4.5426,200,0.027,True
p99_latency_us,round-robin,partition,drifting,medium,7543.9072,7293.8404,7826.2619,0.001,4.0432,200,0.026585,True
p99_latency_us,binpack-greedy,partition,drifting,medium,10330.0288,10185.9465,10502.7503,0.001,9.3011,200,0.026182,True
p99_latency_us,tail-greedy,partition,drifting,medium,3728.0123,3659.4448,3799.0707,0.001,7.3566,200,0.025791,True
p99_latency_us,similarity-avoidance,partition,drifting,medium,5018.4235,4825.5422,5191.6043,0.001,3.9557,200,0.025412,True
p99_latency_us,admission-only,partition,drifting,medium,7508.2092,7265.1674,7747.3128,0.001,4.584,200,0.025043,True
p99_latency_us,oracle,partition,drifting,medium,3728.0328,3657.4673,3801.2942,0.001,7.4748,200,0.024686,True
p99_latency_us,static-low,partition,drifting,medium,1394.4343,1353.3208,1431.7321,0.001,4.8587,200,0.024338,True
p99_latency_us,static-high,partition,drifting,medium,13333.0975,13155.9708,13510.4486,0.001,10.118,200,0.030857,True
p99_latency_us,k8s-hpa,partition,drifting,medium,5232.7497,5058.504,5428.899,0.001,3.8066,200,0.030316,True
p99_latency_us,k8s-default,partition,drifting,medium,4299.2502,4135.9716,4461.3051,0.001,3.8407,200,0.029793,True
p99_latency_us,slurm-fcfs,partition,drifting,medium,7521.4308,7269.1448,7781.3213,0.001,3.9781,200,0.029288,True
p99_latency_us,triton-proxy,partition,drifting,medium,11069.4737,10703.2838,11418.1845,0.001,4.3362,200,0.036,True
p99_latency_us,SIT-safe,partition,drifting,saturation,7449.6935,7319.435,7587.3907,0.001,7.5244,200,0.028328,True
p99_latency_us,SIT-no-IRBS,partition,drifting,saturation,13791.9199,13390.0222,14154.1545,0.001,4.8742,200,0.027871,True
p99_latency_us,SIT-no-safety,partition,drifting,saturation,13992.7828,13760.5749,14225.2247,0.001,8.807,200,0.027429,True
p99_latency_us,SIT-no-admission,partition,drifting,saturation,10609.3753,10416.2172,10785.585,0.001,8.3497,200,0.006085,True
p99_latency_us,spread,partition,drifting,saturation,5075.8374,4793.9566,5349.0612,0.001,2.53,200,0.006063,True
p99_latency_us,random,partition,drifting,saturation,15347.1015,14851.8528,15854.7014,0.001,4.2596,200,0.006042,True
p99_latency_us,round-robin,partition,drifting,saturation,15077.7237,14574.9074,15593.0857,0.001,4.0736,200,0.006021,True
p99_latency_us,binpack-greedy,partition,drifting,saturation,20641.2581,20353.2482,20947.6793,0.001,9.4358,200,0.006,True
p99_latency_us,tail-greedy,partition,drifting,saturation,7459.331,7318.7663,7593.7397,0.001,7.5718,200,0.005979,True
p99_latency_us,similarity-avoidance,partition,drifting,saturation,10047.2393,9675.9218,10403.6279,0.001,4.0282,200,0.005959,True
p99_latency_us,admission-only,partition,drifting,saturation,15221.0446,14792.795,15716.212,0.001,4.5347,200,0.005938,True
p99_latency_us,oracle,partition,drifting,saturation,7457.1404,7314.1875,7591.145,0.001,7.5349,200,0.00535,True
p99_latency_us,static-low,partition,drifting,saturation,2804.027,2730.0752,2875.4189,0.001,5.1156,200,0.005333,True
p99_latency_us,static-high,partition,drifting,saturation,26625.7631,26291.545,26997.1022,0.001,10.2171,200,0.005317,True
p99_latency_us,k8s-hpa,partition,drifting,saturation,10468.2275,10097.5329,10843.3467,0.001,3.8338,200,0.005301,True
p99_latency_us,k8s-default,partition,drifting,saturation,8619.3316,8312.5656,8940.3206,0.001,3.8342,200,0.005284,True
p99_latency_us,slurm-fcfs,partition,drifting,saturation,15037.3123,14543.1131,15545.3435,0.001,4.0109,200,0.005268,True
p99_latency_us,triton-proxy,partition,drifting,saturation,22111.9448,21433.7024,22775.601,0.001,4.3762,200,0.005878,True
p99_latency_us,SIT-safe,partition,heavy_tail_burst,high,-23164.2342,-150733.1979,53026.4067,0.371,-0.0315,200,0.684192,False
p99_latency_us,SIT-no-IRBS,partition,heavy_tail_burst,high,93499.817,-132488.9529,459275.6259,0.339,0.0429,200,0.638118,False
p99_latency_us,SIT-no-safety,partition,heavy_tail_burst,high,-44768.7713,-168040.4477,27674.2658,0.204,-0.0626,200,0.413746,False
p99_latency_us,SIT-no-admission,partition,heavy_tail_burst,high,44705.2834,-89953.8953,158487.865,0.248,0.0514,200,0.488091,False
p99_latency_us,spread,partition,heavy_tail_burst,high,115107.5451,-43445.1799,287675.7219,0.076,0.0946,200,0.16666,False
p99_latency_us,random,partition,heavy_tail_burst,high,-26745.8155,-136955.207,44646.8432,0.317,-0.0393,200,0.603278,False
p99_latency_us,round-robin,partition,heavy_tail_burst,high,-6742.7855,-121993.4901,72988.7194,0.472,-0.0091,200,0.825522,False
p99_latency_us,binpack-greedy,partition,heavy_tail_burst,high,14274.2803,-117836.0657,130990.4628,0.397,0.0152,200,0.719094,False
p99_latency_us,tail-greedy,partition,heavy_tail_burst,high,-39495.2333,-164725.4022,35777.4307,0.266,-0.0547,200,0.517622,False
p99_latency_us,similarity-avoidance,partition,heavy_tail_burst,high,-4317.4181,-125991.6964,80441.3306,0.53,-0.0058,200,0.908571,False
p99_latency_us,admission-only,partition,heavy_tail_burst,high,-3956.2969,-126215.7084,79158.6234,0.501,-0.0054,200,0.863139,False
p99_latency_us,oracle,partition,heavy_tail_burst,high,-24599.4005,-152367.9245,54912.8901,0.374,-0.0334,200,0.687523,False
p99_latency_us,static-low,partition,heavy_tail_burst,high,-13246.2101,-127664.2585,84514.0005,0.468,-0.0166,200,0.821019,False
p99_latency_us,static-high,partition,heavy_tail_burst,high,211958.7759,-96127.2503,703302.7511,0.221,0.0648,200,0.441489,False
p99_latency_us,k8s-hpa,partition,heavy_tail_burst,high,30243.4443,-125034.6375,179222.0217,0.302,0.0298,200,0.577274,False
p99_latency_us,k8s-default,partition,heavy_tail_burst,high,-25382.2011,-137327.7756,56298.043,0.345,-0.0339,200,0.648,False
p99_latency_us,slurm-fcfs,partition,heavy_tail_burst,high,16861.6576,-105864.5178,113886.7432,0.387,0.0212,200,0.704674,False
p99_latency_us,triton-proxy,partition,heavy_tail_burst,high,5798.8329,-93235.382,97333.5311,0.386,0.0081,200,0.704338,False
p99_latency_us,SIT-safe,partition,heavy_tail_burst,low,1935.5057,-3153.5762,6612.0466,0.244,0.0539,200,0.481315,False
p99_latency_us,SIT-no-IRBS,partition,heavy_tail_burst,low,3255.863,-1608.9568,7647.8594,0.085,0.1008,200,0.18383,False
p99_latency_us,SIT-no-safety,partition,heavy_tail_burst,low,5811.9605,612.3109,11059.8152,0.019,0.1509,200,0.044368,True
p99_latency_us,SIT-no-admission,partition,heavy_tail_burst,low,4604.0487,-447.9771,10337.8787,0.042,0.1223,200,0.095119,False
p99_latency_us,spread,partition,heavy_tail_burst,low,80.6664,-4515.881,4367.4216,0.483,0.0026,200,0.836297,False
p99_latency_us,random,partition,heavy_tail_burst,low,2685.1247,-1987.0024,7191.2445,0.105,0.0835,200,0.223448,False
p99_latency_us,round-robin,partition,heavy_tail_burst,low,4596.6529,-572.3417,9396.0079,0.04,0.1296,200,0.090709,False
p99_latency_us,binpack-greedy,partition,heavy_tail_burst,low,7736.1768,2756.4368,12233.2226,0.002,0.2201,200,0.004827,True
p99_latency_us,tail-greedy,partition,heavy_tail_burst,low,-1795.2357,-6403.8661,2142.0853,0.197,-0.0575,200,0.402859,False
p99_latency_us,similarity-avoidance,partition,heavy_tail_burst,low,-250.6179,-4859.0672,3584.3029,0.478,-0.0081,200,0.832645,False
p99_latency_us,admission-only,partition,heavy_tail_burst,low,4944.0683,76.9004,9442.4389,0.025,0.1469,200,0.0576,False
p99_latency_us,oracle,partition,heavy_tail_burst,low,4319.3638,-663.1164,9568.9331,0.053,0.1089,200,0.118786,False
p99_latency_us,static-low,partition,heavy_tail_burst,low,1115.6159,-4072.2884,6025.0372,0.323,0.031,200,0.613345,False
p99_latency_us,static-high,partition,heavy_tail_burst,low,6628.322,1854.2021,11139.727,0.003,0.1976,200,0.0072,True
p99_latency_us,k8s-hpa,partition,heavy_tail_burst,low,483.8308,-4153.5552,4953.0324,0.414,0.0156,200,0.741339,False
p99_latency_us,k8s-default,partition,heavy_tail_burst,low,3015.8954,-2107.963,8460.8077,0.114,0.0812,200,0.241116,False
p99_latency_us,slurm-fcfs,partition,heavy_tail_burst,low,3151.951,-1027.939,7387.242,0.089,0.1018,200,0.192,False
p99_latency_us,triton-proxy,partition,heavy_tail_burst,low,5740.8114,1440.3889,10185.0557,0.004,0.1815,200,0.009587,True
p99_latency_us,SIT-safe,partition,heavy_tail_burst,medium,-8798.7401,-21365.1827,2435.3204,0.057,-0.1052,200,0.12742,False
p99_latency_us,SIT-no-IRBS,partition,heavy_tail_burst,medium,1442.4074,-11871.5168,13495.6118,0.401,0.0163,200,0.724063,False
p99_latency_us,SIT-no-safety,partition,heavy_tail_burst,medium,11.0616,-12548.0726,10952.1881,0.486,0.0001,200,0.839808,False
p99_latency_us,SIT-no-admission,partition,heavy_tail_burst,medium,-3073.2216,-15846.1561,8776.1827,0.342,-0.0337,200,0.643064,False
p99_latency_us,spread,partition,heavy_tail_burst,medium,-11454.3871,-23092.7405,-734.8105,0.018,-0.1393,200,0.042261,True
p99_latency_us,random,partition,heavy_tail_burst,medium,-4555.3144,-15977.9974,5697.5733,0.191,-0.0585,200,0.391981,False
p99_latency_us,round-robin,partition,heavy_tail_burst,medium,2058.3299,-9443.0517,14701.8574,0.37,0.0232,200,0.683077,False
p99_latency_us,binpack-greedy,partition,heavy_tail_burst,medium,1092.297,-11175.2744,11102.5564,0.429,0.0132,200,0.765028,False
p99_latency_us,tail-greedy,partition,heavy_tail_burst,medium,-11365.9292,-22858.851,-615.5472,0.019,-0.1365,200,0.044428,True
p99_latency_us,similarity-avoidance,partition,heavy_tail_burst,medium,-6072.8673,-18065.1674,4475.4428,0.146,-0.072,200,0.304328,False
p99_latency_us,admission-only,partition,heavy_tail_burst,medium,4631.5143,-10548.768,20285.9782,0.297,0.0409,200,0.569607,False
p99_latency_us,oracle,partition,heavy_tail_burst,medium,-7350.2095,-19560.4633,3464.9302,0.095,-0.0895,200,0.203672,False
p99_latency_us,static-low,partition,heavy_tail_burst,medium,-9015.874,-20480.1329,1847.1551,0.052,-0.1045,200,0.116696,False
p99_latency_us,static-high,partition,heavy_tail_burst,medium,1707.1839,-10019.5678,12767.5561,0.374,0.0202,200,0.688256,False
p99_latency_us,k8s-hpa,partition,heavy_tail_burst,medium,-2465.2085,-14988.4176,8693.9101,0.334,-0.0286,200,0.630767,False
p99_latency_us,k8s-default,partition,heavy_tail_burst,medium,-522.262,-12473.0345,10467.332,0.478,-0.0061,200,0.833485,False
p99_latency_us,slurm-fcfs,partition,heavy_tail_burst,medium,-4553.4756,-17924.7794,6467.175,0.209,-0.0526,200,0.420923,False
p99_latency_us,triton-proxy,partition,heavy_tail_burst,medium,585.7121,-11535.7916,11800.2693,0.453,0.0069,200,0.798759,False
p99_latency_us,SIT-safe,partition,heavy_tail_burst,saturation,-18048.6895,-80078.7971,48022.1825,0.302,-0.0372,200,0.578554,False
p99_latency_us,SIT-no-IRBS,partition,heavy_tail_burst,saturation,32962.3155,-50079.7966,131367.7571,0.234,0.0497,200,0.464772,False
p99_latency_us,SIT-no-safety,partition,heavy_tail_burst,saturation,-977.4464,-69677.1385,66181.8863,0.482,-0.002,200,0.837081,False
p99_latency_us,SIT-no-admission,partition,heavy_tail_burst,saturation,-16821.9218,-90399.8117,47608.8364,0.313,-0.0363,200,0.596322,False
p99_latency_us,spread,partition,heavy_tail_burst,saturation,-13395.9281,-90057.4752,67009.9719,0.346,-0.0233,200,0.647065,False
p99_latency_us,random,partition,heavy_tail_burst,saturation,-4845.6392,-76639.8404,55300.1577,0.441,-0.0108,200,0.78239,False
p99_latency_us,round-robin,partition,heavy_tail_burst,saturation,-16796.762,-78813.418,44346.9532,0.335,-0.0379,200,0.631965,False
p99_latency_us,binpack-greedy,partition,heavy_tail_burst,saturation,38818.1445,-42021.45,137171.1206,0.208,0.0575,200,0.420379,False
p99_latency_us,tail-greedy,partition,heavy_tail_burst,saturation,1696.2595,-63046.1554,75968.5223,0.477,0.0033,200,0.832582,False
p99_latency_us,similarity-avoidance,partition,heavy_tail_burst,saturation,-36118.4745,-104397.39,23159.2171,0.114,-0.0807,200,0.241412,False
p99_latency_us,admission-only,partition,heavy_tail_burst,saturation,-35887.1016,-90991.7798,20959.6782,0.094,-0.0881,200,0.201779,False
p99_latency_us,oracle,partition,heavy_tail_burst,saturation,-50069.7069,-108988.244,4020.7443,0.039,-0.1214,200,0.088674,False
p99_latency_us,static-low,partition,heavy_tail_burst,saturation,-31571.6042,-103160.0159,47179.7347,0.21,-0.0561,200,0.422445,False
p99_latency_us,static-high,partition,heavy_tail_burst,saturation,-8584.6735,-66920.3945,51471.7068,0.399,-0.0195,200,0.721205,False
p99_latency_us,k8s-hpa,partition,heavy_tail_burst,saturation,-28650.0083,-86692.5722,27584.4818,0.148,-0.0687,200,0.308125,False
p99_latency_us,k8s-default,partition,heavy_tail_burst,saturation,-10879.5853,-77361.0253,55294.3955,0.389,-0.0214,200,0.707571,False
p99_latency_us,slurm-fcfs,partition,heavy_tail_burst,saturation,-25104.754,-88632.7119,28092.8084,0.181,-0.0592,200,0.372787,False
p99_latency_us,triton-proxy,partition,heavy_tail_burst,saturation,4127.386,-65974.7155,71947.3823,0.44,0.0081,200,0.781418,False
p99_latency_us,SIT-safe,partition,iid_noise,high,5560.2905,5463.9804,5650.9126,0.001,7.6614,200,0.020093,True
p99_latency_us,SIT-no-IRBS,partition,iid_noise,high,8582.9429,8351.5695,8817.3754,0.001,4.9637,200,0.019862,True
p99_latency_us,SIT-no-safety,partition,iid_noise,high,10447.8243,10287.7095,10597.6715,0.001,8.8133,200,0.022442,True
p99_latency_us,SIT-no-admission,partition,iid_noise,high,7908.0192,7770.7905,8039.8602,0.001,8.2978,200,0.022154,True
p99_latency_us,spread,partition,iid_noise,high,3772.8676,3598.1012,3974.6151,0.001,2.6116,200,0.021873,True
p99_latency_us,random,partition,iid_noise,high,11263.4443,10916.7533,11616.4352,0.001,4.466,200,0.0216,True
p99_latency_us,round-robin,partition,iid_noise,high,11254.35,10875.2193,11630.7525,0.001,4.0924,200,0.021333,True
p99_latency_us,binpack-greedy,partition,iid_noise,high,15418.9705,15204.2356,15623.7901,0.001,9.4441,200,0.021073,True
p99_latency_us,tail-greedy,partition,iid_noise,high,5566.2994,5475.2657,5673.4329,0.001,7.6307,200,0.020819,True
p99_latency_us,similarity-avoidance,partition,iid_noise,high,7484.2083,7230.8417,7741.2398,0.001,3.9918,200,0.024,True
p99_latency_us,admission-only,partition,iid_noise,high,11239.6604,10886.2542,11577.3088,0.001,4.3608,200,0.078545,False
p99_latency_us,oracle,partition,iid_noise,high,5558.1392,5457.739,5656.7147,0.001,7.5892,200,0.07513,False
p99_latency_us,static-low,partition,iid_noise,high,2081.903,2027.0903,2137.8679,0.001,5.2595,200,0.072,False
p99_latency_us,static-high,partition,iid_noise,high,19886.8743,19641.3748,20158.3777,0.001,10.2709,200,0.046703,True
p99_latency_us,k8s-hpa,partition,iid_noise,high,7810.8111,7541.6361,8117.5135,0.001,3.8255,200,0.023671,True
p99_latency_us,k8s-default,partition,iid_noise,high,6424.4129,6199.1834,6653.9978,0.001,3.8314,200,0.023351,True
p99_latency_us,slurm-fcfs,partition,iid_noise,high,11222.6296,10849.4784,11655.5519,0.001,4.0374,200,0.02304,True
p99_latency_us,triton-proxy,partition,iid_noise,high,16508.015,15976.9602,17043.2408,0.001,4.3615,200,0.022737,True
p99_latency_us,SIT-safe,partition,iid_noise,low,1852.613,1820.8286,1885.1499,0.001,7.4038,200,0.035265,True
p99_latency_us,SIT-no-IRBS,partition,iid_noise,low,2904.6832,2819.7088,2993.4506,0.001,4.6864,200,0.03456,True
p99_latency_us,SIT-no-safety,partition,iid_noise,low,3488.471,3430.3326,3545.5366,0.001,8.8048,200,0.033882,True
p99_latency_us,SIT-no-admission,partition,iid_noise,low,2638.6529,2596.3087,2686.8962,0.001,8.2277,200,0.033231,True
p99_latency_us,spread,partition,iid_noise,low,1257.4699,1197.1239,1328.3499,0.001,2.4639,200,0.032604,True
p99_latency_us,random,partition,iid_noise,low,3781.063,3675.7783,3892.7835,0.001,4.6541,200,0.032,True
p99_latency_us,round-robin,partition,iid_noise,low,3757.8759,3634.6585,3893.8057,0.001,4.067,200,0.216,False
p99_latency_us,binpack-greedy,partition,iid_noise,low,5142.2529,5066.6773,5222.6492,0.001,9.2952,200,0.192,False
p99_latency_us,tail-greedy,partition,iid_noise,low,1852.3944,1818.6922,1886.9645,0.001,7.4067,200,0.1728,False
p99_latency_us,similarity-avoidance,partition,iid_noise,low,2499.4112,2412.7138,2586.0559,0.001,4.0018,200,0.157091,False
p99_latency_us,admission-only,partition,iid_noise,low,3783.4784,3667.8014,3899.2534,0.001,4.5047,200,0.144,False
p99_latency_us,oracle,partition,iid_noise,low,1854.3385,1818.7812,1886.2565,0.001,7.5187,200,1.0,False
p99_latency_us,static-low,partition,iid_noise,low,689.5185,671.0392,708.8948,0.001,4.9442,200,0.123429,False
p99_latency_us,static-high,partition,iid_noise,low,6638.459,6550.1648,6723.1577,0.001,10.1939,200,0.037565,True
p99_latency_us,k8s-hpa,partition,iid_noise,low,2604.0094,2505.984,2702.2289,0.001,3.8227,200,0.036766,True
p99_latency_us,k8s-default,partition,iid_noise,low,2143.8266,2065.6987,2221.7458,0.001,3.8271,200,0.132923,False
p99_latency_us,slurm-fcfs,partition,iid_noise,low,3741.5014,3607.6369,3872.1757,0.001,4.005,200,0.864,False
p99_latency_us,triton-proxy,partition,iid_noise,low,5509.5609,5340.5779,5692.6583,0.001,4.3445,200,0.576,False
p99_latency_us,SIT-safe,partition,iid_noise,medium,3702.3209,3634.4778,3769.6709,0.001,7.4895,200,0.432,False
p99_latency_us,SIT-no-IRBS,partition,iid_noise,medium,5868.4538,5711.911,6029.2914,0.001,4.8586,200,0.3456,False
p99_latency_us,SIT-no-safety,partition,iid_noise,medium,6968.4625,6858.3828,7078.4184,0.001,8.8447,200,0.288,False
p99_latency_us,SIT-no-admission,partition,iid_noise,medium,5272.4161,5184.9956,5362.75,0.001,8.2578,200,0.045474,True
p99_latency_us,spread,partition,iid_noise,medium,2411.9751,2282.6763,2538.2537,0.001,2.5271,200,0.044308,True
p99_latency_us,random,partition,iid_noise,medium,7547.9439,7283.6334,7832.1216,0.001,4.0477,200,0.0432,True
p99_latency_us,round-robin,partition,iid_noise,medium,7502.8333,7253.6041,7754.343,0.001,4.0571,200,0.042146,True
p99_latency_us,binpack-greedy,partition,iid_noise,medium,10279.228,10117.229,10429.2258,0.001,9.4021,200,0.041143,True
p99_latency_us,tail-greedy,partition,iid_noise,medium,3709.307,3642.8233,3779.4364,0.001,7.5729,200,0.040186,True
p99_latency_us,similarity-avoidance,partition,iid_noise,medium,4996.9692,4824.1699,5176.431,0.001,4.0043,200,0.039273,True
p99_latency_us,admission-only,partition,iid_noise,medium,7539.7654,7305.4277,7778.9794,0.001,4.3369,200,0.0384,True
p99_latency_us,oracle,partition,iid_noise,medium,3708.5922,3640.7131,3778.8701,0.001,7.4818,200,0.019636,True
p99_latency_us,static-low,partition,iid_noise,medium,1386.6804,1347.7026,1424.337,0.001,5.1235,200,0.019416,True
p99_latency_us,static-high,partition,iid_noise,medium,13264.6156,13084.8547,13452.7201,0.001,10.2228,200,0.0192,True
p99_latency_us,k8s-hpa,partition,iid_noise,medium,5213.5828,5023.5771,5410.0956,0.001,3.8245,200,0.018989,True
p99_latency_us,k8s-default,partition,iid_noise,medium,4283.6719,4124.0209,4443.5071,0.001,3.8475,200,0.018783,True
p99_latency_us,slurm-fcfs,partition,iid_noise,medium,7486.2399,7233.929,7740.9604,0.001,4.0071,200,0.018581,True
p99_latency_us,triton-proxy,partition,iid_noise,medium,11009.0625,10675.2863,11354.7246,0.001,4.3486,200,0.018383,True
p99_latency_us,SIT-safe,partition,iid_noise,saturation,7433.2701,7302.3528,7566.5308,0.001,7.7571,200,0.0288,True
p99_latency_us,SIT-no-IRBS,partition,iid_noise,saturation,11712.6044,11385.1003,12045.4905,0.001,4.8341,200,0.020329,True
p99_latency_us,SIT-no-safety,partition,iid_noise,saturation,13932.4843,13715.6133,14164.3707,0.001,8.8388,200,0.010601,True
p99_latency_us,SIT-no-admission,partition,iid_noise,saturation,10549.549,10369.5391,10716.3934,0.001,8.3119,200,0.010537,True
p99_latency_us,spread,partition,iid_noise,saturation,4997.1952,4734.6947,5289.6234,0.001,2.5139,200,0.020571,True
p99_latency_us,random,partition,iid_noise,saturation,15082.917,14642.329,15544.4047,0.001,4.3297,200,0.066462,False
p99_latency_us,round-robin,partition,iid_noise,saturation,15002.4019,14477.2084,15561.9879,0.001,4.0819,200,0.064,False
p99_latency_us,binpack-greedy,partition,iid_noise,saturation,20559.7448,20267.0152,20830.9253,0.001,9.4891,200,0.061714,False
p99_latency_us,tail-greedy,partition,iid_noise,saturation,7435.2541,7294.6338,7568.2536,0.001,7.6524,200,0.059586,False
p99_latency_us,similarity-avoidance,partition,iid_noise,saturation,10004.8929,9651.6647,10349.731,0.001,4.0162,200,0.012169,True
p99_latency_us,admission-only,partition,iid_noise,saturation,15193.476,14774.6614,15634.2436,0.001,4.8775,200,0.011148,True
p99_latency_us,oracle,partition,iid_noise,saturation,7427.1559,7287.1422,7568.5418,0.001,7.6307,200,0.011077,True
p99_latency_us,static-low,partition,iid_noise,saturation,2775.8712,2698.2901,2840.3333,0.001,5.2326,200,0.011006,True
p99_latency_us,static-high,partition,iid_noise,saturation,26531.8971,26167.5933,26877.4042,0.001,10.3382,200,0.010937,True
p99_latency_us,k8s-hpa,partition,iid_noise,saturation,10426.8377,10027.7062,10805.8468,0.001,3.8267,200,0.010868,True
p99_latency_us,k8s-default,partition,iid_noise,saturation,8563.331,8282.0957,8853.023,0.001,3.8485,200,0.0108,True
p99_latency_us,slurm-fcfs,partition,iid_noise,saturation,14971.0637,14447.493,15459.8678,0.001,4.0078,200,0.010733,True
p99_latency_us,triton-proxy,partition,iid_noise,saturation,22008.7774,21343.7589,22757.0089,0.001,4.3722,200,0.011836,True
p99_latency_us,SIT-safe,partition,partial_obs,high,5869.7305,3783.8082,7950.0859,0.001,0.3965,200,0.011755,True
p99_latency_us,SIT-no-IRBS,partition,partial_obs,high,9170.3166,6684.9925,11553.1915,0.001,0.533,200,0.011676,True
p99_latency_us,SIT-no-safety,partition,partial_obs,high,9915.5699,8097.9776,11709.1587,0.001,0.7341,200,0.011597,True
p99_latency_us,SIT-no-admission,partition,partial_obs,high,7297.7119,4915.9949,9539.5989,0.001,0.4333,200,0.01152,True
p99_latency_us,spread,partition,partial_obs,high,4333.003,1959.7553,6817.0734,0.001,0.2499,200,0.011444,True
p99_latency_us,random,partition,partial_obs,high,10702.4361,8699.1134,12675.0283,0.001,0.7237,200,0.011368,True
p99_latency_us,round-robin,partition,partial_obs,high,10121.5227,8049.29,12234.6626,0.001,0.6883,200,0.011294,True
p99_latency_us,binpack-greedy,partition,partial_obs,high,14637.9275,12558.7792,16581.159,0.001,0.9861,200,0.1152,False
p99_latency_us,tail-greedy,partition,partial_obs,high,5939.6768,3453.33,8410.3129,0.001,0.344,200,0.108,False
p99_latency_us,similarity-avoidance,partition,partial_obs,high,6161.2224,3879.8436,8238.9863,0.001,0.4084,200,0.101647,False
p99_latency_us,admission-only,partition,partial_obs,high,10076.3515,8105.7016,11842.5383,0.001,0.7405,200,0.096,False
p99_latency_us,oracle,partition,partial_obs,high,5817.3702,3689.7914,7886.692,0.001,0.3535,200,0.090947,False
p99_latency_us,static-low,partition,partial_obs,high,2618.3512,44.0383,5268.2074,0.024,0.1378,200,0.055592,False
p99_latency_us,static-high,partition,partial_obs,high,19630.9683,17349.9608,21762.8948,0.001,1.2767,200,0.0864,False
p99_latency_us,k8s-hpa,partition,partial_obs,high,8635.3121,5245.9906,13779.4791,0.001,0.279,200,0.082286,False
p99_latency_us,k8s-default,partition,partial_obs,high,5611.9155,2823.3358,8977.3913,0.001,0.2559,200,0.246857,False
p99_latency_us,slurm-fcfs,partition,partial_obs,high,11001.325,8680.5378,13184.7651,0.001,0.7043,200,0.010473,True
p99_latency_us,triton-proxy,partition,partial_obs,high,13957.5923,12018.9958,16063.8948,0.001,0.9589,200,0.009708,True
p99_latency_us,SIT-safe,partition,partial_obs,low,1734.5831,1447.1266,2007.5366,0.001,0.8474,200,0.009654,True
p99_latency_us,SIT-no-IRBS,partition,partial_obs,low,2826.4569,2412.3032,3272.0773,0.001,1.0049,200,0.0096,True
p99_latency_us,SIT-no-safety,partition,partial_obs,low,3239.737,2963.0941,3542.3649,0.001,1.5578,200,0.009547,True
p99_latency_us,SIT-no-admission,partition,partial_obs,low,2432.005,2137.6873,2733.3943,0.001,1.0813,200,0.009495,True
p99_latency_us,spread,partition,partial_obs,low,1207.3002,888.882,1517.0727,0.001,0.5199,200,0.004747,True
p99_latency_us,random,partition,partial_obs,low,3557.714,3263.353,3851.4957,0.001,1.5905,200,0.010286,True
p99_latency_us,round-robin,partition,partial_obs,low,3487.0035,3181.0578,3797.4841,0.001,1.595,200,0.010225,True
p99_latency_us,binpack-greedy,partition,partial_obs,low,5181.289,4837.625,5517.2407,0.001,2.1989,200,0.010165,True
p99_latency_us,tail-greedy,partition,partial_obs,low,1901.7334,1590.6632,2237.2205,0.001,0.8386,200,0.010105,True
p99_latency_us,similarity-avoidance,partition,partial_obs,low,2047.9443,1761.7545,2362.179,0.001,0.9662,200,0.010047,True
p99_latency_us,admission-only,partition,partial_obs,low,3629.9571,3324.5305,3917.8711,0.001,1.6811,200,0.009988,True
p99_latency_us,oracle,partition,partial_obs,low,1824.8941,1476.4208,2162.4241,0.001,0.773,200,0.009931,True
p99_latency_us,static-low,partition,partial_obs,low,646.5888,352.4295,976.216,0.001,0.298,200,0.009874,True
p99_latency_us,static-high,partition,partial_obs,low,6560.8349,6247.4447,6876.9858,0.001,2.7706,200,0.015158,True
p99_latency_us,k8s-hpa,partition,partial_obs,low,2361.8401,2009.1939,2684.7235,0.001,0.9527,200,0.015026,True
p99_latency_us,k8s-default,partition,partial_obs,low,1839.2444,1512.1054,2163.7853,0.001,0.8004,200,0.014897,True
p99_latency_us,slurm-fcfs,partition,partial_obs,low,3602.6914,3273.9698,3904.2766,0.001,1.5663,200,0.014769,True
p99_latency_us,triton-proxy,partition,partial_obs,low,4819.709,4484.6362,5139.0842,0.001,2.1149,200,0.014644,True
p99_latency_us,SIT-safe,partition,partial_obs,medium,3734.3211,3121.9852,4295.8551,0.001,0.8684,200,0.013191,True
p99_latency_us,SIT-no-IRBS,partition,partial_obs,medium,5629.5627,5044.7237,6214.4029,0.001,1.3057,200,0.01041,True
p99_latency_us,SIT-no-safety,partition,partial_obs,medium,6738.026,6176.8541,7339.3487,0.001,1.5772,200,0.010347,True
p99_latency_us,SIT-no-admission,partition,partial_obs,medium,5463.9062,4867.7356,6010.7861,0.001,1.2527,200,0.0576,False
p99_latency_us,spread,partition,partial_obs,medium,2456.9479,1853.6922,3039.3257,0.001,0.5539,200,0.055742,False
p99_latency_us,random,partition,partial_obs,medium,7757.9183,7004.4215,8559.9747,0.001,1.3097,200,0.054,False
p99_latency_us,round-robin,partition,partial_obs,medium,7522.7651,6822.7928,8228.5123,0.001,1.5574,200,0.052364,False
p99_latency_us,binpack-greedy,partition,partial_obs,medium,10172.1462,9476.6967,10953.4202,0.001,1.9481,200,0.050824,False
p99_latency_us,tail-greedy,partition,partial_obs,medium,3987.0361,3393.8387,4577.273,0.001,0.9298,200,0.049371,True
p99_latency_us,similarity-avoidance,partition,partial_obs,medium,4248.5366,3655.2744,4840.7564,0.001,0.9532,200,0.048,True
p99_latency_us,admission-only,partition,partial_obs,medium,6940.1975,6400.1085,7497.9936,0.001,1.7023,200,0.06912,False
p99_latency_us,oracle,partition,partial_obs,medium,3484.9041,2777.0702,4231.7281,0.001,0.6985,200,0.010667,True
p99_latency_us,static-low,partition,partial_obs,medium,1657.7913,1006.792,2456.7948,0.001,0.3172,200,0.003798,True
p99_latency_us,static-high,partition,partial_obs,medium,12580.0009,12021.754,13105.7868,0.001,3.3196,200,0.003789,True
p99_latency_us,k8s-hpa,partition,partial_obs,medium,4878.4377,4320.0213,5457.1741,0.001,1.1519,200,0.003781,True
p99_latency_us,k8s-default,partition,partial_obs,medium,3642.4708,3091.8604,4179.3312,0.001,0.9074,200,0.003773,True
p99_latency_us,slurm-fcfs,partition,partial_obs,medium,7633.352,6929.5917,8309.1455,0.001,1.5162,200,0.003765,True
p99_latency_us,triton-proxy,partition,partial_obs,medium,9916.3211,9296.2418,10558.3915,0.001,2.1369,200,0.003757,True
p99_latency_us,SIT-safe,partition,partial_obs,saturation,8538.105,6379.0347,11292.382,0.001,0.4885,200,0.003748,True
p99_latency_us,SIT-no-IRBS,partition,partial_obs,saturation,13175.7049,11585.5294,14955.8681,0.001,1.0732,200,0.002469,True
p99_latency_us,SIT-no-safety,partition,partial_obs,saturation,14069.0286,12442.61,15628.966,0.001,1.2218,200,0.002472,True
p99_latency_us,SIT-no-admission,partition,partial_obs,saturation,10024.9431,8677.1936,11462.7548,0.001,0.9692,200,0.002476,True
p99_latency_us,spread,partition,partial_obs,saturation,5383.4417,3736.2564,7058.5333,0.001,0.4424,200,0.002479,True
p99_latency_us,random,partition,partial_obs,saturation,15661.064,13969.7869,17249.5155,0.001,1.2698,200,0.002483,True
p99_latency_us,round-robin,partition,partial_obs,saturation,16418.7442,14641.0343,18239.4892,0.001,1.2326,200,0.00253,True
p99_latency_us,binpack-greedy,partition,partial_obs,saturation,21562.4081,20075.1365,23105.9407,0.001,1.9612,200,0.00249,True
p99_latency_us,tail-greedy,partition,partial_obs,saturation,7511.0909,5888.0729,9186.5577,0.001,0.6264,200,0.002494,True
p99_latency_us,similarity-avoidance,partition,partial_obs,saturation,10093.9583,8367.4863,12033.4654,0.001,0.7529,200,0.003927,True
p99_latency_us,admission-only,partition,partial_obs,saturation,15209.2191,13449.9753,17036.1163,0.001,1.1815,200,0.003918,True
p99_latency_us,oracle,partition,partial_obs,saturation,9314.2374,7476.4,11125.0484,0.001,0.7335,200,0.00391,True
p99_latency_us,static-low,partition,partial_obs,saturation,2731.2249,1298.9837,4249.7422,0.001,0.2565,200,0.002451,True
p99_latency_us,static-high,partition,partial_obs,saturation,26879.382,25331.0435,28564.2687,0.001,2.3324,200,0.002455,True
p99_latency_us,k8s-hpa,partition,partial_obs,saturation,10868.6224,9007.8979,12654.7486,0.001,0.8204,200,0.002458,True
p99_latency_us,k8s-default,partition,partial_obs,saturation,8122.7255,6684.132,9604.8276,0.001,0.7124,200,0.002462,True
p99_latency_us,slurm-fcfs,partition,partial_obs,saturation,14427.0208,12887.1399,15933.3927,0.001,1.3519,200,0.002465,True
p99_latency_us,triton-proxy,partition,partial_obs,saturation,19984.3204,18664.1391,21257.9925,0.001,2.045,200,0.004114,True
p99_latency_us,SIT-safe,partition,structured,high,5371.7083,5282.789,5460.3648,0.001,8.6152,200,0.003991,True
p99_latency_us,SIT-no-IRBS,partition,structured,high,9445.7208,9209.3704,9694.9039,0.001,5.2487,200,0.003982,True
p99_latency_us,SIT-no-safety,partition,structured,high,11169.1117,11005.4527,11345.7725,0.001,8.9516,200,0.003972,True
p99_latency_us,SIT-no-admission,partition,structured,high,8417.9763,8271.4435,8569.4161,0.001,8.0063,200,0.003963,True
p99_latency_us,spread,partition,structured,high,4145.1415,3867.9841,4467.9466,0.001,1.9042,200,0.003954,True
p99_latency_us,random,partition,structured,high,12192.1639,11697.7573,12704.49,0.001,3.4013,200,0.003945,True
p99_latency_us,round-robin,partition,structured,high,12453.4246,11905.6677,13078.4928,0.001,2.956,200,0.003936,True
p99_latency_us,binpack-greedy,partition,structured,high,18082.7297,17228.0503,19072.6683,0.001,2.6138,200,0.004075,True
p99_latency_us,tail-greedy,partition,structured,high,5924.408,5827.1164,6026.637,0.001,7.8664,200,0.004184,True
p99_latency_us,similarity-avoidance,partition,structured,high,7641.5997,7459.4373,7824.9718,0.001,5.5814,200,0.004174,True
p99_latency_us,admission-only,partition,structured,high,12657.7086,12085.434,13283.0372,0.001,2.9099,200,0.004164,True
p99_latency_us,oracle,partition,structured,high,5924.6771,5821.9302,6022.507,0.001,7.8449,200,0.004154,True
p99_latency_us,static-low,partition,structured,high,2916.5036,2663.9405,3171.2346,0.001,1.6102,200,0.004267,True
p99_latency_us,static-high,partition,structured,high,22133.7937,21627.1878,22632.7442,0.001,6.0018,200,0.004256,True
p99_latency_us,k8s-hpa,partition,structured,high,10374.9469,9907.646,10835.6213,0.001,3.0913,200,0.004246,True
p99_latency_us,k8s-default,partition,structured,high,8224.7903,7790.1795,8700.7986,0.001,2.5405,200,0.004235,True
p99_latency_us,slurm-fcfs,partition,structured,high,12762.0099,12323.4881,13187.7221,0.001,4.0571,200,0.004342,True
p99_latency_us,triton-proxy,partition,structured,high,16289.414,16030.1563,16550.5588,0.001,8.1885,200,0.004215,True
p99_latency_us,SIT-safe,partition,structured,low,1799.957,1770.2922,1830.3652,0.001,8.6051,200,0.004204,True
p99_latency_us,SIT-no-IRBS,partition,structured,low,3047.6611,2953.7234,3146.7472,0.001,4.4372,200,0.004194,True
p99_latency_us,SIT-no-safety,partition,structured,low,3729.6905,3672.4272,3791.7589,0.001,8.8472,200,0.003874,True
p99_latency_us,SIT-no-admission,partition,structured,low,2814.6609,2765.8009,2867.7815,0.001,7.9657,200,0.003866,True
p99_latency_us,spread,partition,structured,low,1452.2692,1363.6586,1541.7708,0.001,2.1838,200,0.003857,True
p99_latency_us,random,partition,structured,low,4178.0493,4000.5079,4385.2573,0.001,2.9559,200,0.003849,True
p99_latency_us,round-robin,partition,structured,low,4161.1193,3971.3784,4362.1973,0.001,2.9608,200,0.00384,True
p99_latency_us,binpack-greedy,partition,structured,low,6046.6817,5717.7242,6369.2647,0.001,2.6099,200,0.003831,True
p99_latency_us,tail-greedy,partition,structured,low,1981.375,1947.4467,2015.4084,0.001,7.8923,200,0.003823,True
p99_latency_us,similarity-avoidance,partition,structured,low,2557.0815,2493.4788,2620.7402,0.001,5.5392,200,0.003815,True
p99_latency_us,admission-only,partition,structured,low,4095.2608,3926.772,4288.5506,0.001,3.1235,200,0.004397,True
p99_latency_us,oracle,partition,structured,low,1979.8744,1947.3792,2017.9956,0.001,7.8428,200,0.004386,True
p99_latency_us,static-low,partition,structured,low,978.1617,896.9113,1066.1307,0.001,1.615,200,0.004375,True
p99_latency_us,static-high,partition,structured,low,7395.1601,7216.4277,7564.0597,0.001,5.9931,200,0.004364,True
p99_latency_us,k8s-hpa,partition,structured,low,3461.745,3308.6862,3620.3036,0.001,3.0895,200,0.004353,True
p99_latency_us,k8s-default,partition,structured,low,2752.1288,2601.4816,2907.8161,0.001,2.5394,200,0.004225,True
p99_latency_us,slurm-fcfs,partition,structured,low,4261.8241,4114.5542,4405.4549,0.001,4.0549,200,0.003892,True
p99_latency_us,triton-proxy,partition,structured,low,5444.4569,5347.069,5533.9498,0.001,8.206,200,0.003883,True
p99_latency_us,SIT-safe,partition,structured,medium,3586.1888,3530.5221,3642.7841,0.001,8.6594,200,0.004442,True
p99_latency_us,SIT-no-IRBS,partition,structured,medium,6132.5421,5962.0933,6300.6957,0.001,5.0712,200,0.004431,True
p99_latency_us,SIT-no-safety,partition,structured,medium,7457.3114,7351.6154,7578.142,0.001,8.9715,200,0.004419,True
p99_latency_us,SIT-no-admission,partition,structured,medium,5631.238,5526.9908,5725.7825,0.001,8.1059,200,0.004408,True
p99_latency_us,spread,partition,structured,medium,2709.7957,2551.519,2877.9144,0.001,2.2475,200,0.003623,True
p99_latency_us,random,partition,structured,medium,8408.1086,8061.7105,8789.3161,0.001,3.1472,200,0.003708,True
p99_latency_us,round-robin,partition,structured,medium,8309.2774,7901.2326,8722.9864,0.001,2.9575,200,0.003484,True
p99_latency_us,binpack-greedy,partition,structured,medium,12069.4857,11460.9001,12730.2502,0.001,2.612,200,0.003477,True
p99_latency_us,tail-greedy,partition,structured,medium,3963.9474,3899.3565,4030.642,0.001,7.9807,200,0.00347,True
p99_latency_us,similarity-avoidance,partition,structured,medium,5098.786,4961.3954,5222.9726,0.001,5.5576,200,0.003541,True
p99_latency_us,admission-only,partition,structured,medium,8369.2646,7971.5815,8784.4536,0.001,2.8023,200,0.003456,True
p99_latency_us,oracle,partition,structured,medium,3953.6934,3886.2363,4028.6425,0.001,7.8618,200,0.003449,True
p99_latency_us,static-low,partition,structured,medium,1942.0248,1784.1008,2113.3326,0.001,1.6006,200,0.003442,True
p99_latency_us,static-high,partition,structured,medium,14773.0691,14425.2088,15120.743,0.001,6.0308,200,0.003435,True
p99_latency_us,k8s-hpa,partition,structured,medium,6920.9322,6630.3156,7237.5823,0.001,3.0833,200,0.003638,True
p99_latency_us,k8s-default,partition,structured,medium,5492.8115,5200.6119,5796.3998,0.001,2.5418,200,0.003534,True
p99_latency_us,slurm-fcfs,partition,structured,medium,8511.554,8222.9015,8830.6098,0.001,4.0726,200,0.003527,True
p99_latency_us,triton-proxy,partition,structured,medium,10874.5938,10690.6965,11047.8141,0.001,8.2664,200,0.003519,True
p99_latency_us,SIT-safe,partition,structured,saturation,7193.748,7087.2908,7299.9085,0.001,8.7163,200,0.003512,True
p99_latency_us,SIT-no-IRBS,partition,structured,saturation,12430.2594,12076.1313,12782.7121,0.001,4.6873,200,0.003505,True
p99_latency_us,SIT-no-safety,partition,structured,saturation,14895.6072,14660.9129,15115.8278,0.001,8.9627,200,0.003498,True
p99_latency_us,SIT-no-admission,partition,structured,saturation,11253.9007,11044.6562,11450.0219,0.001,8.1061,200,0.003491,True
p99_latency_us,spread,partition,structured,saturation,5932.0256,5542.0747,6347.9721,0.001,1.9375,200,0.007024,True
p99_latency_us,random,partition,structured,saturation,16330.1674,15627.9433,17089.4486,0.001,3.1008,200,0.007353,True
p99_latency_us,round-robin,partition,structured,saturation,16631.8873,15903.197,17486.3065,0.001,2.9619,200,0.006968,True
p99_latency_us,binpack-greedy,partition,structured,saturation,24120.356,22882.0337,25407.1276,0.001,2.6185,200,0.00694,True
p99_latency_us,tail-greedy,partition,structured,saturation,7915.8581,7781.2743,8056.1044,0.001,7.982,200,0.006912,True
p99_latency_us,similarity-avoidance,partition,structured,saturation,10219.8283,9962.9634,10458.8358,0.001,5.5629,200,0.006884,True
p99_latency_us,admission-only,partition,structured,saturation,16532.8245,15875.802,17284.7973,0.001,3.2521,200,0.006857,True
p99_latency_us,oracle,partition,structured,saturation,7922.3232,7782.6044,8050.2345,0.001,8.0422,200,0.00683,True
p99_latency_us,static-low,partition,structured,saturation,3894.2215,3592.1827,4250.1222,0.001,1.6117,200,0.006803,True
p99_latency_us,static-high,partition,structured,saturation,29509.3278,28863.1674,30149.7346,0.001,6.0281,200,0.006776,True
p99_latency_us,k8s-hpa,partition,structured,saturation,13826.8043,13179.927,14447.6302,0.001,3.0996,200,0.00675,True
p99_latency_us,k8s-default,partition,structured,saturation,10986.7279,10363.1764,11592.4401,0.001,2.5448,200,0.006724,True
p99_latency_us,slurm-fcfs,partition,structured,saturation,17039.6281,16441.627,17622.2658,0.001,4.0776,200,0.006698,True
p99_latency_us,triton-proxy,partition,structured,saturation,21749.3363,21375.7407,22082.9642,0.001,8.2843,200,0.009443,True
