policy,interference_regime,load_regime,mean_latency_us_mean,mean_latency_us_median,mean_latency_us_std,p95_latency_us_mean,p95_latency_us_median,p95_latency_us_std,p99_latency_us_mean,p99_latency_us_median,p99_latency_us_std,p999_latency_us_mean,p999_latency_us_median,p999_latency_us_std,cvar95_us_mean,cvar95_us_median,cvar95_us_std,cvar99_us_mean,cvar99_us_median,cvar99_us_std,cvar999_us_mean,cvar999_us_median,cvar999_us_std,violation_rate_mean,violation_rate_median,violation_rate_std,success_rate_mean,success_rate_median,success_rate_std,goodput_rps_mean,goodput_rps_median,goodput_rps_std,effective_goodput_rps_mean,effective_goodput_rps_median,effective_goodput_rps_std,throughput_rps_mean,throughput_rps_median,throughput_rps_std,queue_variance_mean,queue_variance_median,queue_variance_std,mean_backlog_us_mean,mean_backlog_us_median,mean_backlog_us_std,max_backlog_us_mean,max_backlog_us_median,max_backlog_us_std,decision_time_us_mean,decision_time_us_median,decision_time_us_std,catastrophe_sum,catastrophe_mean,n_episodes
SIT-no-IRBS,adversarial,high,12482.211849949254,12356.902510372598,2055.8545117896947,14239.461387704756,14035.193310748855,2391.3052402733815,25186.905500291934,22987.735190605767,11942.988784718678,25862.29545866353,23266.599539822077,11973.906857843667,18417.89276849921,17701.444648460936,4428.921839031092,25591.30585863239,23120.699998953816,11953.013153167158,25946.539449891145,23308.176594521494,12036.141080823802,0.0,0.0,0.0,1.0,1.0,0.0,1974.9131040227592,1942.2368657491509,324.71385467371607,7899.652416091037,7768.9474629966035,1298.8554186948643,1974.9131040227592,1942.2368657491509,324.71385467371607,5069026.027931162,2619099.6526468564,8822440.220724408,11957.84421384737,11837.955643094525,1969.702358038057,25439.78125888488,22721.514927692187,12007.161949728074,41.40973091125488,38.86222839355469,8.161212653636932,0,0.0,200
SIT-no-IRBS,adversarial,low,4146.139065186352,4045.8653386065457,703.850969936574,4308.567000702853,4179.08868122183,716.8797668948763,7798.12330472711,7442.518507687414,2566.1739859192885,19527.506692169613,13332.552544739181,25342.1181346546,6850.297402183212,6390.945642878346,2481.0236976547008,13427.703949639585,10961.071042889758,10973.564723531641,19585.21968354915,13372.869087327357,25337.483423669702,0.0,0.0,0.0,1.0,1.0,0.0,1984.5903806527788,1977.3338594129643,335.1446898296432,7938.361522611115,7909.335437651857,1340.5787593185728,1984.5903806527788,1977.3338594129643,335.1446898296432,3427144.5989392865,574647.9434694162,21530670.401105613,3614.48014435323,3526.707787817585,615.708445947489,19071.954443945637,12815.134729837955,25344.347346668514,45.85742950439453,40.29273986816406,15.978620822619007,0,0.0,200
SIT-no-IRBS,adversarial,medium,8461.046815357198,8293.511373117763,1333.4160696555537,9371.381617746265,9265.327121768636,1523.4125142219107,14325.647170241054,13687.501920064566,3944.143023265725,22620.981701261848,18180.538815732154,20943.799369355875,13145.140940301517,12395.740206292649,4237.559594740828,20817.103023405896,17069.330156840966,17088.59971741306,22684.960178563328,18308.77606787631,20937.86134816158,0.0,0.0,0.0,1.0,1.0,0.0,1937.3283211850555,1929.2209719553712,301.51020911240676,7749.313284740222,7716.883887821485,1206.040836449627,1937.3283211850555,1929.2209719553712,301.51020911240676,5583933.912638153,1440154.6492432146,36363557.35723927,7927.133584779678,7770.125779265016,1249.7649217001315,22169.075402329894,17820.093773652683,20935.533002146305,45.11833190917969,41.72325134277344,10.093765906312045,0,0.0,200
SIT-no-IRBS,adversarial,saturation,16591.14430853924,16255.14737117783,2833.656268544075,19164.46823422522,18810.42394751677,3491.527045862827,27710.845353740304,25712.28286141566,9971.969613390625,28298.755648004008,26433.92487263558,10028.94111943917,23296.64193448487,22640.10044955749,5514.220739908497,28031.004390675374,26015.758352132743,9997.085778033595,28345.61907699998,26488.986050172385,10024.666183481517,0.0,0.0,0.0,1.0,1.0,0.0,1982.6438522128685,1968.6079546910514,325.17393842133737,7930.575408851474,7874.431818764206,1300.6957536853495,1982.6438522128685,1968.6079546910514,325.17393842133737,6160477.093953981,3831298.841019992,11112282.685075967,16068.183477548464,15742.93435129283,2744.3950605508144,27840.451453703456,25879.03383917795,9997.730499141935,44.17777061462402,40.76957702636719,11.179138605232556,0,0.0,200
SIT-no-IRBS,drifting,high,58425.80967601006,59298.93775435531,27785.592118394918,59301.66536158665,60117.85225155619,28083.261742688766,59535.43529394176,60284.077843308376,28138.352925304025,59728.11418610526,60400.68030527093,28178.155528843938,59442.45931015866,60217.62004318506,28114.71300508523,59632.066882719446,60336.233698149066,28158.861458335206,59774.440653874495,60417.12717064639,28193.243112698106,0.0,0.0,0.0,1.0,1.0,0.0,588.3947206114411,404.73151905930416,454.06678144938047,2353.5788824457645,1618.9260762372166,1816.2671257975219,588.3947206114411,404.73151905930416,454.06678144938047,15840528.188653529,13340189.156422,12516084.196127765,55976.08044975178,56812.65016442104,26621.1626237909,57327.04188870857,57935.36674638008,27026.900494049412,59.604644775390625,55.07469177246094,11.434902802346546,0,0.0,200
SIT-no-IRBS,drifting,low,19425.055553206716,19364.748461975465,9291.915104801972,19773.68255911926,19650.3991388657,9385.546901602753,19914.946215864507,19765.689210213182,9414.260720125978,20060.58053033082,19845.50718834997,9445.630220245876,19860.958453256502,19720.1110264513,9403.569080321182,19986.722773114157,19810.056928585465,9430.252862059508,20105.968822842362,19876.79346766125,9455.72405610088,0.0,0.0,0.0,1.0,1.0,0.0,592.7163858694271,413.1301015251482,471.9588570034692,2370.8655434777083,1652.5204061005927,1887.8354280138767,592.7163858694271,413.1301015251482,471.9588570034692,540826.6307678033,428062.34938850754,421010.07609987486,16980.176095984865,16927.400615171442,8128.388511259837,17646.86481680557,17428.135412540752,8290.514372681942,47.141313552856445,43.03455352783203,11.995407273933676,0,0.0,200
SIT-no-IRBS,drifting,medium,38815.73560545486,38760.27513759709,18582.09655912212,39402.38914071142,39314.81620778481,18762.790457504307,39591.114675654804,39486.1174665217,18801.14212035442,39773.57013241933,39641.58580681562,18841.65508584535,39518.40799781969,39427.236973070576,18787.095933072538,39681.352412366,39568.44029762534,18820.50372799241,39820.330359924505,39671.354599653554,18854.719034526956,0.0,0.0,0.0,1.0,1.0,0.0,598.9956741302805,412.79380579804285,489.9004328867882,2395.982696521122,1651.1752231921714,1959.601731547153,598.9956741302805,412.79380579804285,489.9004328867882,4561013.995794536,3697810.971545116,3599824.603140362,36377.488057945826,36325.50327571473,17416.338108527256,37379.22974357907,37231.89525186622,17687.444279159216,40.71474075317383,37.90855407714844,9.877260744260775,0,0.0,200
SIT-no-IRBS,drifting,saturation,78092.67207257354,77048.68259599773,37194.535146203336,79317.2612085536,78159.36287108436,37637.49654064462,79571.00996905065,78350.93966155691,37691.12380369006,79769.97195057705,78514.96539607272,37739.514364882576,79471.16713870695,78273.86667085913,37670.752865196926,79671.30561983373,78435.52191461163,37713.76425723431,79815.49833197724,78557.90669549278,37747.000955524454,0.0,0.0,0.0,1.0,1.0,0.0,592.6934946380056,415.32186463326224,480.56232655132254,2370.7739785520225,1661.287458533049,1922.2493062052902,592.6934946380056,415.32186463326224,480.56232655132254,38302548.51812861,30488154.482510723,30220669.65710064,75632.75285845071,74621.56872371619,36023.12705168998,77360.89019231187,76140.38639945281,36579.35531942143,39.30330276489258,36.12041473388672,14.59461258566533,0,0.0,200
SIT-no-IRBS,heavy_tail_burst,high,16097.741726342474,15316.408164207349,4490.002625275557,31758.034758796144,28079.072372579714,13489.918032610682,185041.61488092973,104159.04381704895,295767.60547132854,189267.30466064851,106798.20475814882,296937.22928100516,82392.1817254187,57034.92790097963,78379.20432135997,187992.88357157802,104646.88655765727,297063.80270518374,189795.10796113423,108785.830773553,296765.47032586456,0.0007624999999999999,0.0,0.003143925106515243,0.9992375,1.0,0.0031439251065152516,1576.359317857459,1566.9741626259565,342.43919426042146,6305.437271429836,6267.896650503826,1369.7567770416858,1577.0320584994927,1566.9741626259565,341.1268838478434,1410508836.0391097,147922918.31931046,6447847123.101417,15421.303346639002,14673.898783815468,4298.897108274491,189171.04003401563,108347.4139757115,296810.68062260153,45.98498344421387,40.411949157714844,16.118351005868842,0,0.0,200
SIT-no-IRBS,heavy_tail_burst,low,5559.570943259425,4994.426349473,4031.4588590716558,7580.779969359129,7549.413615288417,2599.1383272267663,39619.5178612271,32265.414013889982,24207.349440688005,246800.82497275955,90802.81637224994,989698.8986749797,39367.398060342115,26827.639900939277,80089.65534184827,130628.51708318034,63733.7193343884,399007.3979324852,247154.49123243082,91641.92802596671,989648.5565572163,0.00024,0.0,0.0009523311784074035,0.99976,1.0,0.0009523311784074111,1597.2963570461816,1601.7856887923583,350.7271870426595,6389.185428184726,6407.142755169433,1402.908748170638,1597.4912358615832,1601.7856887923583,350.37645493627736,3635187509.1226573,45529107.330199,42514761308.42471,4851.115371856145,4356.754044594398,3527.561366803514,246645.95204575386,91186.97999144501,989657.340080072,43.68305206298828,40.0543212890625,9.739758851236678,0,0.0,200
SIT-no-IRBS,heavy_tail_burst,medium,10501.67828079245,9784.983045491732,3255.416838186962,19589.488281429407,18725.009021322374,6563.154588762877,62966.43824650261,49084.83317333329,60283.819319176284,175375.9499165353,96765.05364620511,317433.028538954,57763.54695728276,42572.25930378993,59093.538412596514,152047.19781878608,90725.31676435792,259244.46512067431,175574.3219840194,98185.19306157259,317753.26328065206,0.00043999999999999996,0.0,0.0019965799904565445,0.99956,1.0,0.001996579990456547,1615.9921222415019,1635.1611142875486,342.5443823296676,6463.9684889660075,6540.644457150194,1370.1775293186704,1616.3550775991025,1635.1611142875486,341.748739507333,1020456122.9335718,96669761.00367767,5517474414.328682,9839.72900509167,9168.51417769587,3051.641608507458,174958.29262457666,97697.59734854373,317429.0597430735,41.7017936706543,39.696693420410156,6.5230234974101124,0,0.0,200
SIT-no-IRBS,heavy_tail_burst,saturation,20652.11877495678,19961.303276588573,5570.630260377392,40182.665737711104,37102.28696875252,17168.07568065325,154572.19673148112,90936.20629173909,252891.65298610492,159115.9745984222,96083.41081696574,253488.74266055672,88330.33781623766,65490.959053450366,92798.36571068282,157992.93162573752,94428.43864849696,253446.77914534486,159349.42504723943,96190.93616885964,253485.78808121537,0.0008,0.0,0.003846293000961606,0.9992,1.0,0.0038462930009616077,1620.3702002522245,1603.102701249456,303.2174520787199,6481.480801008898,6412.410804997824,1212.8698083148795,1621.0934272391044,1603.102701249456,301.62341737414124,1375360239.5635924,161645174.42521703,8831312722.934479,20001.490907967178,19332.547787496296,5395.8880196051205,158777.19214459253,95618.52969622752,253444.01054512884,44.59977149963379,41.24641418457031,8.748346495007107,0,0.0,200
SIT-no-IRBS,iid_noise,high,11575.218363924409,11325.72785325465,2122.1604550019006,11983.055948769772,11713.451984037958,2187.421310691144,12133.759487425343,11819.208972802755,2214.0575338408194,12262.850461577944,11938.349248753384,2237.3708126828255,12075.067223266964,11785.100064031023,2203.208138025355,12198.906566289987,11867.89748656614,2225.5612003827346,12290.132794600053,11949.133889927709,2242.2428469702973,0.0,0.0,0.0,1.0,1.0,0.0,2143.409972294177,2119.070561466435,395.8132666474657,8573.639889176708,8476.28224586574,1583.2530665898628,2143.409972294177,2119.070561466435,395.8132666474657,568712.0428679645,522895.31942313176,216024.31709004854,11088.877273849563,10849.861174436877,2033.2232083366412,11806.175442776737,11477.595233464293,2155.8896143564616,43.653249740600586,39.577484130859375,10.30663352294454,0,0.0,200
SIT-no-IRBS,iid_noise,low,3734.2532185613763,3653.3403475660543,630.7094562881192,3944.0251470049234,3819.1028911215435,667.2389308402312,4042.4312744532713,3905.8946870037735,687.6688672748428,4145.352933757058,3992.800610749572,717.0246281543632,4004.262393472722,3881.3356697896606,679.5778024822137,4091.698173206026,3949.237242648872,699.9243376749612,4179.632676426612,4011.681362594036,732.0213050025604,0.0,0.0,0.0,1.0,1.0,0.0,2200.152460763803,2189.776922066296,350.3035255593839,8800.609843055212,8759.107688265183,1401.2141022375356,2200.152460763803,2189.776922066296,350.3035255593839,29926.73287596273,21993.66482314848,16742.852316466633,3254.1603816526554,3183.39882782149,551.7334085432545,3694.962334464417,3533.601382983179,661.7865444436027,42.18101501464844,39.81590270996094,6.801168654035977,0,0.0,200
SIT-no-IRBS,iid_noise,medium,7684.506541091313,7546.111074585469,1315.0791331624512,7993.560850358737,7857.194741188685,1353.4805537926923,8120.535952959851,7969.927730679634,1369.557215934808,8240.465901471065,8065.751287150229,1383.1453427283534,8071.2176781324915,7920.589177647869,1362.7298276002696,8180.405271025242,8017.451257227358,1375.8869400005015,8269.935095118657,8082.56353244195,1388.6485324912853,0.0,0.0,0.0,1.0,1.0,0.0,2142.885536061514,2120.335835263935,367.10435230906296,8571.542144246056,8481.34334105574,1468.4174092362518,2142.885536061514,2120.335835263935,367.10435230906296,177152.69598021556,163843.21639859956,65327.171620227586,7199.294265047236,7069.588149022172,1232.5846886412035,7785.970675191041,7598.647597651376,1308.3435765466802,49.05343055725098,41.24641418457031,19.075448051226022,0,0.0,200
SIT-no-IRBS,iid_noise,saturation,15266.744700161094,15005.168615266683,2495.3791840168374,15774.789422324504,15464.000031820931,2584.047968334222,15950.588105046721,15583.121090405892,2623.8189462399405,16098.623927753957,15681.893733407975,2660.1838515720096,15880.528216323788,15535.706029603793,2607.2178800343468,16027.938677329845,15649.564058274402,2642.2740831701376,16128.573972519376,15691.409467652713,2663.4656587795953,0.0,0.0,0.0,1.0,1.0,0.0,2151.8590751639754,2132.5985458763853,349.0952794395604,8607.436300655902,8530.394183505541,1396.3811177582415,2151.8590751639754,2132.5985458763853,349.0952794395604,1282399.343694114,1188824.5733908173,427381.6917407808,14785.459223559024,14532.059959198126,2416.7954816372744,15649.531327630819,15209.534511396312,2585.3883911446587,43.34568977355957,40.531158447265625,9.990582019501336,0,0.0,200
SIT-no-IRBS,partial_obs,high,22762.010712167266,22622.31515540246,7099.5695286650525,23399.44491598033,23174.049383016114,7154.921763897125,31315.184939986422,29314.169393364577,11841.679373436411,31747.63663546992,29880.979185684053,11894.298228350992,26144.712318591937,26456.568243385616,7560.367459490433,31569.94464056169,29784.860158368516,11842.616356708822,31800.08706926188,29905.466823166927,11881.867479126142,0.0,0.0,0.0,1.0,1.0,0.0,1183.9356622173677,1060.8994797467085,451.1531332023449,4735.742648869471,4243.597918986834,1804.6125328093797,1183.9356622173677,1060.8994797467085,451.1531332023449,4371540.274749184,3047193.4573074463,5145476.581384803,21806.852589339065,21673.08359646734,6802.074452650632,30853.263616711636,28857.86427624029,11733.775234963492,42.847394943237305,38.26618194580078,13.24902608265548,0,0.0,200
SIT-no-IRBS,partial_obs,low,7526.702331821319,7494.729234720211,2392.389863450339,7730.027300605701,7632.620676308899,2409.314515367164,9057.437823155567,8979.259594565621,2946.8075478339238,15258.363517260843,13773.246961207038,7686.031132852457,8764.888197873637,9028.672989027924,2618.1185796751524,12099.356945388088,11555.926553947193,4574.7172713488935,15322.582838621312,13868.166814766331,7690.796782534022,0.0,0.0,0.0,1.0,1.0,0.0,1200.6988843003644,1067.4169917781119,468.59261529604186,4802.795537201458,4269.6679671124475,1874.3704611841674,1200.6988843003644,1067.4169917781119,468.59261529604186,545331.1327346474,249114.42008839978,844744.055242582,6571.721779085044,6543.76277314957,2092.818978210687,14377.82877376258,12844.651584601961,7577.338107597196,44.51751708984375,41.72325134277344,7.532868357779428,0,0.0,200
SIT-no-IRBS,partial_obs,medium,15245.300698368039,15242.7593661781,4826.6136240546475,15582.114398421289,15598.743345570303,4841.252035882114,18072.874946690194,17855.201498405717,5463.609230460491,26606.300697646184,20914.94532909362,48324.0970530785,18035.43723613169,17301.613812417232,9229.662006611587,24818.814455959928,20395.143220815145,38833.83139030855,26647.036281691882,20937.539360498416,48326.58647185866,4e-05,0.0,0.000565685424949238,0.99996,1.0,0.0005656854249492382,1178.550881919287,1049.6852284598324,433.7774391491042,4714.203527677148,4198.74091383933,1735.109756596417,1178.5776045120358,1049.6852284598324,433.74566549653844,18788563.067068245,979082.5360216717,236838691.96229973,14285.782506116173,14283.371324872396,4523.822767777791,25703.16341184451,19944.82648056597,48286.39692369652,44.98124122619629,41.484832763671875,11.020525334953327,0,0.0,200
SIT-no-IRBS,partial_obs,saturation,30286.093866181694,29705.177004031764,9787.237661321225,31220.502950678972,30883.858483376163,9824.073075119148,41931.554472819065,37408.241913084,60106.3286799189,42502.03550764055,37762.361237761754,60105.3060691482,35438.50596559437,33908.967061673284,21824.278180807196,42255.274447601885,37664.71740195542,60104.44849034482,42541.660656421416,37786.06161349206,60103.970635930986,8e-05,0.0,0.001131370849898476,0.99992,1.0,0.0011313708498984787,1199.968012730892,1077.2630290480524,487.8542391649295,4799.872050923568,4309.05211619221,1951.416956659718,1200.0203496175961,1077.2630290480524,487.7948255473645,60321198.118429385,6412080.538884323,744289163.0664552,29331.80244987796,28769.2341680873,9479.076536704108,41605.47765591326,36952.35172791188,60044.07363572079,42.86527633666992,41.24641418457031,5.667451880374918,0,0.0,200
SIT-no-IRBS,structured,high,11916.633171857775,11791.28579537737,1779.5673575426028,12327.940702842538,12156.945420610364,1825.4776013414323,12482.781728930378,12312.638835697511,1843.1586177330264,12621.79844660751,12451.368546263195,1864.6639077229743,12422.617448717578,12240.57607128108,1836.4770849133224,12554.246776114362,12373.020041045296,1855.2334285055138,12652.732673320203,12487.617869021331,1871.757620377495,0.0,0.0,0.0,1.0,1.0,0.0,2060.059382954422,2035.4044775034126,317.7848459318099,8240.237531817687,8141.6179100136505,1271.1393837272396,2060.059382954422,2035.4044775034126,317.7848459318099,592384.1497370963,555705.396569354,179530.46489163284,11415.99598708251,11295.963781754115,1704.9893403865335,12152.724870360398,11998.134179142246,1795.1649121723037,42.22393035888672,39.577484130859375,9.461294940808765,0,0.0,200
SIT-no-IRBS,structured,low,3957.393573977552,3942.9688420213374,615.5700381273881,4168.327446954731,4141.411440758884,636.579866020776,4270.159818788838,4239.585344499662,654.6629087047413,4386.224073431842,4341.6582648358935,675.52326045993,4231.292713175029,4201.075502813504,646.3095187245069,4324.641445941469,4277.152400254276,662.6519706484859,4417.675792293889,4362.2602560938885,681.4188120761615,0.0,0.0,0.0,1.0,1.0,0.0,2071.3480959059325,2028.9280403116138,330.53899214648476,8285.39238362373,8115.712161246455,1322.155968585939,2071.3480959059325,2028.9280403116138,330.53899214648476,32124.320079630506,26056.76182095339,16286.304430538992,3449.3566888750856,3436.7572137961765,538.4894536759004,3901.755945310365,3843.942773893403,607.6915966862879,44.42453384399414,41.72325134277344,7.046260706290738,0,0.0,200
SIT-no-IRBS,structured,medium,7905.257241544132,7855.976063592934,1281.6365813890316,8218.5894330101,8133.299310096216,1317.3372683792593,8347.200748433836,8254.405145193472,1333.852706997229,8469.242906333126,8386.468214383855,1354.1423253926835,8297.228520247887,8207.70877696778,1326.943418102886,8408.085809114205,8314.621829201446,1342.9972039601919,8498.233793448997,8402.158959049832,1360.2410543945145,0.0,0.0,0.0,1.0,1.0,0.0,2078.7146736514724,2036.6661563133175,347.1208196457436,8314.85869460589,8146.66462525327,1388.4832785829744,2078.7146736514724,2036.6661563133175,347.1208196457436,186475.475674918,171907.79532163832,64382.47984416576,7406.197230213676,7360.024561558674,1201.2290490734722,8000.834689958104,7915.405819379404,1281.6443419584964,43.74861717224121,40.76957702636719,8.196152912297956,0,0.0,200
SIT-no-IRBS,structured,saturation,15885.846577233975,15730.56365849163,2307.836768269771,16400.416119112564,16197.00075327676,2391.822198865672,16571.945921019145,16299.308504650573,2427.314526643313,16701.86377902295,16408.56839070154,2455.9637278780847,16503.338204812815,16256.498848457079,2412.95950847709,16638.09980222902,16352.7894767527,2440.472376758509,16732.481073859693,16414.648439040073,2463.7045803859705,0.0,0.0,0.0,1.0,1.0,0.0,2057.8236507447114,2034.2591873543251,306.7863831574066,8231.294602978845,8137.036749417301,1227.1455326296264,2057.8236507447114,2034.2591873543251,306.7863831574066,1376987.8955681687,1320733.6207657554,407320.57253310067,15385.078855828438,15234.61150613342,2235.1659443363974,16231.437433040002,15923.033752872485,2392.5846343469916,40.90309143066406,38.86222839355469,5.489361577511283,0,0.0,200
SIT-no-admission,adversarial,high,11939.962442198072,11742.571387675034,1265.0769056595338,13800.583765484133,13630.215874431073,1724.3104168410696,24729.509681019517,20972.10413994935,12497.321142780473,25433.983303520166,21966.036042297776,12581.32089478002,18274.069605990095,17134.883781079126,4641.808112470058,25155.834949775603,21633.45182970434,12525.497221142736,25493.295369026062,22170.720123142644,12570.526848817746,0.0,0.0,0.0,1.0,1.0,0.0,2031.418545239313,2043.8453593433578,203.79691760509087,10157.092726196566,10219.22679671679,1018.9845880254545,2031.418545239313,2043.8453593433578,203.79691760509087,5590452.95909817,2529178.947450446,12136422.437415654,11438.29317552094,11249.198956738579,1212.013988664842,24998.801551709978,21540.269547801887,12574.327759175685,14.40882682800293,14.066696166992188,2.5582150461525477,0,0.0,200
SIT-no-admission,adversarial,low,3900.5787743068713,3846.999693165091,430.60644364898036,4082.097099042895,4031.6509437742716,420.98413108715664,7567.607669397514,7142.377452978584,2246.730504905154,17185.633673441742,12917.592333037273,13122.603352374665,6440.520653021937,6041.436425998971,1671.6558456676075,12344.434743216201,10780.61903143998,6562.605251356973,17261.428830411183,13034.566729157508,13120.99393005143,0.0,0.0,0.0,1.0,1.0,0.0,2074.578790540849,2079.5442692061497,216.32237870261096,10372.893952704244,10397.721346030748,1081.6118935130548,2074.578790540849,2079.5442692061497,216.32237870261096,1574676.629237681,569018.5508817518,4211214.701517511,3399.6574052078277,3352.796572911926,376.70629973952117,16781.95701857806,12566.594308307045,13116.372157300135,14.591217041015625,13.589859008789062,6.462611310556095,0,0.0,200
SIT-no-admission,adversarial,medium,7929.378870754143,7834.332812618361,851.8191164402206,8759.602515909985,8504.53909766248,1092.8649239358242,13665.95729045182,13062.991235382899,3520.0295045966973,21485.682206448866,16981.69147260153,16076.159508405326,12427.015306700301,11622.851910793725,3294.385044511791,19779.949774314948,15953.657802927137,13076.41199928487,21584.79344598099,17144.27423390645,16070.790253574536,0.0,0.0,0.0,1.0,1.0,0.0,2039.7844118594467,2042.2943401686073,206.89553824714955,10198.922059297234,10211.471700843036,1034.4776912357477,2039.7844118594467,2042.2943401686073,206.89553824714955,4038172.052311406,1212745.045476455,11741718.238344638,7428.855285519338,7339.81837183872,798.3790754687614,21097.159969657998,16628.789583409187,16066.729793545006,14.187097549438477,13.589859008789062,3.2921914628904387,0,0.0,200
SIT-no-admission,adversarial,saturation,15896.642131647985,15659.729069524754,1715.2202561120619,18589.35393616311,17979.061976871082,2686.449708752384,28711.29762399027,24642.388079648452,13451.008039259263,29315.09108419998,25327.35781692996,13660.591719481987,23167.225290170893,21508.927705028516,6190.060598684246,29035.804184532728,25015.685075289344,13525.274263526504,29405.335380867768,25336.336960501998,13724.39011179412,0.0,0.0,0.0,1.0,1.0,0.0,2035.0856325485986,2043.4581347578328,207.00831008805616,10175.428162742994,10217.290673789164,1035.0415504402808,2035.0856325485986,2043.4581347578328,207.00831008805616,8193302.262681285,3591042.6129478943,18609430.522043735,15395.478780751459,15166.135938870462,1661.1388988329115,28917.02770016555,24863.02906428295,13720.297539767747,13.879537582397461,13.589859008789062,2.1601462865414898,0,0.0,200
SIT-no-admission,drifting,high,56008.979634100804,55656.2056313298,27764.123887028836,56853.64230537415,56413.25560843294,28053.86677026401,57071.28250554344,56606.88579731056,28097.249539912562,57268.72257707315,56783.229228153985,28135.24528665358,56986.87493389027,56536.623213344734,28080.24904405817,57169.70369226993,56690.994060087105,28114.056291646877,57312.41034369356,56818.27958621712,28143.113268817568,0.0,0.0,0.0,1.0,1.0,0.0,648.8646807726807,431.3783728565233,563.2929732704195,3244.323403863403,2156.8918642826166,2816.4648663520975,648.8646807726807,431.3783728565233,563.2929732704195,14791995.639704319,11697436.995690878,12038492.825019242,53660.52900633854,53322.525469268585,26600.58707543631,54968.50832165085,54504.37727423501,26981.088238429355,14.134645462036133,13.113021850585938,4.169483168537036,0,0.0,200
SIT-no-admission,drifting,low,18655.040890447308,18538.048357721735,9291.465697409396,18997.267881160482,18822.690843898265,9383.670754756526,19135.24651006364,18936.080489840177,9410.80004755006,19283.55443555834,19052.89696900099,9440.643980024706,19082.684580074103,18891.62604592418,9400.648782028391,19206.157371403056,18995.514116255763,9425.710769491398,19329.47392456233,19071.49011035038,9452.399513878865,0.0,0.0,0.0,1.0,1.0,0.0,654.5742294107356,431.7006380445421,577.4970349094667,3272.8711470536778,2158.50319022271,2887.4851745473347,654.5742294107356,431.7006380445421,577.4970349094667,507697.3565338467,393873.5870152158,404768.60268751957,16306.58024974967,16204.176494721363,8128.00173839206,16967.036390158144,16748.28287073644,8279.562132111569,15.621185302734375,14.781951904296875,3.413170947419712,0,0.0,200
SIT-no-admission,drifting,medium,37381.808255759046,37139.75133996997,18546.309563915904,37958.127763684395,37643.64179831711,18723.064194005066,38141.090279592696,37784.2220511905,18761.81963133596,38320.43729930508,37911.04226358878,18796.950000723475,38070.548360595836,37732.318712720604,18746.47976475161,38227.7869069084,37847.415499184455,18779.481361472874,38367.445215121035,37968.34394571826,18812.62235540376,0.0,0.0,0.0,1.0,1.0,0.0,649.0963590858227,430.97233683448064,565.243494452709,3245.4817954291134,2154.8616841724033,2826.217472263546,649.0963590858227,430.97233683448064,565.243494452709,4287442.92015957,3371513.2727552904,3476385.1336497488,35033.52370710075,34806.64119971007,17382.79416186612,36017.76709435433,35621.685129673395,17647.4782562815,16.069412231445312,15.2587890625,4.592172847508794,0,0.0,200
SIT-no-admission,drifting,saturation,74553.6838032002,74083.75166237328,36951.17338523587,75751.62259091914,75165.50596623792,37397.41039276615,76004.1117880156,75400.52573664665,37457.91193997644,76203.85748410386,75682.67971676725,37513.90421595957,75903.9856380561,75309.11677947216,37434.78234822936,76104.29146741379,75546.85596730183,37484.65225249547,76248.82397207564,75696.40606122589,37522.42780994981,0.0,0.0,0.0,1.0,1.0,0.0,649.6598931728731,432.09600761544823,563.3570848559118,3248.299465864366,2160.4800380772413,2816.7854242795593,649.6598931728731,432.09600761544823,563.3570848559118,35486420.69924,28180495.158733495,28916776.079379395,72205.22573501157,71750.23323741033,35787.42584071086,73907.03331268278,73391.81380024785,36361.14605907681,13.453960418701172,12.636184692382812,3.072785673544387,0,0.0,200
SIT-no-admission,heavy_tail_burst,high,14921.392869071942,14180.175616329201,3582.746388885195,29867.13670261416,28435.57831193608,9886.090756664687,151885.29061116374,93411.8056331948,234613.78901861765,157588.32512016632,94380.49685805294,239929.08367353107,74060.92885113295,56235.38343714182,67533.76700575162,154901.40269256698,93569.26127738511,237189.95998677725,157902.3942727359,94420.52958784832,239897.58400367544,0.00048,0.0,0.0023574110661217667,0.99952,1.0,0.002357411066121759,1664.998243330851,1692.5037213877513,265.29938715649234,8324.991216654254,8462.518606938756,1326.4969357824618,1665.4576686565354,1692.5037213877513,264.14838078704736,958946937.9252882,142037380.69602218,5682353287.51687,14294.941872513828,13585.1142070919,3433.541882696436,157274.25692191778,93980.96114721423,239921.57210252338,13.463497161865234,13.113021850585938,2.8585168590989913,0,0.0,200
SIT-no-admission,heavy_tail_burst,low,4833.300824722667,4680.7181301280925,957.2316885274846,7315.074327688755,6985.897786330392,2285.3600826658876,36847.08832940399,30886.65968766884,24279.728100185814,134861.1661315737,88027.9185322609,146923.27965480337,29326.229800074783,24595.997029652786,18159.150011970174,84623.39329154382,61489.77804678198,75435.77893117687,135323.30465514137,89177.69135680396,146850.56780302338,0.00014000000000000001,0.0,0.0007369637561572805,0.9998600000000001,1.0,0.0007369637561572787,1705.4600920595353,1709.1396362787625,271.2453177901282,8527.300460297678,8545.698181393813,1356.2265889506414,1705.6068663015621,1709.1396362787625,270.90940672830874,164642048.78831342,42030975.16981983,484557796.3529179,4215.530534017275,4071.4588421580784,837.5454506117587,134866.15490595592,88716.20252090476,146822.3358291952,15.211105346679688,14.543533325195312,2.9105150123070906,0,0.0,200
SIT-no-admission,heavy_tail_burst,medium,10088.55012960187,9384.859128469443,3146.825722466468,18991.99905767488,18074.870205799947,6432.157623740841,61910.39808361722,52441.083652154586,42041.770077909234,180295.85630953955,103523.41444390288,336695.362950023,57991.255085487326,43814.52664324343,59671.334458800324,155176.84607997147,93595.26131359264,271711.1612804344,180557.92576147572,104357.32756195811,336647.88113783696,0.00042,0.0,0.001754706521009816,0.99958,1.0,0.0017547065210097965,1667.414020584312,1704.877310417935,303.9576592014408,8337.07010292156,8524.386552089674,1519.7882960072043,1667.7948290061715,1704.877310417935,303.0869535333263,1109434514.933674,107432592.00317365,6646062148.898672,9451.929033083543,8793.530778559074,2949.3258779802063,179932.15495948202,103100.61632934274,336699.59550809086,14.601945877075195,13.828277587890625,3.4207395607958073,0,0.0,200
SIT-no-admission,heavy_tail_burst,saturation,20056.126088512105,18944.062959856295,5146.6192647795515,39504.52738901874,36320.64491635959,14430.091938960546,165649.88104624304,86002.5687529966,234199.45117464042,170665.33225994988,91966.0539424232,234195.10724156845,95260.76464054435,64639.80112303795,92591.30950330778,168981.88046414635,89989.03581205785,234092.33428495892,171103.12360691585,92051.58356051255,234321.31485648677,0.0010425,0.0,0.003953809148646352,0.9989575,1.0,0.003953809148646355,1666.038819923479,1689.1843330221227,305.54163015562824,8330.194099617394,8445.921665110614,1527.7081507781422,1667.0655614424809,1689.1843330221227,303.32356235040584,1333722895.6613364,164167978.2140283,6278758351.882719,19423.97129634234,18347.80168479024,4985.10060663105,170406.14300074548,91539.07977389757,234190.72797081634,15.156269073486328,14.662742614746094,2.743650279246666,0,0.0,200
SIT-no-admission,iid_noise,high,10670.738618800078,11067.67226570051,811.0499781141617,11070.94605404002,11400.770831347612,859.9552430732879,11220.871683441997,11471.26176968069,890.6489545939213,11350.990177973188,11529.826284483563,925.0930465979554,11161.951345091193,11444.328186323146,877.106791763846,11285.492458451,11502.011043112914,905.8683605697962,11380.932771531001,11541.70191405424,933.751207033353,0.0,0.0,0.0,1.0,1.0,0.0,2263.191371536219,2168.4777791756487,186.13648059708078,11315.956857681094,10842.388895878245,930.6824029854041,2263.191371536219,2168.4777791756487,186.13648059708078,476488.5777502674,479217.1979379447,86474.23330910914,10222.309432736773,10602.59626266737,777.0631245141199,10933.687790293272,11073.793320009194,903.0632651666403,15.255212783813477,14.30511474609375,3.3995457320943516,0,0.0,200
SIT-no-admission,iid_noise,low,3480.3536091843234,3610.7805736656046,269.830548287659,3687.4206227308996,3762.5170882380044,301.2121994267897,3785.243390925969,3812.5570148022825,325.8587378908178,3889.043358153453,3881.2003291629308,359.52867209927786,3747.3855457571944,3793.3019590463764,315.2970205961539,3835.4943754085334,3839.4160077540737,340.82894108860296,3920.281809115529,3901.472130565905,372.2207993378389,0.0,0.0,0.0,1.0,1.0,0.0,2313.5847001229336,2215.587415768326,194.42040773556022,11567.92350061467,11077.93707884163,972.102038677801,2313.5847001229336,2215.587415768326,194.42040773556022,27321.847022325433,19918.84247512032,14341.158740831224,3032.0532129175726,3146.1801533150137,236.04157708617257,3466.6657069745984,3430.461766143995,343.437437390882,13.604164123535156,12.874603271484375,2.906649555278897,0,0.0,200
SIT-no-admission,iid_noise,medium,7096.177947512829,7359.359003050489,542.2540890224498,7402.19210209982,7602.215394565562,582.777536177828,7531.642594902168,7666.11414304252,609.5944705416887,7658.629978068821,7728.106393780475,644.4320797738807,7482.1443899856795,7645.469672671105,598.8157240142252,7594.241669655269,7699.560436765789,625.683679010675,7691.679476854347,7746.460571140106,654.7287304780845,0.0,0.0,0.0,1.0,1.0,0.0,2268.9807309854677,2174.102477781571,187.7303029740123,11344.903654927339,10870.512388907853,938.6515148700618,2268.9807309854677,2174.102477781571,187.7303029740123,152825.96773875062,142456.97535072677,38843.03836048521,6647.882100670321,6894.575466173745,508.23454851419837,7243.874830814851,7283.827122808478,625.3271452987988,14.302730560302734,12.874603271484375,3.8940675126205266,0,0.0,200
SIT-no-admission,iid_noise,saturation,14222.334323725745,14753.493874930635,1078.039543887726,14726.385457675882,15192.977156093062,1133.7266988343454,14895.995965078666,15268.763160516024,1163.6591569530426,15033.472553280997,15341.191995517336,1192.1750459662883,14828.284968083788,15241.899905256363,1150.1064859997816,14966.30624069064,15303.649913637071,1178.6939619093987,15064.366503434507,15373.95713370261,1197.2158834985214,0.0,0.0,0.0,1.0,1.0,0.0,2263.967897528184,2168.977763296548,185.78805927325115,11319.839487640918,10844.888816482737,928.9402963662559,2263.967897528184,2168.977763296548,185.78805927325115,1095561.2065893332,1136161.7655561548,171428.76761366837,13773.946601441032,14288.43711099448,1044.0785929093408,14616.70057865743,14886.197317153237,1164.1242810065567,21.04043960571289,16.570091247558594,19.67387262620015,0,0.0,200
SIT-no-admission,partial_obs,high,22038.25063269599,21584.94677766611,7078.064791714376,22713.876127305357,22175.242023131104,7134.418455540232,28695.585864952627,28093.913575658713,9428.604865313278,29087.418519154668,28496.63583822808,9461.676008763372,24963.43557332465,24612.762891873434,7432.413555400927,28928.880493326993,28421.92132985463,9459.612337410115,29134.43136846625,28608.149037400144,9455.669960681398,0.0,0.0,0.0,1.0,1.0,0.0,1231.5392677321972,1111.8940420055155,477.159304210458,6157.696338660987,5559.470210027577,2385.79652105229,1231.5392677321972,1111.8940420055155,477.159304210458,3376824.0447539776,2806533.4765364276,3457327.5112886336,21113.437369133066,20679.064736186447,6781.458159810052,28218.637133490043,27648.41606890119,9263.624177127735,15.537738800048828,14.662742614746094,3.7016074339823635,0,0.0,200
SIT-no-admission,partial_obs,low,7292.290685009892,7115.992625977964,2372.025507475692,7490.026187070316,7275.81021999933,2390.26438092753,8508.55019005934,8361.042619371303,2749.2111335837017,16391.803395628973,12660.126621577581,19553.21426512147,8560.796863489766,8308.502534165258,2918.41271289069,12179.701753219997,11096.391976450857,8521.328682038184,16449.424378652413,12718.685625812523,19554.749088456756,0.0,0.0,0.0,1.0,1.0,0.0,1244.4394027617964,1124.2307012081249,487.4140045337131,6222.197013808981,5621.153506040624,2437.0700226685653,1244.4394027617964,1124.2307012081249,487.4140045337131,1741083.8799855176,202679.9736787244,11901390.06753976,6366.668625931271,6212.4624114866265,2075.0067362024015,15534.701884252308,11671.629610300617,19529.721188931104,13.670921325683594,13.3514404296875,2.3979765799048516,0,0.0,200
SIT-no-admission,partial_obs,medium,14694.211383361662,14404.173052304392,4729.6686538071135,15038.119684122854,14648.016739730318,4748.324906715622,17554.580676081187,17300.222788894847,5139.3131260843775,22349.959015103585,20528.529105076763,12919.580016052152,16874.533491336293,16541.548269384213,5239.198608569742,21285.42212492161,19984.49777739786,10870.919993393834,22405.263427717597,20600.813219138086,12923.064120443001,0.0,0.0,0.0,1.0,1.0,0.0,1231.7449358261051,1110.7895816735913,477.2880410350122,6158.724679130525,5553.947908367956,2386.4402051750617,1231.7449358261051,1110.7895816735913,477.2880410350122,2217278.080282172,962966.6411920595,8838998.582346445,13769.242327200931,13497.390339052929,4432.9516040753115,21492.183980341302,19650.06210068232,12803.157361222979,19.55270767211914,18.596649169921875,4.21802071417455,0,0.0,200
SIT-no-admission,partial_obs,saturation,29365.324401797614,28870.577019891454,9438.595693001243,30460.648494760455,29837.435979584276,9602.706794319995,37227.92070487382,35530.753825611435,13568.282677405294,37611.88593511166,35836.77990819691,13582.433798902195,33391.84379886111,32707.341140279364,10363.286524927902,37449.27902595588,35718.82473765839,13567.746486074026,37651.104350038,35872.499020900854,13582.470586199932,0.0,0.0,0.0,1.0,1.0,0.0,1232.6118921766977,1108.396557562054,477.790351369661,6163.059460883489,5541.98278781027,2388.9517568483047,1232.6118921766977,1108.396557562054,477.790351369661,7328443.795400501,5453730.653624515,7274436.317015985,28440.064236952494,27960.920767699285,9141.334457394587,36741.241130212096,35048.665306432114,13356.48439286074,14.617443084716797,13.828277587890625,3.554558571437354,0,0.0,200
SIT-no-admission,structured,high,11193.773903635465,11348.299231148094,1115.5482310834138,11602.032443874607,11681.162797254256,1176.4505247519608,11760.898919419735,11793.700165364882,1224.0490116641201,11896.269313428038,11919.62696940345,1266.6200199399843,11697.721380991992,11747.375468572445,1202.7955795662083,11829.101281717012,11859.919985989942,1243.177166083387,11926.521773460576,11964.673025243208,1273.978701263472,0.0,0.0,0.0,1.0,1.0,0.0,2167.577732434581,2114.8543967928244,238.17921763111215,10837.888662172905,10574.271983964121,1190.8960881555604,2167.577732434581,2114.8543967928244,238.17921763111215,523213.0323090718,514286.7415854959,118618.2031407989,10723.421549686167,10871.449101509439,1068.7951476963417,11456.795700636147,11499.618571350118,1232.5594061796303,13.95106315612793,13.232231140136719,3.4351121310219446,0,0.0,200
SIT-no-admission,structured,low,3657.0680919037945,3709.14055299394,373.7189518569596,3865.539024477026,3877.2575729104356,410.1431093128122,3962.07409675637,3950.1038387135222,433.4955777924881,4068.7755380626804,4051.313928296869,466.69687327950913,3925.5948491931313,3922.6273952948573,424.2081247511997,4014.1985948373035,4000.9821776975605,448.1986062662692,4101.82490201787,4068.618962603444,480.2912040537844,0.0,0.0,0.0,1.0,1.0,0.0,2212.836109911191,2156.8344770772064,249.7354381194427,11064.180549555957,10784.172385386033,1248.6771905972134,2212.836109911191,2156.8344770772064,249.7354381194427,28933.76380335596,22002.614939347834,15329.310796768685,3186.638490751392,3232.1552713099622,326.92269295892055,3627.3695530311843,3589.1988179778273,439.30784631497943,14.029741287231445,13.113021850585938,3.236635938723869,0,0.0,200
SIT-no-admission,structured,medium,7450.147482181539,7551.522008210297,743.4982745429544,7759.478489975305,7793.187480733648,793.0924883398768,7888.149236640713,7909.393696401336,820.1924883708766,8019.741670584808,8036.1636957448645,859.9643202891649,7839.264033345736,7870.0580373720395,810.1119614534632,7953.372634622442,7976.913475798108,839.1612307031074,8051.598897699922,8079.2451789321185,868.1131977552461,0.0,0.0,0.0,1.0,1.0,0.0,2171.232847556017,2118.7781728875107,238.817487022644,10856.164237780087,10593.890864437553,1194.0874351132202,2171.232847556017,2118.7781728875107,238.817487022644,166268.67049160285,156595.83340034634,47082.97794143118,6979.644859346632,7074.67807437269,696.859950053337,7580.152914020641,7606.550765364838,825.2395155083841,16.094446182250977,13.709068298339844,5.777784691014166,0,0.0,200
SIT-no-admission,structured,saturation,14920.289053403316,15120.511989463244,1481.2122083297652,15426.127429855,15539.976771695929,1553.1443921422374,15601.404811716722,15709.699657468673,1589.3819710571015,15743.116712639516,15821.927598772996,1621.164455052135,15531.31028515236,15653.543405619253,1573.6707037864087,15672.565183935805,15769.181534161202,1603.122845682386,15772.621066876673,15855.241123142594,1629.88210499392,0.0,0.0,0.0,1.0,1.0,0.0,2168.07585246118,2116.3304588458286,237.22878398044844,10840.379262305902,10581.652294229143,1186.1439199022432,2168.07585246118,2116.3304588458286,237.22878398044844,1210549.1214536435,1206885.2314965422,247741.23628489894,14449.916609541215,14643.807101439388,1434.5659638364427,15303.387760795793,15386.27361011945,1584.5440468465986,13.71145248413086,12.874603271484375,3.195414202930786,0,0.0,200
SIT-no-safety,adversarial,high,14855.18905586408,14351.76594665991,1549.7696268751336,16811.839186927147,16215.191740346861,2075.6178778547537,26645.187746001102,23679.593509138427,10535.540082880778,27211.507530273848,24463.083719390313,10767.803011415639,20824.144420512897,19943.913247082502,4109.3026994139245,26954.154439201284,24036.541204295623,10593.879956466655,27372.915953813797,24488.932247528508,10815.453823968828,0.0,0.0,0.0,1.0,1.0,0.0,1631.536816384072,1672.2680743798232,154.03185765646322,9789.220898304433,10033.60844627894,924.1911459387794,1631.536816384072,1672.2680743798232,154.03185765646322,4927135.429508016,2524999.3289980483,7944557.78044677,14231.344911580143,13749.115557515748,1484.7185536199518,26756.51399787268,23883.183603587677,10820.598684331542,15.958547592163086,15.2587890625,3.8717839191136694,0,0.0,200
SIT-no-safety,adversarial,low,4886.992543439217,4695.532725280056,528.5387898894696,5057.0776877214585,4957.821394143746,483.1584870925534,8743.652833900973,8277.04382651579,2209.829062325862,17980.996142153843,15428.630474178084,10558.459233085805,7532.532311847138,7239.833636734516,1619.194357426594,13602.5809298556,12026.926454597957,6227.588729275254,18059.077456604162,15474.465324406492,10535.949752669021,0.0,0.0,0.0,1.0,1.0,0.0,1654.170425121273,1703.7479369573484,160.0739486259263,9925.022550727637,10222.48762174409,960.4436917555579,1654.170425121273,1703.7479369573484,160.0739486259263,1428821.6109247943,700547.5504923813,2771609.543040922,4262.463782710723,4095.0971445366586,462.37811450309334,17448.05667494569,14904.9613595283,10544.621596048311,13.94033432006836,13.828277587890625,2.1873517570480066,0,0.0,200
SIT-no-safety,adversarial,medium,9887.295829637089,9546.580785550887,1033.9856149807913,10795.07458338445,10425.23029432607,1261.5174794882016,16013.457189551646,15011.507967970956,4061.20639765583,22496.343235976794,19127.018527851058,10145.76412938845,14367.451559909627,13783.794877001204,2868.577053181886,21009.79134233595,18083.440635157138,8558.656852066757,22554.845293405586,19229.811596264695,10140.1958851993,0.0,0.0,0.0,1.0,1.0,0.0,1634.2234026062588,1675.992730755565,154.0966055359552,9805.34041563755,10055.95638453339,924.5796332157312,1634.2234026062588,1675.992730755565,154.0966055359552,2891765.062293145,1490245.0216081946,4253141.084417442,9263.867099553176,8944.646189487104,969.1470299100883,21946.626461904427,18510.639129883435,10143.085891261999,15.578269958496094,14.543533325195312,4.193056268380578,0,0.0,200
SIT-no-safety,adversarial,saturation,19776.534533704886,19086.797099381925,2092.33920322027,22339.462112433663,21623.107905351222,2818.8524087602927,32402.790839569523,28612.522074620014,12377.75689275922,33076.504504919976,29037.593290919674,12649.679538268623,27050.825580427543,25881.671565338875,5822.52896476585,32776.89654669828,28847.05646829543,12512.225302251029,33122.133053319245,29098.743420905095,12652.100922429398,0.0,0.0,0.0,1.0,1.0,0.0,1634.4514837555344,1676.551975582362,156.04452875316807,9806.708902533206,10059.311853494171,936.2671725190083,1634.4514837555344,1676.551975582362,156.04452875316807,8397971.051697439,4496047.678635513,12592223.189186642,19153.22565804924,18485.37067741543,2026.3812834406804,32520.08236831059,28423.867043314676,12645.41128625297,20.513534545898438,19.550323486328125,4.485171787546733,0,0.0,200
SIT-no-safety,drifting,high,58520.35556887786,58349.192274992034,27815.758695740573,59398.59642497938,59111.558757019906,28107.955613497983,59619.71194860781,59263.04996047538,28151.5173646977,59813.236469270894,59416.209848960294,28187.02298190385,59533.347882881804,59202.510139566526,28133.97619356562,59716.97027660832,59350.645825243264,28167.409619230537,59863.25203352474,59437.952042537196,28198.873015451732,0.0,0.0,0.0,1.0,1.0,0.0,585.4174386316441,411.3862672857776,449.6566956556675,3512.504631789865,2468.317603714666,2697.940173934004,585.4174386316441,411.3862672857776,449.6566956556675,15905278.957612846,12796990.00596506,12588221.4072421,56066.65150400631,55902.60726729775,26650.065348598968,57411.56034858158,57017.48358683032,27033.107704316306,16.613006591796875,15.497207641601562,4.257370207437824,0,0.0,200
SIT-no-safety,drifting,low,19497.803796772267,19434.972555592434,9309.388353074928,19847.04255581817,19727.888802016307,9402.929174841927,19985.598303612504,19825.615872365663,9431.921680534524,20126.52429486618,19957.007103088075,9464.549414957815,19932.201386100234,19792.301324638316,9421.418198038311,20054.336905921016,19896.687701532283,9447.48909604982,20172.010520755328,19975.584294547298,9473.377114567693,0.0,0.0,0.0,1.0,1.0,0.0,589.0097777995467,411.6989152716269,458.13454855174484,3534.0586667972802,2470.1934916297614,2748.807291310469,589.0097777995467,411.6989152716269,458.13454855174484,543842.3987957331,435723.9063948832,422709.20385960524,17043.810107781304,16988.84489024751,8143.67880095417,17699.658519333014,17511.588804641273,8302.611872163461,16.213655471801758,14.543533325195312,5.317171757555154,0,0.0,200
SIT-no-safety,drifting,medium,39065.660444004825,38942.30016158018,18583.365785879254,39655.394998447526,39478.925623137664,18760.02949414087,39845.646201143114,39612.955157027114,18795.802384970906,40018.26804455301,39781.235825227064,18830.241256129546,39771.61599823236,39566.82861871905,18782.794321415913,39931.629636425816,39695.333309505106,18814.475121248794,40068.26143827506,39807.45034911148,18846.462372267604,0.0,0.0,0.0,1.0,1.0,0.0,585.1545716555779,410.92540267822574,450.29561438438054,3510.9274299334675,2465.552416069354,2701.7736863062837,585.1545716555779,410.92540267822574,450.29561438438054,4613708.845070985,3713111.36912023,3642324.0792433773,36611.742009450776,36496.1656837469,17417.532191869464,37612.36995094825,37349.92330770986,17680.42051611504,12.40849494934082,11.682510375976562,2.4435074087461115,0,0.0,200
SIT-no-safety,drifting,saturation,77900.15371238452,77665.36145201781,37018.858106532694,79123.84986650503,78793.58215646748,37466.86572669702,79385.95549131912,78992.57372868824,37537.8433604533,79598.90486780973,79105.01802061687,37599.34721033981,79281.73662506885,78909.44561798434,37509.61496061129,79493.71853303912,79048.83546679153,37568.86906088026,79645.77584257249,79127.54803751176,37614.80910120739,0.0,0.0,0.0,1.0,1.0,0.0,586.0316992762997,412.0865098950177,449.3857080083067,3516.1901956577985,2472.519059370106,2696.314248049838,586.0316992762997,412.0865098950177,449.3857080083067,38046528.74939817,30852436.217646085,30128778.275398433,75446.29613052547,75218.9958096126,35852.98365204005,77193.17266152576,76701.86147503134,36446.203081852495,12.105703353881836,11.682510375976562,1.6329309125056422,0,0.0,200
SIT-no-safety,heavy_tail_burst,high,18018.768264379156,16942.273697525205,7169.86569407485,32933.15043171715,30636.137836797636,11040.628707753616,203075.30965641234,86200.69490157437,513065.99727267,208603.45628762004,88686.85540827422,513021.3879965628,87745.54634551822,57435.6792065678,139876.8409139369,206673.37436432886,88242.42023863438,512967.4120658378,208987.54893535774,89363.48830081656,512954.5964020646,0.00078,0.0,0.0034190715481335412,0.99922,1.0,0.0034190715481335434,1411.595250551173,1416.5760561939646,245.6703839307101,8469.571503307037,8499.456337163789,1474.0223035842605,1412.1419060395053,1416.5760561939646,244.36292017570716,3505005374.978018,118238326.57866043,24982840968.177853,17262.71701445362,16231.870259439282,6871.004814102415,208322.11199339025,88829.51143516702,512991.1232385075,15.46025276184082,14.30511474609375,4.134515000007959,0,0.0,200
SIT-no-safety,heavy_tail_burst,low,5913.343215368957,5569.524930692656,2088.132175242833,7673.62183876157,7168.539324920646,2443.8548777233505,38937.05231059792,31859.001631612984,30501.709821414654,193756.49469273948,93196.54490570759,484184.7721525725,35127.03678939241,26461.347237927253,41775.77443384091,110878.74961077768,65021.857064286596,202361.1956772403,193987.7011836694,93212.24609107232,484128.3248964754,0.00026000000000000003,0.0,0.0010668132227626855,0.9997400000000001,1.0,0.0010668132227626777,1420.4604841950652,1436.388325355262,239.51963796908515,8522.762905170392,8618.329952131571,1437.1178278145105,1420.6779518859623,1436.388325355262,239.0498344699709,976972928.428472,46944877.26383868,8899591582.669376,5160.663287431497,4859.903589819189,1827.1302548574497,193407.07889243466,92658.58725616912,484139.6878333918,14.170408248901367,13.113021850585938,4.101461065114735,0,0.0,200
SIT-no-safety,heavy_tail_burst,medium,11633.554726264736,11160.401123765892,2097.792689706247,20426.125723956477,19067.511815050995,7057.22988015491,64507.222082045606,53916.29373329949,41616.42150032583,159982.97369104455,96255.19572170812,194007.29000438334,56757.112206957696,44861.628459994594,37461.29521283984,140509.75972544012,86299.85055381793,158566.0316322161,160607.25645350586,96269.41397339772,194351.93900137476,0.00040500000000000003,0.0,0.0017482151702256318,0.999595,1.0,0.0017482151702256556,1411.3240337799684,1433.6450175510054,210.86844978374253,8467.944202679811,8601.870105306032,1265.210698702455,1411.7065923306282,1433.6450175510054,210.03248688586277,505122419.3349064,93247124.35885578,1647007499.5435538,10900.85969815297,10457.7499675435,1966.629694409834,160032.477038619,95714.85376828889,194352.8712926451,14.946460723876953,14.30511474609375,2.8096827030787503,0,0.0,200
SIT-no-safety,heavy_tail_burst,saturation,23177.262000637777,22104.35094593351,5002.930253187836,43060.42091883349,39766.02354428609,14335.952967878682,160724.97188176098,104384.26275865026,236499.43469619253,165942.3906009716,106608.05875823813,238465.0360994317,95062.82043673992,70739.55024261019,88277.14270227903,163909.51655487705,105868.7092943687,237693.3538926641,166782.45837406523,106654.66445190013,239869.64586190376,0.0008100000000000001,0.0,0.003496430340451263,0.99919,1.0,0.0034964303404512688,1423.4799680227516,1447.6792609002246,220.60648605872615,8540.87980813651,8686.075565401348,1323.6389163523565,1424.1762713899723,1447.6792609002246,218.86021483895462,1301202330.8723915,184083590.59421104,8269489308.971393,22447.001745774854,21408.731746990023,4846.194323968602,165481.111770281,106178.95696204211,238454.86482366367,16.8454647064209,16.09325408935547,4.356248683833291,0,0.0,200
SIT-no-safety,iid_noise,high,13185.096458865948,13438.414116568303,942.5621763306302,13607.606581309046,14080.114977145928,965.2423933524857,13763.67605050191,14231.86944730379,982.1914045790357,13903.259261313055,14346.142483082864,1003.5761249353393,13702.766011676908,14175.320002514629,974.395050642073,13835.119993652266,14291.509692496846,991.1033811048159,13934.314605906473,14371.229842197316,1007.6901815821074,0.0,0.0,0.0,1.0,1.0,0.0,1830.0512640978777,1785.9250365026169,138.29858282874213,10980.307584587266,10715.550219015702,829.791496972453,1830.0512640978777,1785.9250365026169,138.29858282874213,705653.574813055,741310.1194325609,105710.68666742566,12631.290854114704,12873.819977972264,903.0672948729391,13379.2341506527,13794.146518293266,965.9097281671133,13.543367385864258,13.113021850585938,2.675889401510685,0,0.0,200
SIT-no-safety,iid_noise,low,4322.733941179405,4404.16281405541,314.9569993121867,4534.714021479524,4681.908188848908,328.2278779318646,4634.216827403656,4749.711319014185,343.20416187596663,4743.174428024145,4827.864037098421,375.7663394554858,4596.186026689926,4720.94467091476,336.38929218893213,4686.348405015965,4790.955752498132,356.91941574954205,4776.52624546446,4851.793708614006,386.21602061179954,0.0,0.0,0.0,1.0,1.0,0.0,1861.0543808028824,1816.4632730066642,143.44576303039761,11166.326284817294,10898.779638039985,860.6745781823859,1861.0543808028824,1816.4632730066642,143.44576303039761,34933.61787531747,27687.001794869633,14497.350485750214,3768.9497901339446,3840.101910028281,275.5151580939281,4215.664137291102,4255.27708369639,354.9198657238951,13.765096664428711,13.3514404296875,2.7523783718408135,0,0.0,200
SIT-no-safety,iid_noise,medium,8778.836890175788,8929.57569781745,629.3687191886987,9096.335720197043,9405.671032370883,643.0021492941419,9229.468468696556,9518.596911841689,659.5105350488462,9357.964892948114,9587.97518798622,686.189802555706,9177.391092834405,9485.893015518384,651.9019871475177,9293.10967451986,9553.32808922511,671.2094473940256,9391.154917120939,9610.37125714183,694.0723045840293,0.0,0.0,0.0,1.0,1.0,0.0,1832.4469587933602,1791.7984999964901,138.8600446803346,10994.681752760162,10750.79099997894,833.1602680820073,1832.4469587933602,1791.7984999964901,138.8600446803346,218723.59218040213,219761.1180891113,40151.00339477413,8224.971587247908,8366.235136089166,589.888733485552,8837.88155367981,9047.443933607821,658.388366822923,13.097524642944336,12.159347534179688,3.102718627314731,0,0.0,200
SIT-no-safety,iid_noise,saturation,17571.670890563448,17899.914610721287,1252.1841783711034,18101.29780278265,18694.890097650183,1275.5342641615016,18278.03347807326,18898.69572873696,1289.8824034865409,18417.971963222037,18992.619147732643,1297.4106529242936,18206.495376890354,18816.32568800343,1281.5439878254977,18349.43948540728,18943.97731234566,1293.4591387429755,18447.204172877555,19016.101192871716,1301.8165385116959,0.0,0.0,0.0,1.0,1.0,0.0,1830.8614245073265,1787.7181790617287,137.80466442697724,10985.168547043959,10726.309074370372,826.8279865618634,1830.8614245073265,1787.7181790617287,137.80466442697724,1643356.0901028959,1737756.323520372,235359.982193845,17017.7966707015,17335.879192648947,1212.751754549887,17894.372596802456,18445.98729954721,1262.6185807293455,15.14434814453125,14.781951904296875,3.352288078844031,0,0.0,200
SIT-no-safety,partial_obs,high,24550.35099887711,24368.789836320124,7157.4182372787445,25222.643331774045,25168.649365300935,7266.750483315696,32007.643144693386,30908.633372145952,11930.614143433437,32688.675215725656,31245.13658037651,12421.08277916469,27734.00091288171,27717.07128552247,7905.747828526051,32413.23071876601,31114.96698458158,12150.54736857497,32731.17037585946,31265.378979353867,12430.058006114152,0.0,0.0,0.0,1.0,1.0,0.0,1077.8047519161112,985.0675104863292,364.123239942064,6466.8285114966675,5910.405062917975,2184.7394396523846,1077.8047519161112,985.0675104863292,364.123239942064,4462159.995421949,3254216.4361545327,6837545.513745309,23520.21361000571,23346.35563169619,6857.522714222889,31711.174882433796,30227.92672032013,12251.559957970368,14.396905899047852,13.589859008789062,3.5841117631386448,0,0.0,200
SIT-no-safety,partial_obs,low,8121.875756829631,8052.292636670568,2392.4998221981236,8334.464439251971,8213.711056268749,2407.738884437287,9375.45248383308,9218.124916758108,2913.2685892791496,15286.558714870713,13144.519475696296,10963.592457171902,9245.023166380835,9129.91766115855,2663.959073242941,12250.131579913226,11558.301055033306,5685.111363632073,15333.699465230815,13159.808762075443,10965.559787343373,0.0,0.0,0.0,1.0,1.0,0.0,1088.8611435420942,993.8592977550072,374.27736344626237,6533.1668612525655,5963.155786530044,2245.6641806775738,1088.8611435420942,993.8592977550072,374.27736344626237,738484.2315290835,204065.18936621514,2839170.975497002,7092.36063059648,7031.514967070293,2092.9184676525356,14316.92932339697,12087.274862130522,10909.562078929503,15.007257461547852,14.424324035644531,3.104110306479148,0,0.0,200
SIT-no-safety,partial_obs,medium,16375.21891657086,16217.60977300529,4779.616109474123,16756.226296192115,16704.856254592756,4828.403252457416,19607.449208515918,19517.524398533693,5903.492023204886,24135.863284586187,23094.836043608782,9152.318971449906,18684.890124756,18828.029166024142,5278.449323412132,23141.137935018047,22397.703366803602,8252.11457605826,24202.36013635732,23113.576238711965,9151.914318063506,0.0,0.0,0.0,1.0,1.0,0.0,1077.7820561233107,986.7880654934472,365.54848871354085,6466.692336739864,5920.728392960684,2193.2909322812457,1077.7820561233107,986.7880654934472,365.54848871354085,1814320.7934780335,1194442.487411878,2550774.465917045,15344.786901446225,15197.158941008864,4479.782531204567,23168.7099762041,22301.17584830278,8979.094271943128,15.079975128173828,14.543533325195312,3.0894953019580327,0,0.0,200
SIT-no-safety,partial_obs,saturation,32717.68259515055,32388.083793796977,9501.647717270685,33773.29466506594,33579.848061402336,9590.287878283823,41268.85917070336,40282.42926528092,14653.245248601894,41772.78416777745,40894.33840367306,14736.842764692825,37210.562490799435,37456.976980252046,10689.158992604967,41561.34814912975,40456.8083845082,14725.04121175133,41819.53138017535,40928.267931877184,14741.90583371792,0.0,0.0,0.0,1.0,1.0,0.0,1077.7326766828567,988.191236870062,363.6563305220241,6466.3960600971395,5929.147421220372,2181.937983132145,1077.7326766828567,988.191236870062,363.6563305220241,9662120.714213459,7266748.139529865,12188226.435046265,31686.74396222688,31367.63209331098,9202.379798181173,40801.11346265332,39723.53544751408,14557.420197883366,15.32435417175293,14.781951904296875,2.703421068775986,0,0.0,200
SIT-no-safety,structured,high,13918.198077819285,13979.118951962162,1136.6700769175332,14344.997957082955,14309.912202274696,1172.2902983017739,14496.864008839195,14425.618387454506,1185.124831732649,14629.070064152806,14559.454528990114,1200.9517058562997,14436.690782144236,14382.044312088252,1180.743938104963,14562.86610175897,14491.663987536911,1191.7111265344731,14659.654446605673,14584.04990851354,1208.758710676463,0.0,0.0,0.0,1.0,1.0,0.0,1736.3712336014876,1716.846396577182,148.31714997477494,10418.227401608925,10301.078379463092,889.90289984865,1736.3712336014876,1716.846396577182,148.31714997477494,783855.9868373387,761292.2050874477,135288.2154467257,13333.672936782208,13392.087836616482,1089.0404320963926,14077.31496294073,14009.447659024037,1163.247266174384,14.171600341796875,13.113021850585938,3.425007499910421,0,0.0,200
SIT-no-safety,structured,low,4566.810935789115,4587.4029042740585,380.2836360221596,4780.747920001228,4751.284129503483,401.82115345004024,4881.676641444762,4830.090640342673,419.1447806982597,4985.558906911065,4914.970810779441,446.5099142326693,4842.752899823437,4795.533378013968,412.04318808783677,4931.881486208144,4870.44673929914,431.0426977873629,5015.573597840461,4938.974501639161,454.54238843328136,0.0,0.0,0.0,1.0,1.0,0.0,1764.467828091309,1743.9061210979962,153.82485893936436,10586.806968547855,10463.436726587977,922.9491536361859,1764.467828091309,1743.9061210979962,153.82485893936436,37741.35408855446,30938.653245233974,15677.101794050543,3982.464360880141,4000.4552836948824,332.6626213243234,4426.393502890703,4347.044855441476,415.95138696140515,14.765262603759766,13.589859008789062,4.007900988572522,0,0.0,200
SIT-no-safety,structured,medium,9264.5956499076,9312.27702259971,760.1423232591802,9585.397950210529,9560.548019363378,786.8718088339436,9717.607002071822,9655.923224552425,803.6999115301157,9844.998244312877,9771.660880139045,818.4823392452399,9666.498507103832,9616.547948876841,796.5472309439356,9780.741769240409,9696.280139402974,811.0193273959796,9872.768590522466,9792.006778446746,821.4481946002568,0.0,0.0,0.0,1.0,1.0,0.0,1739.147194543768,1718.1619450927296,149.26888393360153,10434.883167262607,10308.971670556379,895.6133036016093,1739.147194543768,1718.1619450927296,149.26888393360153,240273.76076643597,227488.50321948883,49030.22539143843,8680.256004236187,8724.950576687002,712.4523928984552,9290.950543446006,9214.042976425204,777.2638618660962,16.05391502380371,14.781951904296875,3.8328706458060293,0,0.0,200
SIT-no-safety,structured,saturation,18541.13539815248,18620.84147566407,1516.7415528854935,19078.132216992533,19072.298964766393,1560.6053061837265,19250.45518661834,19208.37739858257,1583.5956456515262,19380.92976032769,19305.676679192373,1601.1590832689765,19180.5578983425,19147.519103902123,1572.4742760705215,19316.6402375735,19247.572819372428,1592.4670506611603,19409.208203539925,19323.61231437418,1607.6842271497644,0.0,0.0,0.0,1.0,1.0,0.0,1737.9549401168586,1718.504987846051,148.72679540674145,10427.72964070115,10311.029927076306,892.3607724404487,1737.9549401168586,1718.504987846051,148.72679540674145,1826040.2842576352,1808980.1341500487,299638.57063839596,17956.739609428194,18033.93531217723,1468.9743541213245,18828.37603820089,18762.34543218404,1560.9495223548984,12.68148422241211,12.39776611328125,1.382457956043774,0,0.0,200
SIT-safe,adversarial,high,7879.771584509087,7741.222450239977,1354.602158644254,9887.268927078205,9976.765343956566,1993.3055482528298,22085.907134866124,16921.82279724052,20142.21825081355,22838.120704591085,17694.450462054454,20132.872475116572,14582.466339623412,13152.11287722582,5988.874095863253,22484.417331714256,17352.938047962954,20124.976396626975,22964.215282992147,17757.232552345988,20168.526871413065,0.0,0.0,0.0,1.0,1.0,0.0,3147.465737011974,3100.319296009074,604.7749496494326,10485.695789903655,10211.03555764136,1258.0219862496374,3147.465737011974,3100.319296009074,604.7749496494326,8568479.92246293,2551256.4349436006,43989280.51314571,7548.27803320952,7415.666710975744,1297.8463715213752,22653.21484072658,17471.033764592285,20166.96765194362,103.85751724243164,99.89738464355469,10.756072261036698,0,0.0,200
SIT-safe,adversarial,low,2527.0142826987108,2483.324971049734,451.63201912573425,2702.1576937057184,2831.9380182693253,481.5053345132163,6061.51227548574,5813.5859004960075,2301.8264173221673,15998.074927377695,10680.570479600621,18520.792456259984,5015.6010355059425,4581.714006349831,1937.0747113340562,10797.276846708935,8617.962962792939,8147.62901287986,16120.523887896912,10946.635064304719,18521.868721056413,0.0,0.0,0.0,1.0,1.0,0.0,3283.4293835633057,3221.497311695418,672.4541794101995,10927.776667295773,10496.522849039313,1420.8551261184462,3283.4293835633057,3221.497311695418,672.4541794101995,2141348.224231707,474020.4655309445,8120240.4517299915,2198.090830827316,2159.95828458667,395.0863211043384,15786.410416100856,10657.468988954643,18507.62794106146,108.34097862243652,99.18212890625,25.153141953615023,0,0.0,200
SIT-safe,adversarial,medium,5213.832531791208,5112.420782123529,877.8751524985602,6206.6435338830315,6180.848125296449,1155.897409095852,11630.883438182564,11008.30283688617,4329.7211689275655,19130.39411428833,15034.08666531276,15828.219899876956,9976.729026557636,9357.624726962416,3430.395132045389,17413.04855372594,14275.283440683623,13036.887296448014,19198.89613793201,15189.815828880863,15825.418429135105,0.0,0.0,0.0,1.0,1.0,0.0,3167.8981087055727,3129.6330202593517,601.3471371433056,10554.353006669155,10246.9102107532,1232.339644895074,3167.8981087055727,3129.6330202593517,601.3471371433056,4154783.064776027,1394326.8907509323,15560206.880112896,4883.642859926013,4788.5699816779925,822.8286386483015,18875.480499943696,14743.057173682726,15835.314563435035,103.70373725891113,98.22845458984375,18.95799152406331,0,0.0,200
SIT-safe,adversarial,saturation,10472.193450089848,10269.976582033065,1800.2064577737374,12925.078109377784,13036.591970898226,2355.505421955745,24835.972972226682,21330.12754515827,15617.903180095873,25393.69184723144,21785.669967344067,15880.222848290201,18307.14264339798,17095.706197880718,6408.76441077744,25145.692514255075,21611.93333167005,15672.931312221994,25436.80447608705,21929.996286975238,15878.04355226036,0.0,0.0,0.0,1.0,1.0,0.0,3157.6364262436427,3115.8808109197603,605.5061387324552,10517.969924267005,10187.903112540685,1245.5996778399328,3157.6364262436427,3115.8808109197603,605.5061387324552,9040000.660749713,3558783.9966115803,28761790.126125783,10141.944327916595,9946.025646777165,1743.5278951663186,25132.00940094022,21633.766811561596,15872.307619677635,105.17477989196777,97.15557098388672,24.31429791062401,0,0.0,200
SIT-safe,drifting,high,53683.0726731667,53195.134441435854,27714.058422213755,54510.97520541931,53899.753833194496,28005.36444106143,54736.789791286355,54065.73440961349,28057.014846832473,54938.85459426378,54175.35315731378,28108.093060845007,54647.50244024927,54005.81829801138,28036.49565341253,54838.349865198725,54125.517350010094,28082.382909409203,54984.02794302984,54190.18196010813,28120.981263151785,0.0,0.0,0.0,1.0,1.0,0.0,729.8332983876187,451.4865414870453,729.4302893613932,2919.333193550475,1805.9461659481813,2917.7211574455728,729.8332983876187,451.4865414870453,729.4302893613932,13827270.361290427,10746248.421818398,11534079.446245126,51432.10313358337,50964.7312276946,26552.632241092542,52741.84176215767,51962.22097881045,26961.275812813998,130.89656829833984,115.87142944335938,29.00562989606936,0,0.0,200
SIT-safe,drifting,low,17876.309790073723,17715.71612501232,9276.457805153743,18209.192436518133,17988.006879092787,9367.656279153285,18343.95492915319,18110.20606407604,9394.56522218009,18479.438425817727,18242.352298881873,9422.336809161743,18291.958666176746,18061.839951200876,9384.517262789235,18409.16004595899,18168.29120729526,9408.060781268137,18522.27877387615,18279.55397013639,9435.325534642003,0.0,0.0,0.0,1.0,1.0,0.0,739.1648978389416,451.90872063735515,754.5328934630085,2956.659591355766,1807.6348825494206,3018.131573852034,739.1648978389416,451.90872063735515,754.5328934630085,474273.5803982594,363200.3323585008,387003.2009754818,15625.36198590606,15484.883048742679,8114.865798356916,16258.186617882717,16051.051761200943,8266.230793097984,109.20405387878418,103.11603546142578,21.207469710028278,0,0.0,200
SIT-safe,drifting,medium,35830.159530869445,35501.268598412935,18512.29195298946,36387.334540847645,35970.47917426267,18685.294545260487,36568.25530318286,36136.74319169148,18720.052382023965,36738.24666426752,36273.65986484598,18748.521013049143,36497.87211890586,36075.043414718464,18706.331412098232,36652.55473522489,36211.93598179676,18734.704911628323,36784.56036826973,36315.147283033206,18762.02750479074,0.0,0.0,0.0,1.0,1.0,0.0,730.3592911398455,451.0163936463212,732.426676505681,2921.437164559382,1804.0655745852848,2929.706706022724,730.3592911398455,451.0163936463212,732.426676505681,4008095.793726506,3089639.6136781406,3335148.9308425933,33579.225368335,33270.97646443608,17350.92035652926,34532.978217664015,34056.403867179935,17598.920967845548,105.23557662963867,97.03636169433594,22.461301688939468,0,0.0,200
SIT-safe,drifting,saturation,71451.2936698508,70770.38842254446,36868.20571811541,72605.22562251058,71787.85193937975,37307.10890445702,72852.15303393743,71988.79508274733,37354.9435604714,73037.70904900218,72151.83213920088,37401.50758775339,72752.45915752891,71911.43163630723,37338.044169793386,72947.30994209448,72092.9066720533,37379.283547168045,73082.12336597218,72173.27418599423,37415.71763836688,0.0,0.0,0.0,1.0,1.0,0.0,730.3705919882724,452.4849104056841,728.5316340656941,2921.4823679530896,1809.9396416227364,2914.1265362627764,730.3705919882724,452.4849104056841,728.5316340656941,33100443.79805893,25664685.202980764,27652166.388988838,69200.54160549589,68541.16113689574,35707.07681349891,70836.05187402068,69968.13175425673,36253.95774902544,97.39398956298828,92.50640869140625,19.142998255070214,0,0.0,200
SIT-safe,heavy_tail_burst,high,12479.86944484653,11946.980628422672,2845.091182292963,27546.901391891814,26180.255863707353,9271.983023776434,150076.4431817236,91700.51406766115,173918.89496238172,153267.35088079376,93548.26707336091,174708.11329315865,69952.47631675613,54915.53873346408,50397.71529134725,151734.56783519418,92356.53881626806,174280.38447090203,153555.75110138653,93576.5244575708,174686.4248434264,0.00048,0.0,0.0023574110661217676,0.99952,1.0,0.0023574110661217585,2002.3817125799503,2008.8785956006764,376.063232348257,8009.526850319801,8035.514382402705,1504.252929393028,2002.932534098848,2008.8785956006764,374.8450719097508,647230123.1245401,142125408.34189996,2058774349.6040933,11956.113539846312,11445.852580638191,2726.55425859708,153043.1082340511,93243.38896290949,174733.36832270442,100.50296783447266,96.08268737792969,23.51461816087273,0,0.0,200
SIT-safe,heavy_tail_burst,low,4172.160543043943,3922.403783169938,1412.1892524817836,6450.049802537642,5755.163745003048,2824.3117749495227,38754.50640825875,32973.14145881997,24774.516016210226,156905.7974509229,89406.31075839367,295404.9109324406,30948.554158720664,24765.29778661361,27677.352038668956,94008.46731186706,60453.65261639633,127548.75676265887,157335.77086469493,89455.33164598694,295364.2157599778,0.0001,0.0,0.0006260669285267952,0.9998999999999999,1.0,0.0006260669285268149,2021.18652643184,2039.5665646542711,379.7312269547196,8084.74610572736,8158.2662586170845,1518.9249078188784,2021.2784260539825,2039.5665646542711,379.49623732490954,415668457.6841414,43661369.93229928,3321054152.267395,3637.2672947057767,3419.0120724991157,1235.7681207489986,156808.48720391345,89130.03476447202,295329.3637798807,106.93907737731934,100.37422180175781,16.104485573561586,0,0.0,200
SIT-safe,heavy_tail_burst,medium,8693.19153647132,7956.977975921553,4019.4530609951976,17665.25165773236,16847.759598873363,5644.285822937909,65150.91750692564,48716.72541037503,95799.59299710683,188968.24341768798,90868.84323350017,407337.1885042726,59219.547571580355,42321.377327555165,78062.96032749805,162941.09255247342,82840.56092359906,338153.368141746,189538.09114862885,90916.55937831466,407523.5641451702,0.0004225,0.0,0.001939471966164422,0.9995775,1.0,0.001939471966164437,1988.7190542118021,2010.814978821139,415.06807796279514,7954.8762168472085,8043.259915284556,1660.2723118511806,1989.0984384664373,2010.814978821139,414.23566918386996,1581402885.8218844,93572231.39750732,9916198854.09728,8145.257378185454,7455.166784857662,3768.2653464047917,188970.01605955896,90568.9604520307,407372.70336907235,102.79536247253418,99.18212890625,12.418234080618626,0,0.0,200
SIT-safe,heavy_tail_burst,saturation,16786.822404263625,15541.132143352976,4651.801386438529,35941.82718180414,34008.85024509799,13014.292230345278,158152.47662371697,92282.7762415575,211872.35528383622,175084.34631344827,100574.44524491984,275504.75009077875,89802.98009456773,64925.34848667674,84580.06935613671,171850.1572795754,96475.3054448109,264731.8209177483,175753.55856258597,101374.97499447837,276247.9309168744,0.001085,0.0,0.004303530746308444,0.9989149999999999,1.0,0.004303530746308465,2003.3508323438693,2059.052056513082,391.83316709955534,8013.403329375477,8236.208226052328,1567.3326683982214,2004.5838778137168,2059.052056513082,389.19547774365566,1412143007.4194765,187849852.31621444,6498573695.778397,16255.27561498873,15052.16675257454,4491.071676874697,175201.51459797157,101013.64671490743,276049.58413049835,104.5846939086914,97.03636169433594,29.499005060596076,0,0.0,200
SIT-safe,iid_noise,high,8342.680995684412,8497.74733715009,715.267519353639,8731.304538206985,8765.300066570553,803.6889370348563,8883.966967977707,8871.994934371593,848.1270387140244,9017.029663489135,8986.016644314288,896.8154894360671,8823.9890618581,8826.221099151615,831.1482717859866,8950.82628135779,8920.254352044758,872.5147098647228,9044.47750519551,9001.56927520874,905.7672495386322,0.0,0.0,0.0,1.0,1.0,0.0,2899.6269860108096,2824.277907179612,268.7108565472612,11598.507944043238,11297.111628718449,1074.8434261890447,2899.6269860108096,2824.277907179612,268.7108565472612,310593.31861240504,293472.4652515809,79461.16578728333,7991.805104748326,8140.338138775141,685.2963155751456,8693.857975238398,8648.419908877666,875.2451945591012,104.90179061889648,99.30133819580078,19.48208884424396,0,0.0,200
SIT-safe,iid_noise,low,2701.5625081089324,2753.6011632135014,238.2405501361515,2906.8952071439403,2900.3994938696305,292.2533812630933,3005.0958898961712,2973.9965872396824,325.50168689368525,3115.2609931022967,3037.2085331272356,373.39878164645756,2967.762398137789,2945.471496155607,311.9462434508805,3056.9021588425476,3008.8351454442236,345.74077290127315,3145.5499746217115,3060.2815178977016,389.04438266737276,0.0,0.0,0.0,1.0,1.0,0.0,2986.217042498361,2905.2864031910703,285.46228156202966,11944.868169993444,11621.145612764281,1141.8491262481186,2986.217042498361,2905.2864031910703,285.46228156202966,22049.203979904018,15237.83963961832,14863.98891727982,2350.778618965442,2396.301890006258,208.40565315488104,2787.546837007382,2693.482740990992,362.62623628824764,114.47906494140625,100.4934310913086,33.13057005948744,0,0.0,200
SIT-safe,iid_noise,medium,5539.799606317726,5647.106393626278,475.24555612443544,5837.346406438952,5852.559688910062,543.0576456471871,5966.169117771051,5922.091991122746,581.2833721156146,6092.973962131464,6006.209634860524,628.9540753129825,5916.589579842932,5894.60361995259,565.0570317572823,6029.2059149832385,5968.145700268922,602.6740736138069,6122.815013050575,6016.2464412059535,638.3643848843146,0.0,0.0,0.0,1.0,1.0,0.0,2911.197389894058,2833.3094860051406,270.33582995640785,11644.789559576231,11333.237944020562,1081.3433198256314,2911.197389894058,2833.3094860051406,270.33582995640785,104777.01659758072,89220.7112437805,37457.7435803043,5189.128048611851,5289.712891978445,445.42444794424335,5771.682520822164,5670.116450323898,608.6805989877964,103.03735733032227,97.51319885253906,20.580617098933626,0,0.0,200
SIT-safe,iid_noise,saturation,11123.315452527513,11328.11377276065,942.2649965653852,11596.318493233759,11671.552143160821,1039.4701803866785,11760.643457541477,11778.497919684114,1082.4898834499534,11885.850961989712,11895.306560390221,1118.8653862621115,11694.628266806629,11741.757513174518,1064.7393377647768,11824.548180685819,11855.634401533302,1099.783843081847,11915.410139037725,11913.861707589349,1127.7868470167366,0.0,0.0,0.0,1.0,1.0,0.0,2899.1633271083965,2824.8303876801465,265.61600932957157,11596.653308433586,11299.321550720586,1062.4640373182863,2899.1633271083965,2824.8303876801465,265.61600932957157,697273.6895489517,683852.1287777512,144863.43836948008,10772.528564338014,10970.884609618251,912.5881046483505,11570.33321476939,11559.74241721924,1102.2454017075295,101.38392448425293,94.7713851928711,17.624313376933937,0,0.0,200
SIT-safe,partial_obs,high,19778.941676945946,19245.732971144032,7044.564362703521,20354.11820248679,19709.05651352567,7141.262548239118,28212.107198869395,26545.44588296629,15896.634012774028,28551.697578679836,26946.276726341486,15934.279944394646,23036.012051926216,22695.186656758004,8129.084907956698,28413.31380319776,26803.2451567737,15922.664620729647,28593.018198059504,27034.805562401365,15940.436592121507,0.0,0.0,0.0,1.0,1.0,0.0,1421.8613659015894,1247.02996818882,642.5452850589061,5687.445463606357,4988.11987275528,2570.1811402356243,1421.8613659015894,1247.02996818882,642.5452850589061,5072081.5489125885,2441197.9186322577,22687277.00458695,18948.821136389917,18437.94262748558,6749.354309647239,27772.381450681143,26282.530189571044,15808.991743790184,95.35431861877441,92.02957153320312,9.550008626253673,0,0.0,200
SIT-safe,partial_obs,low,6526.6065934942635,6352.823081822149,2351.8242636494792,6724.373763011772,6494.549933675533,2373.4771486056525,7967.674990337017,8271.34414082419,2943.8579360923477,13976.57356583554,12059.03587247245,10357.472418705633,7722.714288376738,7905.553718214278,2646.7725565463047,10941.236148986922,10535.510956754948,6158.2191480359115,14023.173736205452,12109.875099279609,10356.618230669583,0.0,0.0,0.0,1.0,1.0,0.0,1444.7871746860858,1259.2922918312775,670.0302106068235,5779.148698744343,5037.16916732511,2680.120842427294,1444.7871746860858,1259.2922918312775,670.0302106068235,754846.9433723716,204101.81424271796,3590847.5996291414,5696.8709438336,5544.862209764287,2057.3255803484335,13205.9497377552,11125.667626947747,10309.519101678556,108.19792747497559,100.13580322265625,21.613351783343973,0,0.0,200
SIT-safe,partial_obs,medium,13181.01007290676,12831.272638538721,4698.213981071009,13517.394913680984,13094.542541409075,4734.658203608729,16248.296898244258,15842.86111459947,5296.734397085254,21378.11523124666,20097.262053166585,9053.88534449108,15445.636379454616,14965.520361546758,5013.9365514183955,20207.81292383878,19228.218090216822,7958.085814169991,21420.366259200833,20133.457449771926,9056.573966675007,0.0,0.0,0.0,1.0,1.0,0.0,1422.7649176112443,1246.9534752293725,643.587544704886,5691.059670444977,4987.81390091749,2574.350178819544,1422.7649176112443,1246.9534752293725,643.587544704886,1581422.5040524562,986220.376107934,2273090.8222281565,12350.938777099796,12023.202051111297,4403.533017731863,20607.322633981556,19213.679510827722,8911.327205931313,118.63350868225098,106.57310485839844,34.12859004932305,0,0.0,200
SIT-safe,partial_obs,saturation,26338.502117535118,25670.016833906964,9349.651352410947,27333.32600593298,26421.806988767872,9345.677940058566,34200.24688527403,33416.38661862949,14827.227250939617,34610.9373793088,33733.90150427667,14829.817736167479,30318.300929707362,30698.87583524058,10311.18165526556,34432.78797829926,33670.90074562973,14876.017925277962,34796.430489981605,33754.63825209961,15388.040442719383,0.0,0.0,0.0,1.0,1.0,0.0,1420.5602415358799,1246.5946466276682,634.25635018873,5682.2409661435195,4986.378586510673,2537.02540075492,1420.5602415358799,1246.5946466276682,634.25635018873,7527852.229616828,5173338.864848923,17688851.527325746,25508.561930473792,24861.226573698805,9055.205118699654,33982.44350259974,32785.34944626753,15220.28370225483,109.62128639221191,102.4007797241211,22.86841763551004,0,0.0,200
SIT-safe,structured,high,8168.041420197463,8488.30937626351,1280.7678379574445,8553.330890291649,8854.852518856238,1413.8291951534304,8702.595428686467,8990.962515564803,1474.6380826667287,8832.14187950858,9077.845759030894,1537.141433140187,8644.632288513545,8941.304895251189,1450.6784345982976,8767.568491688338,9030.271124442772,1504.526778158327,8861.843287246875,9105.09224357548,1550.9184071184454,0.0,0.0,0.0,1.0,1.0,0.0,3014.142280783347,2827.4183991444347,490.22494039578675,11307.152568291325,10944.57655723314,1290.4166478504235,3014.142280783347,2827.4183991444347,490.22494039578675,303769.05848541413,302156.1499930373,119624.76417445746,7824.486565064621,8131.330510740214,1227.0927669835814,8520.31178923171,8749.269307150971,1498.6729878203253,102.54263877868652,98.46687316894531,10.732272610531666,0,0.0,200
SIT-safe,structured,low,2644.245421970912,2747.1481693782125,428.55610831277164,2849.067685271695,2929.5112190408745,507.43755789976393,2947.833770046582,3016.7903452443634,550.7611112071711,3058.35116593837,3108.501082147975,598.5203755783053,2910.8000791558457,2983.522845116333,533.8748609235538,3001.625344959225,3061.4504149612453,574.2523824786227,3090.8395344968117,3129.023076438756,611.6167498376207,0.0,0.0,0.0,1.0,1.0,0.0,3109.2094037186707,2912.110965538741,524.0315894304163,11657.879404743559,11240.538692295737,1373.6885870406538,3109.2094037186707,2912.110965538741,524.0315894304163,21980.816437926132,15989.140182347379,16342.210337972374,2300.6447760116985,2390.638794938463,374.8918108103673,2740.5442738698566,2756.4078054580314,560.9451919685705,109.72142219543457,105.14259338378906,16.12535595317331,0,0.0,200
SIT-safe,structured,medium,5426.65682146957,5630.64041115016,856.6151811388797,5726.424697131503,5900.466243445571,971.578723167806,5851.844471542194,6006.125459586285,1019.4135224952473,5970.719460367168,6117.776835269684,1070.6877262671774,5802.616304326071,5971.650765042943,1001.316475205033,5910.0382856952665,6071.6663696828,1043.5758777639378,6003.753264295196,6160.844405392869,1084.6388287194848,0.0,0.0,0.0,1.0,1.0,0.0,3025.6196492810473,2841.59507486684,495.6832668299552,11349.125823871489,10972.359447535919,1304.206783142944,3025.6196492810473,2841.59507486684,495.6832668299552,104080.42176176727,94014.08112843793,52463.26079934062,5083.090211074112,5274.254834222663,802.8742884101208,5658.110264619555,5795.484918215894,1026.2222354405155,107.65671730041504,100.97026824951172,23.757637224439947,0,0.0,200
SIT-safe,structured,saturation,10892.686533291178,11318.029457269797,1701.202279101155,11359.148384259734,11740.736805973851,1856.7432464771605,11522.014718123346,11873.551744382075,1914.7497564854255,11656.633562934088,11996.14065647322,1968.705542613146,11457.718265413556,11825.617281020039,1892.7953329459879,11590.221315519002,11941.957313849452,1940.2248019998406,11689.155367257656,12006.40399914093,1982.892607852739,0.0,0.0,0.0,1.0,1.0,0.0,3013.0134001372626,2827.3473073867,488.2646157039846,11303.329797252081,10952.239954934801,1283.9042089992797,3013.0134001372626,2827.3473073867,488.2646157039846,678203.1074302873,695606.5281402246,234613.31549582444,10549.16537333027,10961.129308626816,1647.624324768629,11349.908980815955,11674.38486374286,1932.1752295436008,113.6469841003418,106.69231414794922,17.43468922882067,0,0.0,200
admission-only,adversarial,high,18556.59170236375,16301.032040716495,9097.864484411502,20251.057748624593,18181.884983660442,9184.345128698551,32933.78570086781,26570.102618654455,20170.681509837344,33519.976807558916,26808.34282002607,20301.211646770862,24959.803356498946,21774.1514761094,10851.695608993956,33301.40557594067,26737.787316250193,20290.9453105728,33642.03014964179,26835.095424208364,20299.489728159024,0.0,0.0,0.0,1.0,1.0,0.0,1468.9358484644492,1472.3058139169398,416.0988307214389,5875.743393857797,5889.223255667759,1664.3953228857556,1468.9358484644492,1472.3058139169398,416.0988307214389,8482496.144933702,3213655.672893445,19364994.902557418,17777.706579372458,15616.672788078395,8716.52799498009,32873.45208188022,26115.50545433472,20099.655860007028,31.52608871459961,27.65655517578125,10.611722131973721,0,0.0,200
admission-only,adversarial,low,5914.604275440763,5139.401300798124,2889.006706539512,6102.442338867821,5341.102551577713,2898.6401918252964,9540.43635109549,8448.443366711315,4084.1372801820285,19188.031811420416,15274.866213972658,13394.458432531203,8396.014447243213,7443.494038741224,3359.893879126737,14224.946710505425,12497.735724180911,7227.637137099912,19246.488963442433,15415.736916912969,13400.682994787443,0.0,0.0,0.0,1.0,1.0,0.0,1544.5483549729863,1556.6148458309917,455.7197071664272,6178.193419891945,6226.459383323967,1822.8788286657089,1544.5483549729863,1556.6148458309917,455.7197071664272,1586482.9223826125,610456.404833989,3853193.6799109383,5161.471738817305,4483.374639476457,2527.257954382712,18505.618915023708,14715.099300961389,13327.077516323126,26.592016220092773,24.91474151611328,5.714146949398022,0,0.0,200
admission-only,adversarial,medium,12455.774402135059,10570.263974075358,6733.970687835601,13473.040575460682,11694.165332792543,6824.568317009834,18903.197402553036,16198.254950831652,8255.825568306702,26314.05014235784,21804.584137658545,14785.631233709617,17272.430629347822,15182.214678893735,7454.6387278383945,24677.936124975182,20723.102793456666,12829.19941626931,26408.784439222505,21921.721005765918,14812.397939770284,0.0,0.0,0.0,1.0,1.0,0.0,1475.5388077386294,1513.6812227838927,412.7632232629933,5902.155230954518,6054.724891135571,1651.0528930519731,1475.5388077386294,1513.6812227838927,412.7632232629933,4087861.978832354,1815117.5121161304,7721575.876776908,11671.26734598226,9904.025775450362,6311.51545949627,25640.987414155166,21265.857715367572,14614.53215505209,31.952857971191406,30.63678741455078,6.4940914389897,0,0.0,200
admission-only,adversarial,saturation,23553.60773056434,20844.70189992374,10644.089667607162,26254.979393067904,23991.758276678476,10875.983993785421,36608.57286518404,31446.655815702237,16411.2821542427,37302.07209890696,31923.293968789636,16671.20643065021,31031.451836327684,27861.41689096581,12046.465286639112,36982.28188848744,31732.242845537497,16486.60793316745,37360.9702192448,31952.907174292708,16676.132736449923,0.0,0.0,0.0,1.0,1.0,0.0,1501.5543053745641,1535.1673865765638,368.27325300120293,6006.217221498257,6140.669546306255,1473.0930120048117,1501.5543053745641,1535.1673865765638,368.27325300120293,9910064.891294982,5071417.756675538,12971383.853331313,22811.348150745765,20187.936178589593,10308.718555904385,36625.77729887848,31320.42883380472,16447.70395783072,29.77728843688965,28.6102294921875,6.233319735795478,0,0.0,200
admission-only,drifting,high,59522.29923680896,58252.22634141053,28380.255897868137,60403.286278912194,58996.719741321096,28681.442624962918,60630.32466653471,59172.89100318645,28735.495534571633,60838.439796566396,59385.4083476652,28787.666407086203,60541.65997148867,59108.81090602378,28713.82121601029,60731.87999068316,59264.04884476074,28761.068628698606,60884.301397134725,59402.71255221379,28802.847144109426,0.0,0.0,0.0,1.0,1.0,0.0,583.4772672117264,412.00213533540204,473.40763466128254,2333.9090688469055,1648.0085413416082,1893.6305386451302,583.4772672117264,412.00213533540204,473.40763466128254,16464309.871227145,12783620.591749763,13034406.719808316,57026.60640190549,55809.711225217776,27190.905572593827,58395.37117429795,56972.301832538564,27609.965492491472,30.552148818969727,28.6102294921875,7.50917811858715,0,0.0,200
admission-only,drifting,low,19718.05755343411,19434.366323989,9275.15858323927,20071.485204380577,19745.423014233485,9367.232033762413,20213.37449830924,19855.83387263664,9393.302591724218,20366.377542229064,19937.240755285202,9427.886517694084,20158.59241375995,19821.25647895848,9383.90307474389,20285.95618164367,19896.26522446483,9408.535793672168,20412.41784845545,19974.844113066283,9439.250726675145,0.0,0.0,0.0,1.0,1.0,0.0,577.5794392670426,411.6424202061606,453.9141721994722,2310.3177570681705,1646.5696808246423,1815.6566887978888,577.5794392670426,411.6424202061606,453.9141721994722,552852.6230908254,436285.049511507,423747.86181177024,17236.49100344481,16988.38438279982,8113.730071791312,17917.411958947865,17525.98063097382,8273.758548459728,29.31952476501465,23.365020751953125,11.591762224801585,0,0.0,200
admission-only,drifting,medium,39835.48352464575,39122.00019056159,18680.017440258223,40428.99129511435,39637.77520323167,18859.935029823635,40618.56038814626,39820.631951005584,18903.79086376957,40800.72343857076,39967.133253397275,18931.92397455029,40544.95330883806,39745.39749034526,18885.358526310072,40708.68598306905,39904.39241958325,18918.91017879871,40843.20701490073,39999.31672672684,18941.820431214783,0.0,0.0,0.0,1.0,1.0,0.0,574.4023325245589,408.977628704934,462.3793228696572,2297.6093300982357,1635.910514819736,1849.5172914786287,574.4023325245589,408.977628704934,462.3793228696572,4769693.643958058,3759900.9820313784,3715632.806716254,37333.27922758271,36664.622165758235,17508.119396054517,38336.292253351516,37538.99103905982,17766.907416277114,31.403303146362305,29.56390380859375,7.516287377480653,0,0.0,200
admission-only,drifting,saturation,79379.3250936364,77679.83851567432,36897.056389394376,80626.13917125705,78886.8371756223,37337.43632726306,80886.67082392627,79108.02904063182,37394.62276754461,81097.07385774802,79328.3512767972,37443.272719626795,80782.70777288389,79019.92376073811,37372.34398770832,80991.47074014036,79205.27952092027,37416.32686783319,81141.02024061736,79379.77174996096,37454.333790187615,0.0,0.0,0.0,1.0,1.0,0.0,563.3434155439993,411.94834475177925,422.760607086447,2253.373662175997,1647.793379007117,1691.042428345788,563.3434155439993,411.94834475177925,422.760607086447,39251110.592178375,31276799.796170145,30658738.031349,76878.85986456028,75232.92519113864,35735.01693743708,78646.41376094347,76936.11632682593,36289.20034793301,31.054019927978516,29.087066650390625,7.694812094339669,0,0.0,200
admission-only,heavy_tail_burst,high,18445.335979559648,17831.28786749608,5690.038022935643,33314.758831166044,31600.296868967984,10590.009514666559,173110.4002672949,93670.59858416667,366061.9122746288,177722.12873464348,96816.30674368962,365532.01508943713,79887.3795105862,59844.06939766369,95992.87886096531,175695.6878883651,95438.24194170834,365705.8852078043,177907.57714252162,98987.85041499685,365496.51461143076,0.00066,0.0,0.0027426283106267344,0.99934,1.0,0.002742628310626734,1375.8268559107073,1345.9492168850911,297.77226535901787,5503.307423642829,5383.7968675403645,1191.0890614360715,1376.3871766599905,1345.9492168850911,296.88613848088636,1878438225.6560955,133044135.31204318,16070886390.957703,17671.344212744363,17082.52605948489,5452.665020168892,177243.7485661684,98344.95308952814,365512.3802173979,29.77132797241211,28.848648071289062,6.720128796764544,0,0.0,200
admission-only,heavy_tail_burst,low,6520.830104504208,5787.9516980085245,4113.714383109606,8517.587806305552,8013.458343014652,2753.792408523481,38401.00697351764,34200.372304499724,20220.19526411986,260102.98517450746,98034.65352496009,989275.7892574938,41142.19839878133,27353.018234827505,79844.84800719701,136559.9980523194,67733.4476054816,397574.10385379137,260585.0033768942,98045.09967510236,989269.7250961091,0.00028000000000000003,0.0,0.0010231491439933243,0.9997199999999999,1.0,0.00102314914399334,1354.3277765372661,1382.182080514229,312.43690622218253,5417.3111061490645,5528.728322056916,1249.7476248887301,1354.5304250293784,1382.182080514229,312.07580639726194,3654073867.700962,46851715.10147174,41496136415.42212,5692.09755288768,5051.004877045848,3599.5074273738906,259813.90571022462,97559.59163736027,989275.6327596764,32.8516960144043,31.113624572753906,10.306051289806687,0,0.0,200
admission-only,heavy_tail_burst,medium,12275.558507572749,11836.432087591447,3181.385829330603,21620.85657150578,20532.0467789521,6245.818578130167,68150.86717275031,52629.668096289985,74432.96642901892,169248.5089005559,98216.6883283909,267996.5971813437,59570.46442813141,47844.71881509485,50564.72266939615,148234.988089478,89511.57509912332,219285.42698954095,169445.80981814716,98241.2761385404,267938.1483416778,0.00036,0.0,0.0018459244800179792,0.99964,1.0,0.0018459244800179929,1364.5651301195203,1351.7731625547344,267.7264460662465,5458.260520478081,5407.092650218938,1070.905784264986,1364.8415835036776,1351.7731625547344,267.1827260813281,804348619.4239905,111880727.9601127,4546204446.53075,11502.301208139968,11091.08373317355,2981.971618685998,168802.86644841402,97679.03174034244,267961.38318665547,32.43207931518555,27.53734588623047,13.769610450288361,0,0.0,200
admission-only,heavy_tail_burst,saturation,24463.013194656392,23499.5709144696,5862.73779162668,47644.68409203318,43448.5409144351,20382.63358697886,172948.7984518519,103340.78251402188,250890.78734261435,181452.64465124038,106437.29326681115,257421.89606701475,100937.92197458282,74520.48441813674,92140.13016485982,178542.3789181159,105691.75246783337,254582.21006468625,181850.4879315459,107471.60603295412,257416.15493446353,0.0009225,0.0,0.003690302890974625,0.9990775,1.0,0.0036903028909746473,1369.815787363433,1361.728117744988,284.05699940954884,5479.263149453732,5446.912470979952,1136.2279976381953,1370.5875052071476,1361.728117744988,282.64231505235193,1490110896.7031584,196994246.5949052,8075671411.07578,23690.70701454314,22760.171817198185,5676.891056584392,181229.27280594184,106408.35278539889,257428.01941007387,30.107498168945312,27.894973754882812,7.793275442288,0,0.0,200
admission-only,iid_noise,high,14239.652987629619,14055.294578230722,2505.2150018039656,14668.30463211112,14515.9359180107,2532.6860152232966,14821.066728242487,14667.797213809634,2541.895756656351,14947.860898095249,14734.676340518072,2552.1888484733054,14760.274552585688,14600.791454065296,2537.84524953011,14884.692808103955,14709.263416758238,2547.115270630126,14977.509386934458,14772.941575691797,2555.312146856123,0.0,0.0,0.0,1.0,1.0,0.0,1738.547947647517,1707.541611751135,312.93918921188276,6954.191790590068,6830.16644700454,1251.756756847531,1738.547947647517,1707.541611751135,312.93918921188276,832867.5586332765,783359.2654005763,285205.3778610313,13641.650026404555,13464.97075101726,2400.22814347095,14381.185775227901,14172.0912574908,2450.266505020869,30.14087677001953,27.418136596679688,11.008001290417269,0,0.0,200
admission-only,iid_noise,low,4677.8543590272875,4677.135316828823,803.6763276468996,4892.55033749406,4922.150609270693,820.2249774023954,4992.658626123112,5012.91547632751,831.2544653159335,5100.158642077778,5101.002752337528,846.6405329044705,4954.239987058546,4987.266191261302,826.5544902485066,5043.473861515263,5047.986306092716,837.7747877849447,5130.464332899524,5122.060775231772,851.1099517616638,0.0,0.0,0.0,1.0,1.0,0.0,1763.258520257304,1710.4507274200305,319.2336561361219,7053.034081029216,6841.802909680122,1276.9346245444876,1763.258520257304,1710.4507274200305,319.2336561361219,39154.71953933679,32979.97374924028,17105.266126386286,4079.603115389458,4078.948055469641,703.0415550052902,4524.38978520665,4505.281942309404,754.0415447715104,22.739171981811523,21.457672119140625,4.574063382189196,0,0.0,200
admission-only,iid_noise,medium,9353.04785463722,9039.001626149082,1824.1321516568757,9678.55853001707,9367.69488091231,1833.3719160954815,9810.57863496309,9480.98045139096,1836.3883784071415,9938.033383472337,9615.197476646996,1838.2011716665954,9759.289485474605,9434.057956419445,1834.9495529761468,9872.662192869082,9541.737182236608,1836.9597777538715,9972.022214825307,9658.16599232399,1843.2391835881274,0.0,0.0,0.0,1.0,1.0,0.0,1772.1803030563533,1770.10933683453,327.33771006629945,7088.721212225413,7080.43734733812,1309.3508402651978,1772.1803030563533,1770.10933683453,327.33771006629945,252545.94350941372,234004.15843514903,94727.8603514736,8763.155167880186,8468.793513890043,1709.6949549232797,9380.109193068789,9077.058567728149,1728.4831758168652,30.121803283691406,27.53734588623047,9.955345021223923,0,0.0,200
admission-only,iid_noise,saturation,18242.819933555184,18138.76542268722,2990.915439878171,18781.87054704231,18610.8572355062,3041.380011758984,18950.76510405817,18867.180729710944,3062.628666714417,19083.39714661213,18932.769586343027,3077.5150607801666,18883.050215677777,18756.785444620386,3052.3690851439574,19018.737480627122,18906.493084540576,3069.324305049713,19115.80855932887,18948.107091548394,3082.817611351774,0.0,0.0,0.0,1.0,1.0,0.0,1801.362104611948,1764.1823213246169,296.76421078320493,7205.448418447792,7056.729285298467,1187.0568431328197,1801.362104611948,1764.1823213246169,296.76421078320493,1802894.9160653963,1739348.1250365418,589845.319790559,17667.809297000054,17566.982197578214,2896.7130117156344,18544.61805699206,18393.845379548264,2991.7126718986174,32.84931182861328,30.517578125,10.715986509181606,0,0.0,200
admission-only,partial_obs,high,24926.845319728323,24244.69607599319,7523.327972075166,25571.752822079623,24975.319807524367,7644.052861370823,31481.48527360915,30826.22209414559,10685.229633292369,31983.46149804601,31174.595952941956,10790.567500792744,27846.028007251763,27608.398599817898,7978.792996182507,31757.162117381275,31060.754210287912,10722.447969046543,32029.12141452811,31218.96689558177,10787.517485030603,0.0,0.0,0.0,1.0,1.0,0.0,1072.7464881709907,989.9072636496605,394.2791873326104,4290.985952683963,3959.629054598642,1577.1167493304415,1072.7464881709907,989.9072636496605,394.2791873326104,4083230.902757326,3225686.3847047575,4509406.717645583,23880.961013253916,23227.461981911896,7208.019416580474,30995.864161766553,30219.218300862485,10579.728948178385,28.316974639892578,27.179718017578125,8.81741332651543,0,0.0,200
admission-only,partial_obs,low,8308.935349920794,8199.49510000799,2480.7516174430434,8516.241594932224,8381.688563399559,2507.0668112860258,9607.767804418127,10038.184228738763,2800.7781314305707,16963.25463919916,13643.162939713433,12363.742154588379,9585.410222159087,9609.13827675271,2736.819100078349,13131.751105396324,12117.364344504318,5935.125945105782,17032.410883356308,13666.668300786776,12406.01107574395,0.0,0.0,0.0,1.0,1.0,0.0,1070.0739799393598,975.669978913202,389.53721025987323,4280.295919757439,3902.679915652808,1558.148841039493,1070.0739799393598,975.669978913202,389.53721025987323,944554.9278454279,231398.29237644508,3053942.944452939,7256.009362730775,7160.313335926367,2170.106090178897,15996.616562273119,12513.573696858992,12359.421532389173,30.930042266845703,29.087066650390625,9.167775823494777,0,0.0,200
admission-only,partial_obs,medium,16720.658168949998,16464.57882665222,4953.719296671951,17098.10264909465,16778.86173391295,4998.764922308231,19715.1966271111,19245.386431288527,6166.8406040765185,23803.64447641441,22950.9231122732,9254.82641486144,18820.02999087618,18608.814482826157,5323.157702266644,22864.403968029506,22002.392782984403,8328.933887490393,23850.697305039896,22971.174106107752,9258.951033074736,0.0,0.0,0.0,1.0,1.0,0.0,1061.4875818392686,971.7834378000806,377.9758200383604,4245.9503273570745,3887.1337512003224,1511.9032801534415,1061.4875818392686,971.7834378000806,377.9758200383604,1795971.2388260618,1138678.754712774,3156460.3367393687,15668.564333076305,15428.52574669761,4642.934899073313,22807.754097367542,21997.281387119932,9104.111008881295,30.106306076049805,29.087066650390625,6.02606693049465,0,0.0,200
admission-only,partial_obs,saturation,33219.0176455864,33240.298967652794,9840.027358434425,34313.02616186647,34495.63280070057,10018.690359202246,41060.31006753922,40922.897994128245,13624.0738553282,41486.434658176935,41183.1035075137,13725.683608909294,37341.77841415149,37376.847793671004,10707.788368715657,41309.08207291513,41060.71294039233,13692.402994234633,41541.00678936066,41222.436738985016,13725.308864432707,0.0,0.0,0.0,1.0,1.0,0.0,1066.0080264549254,962.6869773328954,368.19606578171505,4264.032105819701,3850.7479093315815,1472.7842631268602,1066.0080264549254,962.6869773328954,368.19606578171505,8802734.44957994,7369778.589898,8960326.319946231,32172.37229497087,32192.994210087498,9530.108270459186,40498.93114313363,40196.559508037,13504.232953300558,35.86769104003906,32.782554626464844,10.974171128407011,0,0.0,200
admission-only,structured,high,15184.093980830909,14386.189140743973,4453.814190726577,15622.45828852098,14821.330556518256,4477.021347246195,15779.428898799457,15072.869114096302,4477.058153961468,15914.884218838359,15212.152357825027,4481.053525299717,15717.715698911992,14962.34271372824,4476.982541019613,15846.976993481572,15148.903606260235,4477.938948155713,15947.730231913396,15244.085910083824,4480.643559325463,0.0,0.0,0.0,1.0,1.0,0.0,1673.9360204090976,1668.2668666108875,351.19749677970447,6695.744081636391,6673.06746644355,1404.7899871188179,1673.9360204090976,1668.2668666108875,351.19749677970447,990144.0577952149,837194.2716225975,727688.5882719395,14546.504400788348,13782.098441856382,4267.162176404718,15309.499293107529,14647.932932966854,4292.418108851418,31.058788299560547,29.802322387695312,6.567777822579025,0,0.0,200
admission-only,structured,low,5049.040318136993,4811.532581428473,1306.1363943945946,5265.857107532393,5108.557948218357,1309.7950929617793,5366.8812613047885,5209.757883608848,1311.7443396961899,5473.760991642325,5325.89991454711,1311.114793590166,5328.342737434239,5164.814486952595,1310.4964749211185,5418.323713620821,5260.089035428298,1311.5858822362802,5504.726045695908,5351.284972313462,1311.327198573125,0.0,0.0,0.0,1.0,1.0,0.0,1669.3678766345745,1662.6743641852263,360.95081174656144,6677.471506538298,6650.697456740905,1443.8032469862458,1669.3678766345745,1662.6743641852263,360.95081174656144,44334.78394453772,35348.017958537195,22611.290333684232,4404.309883183503,4196.573020932743,1142.5850005639845,4851.758294433187,4720.654791682959,1147.517560551784,35.15958786010742,32.4249267578125,9.89772033564547,0,0.0,200
admission-only,structured,medium,10128.506688804036,9681.035975754192,2536.7335601859263,10451.696425421555,10104.09210140682,2541.580185083625,10585.24180922166,10295.698511842706,2541.9576243634383,10710.98738325454,10423.79952135361,2545.7594188055978,10532.895378757923,10234.701406466545,2541.4529098635503,10646.978476014096,10349.668486996554,2544.1760626373034,10742.951529266555,10443.978880022221,2548.5349699594703,0.0,0.0,0.0,1.0,1.0,0.0,1660.0207185015968,1652.7158493738602,352.78335572024514,6640.082874006387,6610.863397495441,1411.1334228809806,1660.0207185015968,1652.7158493738602,352.78335572024514,296332.8570284402,268857.1930079055,163006.29326845633,9489.968497090327,9070.635904869818,2377.58712146238,10102.068674510647,9815.416249844362,2391.913070638919,32.50718116760254,30.994415283203125,6.672664295978116,0,0.0,200
admission-only,structured,saturation,19681.171015207026,19047.735298758224,4307.9301774490805,20236.20372205916,19487.703087622234,4360.530425309956,20419.54717994242,19652.708752855222,4372.934622350798,20564.589958489516,19857.767245212908,4387.650301707925,20345.897864083425,19577.91735065545,4367.097954196543,20494.56907801384,19756.812555236553,4382.277190633807,20594.3527251759,19920.872270502714,4389.153614484004,0.0,0.0,0.0,1.0,1.0,0.0,1693.4338723972098,1679.9898663753247,337.0123553278846,6773.735489588839,6719.959465501299,1348.0494213115385,1693.4338723972098,1679.9898663753247,337.0123553278846,2136383.8960269135,1915608.324309202,1086251.6944192324,19060.870459704496,18447.424761422997,4172.245136253213,19977.24419882227,19330.97543844761,4254.760596045215,35.451650619506836,33.855438232421875,10.414176436653849,0,0.0,200
binpack-greedy,adversarial,high,22650.61739696649,21127.733803821182,3608.5168011889823,24475.308869175966,23479.868444520995,3867.5094321109727,34559.82004880971,32284.755785889498,10132.303459073624,35288.35938615518,32765.822673960247,10227.793008217228,28416.092586048995,28018.302569677122,4886.644420358719,34945.6446624757,32564.90053544598,10175.52170001116,35373.03324513297,32849.85132783567,10222.233021140952,0.0,0.0,0.0,1.0,1.0,0.0,1084.8844500418627,1135.9477508691439,160.6028299651432,4339.537800167451,4543.7910034765755,642.4113198605728,1084.8844500418627,1135.9477508691439,160.6028299651432,5763951.988426758,3965700.3343558135,5607150.82427653,21700.15315380556,20241.182655398607,3457.284472024478,34440.59390670762,31907.842963066112,10179.641600200333,53.55119705200195,49.82948303222656,10.4311570906945,0,0.0,200
binpack-greedy,adversarial,low,7505.924592495509,6984.102143498922,1202.808498622679,7697.640236357797,7028.944344801332,1298.8881629456828,11375.09228502215,10926.056756970882,2711.512427439549,22081.48747327548,17675.029298320514,15450.681457872468,10212.560890984212,9773.060489498588,2135.072306862818,16571.538541197515,14667.079433384231,7538.56391992342,22148.68065825048,17719.6519621475,15472.759331485093,0.0,0.0,0.0,1.0,1.0,0.0,1091.5218737988307,1145.4591394013164,162.1456634840183,4366.087495195323,4581.836557605266,648.5826539360733,1091.5218737988307,1145.4591394013164,162.1456634840183,2034671.3774906835,715064.0499465019,4947112.9946383545,6553.525858372921,6097.120554137516,1052.2116690497808,21217.08397027182,16756.792943570064,15477.82209051241,50.15969276428223,47.087669372558594,10.89373441446073,0,0.0,200
binpack-greedy,adversarial,medium,15128.3906103594,14091.78197545422,2403.8113476861768,16088.871877875337,15116.973522379783,2595.825325383959,21179.447104532344,20631.58807477716,4347.885935301644,29168.891807360735,25599.71526972515,13748.461259598202,19879.972637300623,19464.842363827105,3772.77842731226,27344.306529342735,24788.623996567716,11371.825219506522,29221.637452257088,25631.823060667753,13742.197736600036,0.0,0.0,0.0,1.0,1.0,0.0,1082.7636864591973,1135.414363552729,159.9842091130729,4331.054745836789,4541.657454210916,639.9368364522916,1082.7636864591973,1135.414363552729,159.9842091130729,4123160.136247831,1998350.633582554,8821448.720662981,14176.216761975318,13204.678624385244,2253.0263839798313,28290.000496248176,24634.681579780183,13729.503625844505,54.17466163635254,48.87580871582031,18.60731270211346,0,0.0,200
binpack-greedy,adversarial,saturation,30208.592494679902,28295.403566774083,4802.923656692507,32847.33198783915,31171.28817288995,5381.70906762083,44310.473484715636,41281.701316933104,17746.813520827563,44968.81638382476,41803.501035675705,17855.873694393777,37893.70432343375,36503.84270693318,7814.27634855628,44609.65159908366,41557.42772545878,17741.71484559734,45049.08952922613,42002.17006825361,17841.03237908765,0.0,0.0,0.0,1.0,1.0,0.0,1084.583481046591,1130.9265813683119,160.76851663201717,4338.333924186364,4523.7063254732475,643.0740665280687,1084.583481046591,1130.9265813683119,160.76851663201717,13919227.482000852,8200454.787285677,48917016.895451486,29256.701765765956,27403.993112610136,4651.625435920548,44117.490959526374,41164.28898681875,17816.53310540882,51.4066219329834,46.73004150390625,17.293439217567766,0,0.0,200
binpack-greedy,drifting,high,63444.79948979447,63513.511043979626,27921.076690124944,64375.2434945224,64395.32303045159,28218.935621163415,64618.31079738696,64629.6755899398,28272.741915143677,64821.32040651373,64790.76437242872,28317.51776924351,64521.93308754452,64537.917016392006,28251.146145778428,64722.42577821566,64721.32907478968,28297.255765532933,64871.94891842763,64824.67481542967,28326.632492052566,0.0,0.0,0.0,1.0,1.0,0.0,499.49555508172335,377.87235661499403,320.87956636737175,1997.9822203268934,1511.4894264599761,1283.518265469487,499.49555508172335,377.87235661499403,320.87956636737175,18178936.75766097,15250014.19047859,13645182.50523082,60784.729440240764,60850.52086391851,26750.97066471205,62211.457440043596,62172.8358996138,27158.268558446038,47.35708236694336,46.253204345703125,4.876899537639796,0,0.0,200
binpack-greedy,drifting,low,21143.250829284447,21146.772883998317,9344.436560840957,21509.9565560067,21490.066613521078,9439.53742976286,21659.33803788938,21625.731965171173,9473.635216245128,21809.60555611045,21756.8177476337,9492.822475168674,21601.307229725575,21571.289544072864,9458.684450525927,21732.037661574766,21692.473100822288,9484.953084323772,21856.623062465642,21790.94025336189,9504.55523605189,0.0,0.0,0.0,1.0,1.0,0.0,501.51501539364966,378.30831437810093,325.44463663372784,2006.0600615745986,1513.2332575124037,1301.7785465349114,501.51501539364966,378.30831437810093,325.44463663372784,620504.3207094064,514168.9947473471,458716.45986143814,18483.22215907436,18486.27545340395,8174.34045022555,19180.131355583155,19106.453861753704,8326.901244756316,50.18472671508789,46.96846008300781,12.210721116526965,0,0.0,200
binpack-greedy,drifting,medium,42353.612400291946,42376.9055671871,18651.0748169113,42977.318464289616,42944.516625260396,18835.83588371618,43175.32669802823,43103.783494046016,18881.030544708934,43361.31689483757,43250.63333901788,18925.023849889243,43097.948030544336,43043.7180380784,18863.011661990404,43266.61774088954,43182.02972700227,18902.11382453568,43410.26704028961,43289.7177799017,18937.623559522726,0.0,0.0,0.0,1.0,1.0,0.0,499.089413041971,377.564149146905,321.065784769203,1996.357652167884,1510.25659658762,1284.263139076812,499.089413041971,377.564149146905,321.065784769203,5264568.547697503,4388718.960457398,3942607.459204886,39693.423677976,39715.29472180371,17480.99581891658,40745.25937836207,40609.90723950043,17765.53263302226,54.143667221069336,49.71027374267578,14.06135652476362,0,0.0,200
binpack-greedy,drifting,saturation,84445.82291696561,84488.31414382398,37145.73777740076,85752.64893833727,85702.20846936615,37595.47442585761,86026.69355670396,85934.42998975454,37658.493826615995,86240.97619277857,86058.86454985918,37708.39497056249,85916.77768635144,85848.53999156115,37633.26678782616,86136.97199764023,85990.28734414367,37685.191733730535,86289.68420292377,86086.33660631662,37726.617018658864,0.0,0.0,0.0,1.0,1.0,0.0,500.1902964069061,378.75061213941126,321.0838815573487,2000.7611856276244,1515.002448557645,1284.3355262293949,500.1902964069061,378.75061213941126,321.0838815573487,43582993.341986306,36510352.9845682,32787982.314272184,81785.80131430872,81826.88532230619,35975.857358616384,83629.02969923167,83432.85906998819,36555.10230724144,47.08051681518555,44.82269287109375,9.26488431599644,0,0.0,200
binpack-greedy,heavy_tail_burst,high,22698.476073609483,21740.235519998365,5876.468428959166,37484.34634206894,35485.97340577429,10199.109986709833,190945.26881928704,97885.86757538223,426383.50001606485,197956.75706897688,107770.4949536051,428511.7910234194,89137.33618451082,65724.5771953301,108985.14788570664,195371.87505946265,102769.33134277383,427786.42488907796,198394.00272722208,107783.56024876417,428585.88124595344,0.000715,0.0,0.0027879451556576166,0.999285,1.0,0.0027879451556576235,1090.278844034005,1103.9458553631189,156.48474757135642,4361.11537613602,4415.7834214524755,625.9389902854257,1090.796838114162,1103.9458553631189,155.38465636581157,2511134834.8208747,150622961.05590564,24658266390.00538,21746.342672217772,20828.800415878042,5631.602902040045,197598.55468829905,107061.42420362114,428599.26882407605,50.727128982543945,47.6837158203125,8.05773966993731,0,0.0,200
binpack-greedy,heavy_tail_burst,low,7422.589897915314,7202.996881191019,1384.359405282582,9754.753240475156,9362.88196811545,2608.6703515087565,40846.99413855365,34092.962570588425,39178.40082647829,156175.50733711367,86667.70299822351,258925.23965462224,33826.1935734939,27078.84237079647,25826.390230308923,95076.10305554571,65212.0994700514,120050.32774517348,156283.82504896715,86710.84113715944,258917.89587291877,0.00026000000000000003,0.0,0.0012081798262106144,0.9997400000000001,1.0,0.0012081798262106023,1102.6982089555001,1110.6488529839662,145.52791387966883,4410.792835822001,4442.595411935865,582.1116555186753,1102.8742783329344,1110.6488529839662,145.05408439053022,352175110.5969328,42730582.41704155,1612332705.1449943,6480.86594058383,6288.779327348083,1211.3000613522115,155516.51532690515,85935.29541361838,258905.97123216232,50.73428153991699,48.160552978515625,8.223024402520384,0,0.0,200
binpack-greedy,heavy_tail_burst,medium,21287.58205747042,14616.386310445832,88080.44905843113,25027.581774825707,23748.74287086469,7615.33823504603,68815.51312079777,56897.716553532926,46554.87138323305,951825.6590075411,105157.21976849,10964541.97205829,187003.29693003107,49239.92657025898,1760572.5114422534,774143.7834679629,95639.13088548492,8776960.837527994,952227.4724298752,105938.77273128697,10964516.101872526,0.0004,0.0,0.0017479348906379636,0.9995999999999999,1.0,0.0017479348906379733,1084.608958648461,1094.6618177323608,170.07853125888252,4338.435834593844,4378.647270929443,680.3141250355301,1084.8461787533956,1094.6618177323608,169.50596705740077,896976182685.7035,106437820.5970987,12672322775408.855,19950.6099536138,13697.070123933367,82575.45487723044,951206.1746342633,104375.39905791248,10964537.659853954,60.12558937072754,52.928924560546875,15.846729755843805,0,0.0,200
binpack-greedy,heavy_tail_burst,saturation,32892.582883597635,29480.07430896678,29947.43550429424,50684.61364141911,48237.05907534009,14268.850682454215,356841.9057434816,120955.59898668012,1866851.8966790454,361482.52046083496,127102.56913383506,1866414.0738420438,164237.4637189319,84649.15542310696,600526.2158047662,359442.3585012231,126542.1845935893,1866585.7013774996,361774.8686940837,127132.86684582388,1866404.367586571,0.00096,0.0,0.004133257685588619,0.9990399999999999,1.0,0.004133257685588612,1072.6501324300643,1085.4799027247707,173.22159531940116,4290.600529720257,4341.919610899083,692.8863812776046,1073.248339108294,1085.4799027247707,172.1384175603051,54740870830.64751,234090040.06240076,681554574217.9772,31857.397837934095,28551.68087052631,29011.76340818499,360900.9665851936,126389.63881995063,1866421.8468058924,53.490400314331055,49.35264587402344,13.339644742142188,0,0.0,200
binpack-greedy,iid_noise,high,18106.18792739282,18261.857146502123,1433.7096703051527,18568.49469060389,18691.211878375183,1440.6173710201826,18729.489073456105,18802.683606211573,1450.3122643353108,18871.443508184602,18902.37862133884,1455.7072780087099,18665.498324283155,18763.60066086546,1444.538499164309,18800.780618845572,18852.97713253627,1452.8860107095252,18903.723058334504,18931.905625916334,1458.5725371810724,0.0,0.0,0.0,1.0,1.0,0.0,1333.862462711359,1314.2146397864276,106.43201069554966,5335.449850845436,5256.85855914571,425.72804278219866,1333.862462711359,1314.2146397864276,106.43201069554966,1291911.5173027895,1279603.7881685414,204013.76277795588,17346.153029038054,17495.26915087561,1373.6265444732546,18145.604601438794,18160.849802910947,1400.2593397013416,53.63583564758301,50.067901611328125,10.562581899958627,0,0.0,200
binpack-greedy,iid_noise,low,5970.052065684718,6019.719306378937,479.52981741381285,6190.272257790073,6213.386834261903,484.6936118242402,6293.5317623575975,6287.65728508901,493.37570591734874,6405.796760489532,6354.305597156679,512.4385279775573,6253.497396175773,6261.443990483918,489.296926623861,6346.878344903882,6318.345528051324,500.5758568802291,6437.084540150511,6381.334417823354,519.4216371160495,0.0,0.0,0.0,1.0,1.0,0.0,1348.7072422037363,1328.9656269199972,109.16881432377659,5394.828968814945,5315.862507679989,436.67525729510635,1348.7072422037363,1328.9656269199972,109.16881432377659,54348.668838100064,48541.485962379506,15561.07350172926,5209.996100306611,5253.462982049672,419.48538023242753,5669.199912781573,5589.589543500646,464.972555784854,55.686235427856445,49.35264587402344,17.209572793705334,0,0.0,200
binpack-greedy,iid_noise,medium,12064.595977594834,12166.67450555354,955.6950795968629,12402.694116370418,12474.643123126925,958.9817080709096,12539.06804925337,12570.125886134141,963.2732762578104,12666.227996088022,12661.417684886692,975.6959609527793,12485.46218451921,12539.61164868296,961.1554862351335,12601.968101037543,12621.429502365463,968.2249140267611,12696.815218050626,12688.679687498483,980.6330112435598,0.0,0.0,0.0,1.0,1.0,0.0,1334.5525974380764,1315.0676892895053,106.51118571292916,5338.210389752306,5260.270757158021,426.04474285171665,1334.5525974380764,1315.0676892895053,106.51118571292916,388053.5288021035,377819.8211650249,63729.13038526274,11304.601773139317,11400.280341285412,895.7374340652675,11937.972627187242,11909.504911096534,924.8624431035062,52.427053451538086,47.92213439941406,15.566264243216693,0,0.0,200
binpack-greedy,iid_noise,saturation,24122.68851562568,24323.20866649196,1905.0165067588416,24714.212506372496,24883.220482398894,1917.289895199481,24902.188123112875,25016.02248321521,1927.9497439947131,25051.425879203143,25114.16564580337,1935.287113241461,24826.168708260582,24973.98615708819,1921.6956074393242,24978.166284256935,25074.377962956292,1931.438193201302,25082.234919937837,25135.053360268605,1938.5120761663331,0.0,0.0,0.0,1.0,1.0,0.0,1334.8627788726903,1315.615937793838,106.23128082416514,5339.451115490761,5262.463751175352,424.92512329666056,1334.8627788726903,1315.615937793838,106.23128082416514,3054494.1783800847,3043407.505062244,480034.81878605473,23362.510401790434,23556.784252821213,1845.0220167988314,24326.153899166573,24364.202011996647,1881.2251993802124,48.55155944824219,46.01478576660156,8.538324949576234,0,0.0,200
binpack-greedy,partial_obs,high,29587.16131103266,29532.155811466604,7337.100959832407,30304.999780159476,30611.34542168753,7383.596035842772,36092.98860081265,35106.54473800966,9695.254956885688,36673.21994878229,35968.16072593066,9614.437615668756,32504.827407832476,32676.125751673033,7811.042859088692,36448.0341304212,35661.72320300162,9644.011479816456,36713.08044609257,36018.004840602225,9618.01217403685,0.0,0.0,0.0,1.0,1.0,0.0,868.2524620960373,813.9865563835067,240.55481775516495,3473.0098483841493,3255.946225534027,962.2192710206598,868.2524620960373,813.9865563835067,240.55481775516495,4654158.584592065,4262387.8171801735,2594777.031397382,28345.97518931539,28293.326817497218,7029.636053794022,35487.12602897196,34633.810804337496,9375.54983487995,47.39642143249512,46.01478576660156,5.095338377021396,0,0.0,200
binpack-greedy,partial_obs,low,9818.773708183118,9868.117585619977,2459.318251094307,10035.485283183261,9986.105620276132,2473.312281470393,11255.761709309696,11353.035765747394,3104.4671075019974,18403.052103162798,15130.262923151458,11573.542496115213,11118.743553774155,11160.197487074773,2829.738300433459,14733.100018431787,13266.374573935227,6159.780202944698,18454.42486378541,15168.663562509044,11578.038338891474,0.0,0.0,0.0,1.0,1.0,0.0,873.367085454402,811.7912217554363,244.66885528563714,3493.468341817608,3247.164887021745,978.6754211425485,873.367085454402,811.7912217554363,244.66885528563714,918096.7261413379,257616.6989406029,2461310.7090154127,8576.788059863587,8619.995924386425,2151.3648082690756,17222.884484482234,13779.16671621747,11504.385363797357,50.008296966552734,46.49162292480469,12.066298620828656,0,0.0,200
binpack-greedy,partial_obs,medium,19744.59736416131,19990.791270410336,4892.749046777623,20132.435448634362,20133.945652065628,4940.955061980783,22750.133817855065,22733.135250126892,5506.401033109165,28024.651581847625,26410.811993816933,12383.770095521566,22086.622423935583,21859.04709905575,5382.93827539385,26854.955911481888,25564.77784562815,10555.223899063782,28086.072631854044,26460.24962325315,12392.45520664634,0.0,0.0,0.0,1.0,1.0,0.0,867.2588255601421,800.8373410359634,239.98347753175094,3469.0353022405684,3203.3493641438536,959.9339101270037,867.2588255601421,800.8373410359634,239.98347753175094,2691977.565879074,1543878.1662230215,7309929.445087514,18502.804631900366,18733.653373461217,4585.817961422455,26855.340020744523,25139.746783171024,12281.46487405258,50.3230094909668,47.6837158203125,7.920317643478894,0,0.0,200
binpack-greedy,partial_obs,saturation,39423.42321581345,39421.89751936394,9785.97727447672,40560.82246948477,41624.30761246987,9979.97162245163,47931.33775506164,45965.486662537776,13662.80245426323,48330.693466364064,46646.1748458612,13594.910406430294,43851.254335815094,44357.245422937194,11001.114071444039,48144.15350377704,46337.442760418424,13628.03660447768,48368.90346464934,46746.27479471046,13597.70704191864,0.0,0.0,0.0,1.0,1.0,0.0,868.903717528357,812.9712702847303,240.68443537065042,3475.614870113428,3251.885081138921,962.7377414826017,868.903717528357,812.9712702847303,240.68443537065042,11177596.903092002,9797689.005376691,7473355.676773242,38181.36187368158,38179.94164177324,9477.790712096767,47144.34760453849,45442.45549482538,13356.92489727222,50.874948501586914,48.160552978515625,8.293874284635086,0,0.0,200
binpack-greedy,structured,high,20758.615336903596,18257.469694079766,6476.736127459601,21249.465787287285,18681.271922366024,6480.233973154325,21409.089294406982,18804.067387375195,6461.679809435753,21547.5954420945,18906.678111618916,6449.86970874124,21345.707867915582,18760.929001862773,6469.6446487791245,21479.193728447797,18855.999426082246,6455.652045249801,21581.48109827086,18929.122061158025,6447.9014976559765,0.0,0.0,0.0,1.0,1.0,0.0,1240.2275484197435,1314.5304747251012,273.35293028274475,4960.910193678974,5258.121898900405,1093.411721130979,1240.2275484197435,1314.5304747251012,273.35293028274475,1829676.919260949,1274988.404530307,1228587.5696244284,19887.433862404225,17491.12632706242,6205.309382636344,20711.865362181652,18157.176990099993,6176.062049394227,53.28655242919922,47.44529724121094,17.71098879208028,0,0.0,200
binpack-greedy,structured,low,6858.16851529047,6023.2554842520785,2166.30237222827,7088.581802050377,6215.261586603327,2151.8483709199654,7196.418011369233,6282.740357890871,2140.9690242475726,7313.623750441753,6359.682684361316,2129.8191110572043,7154.968568734192,6262.036020378116,2144.9821399503153,7253.0529653434005,6319.832185022932,2135.563184832878,7351.010976169326,6380.677309967416,2126.822247731374,0.0,0.0,0.0,1.0,1.0,0.0,1253.28737220718,1328.1854009042606,278.81520675374304,5013.14948882872,5312.7416036170425,1115.2608270149722,1253.28737220718,1328.1854009042606,278.81520675374304,72485.78219749212,48528.71138933231,39095.205049224984,5986.902806511911,5256.557851435021,1895.0393073463774,6468.56081036441,5613.736324537953,1855.2636197206916,53.969621658325195,47.087669372558594,18.006969726306224,0,0.0,200
binpack-greedy,structured,medium,13836.683389915768,12165.508685524119,4325.867447146174,14192.440500785407,12466.04776375588,4316.0328293658895,14330.95969391743,12570.09724714551,4299.319960264513,14459.010432630872,12653.169168675797,4281.641520065701,14276.89844015524,12531.046137154248,4305.913706064632,14393.393317631204,12618.925278186784,4290.830873198269,14492.730239248835,12685.46678239986,4277.9448713838265,0.0,0.0,0.0,1.0,1.0,0.0,1240.7599456994287,1315.1937193881963,273.8932066985762,4963.039782797715,5260.774877552785,1095.5728267943048,1240.7599456994287,1315.1937193881963,273.8932066985762,543707.8782831028,375377.56040208304,351102.0122915063,12965.514442697875,11399.151250545718,4054.482718454689,13623.315438459185,11912.80115618254,4006.0457642938013,50.9035587310791,48.63739013671875,6.806946898305776,0,0.0,200
binpack-greedy,structured,saturation,27649.899884076956,24318.294005743814,8617.39794833047,28290.777317418488,24871.23977685977,8644.031398420377,28478.004440638335,25017.37687054791,8622.525698826797,28633.408073573686,25101.664973347837,8605.415019231208,28403.7987030901,24962.103761667226,8630.832472664762,28557.607326615405,25068.78754279919,8614.88034045609,28665.420811119493,25127.076965479348,8605.21985677787,0.0,0.0,0.0,1.0,1.0,0.0,1241.3123112964704,1315.8818522147526,273.3153434324562,4965.249245185882,5263.52740885901,1093.2613737298248,1241.3123112964704,1315.8818522147526,273.3153434324562,4350338.8165960815,3050111.596663102,2965777.8159684623,26778.63427144595,23551.952402923413,8346.00696539865,27800.293625665974,24349.92405822157,8333.528421763096,50.68540573120117,47.92213439941406,7.648584284554989,0,0.0,200
k8s-default,adversarial,high,11804.969459819165,9695.579115534594,3354.1899449803486,13613.685645669962,12132.268154391875,3593.1520236159004,25310.78963345604,21924.477266990307,15778.738259626209,25970.079486648297,22532.731231895596,15823.165186506936,18174.782726074947,18052.81091976229,5517.298078195268,25687.25979218485,22085.32666901959,15772.507581582253,26022.67807544369,22564.919754066716,15814.328509903176,0.0,0.0,0.0,1.0,1.0,0.0,2191.888875521754,2475.3634304089874,564.770901255985,8767.555502087016,9901.45372163595,2259.08360502394,2191.888875521754,2475.3634304089874,564.770901255985,6777668.708207611,2694309.34237587,22342653.852512274,11309.04686780126,9287.757746883472,3213.6337929057436,25545.968718181084,22153.164494729208,15803.706296949822,87.69392967224121,80.94310760498047,20.312680728711356,0,0.0,200
k8s-default,adversarial,low,3853.3309433946138,3107.5141155749834,1130.3559914089005,4037.665315541617,3503.537164298452,1091.47362482349,7496.1744776586975,7184.8194235904775,2788.258720529658,17535.461398902477,13190.092562086797,17421.54752406586,6392.164371945578,6215.926756706265,2138.2174779601105,12262.704161119449,10734.737336259368,7789.866791439141,17604.169208063322,13239.51505549765,17424.689966831233,0.0,0.0,0.0,1.0,1.0,0.0,2248.872443915832,2574.4162857368237,595.0661207667617,8995.489775663327,10297.665142947295,2380.264483067047,2248.872443915832,2574.4162857368237,595.0661207667617,2034263.2485013371,566231.3895100489,7255414.806757908,3358.3252435209342,2705.5017568378953,988.8317640949984,17119.935983051484,12606.369203451904,17415.465081572875,88.90509605407715,82.0159912109375,20.48899394702748,0,0.0,200
k8s-default,adversarial,medium,7826.831158672101,6360.811580000493,2259.8590884508244,8699.222083355085,7756.157394519143,2334.647293773372,13795.199936878502,13453.99728763659,4581.8576022397665,19759.340406578394,17496.92833750896,11185.32314076075,12144.658986795614,12023.715363414998,3487.1613278046975,18423.28696607037,16733.81987424798,9557.642340054681,19846.886100614323,17516.634171360558,11202.850164970887,0.0,0.0,0.0,1.0,1.0,0.0,2208.7774868607307,2515.4022936349893,575.6318480713438,8835.109947442923,10061.609174539957,2302.5273922853753,2208.7774868607307,2515.4022936349893,575.6318480713438,2802118.0056596417,1389170.653192414,6972788.982039551,7332.713215009957,5958.621305452805,2118.095233765922,19341.279681346838,17077.604089225628,11172.463339256705,76.66945457458496,75.57868957519531,4.593443938254732,0,0.0,200
k8s-default,adversarial,saturation,15703.838319235525,12861.502278145854,4522.726873233193,18369.594587670177,16194.166490702326,5049.33317485325,28286.310592694375,27135.153269756018,11878.031520077844,28901.132507007267,27567.820891585172,12039.32614502619,23005.340571459077,22918.846493603207,6804.554943125396,28639.70084583199,27358.58654880362,11953.693692122168,28950.216577331856,27590.13225632145,12035.735259684923,0.0,0.0,0.0,1.0,1.0,0.0,2201.2758574536015,2488.045658076422,573.6123323199699,8805.103429814406,9952.182632305688,2294.4493292798797,2201.2758574536015,2488.045658076422,573.6123323199699,7395109.227448561,4294567.704702027,11316521.42359183,15208.744859359544,12456.245826965762,4380.2958312120345,28475.278683074896,27168.38993692174,11992.50429670204,84.04731750488281,80.22785186767578,10.186633175692496,0,0.0,200
k8s-default,drifting,high,54535.98861726123,53533.88444610826,27884.156081593916,55375.42073192418,54305.387439389684,28174.728081601734,55596.0251551002,54492.358632701886,28221.641713796504,55783.69037414649,54703.23265126083,28254.57885196306,55508.99185813474,54415.2210547764,28203.018829886103,55690.75645692967,54607.966595152255,28239.529150373335,55827.74230171364,54737.63804880448,28265.712660836216,0.0,0.0,0.0,1.0,1.0,0.0,715.4238266725524,448.50171128887393,723.9830557403059,2861.6953066902097,1794.0068451554957,2895.9322229612235,715.4238266725524,448.50171128887393,723.9830557403059,14200657.84724766,10877682.152640924,11790623.675403994,52249.26339499006,51289.11814788925,26715.594841584807,53544.9858385868,52498.511325538624,27096.240668941366,90.179443359375,82.49282836914062,22.87218159092287,0,0.0,200
k8s-default,drifting,low,18161.816189615958,17823.408484365864,9331.696733078932,18498.269001670968,18118.893178192913,9421.34038373867,18632.811227551298,18230.275284312796,9447.784315285187,18772.980455823097,18330.150543794076,9472.315812485042,18581.151542554922,18182.57867954859,9437.360408101551,18700.194729127354,18277.955935425693,9460.693058790343,18814.576787705173,18356.572329446513,9479.539664092015,0.0,0.0,0.0,1.0,1.0,0.0,724.3751514139512,449.0297465588238,748.7580033732258,2897.500605655805,1796.118986235295,2995.0320134929034,724.3751514139512,449.0297465588238,748.7580033732258,487777.805852014,367982.4115833767,395917.8231665184,15875.11770018051,15579.07503656265,8163.193118948693,16514.162709969514,16089.422201261623,8307.40041767407,83.6336612701416,77.36682891845703,18.828278056290383,0,0.0,200
k8s-default,drifting,medium,36398.18856234443,35724.60581388183,18624.5688544079,36962.517538167165,36216.61875842669,18802.107896062756,37145.72432198556,36358.22428300179,18843.7269418401,37322.023248691396,36448.57488035524,18883.607708028198,37075.47599752102,36302.24899409201,18827.626546568656,37233.233670182904,36401.54624020186,18863.793618224405,37367.64402428649,36465.850091546345,18892.649201812732,0.0,0.0,0.0,1.0,1.0,0.0,716.0915037809907,448.04949738949665,727.4600066063331,2864.366015123963,1792.1979895579866,2909.8400264253323,716.0915037809907,448.04949738949665,727.4600066063331,4119932.019784562,3135778.9338186593,3403023.0663637253,34111.60653555386,33480.2320341305,17456.145145340448,35082.25235165143,34254.370812801644,17723.645310756292,90.6074047088623,85.11543273925781,19.075154249248694,0,0.0,200
k8s-default,drifting,saturation,72590.07683173005,71277.39623097693,37096.89152892736,73754.6483321066,72348.53783322877,37530.89875901716,73997.24190500253,72584.55918538148,37590.74826367649,74191.0978629226,72675.28434685699,37635.42386481145,73901.40175556729,72504.23922241382,37566.68638009482,74095.47912770847,72634.06514538065,37613.51760622326,74238.14882316736,72709.54845326548,37642.708470625075,0.0,0.0,0.0,1.0,1.0,0.0,715.7767109641143,449.13556942490624,722.409376569506,2863.106843856457,1796.542277699625,2889.637506278024,715.7767109641143,449.13556942490624,722.409376569506,34037115.00370667,26000506.392205194,28267539.90352935,70303.45365027308,69032.15639194568,35928.563472431335,71954.61557045174,70435.56142781518,36471.22954088065,97.03993797302246,87.38040924072266,18.68201600511463,0,0.0,200
k8s-default,heavy_tail_burst,high,13480.938863960419,12722.476862004769,3907.831308986969,29325.26306092319,26040.87790955395,10659.99030732735,153301.89316968332,88797.89342580047,213530.64368976658,157453.62273566553,95278.62832064253,213059.4723136205,73094.59652237571,56876.02281636182,64884.978101967776,155421.72192881763,91236.7676790109,213204.6036321414,157671.2204318808,95313.51363417448,213011.22755527552,0.00066,0.0,0.002742628310626736,0.99934,1.0,0.0027426283106267617,1881.7404893182945,1886.4300109747487,396.94311529916183,7526.961957273178,7545.720043898995,1587.7724611966473,1882.440590380846,1886.4300109747487,395.56627652286375,843399994.7491385,136755165.94375074,3380537290.616054,12915.312245450767,12189.02406260735,3744.6445356656045,157246.94625621487,94870.35540784441,213019.22503734188,84.78999137878418,81.06231689453125,9.807155994367562,0,0.0,200
k8s-default,heavy_tail_burst,low,4421.1979582089425,4190.928271374081,1168.3095642357268,6618.976131243736,6397.077403955378,2476.1746482036237,35444.189391822474,29637.25788186745,19042.082560888564,157706.2127049275,82645.5792016735,215952.47808200715,30502.261828340845,22711.25112322005,21172.938547599642,92252.56388565293,58812.66972404793,95525.55892211107,158296.64024235116,82682.03318990694,216022.00981424746,0.00021999999999999998,0.0,0.0009142094368755781,0.9997799999999999,1.0,0.0009142094368755707,1910.542896786829,1908.8853623013392,414.96611788086926,7642.171587147316,7635.541449205357,1659.864471523477,1910.7848719617866,1908.8853623013392,414.5138272409314,270384615.50680333,39196405.88202144,897403256.6344397,3855.2433628473896,3653.989939367849,1022.1990270378275,157562.69869565836,82400.81664096529,215899.56962733192,87.10026741027832,79.15496826171875,15.908434582808223,0,0.0,200
k8s-default,heavy_tail_burst,medium,8837.228553836356,8321.023986504537,2321.726518044938,17840.285388265405,16945.746937701402,6083.070613092511,65899.32290413034,49616.40099399521,60198.84686938573,141350.71293599557,84172.32196536023,156208.8314901119,51756.944624381395,40136.25530004746,37769.786703395446,125332.32948000448,78460.37600490605,134178.32489994666,141482.8860452702,84209.2802034588,156182.93751532305,0.00028000000000000003,0.0,0.0014739275123145604,0.9997199999999999,1.0,0.0014739275123145756,1907.9521169248806,1922.8480113004985,407.4715680335905,7631.808467699522,7691.392045201994,1629.886272134362,1908.255969205161,1922.8480113004985,406.8861545527831,387442881.352347,81692605.24110536,1356958807.9825068,8279.817334268464,7796.396597189369,2176.5925097711092,141072.16284255192,83801.39921414314,156188.43097949945,84.69700813293457,79.87022399902344,20.945236628601815,0,0.0,200
k8s-default,heavy_tail_burst,saturation,18192.465790898328,17753.169685747667,4712.925673604507,39973.89581918515,35659.86683704447,16538.292695378568,166849.1399312972,110477.52591076816,194041.87019292894,170399.78784598186,116166.69494434059,193811.7367220357,94625.97127020702,72654.14813632895,79198.46946853153,168942.31387464315,113474.44965431532,194054.48476934756,170819.2414013101,116599.25996121959,193801.57738073746,0.00064,0.0,0.0035288331381042827,0.99936,1.0,0.0035288331381042584,1853.729266347397,1802.4967816487142,407.61010803446686,7414.917065389588,7209.987126594857,1630.4404321378674,1854.3520807891898,1802.4967816487142,406.33423020137735,1083172530.3766427,235358462.62916863,3987987847.1711607,17619.509545739395,17194.965770777817,4564.908565818815,170252.8591373753,115776.67489337549,193770.17409174048,102.27441787719727,76.41315460205078,244.51347761516712,0,0.0,200
k8s-default,iid_noise,high,9197.429345679597,9024.249234667293,1567.5382667330475,9591.131951108178,9340.71563995921,1584.9189946431954,9743.36238325503,9488.623691142022,1591.5853049082932,9869.58405468044,9574.09240021911,1596.7851551898982,9683.322514353256,9425.79232033866,1588.201090835604,9807.439296900184,9532.445037548561,1593.6364932663917,9902.40017685727,9591.036352347917,1600.790958780859,0.0,0.0,0.0,1.0,1.0,0.0,2682.6271557806695,2659.5010217875288,440.17931908597444,10730.508623122678,10638.004087150115,1760.7172763438978,2682.6271557806695,2659.5010217875288,440.17931908597444,373392.6675393255,332924.9441946467,121047.57143193872,8810.73737574328,8644.843251730057,1501.8463608174852,9515.917841632334,9207.119228118565,1535.0553879175582,82.15188980102539,78.43971252441406,9.978217496833942,0,0.0,200
k8s-default,iid_noise,low,2988.191698922351,2928.856773241687,524.129384164869,3194.4626327364026,3078.3857906220182,533.809079019347,3293.1301270134586,3149.8278806018834,544.8356258280594,3400.277494795626,3209.313638249529,561.2980276797151,3255.0517597289595,3124.028098098611,539.5861161900963,3343.995676950831,3183.75039649551,552.2482722971181,3426.9974266199556,3238.7624671816184,566.0287193532108,0.0,0.0,0.0,1.0,1.0,0.0,2756.8708485265674,2731.4413033137544,466.04123415108774,11027.48339410627,10925.765213255017,1864.164936604351,2756.8708485265674,2731.4413033137544,466.04123415108774,24125.518836744326,15666.171743939649,14259.195978008014,2601.5169441647904,2549.6362767883716,458.496043167653,3033.6197211686003,2853.68595366081,504.1716843254979,96.76098823547363,89.88380432128906,20.648624348896096,0,0.0,200
k8s-default,iid_noise,medium,6114.815274162157,5999.433457917554,1048.3871649031698,6415.492965883463,6227.930017291128,1060.7193528976863,6543.963324258104,6319.708544432044,1068.9221932850269,6669.767121240591,6391.87244132279,1080.8390779654055,6494.727502224156,6278.831723971686,1064.9993184323691,6606.777265410366,6355.33744674332,1074.789672088479,6701.31127839456,6430.1109082859175,1086.3413739167802,0.0,0.0,0.0,1.0,1.0,0.0,2690.941172822898,2666.9185552371714,444.5152907742659,10763.764691291592,10667.674220948686,1778.0611630970636,2690.941172822898,2666.9185552371714,444.5152907742659,123521.48336026206,101234.05482137916,43887.1357464487,5728.076784436899,5619.995484974273,982.6173000887455,6315.51502884329,6040.67147925141,1020.8429821185003,83.45603942871094,78.67813110351562,18.185192013016383,0,0.0,200
k8s-default,iid_noise,saturation,12262.791158788483,12017.159400580429,2082.9768812473626,12744.249197552303,12438.406963547339,2104.6762517250568,12917.332883574054,12545.099623246457,2106.9009362335505,13048.537137917432,12617.74169956017,2114.2147912322757,12848.156128119934,12505.892264551156,2106.210746540876,12985.520340349087,12578.9877413129,2109.8765158003284,13077.532455007797,12627.308602350655,2117.1907950675786,0.0,0.0,0.0,1.0,1.0,0.0,2682.2093326836766,2662.8589116205135,438.49294435963844,10728.837330734706,10651.435646482054,1753.9717774385538,2682.2093326836766,2662.8589116205135,438.49294435963844,849514.6400088198,771762.3844425139,277643.5340451256,11876.12123042861,11638.31163848907,2017.3747284973447,12693.564434601545,12259.599278323134,2054.21933419236,91.68028831481934,84.87701416015625,15.762267873862735,0,0.0,200
k8s-default,partial_obs,high,20011.77458343288,19618.4567358065,7087.524550344815,20626.90002103585,19942.022705971423,7118.331299055419,27567.05059741938,26419.148885184903,13244.526390031035,28225.91679721169,27093.204456728265,13543.54771116951,23242.230077301436,22776.407441943596,8212.55872146303,27990.85932457484,26780.885943496854,13400.908006869779,28261.231435620262,27115.756339429907,13550.804243307884,0.0,0.0,0.0,1.0,1.0,0.0,1403.1300788769063,1223.337816460028,633.1053447150281,5612.520315507625,4893.351265840112,2532.4213788601123,1403.1300788769063,1223.337816460028,633.1053447150281,4096143.027766064,2469724.4789318102,9744349.000073247,19171.845323980007,18795.07831127694,6790.547515657933,27437.005964378564,26147.130097475107,13375.149974443719,80.92880249023438,77.96287536621094,7.938766065957401,0,0.0,200
k8s-default,partial_obs,low,6606.913785914263,6454.239612336497,2372.3442258901896,6800.928890324965,6588.868476768404,2386.9233236688497,7883.3262082273695,7930.86850322467,2724.052867584114,15108.266426875816,12016.430260331661,11502.070882640002,7848.714706705113,7660.351459556695,2669.1907243129954,11344.372775802585,10512.552547147981,5630.258210852562,15267.063745126636,12114.909303788536,11548.63895168729,0.0,0.0,0.0,1.0,1.0,0.0,1426.3828034020426,1239.506537323245,665.5381743024502,5705.53121360817,4958.02614929298,2662.152697209801,1426.3828034020426,1239.506537323245,665.5381743024502,817932.6166871112,222101.5862922367,2647388.4171287618,5767.0372446600395,5633.586204098367,2075.330411804235,14440.115751964999,11400.843875820749,11479.705100529285,89.33782577514648,83.56571197509766,16.168013281058233,0,0.0,200
k8s-default,partial_obs,medium,13335.976282029695,13046.173167884233,4720.097231633912,13681.929818815117,13276.407607395562,4776.077503052378,16320.49193391646,16756.28730607622,5436.31059604057,21111.469023090707,19614.312786484596,8467.262760216496,15553.657630199345,15465.547298076573,4975.893634288875,20029.789434586553,19023.857695003273,7519.885684729946,21152.50209060353,19683.38099478937,8471.627003473794,0.0,0.0,0.0,1.0,1.0,0.0,1403.684047357696,1226.415762267613,634.5826405944861,5614.736189430784,4905.663049070452,2538.3305623779443,1403.684047357696,1226.415762267613,634.5826405944861,1502950.0603024515,931105.9395424296,1905405.9193469884,12496.212111585306,12224.604052583336,4423.978083503728,20324.910268410677,18887.08630372696,8316.419615921901,92.67091751098633,82.73124694824219,29.76092516115841,0,0.0,200
k8s-default,partial_obs,saturation,26654.193917371027,26018.739128404915,9396.102912085105,27653.717163471592,27079.230729362578,9485.548891885159,34604.57975471959,34255.00131654463,14084.024758825273,35027.04984491366,34670.577534559896,14100.623485381768,30692.42377423894,30903.56474136609,10045.015996009291,34833.78881887714,34509.90780403568,14082.034721862186,35074.2102782002,34706.61558172615,14096.604597856698,0.0,0.0,0.0,1.0,1.0,0.0,1402.4097578210622,1229.9126899435373,629.4901393410844,5609.639031284249,4919.650759774149,2517.9605573643375,1402.4097578210622,1229.9126899435373,629.4901393410844,7226459.0541793965,5337018.773976201,14600804.365546782,25814.271262677634,25198.885249783874,9100.178968772761,34240.066534887446,33871.702167590964,13916.253249109988,93.58763694763184,82.25440979003906,28.104703689281187,0,0.0,200
k8s-default,structured,high,10995.05587647477,9091.469945095487,3606.3073808333725,11398.714247369493,9326.415695946529,3679.0559563101624,11553.939780430133,9410.68197104216,3704.7514776548705,11680.34830772635,9481.732182604916,3722.91821625948,11492.386222696789,9374.24336597701,3693.8833775772678,11619.465240648256,9444.794140259153,3714.852009370751,11711.986639913544,9498.616854704507,3727.1630944591693,0.0,0.0,0.0,1.0,1.0,0.0,2410.5076775350813,2639.8371910341693,714.5551304489633,9642.030710140325,10559.348764136677,2858.220521795853,2410.5076775350813,2639.8371910341693,714.5551304489633,549952.7746097024,328442.7856527324,342288.60205501865,10533.03009068175,8709.200297404415,3455.1751729401144,11251.123294832676,9123.446666203949,3577.2573793010874,86.1978530883789,81.89678192138672,11.974097299292277,0,0.0,200
k8s-default,structured,low,3590.406350599365,2952.2125952776496,1206.7397944783604,3801.0235514953947,3066.947398982214,1240.9057587740188,3901.362852267314,3121.9902439497573,1256.461534366377,4009.6189865891915,3221.786018158157,1276.82166667791,3862.8908702343715,3095.5892679433337,1250.6468672443139,3953.469702882618,3169.986423034182,1265.988178389799,4043.2096651062,3241.923007973758,1285.540025781712,0.0,0.0,0.0,1.0,1.0,0.0,2472.9185463964695,2709.8319757166864,750.5176458640132,9891.674185585878,10839.327902866746,3002.0705834560526,2472.9185463964695,2709.8319757166864,750.5176458640132,30086.431781421517,17671.361419259672,19584.95886667089,3128.323812349771,2570.0436448764476,1055.6332567650975,3575.576518103474,2878.7138795349747,1136.597902133518,87.52226829528809,82.96966552734375,11.784103709401954,0,0.0,200
k8s-default,structured,medium,7315.010316029976,6037.7341868517515,2409.8977101586374,7624.297615692754,6211.937402008591,2463.129931352924,7756.715519665916,6284.515457119318,2483.3413378850855,7883.501078634113,6380.579559163307,2506.0340713220535,7705.07453526619,6247.947185292145,2475.6138884054694,7819.56088300591,6322.9294223291745,2493.8424527979714,7915.182066417254,6402.797544830672,2510.814743950113,0.0,0.0,0.0,1.0,1.0,0.0,2417.6895141507543,2650.0007554284252,719.9878097059715,9670.758056603017,10600.003021713701,2879.951238823886,2417.6895141507543,2650.0007554284252,719.9878097059715,174624.92346801647,101908.18861072231,106095.93485094134,6852.98005540614,5655.820245367596,2258.718042124227,7451.313290015325,6047.0684401899925,2356.767269359695,89.74671363830566,80.108642578125,28.00873314708547,0,0.0,200
k8s-default,structured,saturation,14653.7998367882,12119.835792067974,4799.1117827971575,15155.590978674056,12419.519099333927,4893.999884651103,15320.889270544154,12501.13841699492,4919.731798033761,15449.92083067763,12583.621501490183,4942.782437670523,15254.773236709254,12473.098215782478,4909.358412010812,15386.08126463454,12537.50045575679,4931.312683912171,15480.922145696759,12604.947911346402,4950.570513352724,0.0,0.0,0.0,1.0,1.0,0.0,2410.7846436568657,2640.2998212427574,713.4283388571447,9643.138574627463,10561.19928497103,2853.713355428579,2410.7846436568657,2640.2998212427574,713.4283388571447,1276491.3198766233,766198.74867272,806577.5220702847,14191.8265556225,11737.653954974527,4647.964514068589,15020.954234534129,12243.8525737772,4798.659653235733,92.36574172973633,85.35385131835938,21.098640551048934,0,0.0,200
k8s-hpa,adversarial,high,14410.684701371314,11669.270373457282,5644.4462483980205,16240.405753005201,13790.909670581314,5740.395371611072,27797.841436175528,23894.625187317768,15606.80936554665,28368.44718270927,24719.086290241656,15545.994008252117,20707.239890288216,18695.865110763327,7320.660334389639,28138.21431397462,24530.342981372407,15577.168110527662,28536.72368906083,24773.914754169207,15551.601440286548,0.0,0.0,0.0,1.0,1.0,0.0,1881.539538700717,2056.6842201005556,586.3483711726052,8669.224700227329,10133.144119942313,2503.8201050797043,1881.539538700717,2056.6842201005556,586.3483711726052,6768254.015368483,3128881.5206340104,20548562.03262576,13805.559922694489,11178.902476523814,5407.899983475033,27937.250739053485,24127.51192964475,15469.40195639754,48.269033432006836,46.01478576660156,10.747916474474723,0,0.0,200
k8s-hpa,adversarial,low,4735.233284095922,3843.1068122893003,1886.975574464857,4914.3264501445465,4180.161847934776,1879.2348449430026,8654.118521592167,8036.953277740001,3209.410630901719,19091.799711683216,14676.306760256066,19602.27891300821,7426.402225210548,6696.334274024142,2582.491315384607,13724.408361155709,11767.8943360316,8594.399500221705,19192.485288762076,14738.078574874336,19631.375614611108,0.0,0.0,0.0,1.0,1.0,0.0,1917.1420694457152,2081.6518654991214,610.2605589482587,8826.028019499889,10338.249998716707,2579.8120221006375,1917.1420694457152,2081.6518654991214,610.2605589482587,2456907.07004369,609179.4316554051,10662956.502144422,4129.789442893979,3349.418590686071,1650.7108867260526,18558.787957242486,14125.259675701382,19608.847377612878,51.953792572021484,48.39897155761719,13.686114955255123,0,0.0,200
k8s-hpa,adversarial,medium,9601.196073114743,7778.5134009810845,3796.0400932353596,10518.938888249202,9216.619993054333,3893.139969217263,15583.335633185357,14407.096433812992,5766.54540348193,24580.94012493203,20309.017832370613,22236.599397787482,14388.779667096767,12939.95955122849,5741.321978249721,22579.12167730796,19124.464255696686,18246.762982198255,24633.2693557925,20343.598598699304,22241.022534856093,0.0,0.0,0.0,1.0,1.0,0.0,1887.5439804802604,2056.9487695570124,594.9415234850742,8693.433601923149,10201.181678816101,2530.087451852787,1887.5439804802604,2056.9487695570124,594.9415234850742,6131282.78619148,1601712.01155322,34445352.78495028,8995.737960130968,7287.486339461077,3557.823822581666,24050.144666455235,19754.022730326687,22192.42555698982,51.560401916503906,46.253204345703125,16.88385191345888,0,0.0,200
k8s-hpa,adversarial,saturation,19164.725519078613,15514.586941990305,7530.325803086707,21669.363265485867,18509.375206819983,7629.416137999568,31461.261006149878,27954.773961639636,13894.005689292018,32187.58086058192,28666.250970123045,14055.422909489056,26299.603346303717,24169.455305909716,9314.153701209712,31949.78580560843,28365.0966503955,14016.058802037962,32305.79091135683,28779.519743916328,14072.686461833298,0.0,0.0,0.0,1.0,1.0,0.0,1886.2635058625654,2062.5750738835063,585.348967079615,8692.024906892831,10197.275062570669,2505.940473212065,1886.2635058625654,2062.5750738835063,585.348967079615,8221113.040560585,4599979.02712138,13481486.204849983,18560.68866492644,15025.374603926386,7293.202253421017,31717.196581413966,28296.835781746908,13929.265699863161,50.85945129394531,49.114227294921875,6.203708532607168,0,0.0,200
k8s-hpa,drifting,high,55909.04383793907,54599.71775795037,27903.89865988705,56756.205531038744,55347.23195434679,28191.9607284452,56974.59377612107,55522.44593110435,28235.189120678395,57159.45372796569,55674.79208115225,28259.477092814985,56888.600482995826,55457.867729327794,28217.089995172464,57069.27008897081,55593.07309531822,28248.28613669849,57207.141489820744,55703.65094190385,28269.209812749665,0.0,0.0,0.0,1.0,1.0,0.0,665.9360198220393,439.56272575944894,621.223196503613,3090.1507404463396,2012.3233084563205,2841.7324011246083,665.9360198220393,439.56272575944894,621.223196503613,14788722.670629188,11286933.387098636,12077712.217151392,53564.76652629478,52310.430149985346,26734.5091816508,54863.97649892898,53413.51218770747,27099.95249204047,48.83885383605957,46.96846008300781,6.156811867085932,0,0.0,200
k8s-hpa,drifting,low,18621.582559621413,18177.47517549043,9340.410838575843,18962.911496041645,18461.970322998735,9432.446799734096,19102.57224661362,18595.217046219394,9463.135017062647,19246.364492994373,18663.264395224083,9492.224750005033,19048.297202833102,18540.05435835327,9450.834592156649,19171.952135172047,18629.552344009135,9477.194661083215,19293.354989476902,18713.0835713861,9501.267132000154,0.0,0.0,0.0,1.0,1.0,0.0,672.590456241809,440.1051765230068,639.0034198143403,3120.4557349867596,2014.818504401534,2919.635043194174,672.590456241809,440.1051765230068,639.0034198143403,505965.8999622483,381684.47763528,404817.59747320856,16277.309269494917,15888.778312416216,8170.8194249508115,16932.162694010003,16428.083545417292,8327.854030996838,50.57811737060547,48.63739013671875,5.713405187313138,0,0.0,200
k8s-hpa,drifting,medium,37317.57739003209,36442.34996218089,18643.609985200346,37889.94246679135,36958.710020689745,18817.873007052112,38077.118740518985,37103.79442625452,18862.084586302066,38262.74775706823,37258.6117361762,18907.117688212627,38004.988425641626,37055.472455551266,18844.861436198396,38167.94030453136,37204.00370354699,18883.41829432167,38305.268143290334,37315.42923631807,18918.04143841733,0.0,0.0,0.0,1.0,1.0,0.0,666.0687634240677,439.04978292816656,622.7523457552192,3090.640950982925,2009.5916481298157,2848.079402014054,666.0687634240677,439.04978292816656,622.7523457552192,4286137.761506679,3275522.3930333834,3491175.563704302,34973.32480627811,34152.993663636254,17473.99332450219,35959.35715395722,35018.08570063879,17743.652911639798,56.85925483703613,50.78315734863281,15.56788962623704,0,0.0,200
k8s-hpa,drifting,saturation,74417.47237075598,72678.16793826988,37136.44375423634,75600.43885214443,73797.58347421748,37563.130824645,75849.28877770835,74007.94365278386,37615.305054797274,76049.6579039638,74121.23262843784,37665.93646609337,75751.45903486741,73922.47687687131,37594.8482175115,75950.11299996372,74069.98830504976,37640.76500351339,76094.51410799123,74142.3768596218,37678.328337659805,0.0,0.0,0.0,1.0,1.0,0.0,666.6413606456382,440.29728496932864,620.6307404208136,3093.445316372203,2015.9194848989064,2839.2669195300614,666.6413606456382,440.29728496932864,620.6307404208136,35370517.37002427,27026108.550951213,28910572.828596145,72073.28815344587,70388.66699045862,35966.863374691515,73758.8021281678,71894.2488032605,36507.44921369271,57.9833984375,53.16734313964844,11.21231169187328,0,0.0,200
k8s-hpa,heavy_tail_burst,high,14718.33342098502,14253.27166640689,3488.847489048339,29259.776097364473,27313.93647089095,10163.18401501133,157591.19554362708,104828.9092512447,212712.03171756852,162409.80101501817,106815.85017951339,215567.25785275723,72972.42392593922,59260.68557430848,59772.200251188005,160284.27489108662,106250.95609695776,213585.40234117318,162823.6907843384,109127.52644418197,215503.0887318584,0.0004975,0.0,0.002366802170136493,0.9995025,1.0,0.0023668021701364872,1704.2558745325377,1679.9742110125653,341.66479898216505,7886.872862125532,7882.006419577386,1446.8044675213853,1704.7899490474272,1683.8298428383264,340.7903231896296,845140567.1094007,161353237.27427304,3912138945.882684,14100.411018825287,13652.902638670212,3342.1542829177633,162168.62628170446,108711.1419856962,215561.35536049437,49.310922622680664,47.206878662109375,6.219099426872006,0,0.0,200
k8s-hpa,heavy_tail_burst,low,4985.733797302291,4761.201895319371,1436.6223414589679,7564.720953397221,7127.747405885206,3198.652800278505,41231.85873229869,34129.99378810248,24839.721646864906,162637.24236165785,102207.91201258302,241503.82392786402,32833.072688555025,26749.733892230637,24379.061702029696,98575.30514233458,72003.78575700734,107731.12403672733,163327.360127385,102981.43340760344,241422.1857384656,0.00014000000000000001,0.0,0.0007369637561572803,0.9998600000000001,1.0,0.0007369637561573029,1694.8384947599545,1680.2483996727908,358.9008999011907,7837.825856377883,7867.729284353141,1534.2132709780894,1694.9619730653264,1680.2483996727908,358.64255576280556,322563160.48533773,56520407.4129297,1843845943.5199716,4349.062408712283,4152.789367593057,1256.9814087490563,162745.66270742373,102522.5157971166,241451.2733208009,62.11519241333008,55.55152893066406,17.80128441853439,0,0.0,200
k8s-hpa,heavy_tail_burst,medium,10282.931045592393,9498.689518183975,4245.740750269745,19118.275966279918,18384.00529318436,6464.679494138478,61227.17153265141,47797.67365260995,42287.980760302176,216305.06845565164,89706.2689400693,493084.0810719344,62948.66175373378,41287.93107326478,81904.78437650342,182009.38558052198,80226.30587702154,390450.9726123929,216753.14878417808,89787.11219285947,492951.68692140543,0.000545,0.0,0.0020020027660762317,0.999455,1.0,0.0020020027660762408,1690.1996699991194,1684.452184754646,406.5986297680865,7829.388586751921,8079.1780203545895,1764.4316947131529,1690.6763785625342,1684.452184754646,405.7391353741501,2129625819.51863,82402271.39956044,12894930765.738659,9633.058385077893,8900.187840272441,3976.974802507616,216288.44827152352,89351.79097177608,492965.1236822804,53.56431007385254,49.82948303222656,12.93441901460824,0,0.0,200
k8s-hpa,heavy_tail_burst,saturation,24089.346741421785,18803.49807404977,52161.34268452831,40331.601638836466,38253.505810159,13927.33498036528,428379.4313943678,101080.26128851224,3243289.1276397146,431997.0356534366,105952.13918548088,3243042.243519055,177318.41227399674,68948.76003335134,1038829.6450240467,430693.60010857455,105204.40644544688,3243107.161471548,432206.0652447851,105974.4260803507,3243028.2324811136,0.0015199999999999999,0.0,0.004969211740973932,0.99848,1.0,0.00496921174097393,1664.9933637584656,1701.8110326906099,398.4633232366135,7710.758613627015,7928.446700773868,1707.3354385422967,1666.3692887880254,1701.8110326906099,396.13141579563415,162365858945.28006,207905062.10742193,2263361165628.9683,23331.8213085675,18211.70603881388,50531.305444140526,431644.8994378506,105547.14904677426,3243035.379354198,53.621530532836914,45.53794860839844,61.17382941591066,0,0.0,200
k8s-hpa,iid_noise,high,10571.03438522261,10776.697158047606,1958.245448566421,10970.762504626451,11086.405668462266,1977.6898238481556,11119.21337389397,11180.695455845462,1986.758763614735,11247.704190566074,11249.277088124447,1995.361289983385,11061.017490079787,11155.176376252813,1982.1625250433028,11183.95056790141,11219.787627130569,1989.9092385013969,11278.577620850097,11267.189331051773,2000.0242749069746,0.0,0.0,0.0,1.0,1.0,0.0,2350.352284352523,2227.0275604940502,447.4146735509853,10832.865825456365,10792.728221288362,1573.3786252316306,2350.352284352523,2227.0275604940502,447.4146735509853,480157.8323019797,464424.5022103712,166186.72773100916,10126.777458962995,10323.793949729232,1876.1855829836613,10833.537549238732,10817.371548163355,1920.6520202252793,50.99058151245117,46.96846008300781,14.496019665268683,0,0.0,200
k8s-hpa,iid_noise,low,3448.0600858670346,3521.522646058709,655.5407018823495,3655.5549309904163,3666.8932152223706,666.3622089121969,3749.707857597782,3737.365525027699,673.652094594382,3849.513488425229,3801.137824092628,681.5270573140043,3713.86436872482,3710.322847964273,670.1694125051237,3797.196040719151,3767.0103409013855,677.566201039526,3879.847562046927,3830.750136159197,684.1457062512702,0.0,0.0,0.0,1.0,1.0,0.0,2406.68332842364,2271.7445860667913,472.47077037007057,11088.135244888046,11023.993679450088,1659.7220697457442,2406.68332842364,2271.7445860667913,472.47077037007057,27491.477294139433,19860.034205270244,14774.869065246672,3003.805721362023,3068.083666850245,573.4528859875944,3426.540697299152,3367.6181533717318,607.6320977266818,53.53808403015137,49.114227294921875,16.87423042470037,0,0.0,200
k8s-hpa,iid_noise,medium,7031.175277160773,7178.466386356695,1308.1052027206706,7339.0833057614045,7419.706837503827,1323.8234915027033,7473.977488212902,7523.303538013,1331.4912298247345,7600.900365422853,7597.806168093133,1347.205677181545,7419.656295317495,7487.2436632366425,1327.478264349241,7535.033231555786,7555.276085510624,1338.7312719033969,7631.452779041167,7628.326606916846,1353.6713019215672,0.0,0.0,0.0,1.0,1.0,0.0,2356.5292852945045,2228.888444826972,450.93964538589665,10860.585952918109,10833.225003902662,1585.163720406094,2356.5292852945045,2228.888444826972,450.93964538589665,154512.76797946586,141674.36949377315,55413.2274520812,6586.949883630004,6725.063541046517,1226.0396888683051,7186.628457141989,7175.577118666988,1273.7940521827431,50.5673885345459,46.96846008300781,10.657059676074411,0,0.0,200
k8s-hpa,iid_noise,saturation,14092.531958595568,14377.093088739563,2609.5450021284305,14595.779002370195,14780.276556518278,2646.3773515769985,14766.509115643568,14884.673004213808,2655.453571415406,14906.515542238441,14999.348942277917,2668.7331579846523,14699.004392073757,14842.307169290496,2651.4224508779353,14837.675456494137,14948.619241577002,2660.1245598727437,14933.844895700893,15016.339251875188,2671.950406665392,0.0,0.0,0.0,1.0,1.0,0.0,2350.714938008462,2225.7628924231913,447.6512107535091,10834.394681800426,10787.519511411254,1573.3020420456812,2350.714938008462,2225.7628924231913,447.6512107535091,1111622.923302981,1089268.928078705,395503.51213399996,13648.228026594217,13923.789785730354,2527.3563106029624,14496.71854495045,14558.5023962009,2592.2917964622575,53.69305610656738,49.591064453125,15.341295478512418,0,0.0,200
k8s-hpa,partial_obs,high,21382.111018941152,21405.59631375594,7163.655167837127,21998.461979856795,21955.6000779584,7236.018686980955,29579.761648759373,28382.96475633668,12979.456176653612,29901.76717933919,28653.951267645887,13011.766961301544,24651.302693115827,25095.97729669098,8118.4869356722875,29756.577622776105,28536.888197423003,12998.311110513681,29942.711282678752,28676.342226507917,13017.427182772075,0.0,0.0,0.0,1.0,1.0,0.0,1288.4166372588418,1121.2099222487677,542.8464024183944,5967.4436360070285,5347.679391894522,2440.6736621705863,1288.4166372588418,1121.2099222487677,542.8464024183944,4400012.56733214,2727846.8162773065,9670037.99475842,20484.81293952775,20507.352093084963,6863.44102313211,29059.763394446432,27579.03236033462,12856.68311928514,49.12853240966797,46.73004150390625,8.119457606255871,0,0.0,200
k8s-hpa,partial_obs,low,7057.072513280901,7102.74357698246,2395.5622350304425,7262.295774087974,7273.964073259773,2412.3491611340473,8472.162314132649,8484.017810317908,2864.1719760009064,13543.154680020227,12477.618749844856,7010.740426337211,8149.6686151128615,8233.796887051296,2529.613408745824,10966.733353264486,10702.737781194313,4190.162201898206,13602.65133480633,12502.384093899629,7021.512205123507,0.0,0.0,0.0,1.0,1.0,0.0,1307.4140851406949,1126.3308351474438,563.0969505509433,6054.583392953383,5397.351377628143,2528.5169132208935,1307.4140851406949,1126.3308351474438,563.0969505509433,444522.07885498775,198414.03541490756,793994.23376443,6160.907886311395,6200.862830819975,2095.592904081938,12703.674630205427,11442.10984546598,6932.182495434134,53.37953567504883,48.160552978515625,18.837498488049835,0,0.0,200
k8s-hpa,partial_obs,medium,14259.764159157778,14284.401923367033,4795.263806423882,14606.72632954331,14590.915254195872,4829.291383514461,17014.814518898624,16525.341348661124,5467.697040939715,23456.178915357355,20706.813960009342,18175.707443892774,16615.417273365387,16062.54629757109,5858.2702800506,22039.552356657434,20036.236252119477,15080.139102529562,23504.615391365933,20803.61363161175,18178.442934408464,0.0,0.0,0.0,1.0,1.0,0.0,1289.2487765041153,1120.1061311095286,546.1253310224423,5971.715523435336,5362.359829068769,2455.3105559695323,1289.2487765041153,1120.1061311095286,546.1253310224423,3504732.431130543,977104.9156815299,21414840.477716926,13362.064158921752,13385.183634353038,4494.430288395337,22617.172007726804,19898.36071185721,18082.547688455397,54.89945411682129,51.25999450683594,9.020392731659468,0,0.0,200
k8s-hpa,partial_obs,saturation,28492.737078729122,28486.21836927466,9519.167701449696,29607.308960176244,29399.520387741155,9596.920300629885,36703.1710768215,37941.66455338833,14691.027516565215,37349.96077152514,38088.39120092933,15575.350075323588,32745.002850322413,33132.06945878495,10712.002320096948,37154.49223336859,38034.676950738765,15301.783785209444,37425.469086782636,38109.22459921718,15640.183110713811,0.0,0.0,0.0,1.0,1.0,0.0,1289.3642613881996,1123.3680108327667,546.0821511730508,5972.642101884911,5327.278456615973,2455.2113663526557,1289.3642613881996,1123.3680108327667,546.0821511730508,8419813.528688915,6118644.839528702,18388484.069574952,27594.834344472343,27588.66684914688,9219.302259605369,36519.396547796394,37193.45404218309,15402.74382417654,53.113698959350586,49.82948303222656,9.105521303324569,0,0.0,200
k8s-hpa,structured,high,13120.234780583192,13854.480980111508,3636.662513090593,13535.588445191843,14150.273402057643,3694.752723834238,13689.774722699009,14401.559035520688,3711.0576367112567,13826.061172814689,14686.772953068732,3728.174005167207,13629.112154373477,14305.625565509108,3704.573296378843,13758.535030584315,14605.885005920729,3719.0499026860916,13857.396484028348,14731.30708949189,3731.3093590487806,0.0,0.0,0.0,1.0,1.0,0.0,2001.772482764777,1732.2915260919704,646.1273503359699,9185.997665450435,8507.865947761062,2522.0718201810832,2001.772482764777,1732.2915260919704,646.1273503359699,745245.1636066181,777713.8416813673,364223.2551568032,12569.147410815984,13272.649074288203,3484.2519729955984,13305.18158959137,14166.16423107883,3577.743188783502,51.22184753417969,47.44529724121094,13.460861427156415,0,0.0,200
k8s-hpa,structured,low,4300.528087305646,4546.91517803259,1216.2095474468872,4511.636223964548,4776.041733592258,1240.2644930032213,4608.964236146079,4902.738726913272,1250.6036758225662,4715.105536666821,5005.0687112725445,1266.4059685109212,4571.657630598194,4862.043040061708,1246.697005808327,4660.612113763673,4942.387688809737,1258.3710830225205,4746.336339057098,5019.81096481536,1272.1471787876126,0.0,0.0,0.0,1.0,1.0,0.0,2044.3200217494286,1759.4346498353452,676.7058014613533,9376.553032292619,8643.181704600753,2640.280630461152,2044.3200217494286,1759.4346498353452,676.7058014613533,36237.86007393646,33096.709027208475,19447.38763537605,3749.5233021987938,3965.057607392978,1063.917479304778,4192.637506801958,4434.831805893933,1121.7955122427038,55.0997257232666,50.78315734863281,12.772682197142112,0,0.0,200
k8s-hpa,structured,medium,8736.385138912769,9227.303086198617,2430.1838933215026,9053.988907934385,9480.350967459295,2470.6159683071446,9186.538054597575,9746.019599853174,2490.406258242933,9316.748689024882,9863.94199485837,2510.0958585661556,9135.414985810281,9645.58715487767,2482.2543759746673,9251.830798241486,9810.147732389869,2500.6771249251674,9348.445638623352,9902.367794469086,2515.394736725274,0.0,0.0,0.0,1.0,1.0,0.0,2005.606728355106,1733.984470336757,650.141443296066,9202.762755428832,8518.817159632534,2537.3408436935856,2005.606728355106,1733.984470336757,650.141443296066,230625.75047101348,235749.07988056057,111841.91589732326,8185.185211135978,8645.322657397908,2277.7294008874483,8798.285123929338,9311.65280374333,2363.9524558507005,50.520896911621094,47.6837158203125,9.147416380324824,0,0.0,200
k8s-hpa,structured,saturation,17481.05638458139,18464.099712186893,4839.928275854778,18008.93750175015,18849.309756455645,4913.482839393532,18179.625460735624,19020.8450636485,4927.864644507813,18320.87192965902,19249.018662622533,4947.880929280285,18112.112933301698,18920.3759648211,4922.19503321022,18250.808358232523,19122.67094989596,4937.2079614063805,18350.496966904375,19293.644612307056,4951.245898485721,0.0,0.0,0.0,1.0,1.0,0.0,2002.7257966000661,1733.0929052680256,645.5026971618723,9190.502094607355,8512.820110936707,2518.9845645040655,2002.7257966000661,1733.0929052680256,645.5026971618723,1740870.4629519882,1798432.8088635472,861388.0730227216,16930.033336540768,17882.053898464517,4687.49829797728,17803.314918527973,18750.406122009706,4799.852331671313,59.75008010864258,50.187110900878906,50.4574507890024,0,0.0,200
oracle,adversarial,high,9332.458399873263,9330.628787261307,1041.2365723201008,10995.250469725423,10869.083093429495,1625.405006854721,25441.852551170807,18537.635358675732,29998.553719151594,26014.299933726677,19689.345142125137,29968.360140798643,16319.706730214366,14633.111598778043,8166.784786501455,25781.498851376586,19180.75422545502,29973.40564877982,26131.0485023523,19760.210178253736,29964.91559972479,0.0,0.0,0.0,1.0,1.0,0.0,2603.4821139521273,2572.174067872781,290.3199553805277,10413.92845580851,10288.696271491124,1161.2798215221108,2603.4821139521273,2572.174067872781,290.3199553805277,14993715.816304674,2283086.1358629707,112460729.27871543,8940.111205125555,8938.411788337748,997.629085742455,25725.728690857188,19396.632453592723,29955.172637547304,13.545751571655273,13.113021850585938,2.1394449974850667,0,0.0,200
oracle,adversarial,low,3022.4021692374704,3020.7769764296313,326.04628033810496,3203.5928204444435,3149.452142625446,381.6054518213257,6960.045540702424,6424.818488636052,2567.0428705102463,16737.368056808245,12344.611732188505,12878.5471894703,5649.77969905184,5227.823252199762,1602.9136131145572,11821.47056174145,9511.385936288656,6563.685853550303,16797.085649877554,12388.134097351674,12883.569981245719,0.0,0.0,0.0,1.0,1.0,0.0,2678.9109436152694,2648.325684583403,300.52527891729596,10715.643774461078,10593.302738333612,1202.1011156691839,2678.9109436152694,2648.325684583403,300.52527891729596,1633892.58564146,558702.8317258691,3281142.3549988335,2631.459570463319,2630.0714690289833,285.22382769477633,16424.023570913316,12023.171893897816,12884.135464780265,16.022920608520508,15.497207641601562,4.162278062800646,0,0.0,200
oracle,adversarial,medium,6172.872042500953,6175.533520387552,645.8901050588469,7090.940056776281,7075.186884636528,1028.4262367928666,12104.06666348056,11316.886426777872,3796.8851675357723,19301.878933366792,15079.217972023023,14831.247852812272,10682.997978623422,9922.516193336887,3245.488196198039,17704.95078368945,14338.617537062502,12226.63783876879,19352.50230172625,15098.98073239246,14830.867573240366,0.0,0.0,0.0,1.0,1.0,0.0,2621.318556792356,2590.8693982411187,283.7797169873882,10485.274227169424,10363.477592964475,1135.1188679495529,2621.318556792356,2590.8693982411187,283.7797169873882,3691649.37601646,1215513.9939047971,11103090.402300267,5782.531095405833,5785.023037482391,605.3762797726503,18981.732512326398,14758.124531156325,14828.53224124259,14.197826385498047,12.39776611328125,19.22726565072751,0,0.0,200
oracle,adversarial,saturation,12414.688799996293,12386.927241453557,1262.2982724291571,15001.086658607495,14661.671954034953,2220.7239065487106,26796.201175293074,22456.194254966493,20399.14341396545,27268.448079029917,22851.169743264403,20400.17630407158,20163.69265810881,18683.108660895858,7223.913090100771,27060.193226574847,22535.365658600873,20396.15155700866,27364.097688249098,22870.497850711887,20422.665706309905,0.0,0.0,0.0,1.0,1.0,0.0,2604.9254325636975,2583.3695064929716,272.1388389068723,10419.70173025479,10333.478025971886,1088.5553556274892,2604.9254325636975,2583.3695064929716,272.1388389068723,12022952.559886372,3650195.8289938513,62142837.811796516,12023.292136602924,11996.417309959026,1222.5543011879647,26999.270308026866,22557.1095196135,20426.938543875553,14.024972915649414,13.3514404296875,3.1889219752137796,0,0.0,200
oracle,drifting,high,53680.21423436594,53157.69858693958,27710.965754353998,54506.66753570226,53903.57987849126,27999.93742997853,54730.56738118021,54082.61299574992,28048.727180067504,54914.4316984813,54187.274070079555,28084.799938876306,54642.094878219235,54010.797650716864,28029.445579802672,54825.12716975665,54131.75708264684,28069.82943159027,54964.31246233228,54220.05300063451,28102.453086370322,0.0,0.0,0.0,1.0,1.0,0.0,729.9420988460192,451.81520619750256,729.7482178749286,2919.768395384077,1807.2608247900102,2918.9928714997145,729.9420988460192,451.81520619750256,729.7482178749286,13832882.983699815,10709736.723290248,11545181.97208775,51429.34643428309,50928.783151688636,26549.655585724733,52711.629979219564,52005.26212890644,26936.246558463594,13.360977172851562,13.113021850585938,2.033166908467261,0,0.0,200
oracle,drifting,low,17875.297549386272,17718.812489350203,9274.724697592312,18209.220740563134,17994.80339851499,9367.758947508535,18344.20576706476,18096.10473813553,9395.661528871298,18482.707547576436,18180.720997766854,9424.518521257522,18292.240335305236,18061.799147588103,9385.177370891339,18411.173010007406,18147.870155481385,9409.198212845606,18529.829126342967,18188.980786496984,9430.918726851622,0.0,0.0,0.0,1.0,1.0,0.0,739.0082057694564,451.8143899318166,753.999750631469,2956.0328230778255,1807.2575597272664,3015.999002525876,739.0082057694564,451.8143899318166,753.999750631469,474063.730330102,358574.15136705054,387051.58642789384,15624.469809759974,15487.516668257187,8113.346225070836,16259.071147668403,15956.86967724553,8262.142520995367,11.761188507080078,11.444091796875,2.1330310624560793,0,0.0,200
oracle,drifting,medium,35827.232565843166,35511.984421675385,18509.86030157968,36388.41152297338,36021.3481122643,18684.904518524247,36570.076189326624,36196.967816548844,18727.15131816413,36734.30926741165,36322.722216850525,18759.358094216896,36499.19065249773,36120.81111334683,18710.371870226514,36651.89206189049,36257.78029403873,18745.380026252413,36778.90684645688,36353.576808439466,18770.421198373337,0.0,0.0,0.0,1.0,1.0,0.0,730.4851909422537,450.86696410737613,732.598728692327,2921.9407637690147,1803.4678564295045,2930.394914769308,730.4851909422537,450.86696410737613,732.598728692327,4004499.3939230232,3113967.9150113696,3322142.9091111147,33576.47194758365,33280.93944942104,17348.629969789803,34526.76000324135,34113.64586105966,17606.939691312666,13.070106506347656,12.39776611328125,2.7843936845113557,0,0.0,200
oracle,drifting,saturation,71446.83705421575,70801.96584101343,36870.5988595241,72598.17637783945,71842.31286933992,37309.221468726304,72843.519045836,72024.8460635455,37363.46905673318,73039.40340795211,72156.01094932745,37404.040521722396,72745.98974637553,71954.9078533396,37343.49419701593,72943.63995885079,72104.82535063416,37384.12988375781,73086.43208783044,72195.28653541928,37414.907336509285,0.0,0.0,0.0,1.0,1.0,0.0,730.6441655520746,452.301858988895,729.426801941097,2922.5766622082983,1809.20743595558,2917.707207764388,730.6441655520746,452.301858988895,729.426801941097,33088192.009888954,25779135.01582019,27648660.95784579,69196.20078176535,68571.71299177659,35709.38063547912,70840.41582610534,69974.70744389994,36251.163761212745,13.501644134521484,12.874603271484375,2.5684372955479726,0,0.0,200
oracle,heavy_tail_burst,high,13672.964588920078,11704.468335449963,15135.607659841158,27915.001102050413,25461.0446344138,11264.129131440812,250454.1554332848,92012.5106060677,1261135.3540019456,255620.5377539995,95305.280357969,1260799.8940655573,94483.7223449004,55375.696886162885,303366.7318893456,253425.33213041414,93786.5046785929,1260941.1051468654,256370.5810618723,95407.75651827804,1260714.4781925094,0.00072,0.0,0.002856993535222213,0.99928,1.0,0.002856993535222218,1986.9166825367188,2050.499016592456,391.6525517400418,7947.666730146875,8201.996066369824,1566.6102069601673,1987.6756030796016,2050.499016592456,390.0866435833206,18737175762.62939,147090691.65142593,245115510848.7978,13099.316417184524,11213.439759936333,14504.983410683164,255957.98361272458,95031.41369187037,1260723.2942002704,13.922452926635742,13.113021850585938,2.848605574501362,0,0.0,200
oracle,heavy_tail_burst,low,4167.819210258572,3873.671780834575,1319.0817084171988,6437.620816086954,6058.997836521488,2419.837859347965,36143.69300887279,31622.41181567119,18456.10922735707,160731.310575146,88242.27016114883,274611.807449668,30850.300048798254,24594.44810881873,25185.09748615083,93495.45836915947,62910.34821704762,116159.95586741378,161110.2472173813,88264.1012982767,274534.7813611658,0.00012,0.0,0.0006840611803723862,0.99988,1.0,0.0006840611803723887,2030.6416756811354,2065.226770219164,406.02787496929255,8122.566702724542,8260.907080876656,1624.1114998771702,2030.7499759895331,2065.226770219164,405.73750357532515,372411513.5891956,46492357.69317564,2303538340.9216933,3633.5647879871312,3376.372384307024,1154.1975998937417,160581.59364639805,87897.28882047685,274560.77664586104,13.415813446044922,12.874603271484375,2.947932761959913,0,0.0,200
oracle,heavy_tail_burst,medium,8135.554677961763,7779.476184289877,1722.6572792419329,17241.46878434167,16086.826322935898,6511.67010934169,58257.3435179795,48224.89701834839,37773.515204151896,132652.22616075727,86472.89773417621,136920.9275739025,48799.04206087005,40383.857685496216,30365.690335575084,117216.8590005546,79588.54506616197,113966.88153182658,132914.8921410553,86504.49081748335,137047.87581573756,0.0002825,0.0,0.0014738742403549593,0.9997175,1.0,0.0014738742403549647,2041.1072968987116,2056.6954833018062,369.827924428713,8164.429187594847,8226.781933207225,1479.311697714852,2041.4440175740115,2056.6954833018062,369.05208953746563,308388089.3635868,85612865.23783942,714570055.5918591,7622.256088933838,7288.668144168413,1614.8951855970622,132422.0899561828,86100.50085763485,136999.29265742816,13.477802276611328,12.636184692382812,3.268935612555304,0,0.0,200
oracle,heavy_tail_burst,saturation,17084.056223495587,15666.266440396783,5672.287192409556,37161.66257004126,34138.44832954272,14630.729842815432,176734.4762286233,94900.29911917346,266120.9558886292,181086.50505089934,101531.40588392007,265747.0136359823,95804.07771419885,64570.16026336088,107557.30413618502,179353.08530047222,98632.34887538929,266316.80335765117,183159.667033795,101882.72129619273,271673.49427573977,0.0010575,0.0,0.004270142189858324,0.9989425,1.0,0.004270142189858315,1982.2081024997037,2042.6119520027328,388.6749771607169,7928.832409998815,8170.447808010931,1554.6999086428675,1983.2553827408715,2042.6119520027328,386.15009056287573,1671186128.9814322,170337400.84758115,8164074853.404988,16546.009309393845,15173.61393461118,5495.22033230142,182721.66511072387,101530.67163378227,271680.37205971754,13.74363899230957,13.113021850585938,2.5072741504002534,0,0.0,200
oracle,iid_noise,high,8338.705058407357,8494.200514553559,709.6109745380986,8719.30482925154,8759.140855035716,793.4272480445259,8872.404903275963,8866.61435706663,840.0958772263723,9015.300621360533,9001.817578312724,885.4838569789773,8811.988664804274,8827.501922883883,820.4065059125035,8944.65730895921,8930.136324297928,862.1656928404109,9046.003976164839,9025.346411229735,895.3669832708606,0.0,0.0,0.0,1.0,1.0,0.0,2900.680861333063,2825.45720186081,266.93771929196305,11602.723445332253,11301.82880744324,1067.7508771678522,2900.680861333063,2825.45720186081,266.93771929196305,308130.86796574254,288157.8128991315,76847.5084190397,7988.003818537418,8136.9726932569065,679.868138068937,8698.041762112425,8665.371222810296,870.7438318973336,12.76254653930664,12.39776611328125,2.413349679836771,0,0.0,200
oracle,iid_noise,low,2702.1465180034725,2755.159150279642,237.63854773258853,2906.426165603033,2897.7701050212736,290.78293380567624,3003.4836670554414,2966.119609812512,325.6602686309004,3110.227930059411,3022.6728819919044,375.476406157116,2966.662118427175,2940.7505835685615,312.5152384854585,3055.0046460182944,2989.687590910415,347.60055473696053,3141.1775415205007,3040.6733200978697,393.09228373407205,0.0,0.0,0.0,1.0,1.0,0.0,2985.445428840394,2903.64351579888,284.73822477498703,11941.781715361576,11614.57406319552,1138.9528990999481,2985.445428840394,2903.64351579888,284.73822477498703,21961.18340970981,15589.437863386407,14576.34419427372,2351.294418509603,2397.664869834467,207.88159753496083,2783.7445357855813,2679.7838915222383,364.6640128047039,11.258125305175781,10.967254638671875,2.17402366276361,0,0.0,200
oracle,iid_noise,medium,5543.080223170281,5649.278715968054,475.7546743229196,5841.978502353088,5862.811064147483,549.7909716564208,5972.682867081381,5962.418600957166,592.5447668030017,6103.557053951334,6038.279523857604,647.1601871483468,5922.720376021967,5924.786286998539,575.9761731320563,6037.134468380872,5996.1668656433085,618.5474800970104,6134.640164705198,6057.293587321938,662.1672747357975,0.0,0.0,0.0,1.0,1.0,0.0,2909.497830889504,2832.2200673027983,270.320577045136,11637.991323558015,11328.880269211193,1081.282308180544,2909.497830889504,2832.2200673027983,270.320577045136,105156.802794749,89405.8734152001,38524.61484773201,5192.212155276981,5291.756728125261,445.91148016337786,5785.5337673634,5693.1916662320145,634.9333071106513,12.867450714111328,12.159347534179688,3.203977235664275,0,0.0,200
oracle,iid_noise,saturation,11122.344862138427,11323.544159541874,947.9852715487908,11597.070141656834,11683.48450617519,1043.6784109405376,11769.667680727833,11778.120363398059,1099.341345073825,11904.905784684774,11896.89952085544,1149.8381397421667,11700.45311954999,11742.643740320555,1074.5412830242535,11839.27134228951,11848.691580369064,1125.3500821617506,11935.417542376852,11915.823373686879,1160.48574328679,0.0,0.0,0.0,1.0,1.0,0.0,2899.6924755055784,2825.970345598008,267.2962584000599,11598.769902022314,11303.881382392032,1069.1850336002396,2899.6924755055784,2825.970345598008,267.2962584000599,695970.2447346812,676786.41414278,147512.2570967196,10771.587206671691,10966.491934375374,918.1300595750919,11588.13625835477,11566.41804630035,1133.030784602881,13.048648834228516,12.636184692382812,2.2007354195904165,0,0.0,200
oracle,partial_obs,high,19760.417729263234,19256.761522408277,7051.70474397623,20322.581254083183,19670.15264430437,7146.992657688666,27093.172817861665,25838.3434919379,11341.765599065433,27409.748709342115,25999.028685847996,11340.241099377354,22670.390314906002,22468.6357673182,7775.896633540687,27266.2402330946,25911.917615245417,11340.357170589336,27447.59607181073,26022.215046581157,11342.496821929002,0.0,0.0,0.0,1.0,1.0,0.0,1424.8981925843082,1246.315619238997,647.642222575036,5699.592770337233,4985.262476955988,2590.568890300144,1424.8981925843082,1246.315619238997,647.642222575036,3296592.754640298,2327394.6115274774,4884437.447650022,18931.036022906163,18448.563786324332,6756.170538687364,26639.91888355178,25145.47363772447,11143.870176436518,12.007951736450195,11.682510375976562,1.8622125549783834,0,0.0,200
oracle,partial_obs,low,6542.095737626488,6375.673403029433,2376.885345849819,6723.04779643146,6494.389884555152,2369.487546882068,7839.9669021548025,7847.165382156718,2547.2352073731345,18335.504052009055,12112.143152150922,50899.05511230564,8043.706930415735,7911.381216976842,4861.189493816425,12617.034526643865,10295.63928380458,20709.24862064782,18409.69040562488,12140.218239746499,50900.14928981789,2e-05,0.0,0.000282842712474619,0.9999800000000001,1.0,0.0002828427124746186,1440.845794226607,1254.7715269076623,663.478344186609,5763.383176906428,5019.086107630649,2653.913376746436,1440.8580279849689,1254.7715269076623,663.4629557026492,9525691.438719243,201685.79650850582,124486530.10857254,5710.411538978478,5564.864615563658,2079.2504509924934,17565.315466100357,11328.150472114146,50856.535405708404,13.229846954345703,12.636184692382812,2.22118442949401,0,0.0,200
oracle,partial_obs,medium,13182.127767953329,12813.454448847784,4686.029642041997,13520.62816361306,13071.825984000396,4751.72089429492,15913.018092407954,15846.301463480573,5344.051300617534,21774.431299943666,19298.47208232279,13924.001555332306,15483.934574086901,14812.571226660159,5137.9097694465745,20484.52307790465,18799.994481205722,11544.17781351961,21817.379133111695,19327.187660959607,13922.867014738811,0.0,0.0,0.0,1.0,1.0,0.0,1422.5635366518136,1248.687679285841,647.1038056572532,5690.254146607254,4994.750717143364,2588.415222629013,1422.5635366518136,1248.687679285841,647.1038056572532,2595025.505009391,865687.5769423426,10505189.98802999,12352.000185623425,12006.474169339142,4392.017562912013,21003.62548742343,18513.39336583618,13867.39398921105,13.22627067565918,12.874603271484375,2.5341354342263656,0,0.0,200
oracle,partial_obs,saturation,26315.246228417698,25652.909328738184,9358.695541403093,27249.165709465,26216.500073022355,9561.569673950034,33330.351046740645,32645.523725669475,11781.09748207956,33720.679625618875,33091.381092981734,11833.275286962737,29937.57893933775,29405.39398228413,9829.341703497892,33565.689558095255,32953.546572109066,11814.184688676392,33754.939434667474,33106.217011839566,11832.701674880407,0.0,0.0,0.0,1.0,1.0,0.0,1423.4736305625408,1247.4244098353572,640.0841617066685,5693.894522250163,4989.697639341429,2560.336646826674,1423.4736305625408,1247.4244098353572,640.0841617066685,5960052.9108184185,4619897.094507795,6077910.852023192,25486.02594853471,24844.477531764212,9063.961989819849,32938.60629426458,32137.740009955247,11613.916550022721,13.661384582519531,12.874603271484375,3.3651334449171344,0,0.0,200
oracle,structured,high,8714.59074636904,8818.26312184176,958.0258169174607,9104.764465866838,9122.606826568743,1053.6696596875195,9253.02977802411,9229.42613727474,1094.0120491280713,9380.23071161757,9309.378560127006,1129.918777781906,9194.464414379745,9183.659348137578,1077.4380972832828,9317.260335080295,9273.260395375804,1113.693643608277,9409.48978583176,9338.315868537293,1139.4898351633196,0.0,0.0,0.0,1.0,1.0,0.0,2790.044245955249,2721.62440750477,331.6331391307829,11160.176983820997,10886.49763001908,1326.5325565231317,2790.044245955249,2721.62440750477,331.6331391307829,334251.1473711505,313719.99297424563,96039.33693900125,8348.126338104195,8447.468026322947,917.8777518363637,9045.017176955427,8969.128236256394,1097.246225713601,13.691186904907227,13.113021850585938,2.6690209726553356,0,0.0,200
oracle,structured,low,2826.708888952469,2860.4372269739815,321.0951494718869,3031.443739134411,3019.5883813509827,375.48606587932574,3130.1309123370393,3095.994472092918,407.20823742111816,3250.7346612510723,3164.445461524781,463.2925393941023,3093.679096864258,3066.780332525297,395.6835086322647,3186.8864371635364,3121.995300055858,431.324696003873,3286.6406275354134,3183.452681744988,478.41777736876446,0.0,0.0,0.0,1.0,1.0,0.0,2869.8779006132977,2796.7752453940343,353.9493409117428,11479.51160245319,11187.100981576137,1415.7973636469712,2869.8779006132977,2796.7752453940343,353.9493409117428,22886.518176483834,15854.518340470127,15359.230640665466,2460.2549222090192,2489.7804540942316,280.8859629460675,2910.8344880643585,2807.350869911199,436.1756922306775,14.729499816894531,13.589859008789062,4.3340659558261345,0,0.0,200
oracle,structured,medium,5789.659539089152,5860.013595883049,639.49412822266,6088.390744564306,6093.582675599864,713.0781857434233,6215.902238540338,6190.616339667296,747.5666103589732,6333.3004629834795,6266.208037645956,781.1656706633306,6166.716435020839,6148.321646024092,734.5843452949149,6274.969288099699,6228.251468407159,765.4410246831445,6363.705804594372,6285.433428765418,792.220951092833,0.0,0.0,0.0,1.0,1.0,0.0,2800.0865840454762,2730.3690930688344,334.6329770422882,11200.346336181905,10921.476372275338,1338.5319081691528,2800.0865840454762,2730.3690930688344,334.6329770422882,111772.87243621929,97166.1036127306,42031.46829586172,5423.323907754812,5489.291965781851,599.3848104062154,5997.183033163537,5912.822780126662,753.5247171094258,13.3514404296875,12.874603271484375,3.0896108709873205,0,0.0,200
oracle,structured,saturation,11615.166447976291,11761.758787453997,1270.4172725711724,12097.15478802998,12144.9903346158,1379.1113146948846,12270.277896646108,12274.044585131414,1432.7091786862154,12406.610243174806,12382.59153075009,1479.5787127936492,12201.09434851927,12224.733770122075,1409.765661327993,12340.005910836964,12326.339538481508,1455.718532792656,12438.724343211697,12403.43503161007,1490.0603870026475,0.0,0.0,0.0,1.0,1.0,0.0,2790.7412792027026,2720.681669474935,330.3251067273934,11162.96511681081,10882.72667789974,1321.3004269095736,2790.7412792027026,2720.681669474935,330.3251067273934,759474.8291109472,737368.8356468095,193529.5407671244,11248.886157518613,11390.893083616564,1230.398820879105,12074.680112988914,12040.641987043186,1450.4541330596824,14.107227325439453,12.993812561035156,3.233635022563645,0,0.0,200
partition,adversarial,high,3235.93241525849,3021.6587108788763,1048.7805288496916,5044.928980312753,4778.926466618782,1873.9843294023958,17998.49619445491,12882.243912908794,20802.171756717253,18727.476771334357,13164.935316299703,20891.106782811643,9796.859163395238,8554.256620610093,5940.4524140686835,18437.12609281093,13058.018608768172,20848.212297008668,18762.452907630694,13247.95543028996,20891.97191030587,0.0,0.0,0.0,1.0,1.0,0.0,8088.365576607172,7942.66221520249,2182.652369497141,8088.365576607172,7942.66221520249,2182.652369497141,8088.365576607172,7942.66221520249,2182.652369497141,8736590.314946113,1991227.4949655752,43461871.66954064,3099.099937081526,2893.8448768361013,1004.8721739386075,18653.515415033096,13108.183182618814,20889.805812083447,2.9587745666503906,2.6226043701171875,0.9756427391670294,0,0.0,200
partition,adversarial,low,987.8240118635471,912.1277260778004,335.413076970928,1140.2304102465625,1020.3086780179058,457.3302406600431,4902.51013110589,4364.1876189676,2620.6014222372532,15460.879930403671,9814.756682818195,16160.886190409388,3657.638048695489,3223.6264614845372,1923.2854510273758,10146.440277586024,7882.277251684345,8014.3645803286645,15539.548353850076,9906.414006611587,16148.133462620737,0.0,0.0,0.0,1.0,1.0,0.0,8942.256681420487,8770.788697842785,2610.52256677461,8942.256681420487,8770.788697842785,2610.52256677461,8942.256681420487,8770.788697842785,2610.52256677461,2050006.2643180948,576986.0594567643,5602419.410751155,851.6011817083631,785.113136179313,293.4165192911304,15386.277123394813,9758.964764809978,16162.809400188087,2.9075145721435547,2.6226043701171875,1.1199917115815397,0,0.0,200
partition,adversarial,medium,2113.4260859731444,1955.0783549503499,675.8306388794279,3057.7697694569997,2650.596512405999,1114.5536283962067,8075.728687347157,7183.236728687851,4323.240439413693,15342.12949491713,11548.31399598697,12551.437150823143,6690.653111829705,6276.62330754038,3187.704083506736,13772.195060152164,10601.86179378522,10573.492953649804,15417.148559766014,11675.796098627397,12555.790375319386,0.0,0.0,0.0,1.0,1.0,0.0,8250.59145225757,8183.8197018648625,2217.749447816362,8250.59145225757,8183.8197018648625,2217.749447816362,8250.59145225757,8183.8197018648625,2217.749447816362,3195679.8055058867,1260782.241241835,6697886.605296216,1977.715657736875,1829.3144506150584,633.4628072298951,15300.851477521383,11493.613863674636,12555.960069723535,2.2292137145996094,1.9073486328125,1.0329705205154753,0,0.0,200
partition,adversarial,saturation,4249.6916859844005,3986.6139528722397,1319.7430888237473,6619.051920675664,6441.870060272773,2152.531743084892,16120.998358223871,13691.256406237128,16318.508125967923,16964.747193228282,14396.732312478165,16543.531969915763,10977.924349057927,10046.837747800415,5867.215898731998,16555.608154705165,14093.848791188862,16378.056485010375,17032.942347830813,14471.503685320073,16538.128544963445,0.0,0.0,0.0,1.0,1.0,0.0,8168.667130905575,8026.862042544456,2140.686622379057,8168.667130905575,8026.862042544456,2140.686622379057,8168.667130905575,8026.862042544456,2140.686622379057,7757472.508580501,2540586.5771132363,48379634.18557256,4115.306845939897,3860.6206853559815,1278.225823631479,16920.689731755887,14340.98040822368,16538.254214768363,3.1507015228271484,2.9802322387695312,1.137247567581677,0,0.0,200
partition,drifting,high,48151.93304831706,47313.50823136029,27614.722101835017,48924.03539883106,47971.41592451613,27897.785717725987,49138.0039359586,48088.36279357389,27944.52570207914,49323.08048753524,48255.251046291865,27982.197095470867,49053.70021996833,48039.34445539306,27926.573829389537,49229.62898573815,48149.10772119183,27961.421956076174,49360.737355860576,48300.287587819774,27986.916071944535,0.0,0.0,0.0,1.0,1.0,0.0,1337.1999677097222,508.46432944122853,2633.282540246377,1337.1999677097222,508.46432944122853,2633.282540246377,1337.1999677097222,508.46432944122853,2633.282540246377,11663976.34511883,8475662.968341488,10358151.646351945,46132.75220685887,45329.47921991361,26457.464988938995,47348.01579527771,46319.36597086047,26835.025983703814,2.657175064086914,2.1457672119140625,1.7569605646593978,0,0.0,200
partition,drifting,low,16026.353702504484,15739.79051695622,9241.659401443347,16341.459034776222,15988.984915693198,9326.56730082552,16467.315950820517,16092.199561131907,9350.457993608556,16605.586875372013,16232.365842710566,9373.106858341642,16419.92587449144,16053.54203221839,9341.70964740906,16533.38578048929,16151.191797013827,9362.273640083915,16647.12936842986,16302.098929665612,9385.389566297867,0.0,0.0,0.0,1.0,1.0,0.0,1443.266535246124,509.4665726099871,3050.274878946138,1443.266535246124,509.4665726099871,3050.274878946138,1443.266535246124,509.4665726099871,3050.274878946138,402110.45713400387,289429.9544634123,347518.53289250226,14007.060927331013,13756.34192085269,8084.429517517976,14619.16113342728,14302.233530772966,8224.242087063803,2.8848648071289062,2.6226043701171875,0.9560674803106031,0,0.0,200
partition,drifting,medium,32138.195912180385,31573.28766388717,18448.409602875,32661.87710996443,31997.98430176277,18616.721693616884,32837.4227777703,32131.087263028938,18648.177430513075,33003.44722521748,32277.692519911012,18688.32972563262,32769.38818355708,32080.27604530796,18637.13278046605,32920.02969299064,32199.466525597723,18667.18474276047,33046.61251787288,32318.424846685022,18701.126990941808,0.0,0.0,0.0,1.0,1.0,0.0,1345.3111916527682,507.97190036239886,2665.978227540966,1345.3111916527682,507.97190036239886,2665.978227540966,1345.3111916527682,507.97190036239886,2665.978227540966,3385075.636511113,2442566.0004863963,2998111.027827062,30118.87063417587,29589.35192914314,17291.04008802854,31022.70345759573,30306.472166036896,17536.445118030522,2.2733211517333984,2.0265579223632812,1.0989260365001214,0,0.0,200
partition,drifting,saturation,64098.792605536735,62963.45898395534,36737.44202726431,65161.563911279634,63876.35818608127,37159.735006695366,65394.693751202576,64066.62820923905,37207.80551593675,65573.27561123391,64206.40543889449,37248.2618888817,65301.44804611931,63986.71305251116,37188.25272955966,65486.43268165608,64143.524360265736,37227.67706863838,65616.1824284524,64246.72976926112,37257.56532761733,0.0,0.0,0.0,1.0,1.0,0.0,1331.7913868504393,509.4408449878615,2608.375224032895,1331.7913868504393,509.4408449878615,2608.375224032895,1331.7913868504393,509.4408449878615,2608.375224032895,27949677.836450633,20313752.305707607,24826402.001155376,62079.59778525689,60980.04190914397,35580.43747011087,63600.48804661245,62276.51565094723,36099.39612238282,2.0170211791992188,1.9073486328125,0.6610188609165714,0,0.0,200
partition,heavy_tail_burst,high,7533.726529788372,6257.587427158149,5598.639917297184,22282.13329202935,20166.723090215433,10184.04250161434,185934.91831933308,84486.69286487668,427221.4952808534,195210.4209082627,93215.04685893373,429355.7569950587,75260.8554975333,48212.76929581432,107009.56890473566,190514.7872365313,91243.49584191399,427063.1369858415,195731.80737237597,94066.45898786286,429261.3512051922,0.00068,0.0,0.0027523585135179373,0.99932,1.0,0.002752358513517933,3880.298468034136,3835.3439841277504,1415.5099638684856,3880.298468034136,3835.3439841277504,1415.5099638684856,3881.1538762267514,3835.3439841277504,1414.024659024733,2540558675.0919447,136938686.19510478,17135341057.706053,7215.716523822102,5993.213721036569,5364.268267758693,195360.98625598798,93153.6481611219,429322.8523634316,2.3496150970458984,1.9073486328125,0.9600619215869419,0,0.0,200
partition,heavy_tail_burst,low,2307.328211712083,2003.2889381731434,1281.083029252808,4360.142037360083,3727.2655045598267,2667.630472252245,35282.955507227474,29108.89774109223,24508.361847720178,152724.38308039156,80021.9325691349,235163.99052369734,28778.531618044068,22360.330821594525,23603.622195602835,91261.58001638777,58349.46245919181,105758.15613372321,153013.62557643896,80072.96732857132,235143.72960082573,0.0002,0.0,0.0008739674453189818,0.9998,1.0,0.0008739674453189751,4152.143587825686,3993.439946156953,1525.8577332710895,4152.143587825686,3993.439946156953,1525.8577332710895,4152.415477991897,3993.439946156953,1525.378124903233,304755534.29648197,42478611.15064542,1254066277.5318127,2005.927020269456,1740.0526119283563,1121.055179961464,152792.88810048063,79967.87993775483,235135.94662776295,2.9516220092773438,2.384185791015625,1.8650301204383595,0,0.0,200
partition,heavy_tail_burst,medium,4558.688436937112,4280.5278309889245,1792.6833616161223,14377.713226400525,12984.011539083564,7106.722257642258,57106.276458404536,44887.40055769203,41057.599770625755,132196.17715791956,80617.85498518305,148159.86897352632,46588.186111547984,37523.06113223417,32161.898413984836,116237.72212565776,74537.43438216473,122085.38118863614,132635.90212473154,80634.63631741461,148250.0002161839,0.00016,0.0,0.0011228105439422713,0.99984,1.0,0.0011228105439422716,3948.298696888519,3737.8669763384296,1286.9122983530206,3948.298696888519,3737.8669763384296,1286.9122983530206,3948.5248066543136,3737.8669763384296,1286.471552171453,340950101.77877504,87592065.88138826,1122483526.8622813,4269.405066161598,4006.789404260151,1679.9985219818013,132205.11386485706,80529.07800442626,148140.62984474524,2.3698806762695312,2.1457672119140625,0.9131695748446769,0,0.0,200
partition,heavy_tail_burst,saturation,9338.244252291863,8528.911577911607,3758.2174381851623,30105.471755829145,27238.914509983053,12482.676633747535,147646.25899367343,86450.81407220055,184525.0109833463,152280.69449137282,93083.74725250309,184464.9388530532,79069.49533805635,58908.70137091022,66767.68404797855,150065.00495271914,90173.33864298643,184321.22799698872,152423.36863973123,93675.31221009504,184413.5307137309,0.0008799999999999999,0.0,0.0036568377475023122,0.99912,1.0,0.003656837747502319,3872.235262766346,3751.9442252417784,1290.4306303827557,3872.235262766346,3751.9442252417784,1290.4306303827557,3873.6510238274886,3751.9442252417784,1287.9731163327958,928666396.4318508,180920232.00434455,2717484339.8000827,9044.066158865551,8258.981449571213,3640.4513649340347,152227.80869405108,93014.5080821718,184455.66190010324,2.4199485778808594,1.9073486328125,0.9943647612043881,0,0.0,200
partition,iid_noise,high,2816.1948388316696,2716.828452702346,982.4093416571452,3163.3424398617226,2977.944105424742,1140.2401109222055,3316.3707562526274,3071.693872181885,1219.1391147783343,3446.678519483716,3145.688140756357,1283.0063351917547,3255.3220679010615,3033.9452673839405,1185.7846984681753,3382.654479362337,3111.1754522224774,1252.1166215969167,3475.749145532528,3167.6718142314194,1293.7278074571782,0.0,0.0,0.0,1.0,1.0,0.0,9400.347499465212,8833.82989575011,2623.2196823178233,9400.347499465212,8833.82989575011,2623.2196823178233,9400.347499465212,8833.82989575011,2623.2196823178233,78354.84365948298,48732.60577287522,71387.03609836183,2696.9215912424966,2601.7348563535406,941.2310438734996,3359.558638621725,3050.576626103182,1256.166033302338,2.8371810913085938,2.6226043701171875,1.407969647082481,0,0.0,200
partition,iid_noise,low,853.0747679960488,817.913812224782,328.345554646316,1051.9278056854214,964.7985277781137,418.7988353655208,1148.9356839336945,1029.0523441961268,466.07688672257416,1254.6121931254684,1098.9529486702695,521.2687116086187,1111.931979351387,1007.5570520690169,447.6595436774188,1199.853448810819,1069.0443685152948,490.9178989680122,1287.7198290299073,1121.089078050873,541.1658482885173,0.0,0.0,0.0,1.0,1.0,0.0,10560.460261392414,9780.98257066054,3227.450357170427,10560.460261392414,9780.98257066054,3227.450357170427,10560.460261392414,9780.98257066054,3227.450357170427,14768.083260035079,9240.387621830738,14828.22477554299,733.7609364123839,702.9740820966979,287.23144528544697,1159.3520017170786,997.6641475713404,495.2615359489075,2.7310848236083984,2.1457672119140625,1.9299480040386974,0,0.0,200
partition,iid_noise,medium,1850.4525051928078,1783.6821631116986,654.5470402796478,2130.341170075556,1994.6953042574578,778.5755586159895,2256.4462649565303,2075.2992749450905,839.9564551798824,2373.9776415900765,2159.055024220228,895.5426524404293,2207.5073258186876,2041.2470390326125,815.1003047549249,2314.7078321072463,2113.1957329833544,868.5296208444823,2405.063732178252,2174.407926417139,907.7324662933393,0.0,0.0,0.0,1.0,1.0,0.0,9564.903240543937,8970.208037192573,2708.987097190663,9564.903240543937,8970.208037192573,2708.987097190663,9564.903240543937,8970.208037192573,2708.987097190663,38160.74498729748,23011.203953441996,36100.74624245889,1731.2450023570955,1668.6813417313801,613.4833779565159,2285.9764484590896,2066.0032443227537,866.4235210864998,3.2186508178710938,3.0994415283203125,1.1943670845336718,0,0.0,200
partition,iid_noise,saturation,3769.1065359379027,3637.6442966740487,1296.7919775645985,4179.818963668908,3939.2858983301803,1483.1828355173543,4351.547198183465,4068.655118578559,1563.2830493829547,4480.995318536443,4146.525863942919,1620.7924506445224,4282.469997670265,4016.195922385251,1530.5785250973481,4417.578597671366,4104.6209172424005,1590.5138794894283,4507.55235411367,4181.9496208581195,1629.1195607447812,0.0,0.0,0.0,1.0,1.0,0.0,9344.123340027418,8796.901939915257,2584.7123491944144,9344.123340027418,8796.901939915257,2584.7123491944144,9344.123340027418,8796.901939915257,2584.7123491944144,141840.39886215466,93152.20357161664,122340.77792380685,3649.93901844648,3522.6567939442257,1255.9465923498374,4393.419596141911,4068.901583893188,1592.370200861881,3.306865692138672,2.5033950805664062,3.5117841882732668,0,0.0,200
partition,partial_obs,high,14318.744665734428,13753.146735450497,6966.28616624315,14939.709643341657,14331.14983506623,7043.713623272786,22698.570113471913,20997.58586680569,18350.8297485366,22986.862824319243,21393.091988504493,18375.32847696695,17625.528410598872,17083.640569949745,8290.501079754998,22869.346516909478,21232.062608378626,18361.531842025994,23072.90636528493,21545.490432490806,18360.199740809698,0.0,0.0,0.0,1.0,1.0,0.0,2552.683877493923,1745.1488360412816,2399.447961949897,2552.683877493923,1745.1488360412816,2399.447961949897,2552.683877493923,1745.1488360412816,2399.447961949897,5381174.118864386,1609503.5076869447,36615813.5954417,13717.441808340167,13175.695649525005,6674.385637327487,22487.35634010544,20762.27248360985,18256.768289491407,2.747774124145508,2.384185791015625,0.7955842667299964,0,0.0,200
partition,partial_obs,low,4698.620625219207,4471.198406889038,2341.404458889965,4882.798927896371,4711.9698011058745,2357.7916816745424,6025.327252484375,5720.201537393186,2735.172254625221,13083.942562099874,10218.205101446514,20288.964798399265,5927.50570864936,5616.830780176399,3007.226198340446,9445.782254857826,8207.855191700934,8868.122663782764,13124.268075541002,10245.95138313945,20287.760897536395,0.0,0.0,0.0,1.0,1.0,0.0,2702.3487302949716,1789.8373399709128,2757.7937518378085,2702.3487302949716,1789.8373399709128,2757.7937518378085,2702.3487302949716,1789.8373399709128,2757.7937518378085,1751247.5563992953,176534.1756466272,18168843.71706112,4097.778118316078,3898.837537844126,2048.2145773288203,12536.564282104624,9607.249178946033,20239.475879187125,3.1828880310058594,3.0994415283203125,0.7828486673740747,0,0.0,200
partition,partial_obs,medium,9539.936951175756,9129.304672357055,4667.246486375166,9863.344832081139,9532.44461690661,4705.182476067436,12794.78076563278,12803.696111425095,6001.494819499905,18322.587081127338,15652.695220427775,14878.820324053071,11972.210704414489,12211.238469402811,5593.56433397551,17093.61475335654,15021.59687635198,12606.700976044547,18360.833159421545,15702.654433785545,14878.204648657555,0.0,0.0,0.0,1.0,1.0,0.0,2576.796673789557,1752.881168869017,2453.558315813574,2576.796673789557,1752.881168869017,2453.558315813574,2576.796673789557,1752.881168869017,2453.558315813574,2491197.727710919,661317.6998802819,12811940.743147481,8938.29597412278,8553.517844983344,4374.430017380274,17773.25115252157,14972.975061494828,14769.443859697389,3.8874149322509766,3.814697265625,0.9933437312028519,0,0.0,200
partition,partial_obs,saturation,19085.586978705007,18108.27851328294,9271.367807887256,20011.466861218778,19056.81425603958,9471.31169301173,28052.52514217383,26413.568267313094,20328.771911888718,28438.41771934561,26661.1215979254,20391.40618304067,23407.096015144358,22351.1078528244,11145.296633089472,28298.856668172702,26544.331644688165,20367.83193490922,28511.072229562582,26690.669958157396,20427.35694757782,0.0,0.0,0.0,1.0,1.0,0.0,2525.2430689738503,1767.9369815973314,2292.5732029648034,2525.2430689738503,1767.9369815973314,2292.5732029648034,2525.2430689738503,1767.9369815973314,2292.5732029648034,9206632.031710573,3377916.488654198,63277976.93100745,18484.011932435747,17537.59025531298,8979.30993965434,27924.686871677866,26074.701404253385,20309.24466310933,2.5904178619384766,2.1457672119140625,1.0296267236142786,0,0.0,200
partition,structured,high,2817.255951913808,2721.192902954041,981.7690182890844,3169.220818193846,2977.0902452475557,1140.8605528659493,3321.6516913175997,3081.69799073975,1216.0597440476226,3448.431380566834,3170.233590170598,1274.7610535601561,3261.17843863978,3040.4843585236217,1185.2752975330975,3386.286559656697,3119.4614366629685,1245.1674518128711,3476.48215070492,3190.018823228398,1285.5729449354176,0.0,0.0,0.0,1.0,1.0,0.0,9396.503351004434,8819.662011794957,2624.374869871369,9396.503351004434,8819.662011794957,2624.374869871369,9396.503351004434,8819.662011794957,2624.374869871369,78976.72082581287,49707.41968285576,70841.6540346534,2697.9455066734326,2605.880766564679,940.6412401713793,3363.1959484657186,3078.3362993918035,1249.856487702122,2.745389938354492,2.384185791015625,1.0379986977004039,0,0.0,200
partition,structured,low,851.9255695482655,818.1856016671461,326.5191432940432,1049.5783349875094,960.2211293346116,415.48850165360216,1149.010108831423,1030.357934527877,466.36463006663735,1258.9592367756977,1092.8623900236707,531.5312357855756,1110.5712830958862,1002.5462980239954,446.22877511084613,1200.6444913878402,1063.5623030976335,495.1996427635721,1290.5765463532002,1118.9569343468654,544.465706457317,0.0,0.0,0.0,1.0,1.0,0.0,10566.630339834177,9777.732693277281,3222.8673917120373,10566.630339834177,9777.732693277281,3222.8673917120373,10566.630339834177,9777.732693277281,3222.8673917120373,14583.12136938315,9349.944234553324,14549.163828845622,732.7545097908869,703.2400087908204,285.6298759514704,1167.940310727476,999.2287276691495,507.5218469926204,2.9671192169189453,2.6226043701171875,1.6453490620997113,0,0.0,200
partition,structured,medium,1851.2051153715117,1783.2059502322804,654.7737537550271,2132.7967878058744,1990.5513794304454,781.514338388614,2261.4782237451245,2086.143567761454,836.2544205964856,2387.647449162255,2160.7309163688706,891.8136771258107,2211.9390765516764,2049.472641640741,815.1699025674684,2323.03221882887,2128.0238944254243,862.1640306711145,2417.7297066775377,2186.7829911914614,904.2048471505074,0.0,0.0,0.0,1.0,1.0,0.0,9558.87593695398,8972.603544567577,2700.8889410134366,9558.87593695398,8972.603544567577,2700.8889410134366,9558.87593695398,8972.603544567577,2700.8889410134366,38504.06694406973,23549.55878498473,36119.96810113743,1731.9456894521768,1668.2616023932646,613.6905538152148,2299.1182070175278,2070.2184994709532,864.8330083927701,2.771615982055664,2.6226043701171875,0.9046204390450047,0,0.0,200
partition,structured,saturation,3771.6362370545,3643.9514120905733,1304.600482737262,4180.960692673287,3959.0269595651735,1488.1542388877292,4348.939961918036,4084.0263223390075,1563.3109901887326,4481.925934117676,4181.821709809816,1625.032879511293,4281.991475119826,4033.4342473898832,1533.4817311612892,4415.953219640273,4135.7897041536835,1593.5726127479213,4510.32969714762,4199.1966241856335,1637.7593009008124,0.0,0.0,0.0,1.0,1.0,0.0,9344.22975667536,8781.675951531886,2588.829835314024,9344.22975667536,8781.675951531886,2588.829835314024,9344.22975667536,8781.675951531886,2588.829835314024,139808.56408140477,96659.98312613771,117254.55735823784,3652.3841119478325,3528.7047462970772,1263.5137270080593,4394.741966475819,4071.215300693111,1598.3077507544865,2.753734588623047,2.1457672119140625,1.450292839570806,0,0.0,200
random,adversarial,high,18815.960061237052,15710.936959926843,9905.23385168942,20602.345682510047,17286.9756309332,9975.37655761131,31330.353783092763,26172.705606474934,13914.268179408458,32478.50274048198,27177.296476044387,15267.439707253992,25060.698173891393,21527.411636546873,10303.349927052015,32114.81353056096,26928.04574502009,14841.595828724568,32562.445911339055,27384.436997457105,15277.82337048843,0.0,0.0,0.0,1.0,1.0,0.0,1474.1631428785652,1527.6002863953952,430.9453217691077,5896.652571514261,6110.401145581581,1723.7812870764308,1474.1631428785652,1527.6002863953952,430.9453217691077,6609887.245993057,3320835.5045226864,10067957.291560555,18026.077763990164,15050.769213156294,9490.196873817205,31788.9138571217,26627.856295768055,15044.791685351178,29.97279167175293,28.848648071289062,5.140384268471066,0,0.0,200
random,adversarial,low,6138.044258633158,5229.186221955584,3120.3062036099864,6338.404180528265,5406.8680750612,3129.3846856511223,9899.605102867681,9097.56045312437,3942.451283922896,19992.59894774093,16716.95837299375,15976.749354708862,8765.486134720955,7831.45701933155,3636.5108464670448,14874.838699442893,13127.478691781595,8110.825645248961,20191.541815094428,16891.09201135872,16043.425910284577,0.0,0.0,0.0,1.0,1.0,0.0,1490.6010449085504,1529.876660622972,413.96472532680053,5962.404179634202,6119.506642491888,1655.8589013072021,1490.6010449085504,1529.876660622972,413.96472532680053,1920669.7930031142,772516.9166386607,7025910.084214272,5356.856890959459,4561.923638356017,2729.6339976366435,19426.79677145771,16242.645630833329,15964.200222862715,27.213096618652344,23.00739288330078,9.557926909289746,0,0.0,200
random,adversarial,medium,11997.655097378967,10730.167668695525,5713.188143158435,12931.269919114471,11615.71530789309,5786.790819172257,18078.737347758502,16462.96503275057,6689.065554713354,25507.784226968346,21331.25698820503,15795.59030525116,16623.577320264012,15291.190488400334,6400.102443146702,23856.191228433443,20519.68579334752,13180.466766088997,25589.977561404463,21414.279317440014,15815.003507852005,0.0,0.0,0.0,1.0,1.0,0.0,1493.9256101805822,1491.123166517692,389.904181267571,5975.702440722329,5964.492666070768,1559.616725070284,1493.9256101805822,1491.123166517692,389.904181267571,4176359.2827263116,1623059.7387819514,10972471.609196443,11241.840248986931,10053.982813717714,5354.80300564991,24851.99828822798,20668.226015350345,15712.281886667643,28.61499786376953,22.530555725097656,12.94540523121256,0,0.0,200
random,adversarial,saturation,24045.513289852184,21430.772947488866,10831.694451440975,26522.675893873988,24134.726590230395,11091.917552520576,38216.49471435188,32534.676223412873,18248.411196470654,38898.500013959456,33121.815887454184,18503.229393085854,31654.515590012234,28049.232091875798,12242.586176934972,38581.704168293385,32775.736292528956,18288.619160338472,38952.04333188556,33185.7015993757,18503.13841118491,0.0,0.0,0.0,1.0,1.0,0.0,1486.556226876801,1493.1889905798562,398.80986588778416,5946.224907507204,5972.755962319425,1595.2394635511366,1486.556226876801,1493.1889905798562,398.80986588778416,11591399.948156767,5417102.199505925,20176807.475505043,23287.732250198856,20755.461370540153,10490.598521640375,38205.07399275235,32497.83222589729,18327.081344347152,33.4620475769043,30.755996704101562,10.575564699209673,0,0.0,200
random,drifting,high,59477.89447333427,58687.39351887994,27820.061762247376,60363.620461140934,59519.639507240514,28113.726658401316,60594.597934372214,59745.04854280325,28166.195840492725,60787.23321687903,59887.818036807446,28212.27686735415,60503.81948486241,59651.06028289345,28145.716174827376,60692.23408951862,59818.06640028741,28187.86174423306,60833.828970332965,59968.810137759254,28225.88517829404,0.0,0.0,0.0,1.0,1.0,0.0,567.6361632266676,408.94676543584876,430.3532866605281,2270.5446529066703,1635.787061743395,1721.4131466421125,567.6361632266676,408.94676543584876,430.3532866605281,16324051.638228243,13036460.094079446,12783373.899750622,56984.06638762464,56226.7502785154,26654.19035865468,58342.029965995855,57527.84249487077,27057.296351780136,28.088092803955078,22.649765014648438,13.570210741817439,0,0.0,200
random,drifting,low,19747.316579427592,19552.701763134282,9314.435349068475,20098.579150199836,19865.095708677385,9403.959552481221,20239.754071666375,19980.28266439666,9430.722180259518,20387.84175999771,20082.3907986311,9458.959364932845,20185.70043735531,19937.21887050257,9420.183063448583,20310.6957321521,20033.30607574236,9444.376794409996,20434.871863498007,20122.817985099347,9470.503606729897,0.0,0.0,0.0,1.0,1.0,0.0,578.8146965000213,409.1656478892447,460.54786719980837,2315.2587860000854,1636.662591556979,1842.1914687992335,578.8146965000213,409.1656478892447,460.54786719980837,554948.4990834584,440119.3780114165,427402.5395009978,17262.075890361884,17091.80834101142,8148.087005653899,17932.472016586322,17651.763925205916,8303.145078889987,28.755664825439453,27.77576446533203,5.369522896887015,0,0.0,200
random,drifting,medium,39737.66793511658,39287.13408034055,18494.978673677822,40333.72858455406,39806.9318328952,18677.278176831966,40523.77534665539,39963.78049732876,18720.289902191744,40705.953438632256,40140.01854002573,18756.777644030757,40450.87056215886,39904.83805386127,18703.163003150446,40614.06188209064,40046.4896032931,18737.440516877265,40755.281469067515,40189.30140125775,18764.6884660746,0.0,0.0,0.0,1.0,1.0,0.0,565.9805630825133,407.2599111484419,432.9452700424312,2263.922252330053,1629.0396445937677,1731.7810801697249,565.9805630825133,407.2599111484419,432.9452700424312,4729129.638795183,3789735.379840361,3676503.658944523,37241.596018457494,36819.28181295986,17334.68949674984,38254.39863405135,37687.123523670365,17600.82487646491,24.51300621032715,23.00739288330078,5.575146116862885,0,0.0,200
random,drifting,saturation,79549.91664379752,79571.34901024944,36661.097826799334,80794.61948414637,80729.21303147258,37105.500428316765,81046.06644414444,80926.54737379118,37160.07361261903,81247.9220729317,81095.36913501684,37205.835518410226,80947.04595167279,80849.48240343566,37140.014466982124,81150.40031912191,81002.59859312107,37184.18800972468,81294.86454547134,81119.32182534348,37216.983197522066,0.0,0.0,0.0,1.0,1.0,0.0,566.5607376863867,402.1562093285436,447.9218528682161,2266.2429507455468,1608.6248373141743,1791.6874114728644,566.5607376863867,402.1562093285436,447.9218528682161,39286250.78641437,32544058.384983614,30432502.2604281,77044.09368917141,77064.85867229015,35506.48828601374,78795.68612953367,78630.6218651412,36063.55382712581,31.21018409729004,27.894973754882812,11.984321060463861,0,0.0,200
random,heavy_tail_burst,high,18886.007526241956,17690.34844385994,5846.405850309212,34730.28044414638,32361.651141691425,11373.21834740777,183538.42511667626,99568.64477963804,295433.9170099234,187780.87330427303,102101.261994643,296016.4755535295,88055.209723867,62241.888821075794,101424.38806657237,186117.4105251784,101717.11308394096,295607.2140695674,188355.48581181304,103310.2914870308,295843.623311416,0.00096,0.0,0.003680506847333167,0.9990399999999999,1.0,0.0036805068473331594,1349.7660153449146,1356.6720124801786,300.2820605406814,5399.064061379659,5426.688049920715,1201.1282421627257,1350.5364605152133,1356.6720124801786,299.0209379246532,1645664314.6681662,149650329.4225259,9779064062.553062,18093.974036565945,16948.881018667384,5602.2850094970545,187759.6520073806,102773.18579345738,295841.78782378096,24.150609970092773,22.172927856445312,6.267111553915169,0,0.0,200
random,heavy_tail_burst,low,5997.701197835136,5750.018307638894,1685.7009069439969,8441.318158522823,8117.0945969151,2984.6367443589397,37368.32960544481,34189.28854797629,17500.54369596806,154284.4758439635,91199.96677589115,306895.30197087285,32203.25834319823,27227.19504433511,26913.365905985247,93132.54291941134,65286.95692642663,127462.05373384661,154708.31284309475,92599.37440218903,306910.9571102748,0.00014000000000000001,0.0,0.0007369637561572803,0.9998600000000001,1.0,0.0007369637561572801,1398.3735684009484,1391.2999651748846,275.81877743688347,5593.494273603794,5565.1998606995385,1103.2751097475339,1398.4921230104262,1391.2999651748846,275.6058464950484,430928887.39919823,46066226.150171086,3961581379.830648,5234.40937000167,5017.809885230348,1474.9017720479017,153872.81047503094,90676.91096675905,306867.3131011599,33.05792808532715,30.040740966796875,9.66516952430397,0,0.0,200
random,heavy_tail_burst,medium,12366.502817934128,11913.299185096828,4110.950268065886,20811.483485182136,19719.63584416108,6404.131231072077,64336.09557034827,47852.822426608014,64455.78009226959,205446.57494811463,97454.75722097294,441631.6847180934,63361.267086613516,44792.79962309786,76251.26838411258,175722.70318348985,88744.44439268037,357020.71583354747,206007.06024886866,99524.61239185478,441517.7677216184,0.00068,0.0,0.002376095357036127,0.99932,1.0,0.002376095357036117,1367.987374380188,1343.0404938388438,281.27677078428826,5471.949497520752,5372.161975355375,1125.107083137153,1368.6282839924334,1343.0404938388438,280.47291951113397,1792692053.7295914,94828298.70519623,15199721947.732027,11588.105329147646,11163.507929936422,3853.9085413409894,205371.21973106122,99029.98118919019,441540.31538611307,25.637149810791016,24.7955322265625,4.772258377318182,0,0.0,200
random,heavy_tail_burst,saturation,25027.933539658436,23576.653072551824,8595.754534752678,45881.848601315774,42138.37291060007,17330.436944764653,195202.23528124046,102943.05419784642,374688.28351285355,199777.05471802078,106603.94862923794,374740.4076952671,109645.85336215734,73262.30216245691,139288.69854559036,197757.19811332106,105288.03841764442,374687.99879828707,200203.79034226446,108448.26786579931,374656.56377755816,0.00096,0.0,0.00413325768558862,0.9990399999999999,1.0,0.004133257685588617,1369.551500427302,1357.2754969600521,325.03413425047114,5478.206001709208,5429.1019878402085,1300.1365370018846,1370.2712255959837,1357.2754969600521,323.7383766360602,2783111299.049844,181587166.46148923,23524213933.370422,24238.584336581644,22834.65134709524,8326.392563403835,199538.7607350681,107153.36885382759,374667.7464787314,29.784440994262695,28.371810913085938,7.263947911653151,0,0.0,200
random,iid_noise,high,13747.35222879657,13855.11125931952,2506.0376155246836,14172.691416619753,14292.721476048884,2547.88049526701,14322.489896535724,14444.736690645896,2561.7165186445454,14458.82542232722,14584.194672990856,2570.109918928449,14264.107701802473,14388.82360671374,2555.6885433020816,14391.674693336729,14524.837485596618,2566.1355397426714,14487.578354897596,14590.347038789481,2573.5885068568227,0.0,0.0,0.0,1.0,1.0,0.0,1806.2606815152371,1732.2142664022622,344.5098015631166,7225.042726060949,6928.857065609049,1378.0392062524663,1806.2606815152371,1732.2142664022622,344.5098015631166,781906.0044209871,774221.9355451501,276655.2364584377,13169.984499625401,13273.271658721089,2401.0168121193105,13911.710217489495,14023.364469081745,2468.061631018243,28.052330017089844,26.941299438476562,6.508611507016458,0,0.0,200
random,iid_noise,low,4572.567628154649,4534.861142508553,774.2075485869502,4785.394209946166,4732.827956570656,791.509434192602,4886.125215645585,4842.6909629227275,802.5690659463631,4995.205725024923,4932.019407845715,824.3406053514059,4847.846464690052,4807.496083471028,798.3858177395123,4938.928962209686,4899.574760216647,810.6623294046287,5028.8277132158455,4954.496518339289,830.4033203746876,0.0,0.0,0.0,1.0,1.0,0.0,1803.4919675490487,1764.1114960589707,332.87871099679444,7213.967870196195,7056.445984235883,1331.5148439871778,1803.4919675490487,1764.1114960589707,332.87871099679444,38059.28552071089,31785.348043073973,16939.670065683204,3987.5043943435862,3954.516451516017,677.2616270450994,4435.259614533218,4356.695985984319,736.9297011058939,32.40346908569336,28.252601623535156,11.676608691740217,0,0.0,200
random,iid_noise,medium,9281.514555450096,9062.832726170658,1735.0996313554192,9598.64529679668,9392.665865719378,1749.1897482894562,9727.65499837617,9509.7104801208,1753.6233510879238,9854.093739299688,9639.857063731059,1762.3704892025985,9678.099584908585,9460.534557419156,1752.0224128826103,9791.309668147336,9589.575961942966,1757.6252509500405,9888.87860491268,9669.689701147965,1766.6798665863275,0.0,0.0,0.0,1.0,1.0,0.0,1785.021832624767,1765.4525419204158,340.2462229499015,7140.087330499068,7061.810167681663,1360.984891799606,1785.021832624767,1765.4525419204158,340.2462229499015,246353.15488477677,230811.16989122788,87717.86263878751,8696.111733167532,8491.180908349332,1626.2497094774171,9299.23643999065,9084.31437833712,1658.3267954766218,33.14614295959473,30.517578125,9.536965930076573,0,0.0,200
random,iid_noise,saturation,18544.965594487403,18373.803880343476,3422.7707117552313,19086.5077728003,18928.43277387816,3467.9640352672513,19257.627396777934,19086.380728387005,3472.4615860663707,19392.323917998947,19175.436262729963,3483.3187995255953,19189.167103065203,19032.444439296625,3471.4015760637826,19325.549683772275,19130.852954941445,3476.864021077397,19422.868684305988,19214.3407310271,3489.9314241289344,0.0,0.0,0.0,1.0,1.0,0.0,1784.4269006231948,1741.6134281328573,331.21567842361554,7137.707602492779,6966.453712531429,1324.8627136944622,1784.4269006231948,1741.6134281328573,331.21567842361554,1880512.5184839114,1790822.5209270525,686453.2179835582,17960.444060191254,17794.700835114214,3314.973633043904,18841.39564189481,18639.165691526934,3377.778011726615,29.631853103637695,27.53734588623047,9.478017336698512,0,0.0,200
random,partial_obs,high,25067.990810570824,24895.926915085285,7523.840575860851,25738.37905848988,25357.923648458673,7587.412672588243,32740.203918525454,32246.69032024573,10906.015175154813,33073.348955857706,32528.151330728066,10972.113363522836,28381.294686641308,28956.943948388125,8021.245965299635,32935.50505098785,32414.613549744878,10944.27019910122,33116.15628249169,32534.336501041165,10977.127326723215,0.0,0.0,0.0,1.0,1.0,0.0,1062.657358076574,964.0147238664505,376.6683954833151,4250.629432306296,3856.058895465802,1506.6735819332605,1062.657358076574,964.0147238664505,376.6683954833151,4435517.092798941,3588486.0251092184,4844597.498261497,24016.214607079,23851.304993958896,7208.5316324202195,32077.515721449614,31366.104599339364,10767.528619026125,29.41608428955078,27.65655517578125,8.011543142923095,0,0.0,200
random,partial_obs,low,8310.639249557773,8287.171030421923,2471.0311560286605,8520.932614462252,8472.129373662232,2491.3202937878455,9645.364643893306,9398.08635533148,2834.6672626770755,15869.92955383321,14049.768910364583,8139.768301544285,9503.932998997816,9576.541991918903,2633.251771968588,12688.19194913193,12334.785069425965,4487.097341930009,15937.564635506496,14106.681645797293,8163.978966603102,0.0,0.0,0.0,1.0,1.0,0.0,1070.9451148304804,965.3513330760666,393.2382369081675,4283.780459321922,3861.4053323042663,1572.95294763267,1070.9451148304804,965.3513330760666,393.2382369081675,569323.3687511059,239523.2078250606,1096556.9669844138,7257.501580673966,7236.989438378627,2161.607770959645,14882.914702512817,12975.957072415735,8062.2118373128615,31.805038452148438,29.56390380859375,8.795398632188553,0,0.0,200
random,partial_obs,medium,16667.075938168422,16583.5677853697,4821.992806211943,17008.59565188639,16913.082548557573,4851.57823501173,19759.21768963927,19597.617662695295,5927.7086198552315,25342.53071696325,23523.238056654794,12782.120705207133,19059.95271049491,19318.048673375753,5575.593714180185,24148.120074889957,22524.746639924982,11053.085190044209,25406.570462644588,23554.25721652262,12791.753478421853,0.0,0.0,0.0,1.0,1.0,0.0,1060.8387635329943,964.8256069701454,378.0555523223019,4243.355054131977,3859.3024278805815,1512.2222092892075,1060.8387635329943,964.8256069701454,378.0555523223019,2466036.673386139,1185848.1821536284,6082728.770761687,15618.357062980023,15540.09361081409,4519.486908730387,24361.637642868227,22475.537832945847,12646.91372253416,44.18373107910156,42.20008850097656,10.0661795214188,0,0.0,200
random,partial_obs,saturation,34054.17834111973,33397.6457447241,10075.197675975287,35186.89368752241,34890.14962167588,10363.24714128799,41274.781607839424,41467.417261014,12657.701490820846,41760.57043067988,41788.52557851547,12719.636466365662,37954.80007347099,38528.929548539774,10847.323867100109,41539.881994196425,41556.373434059,12679.31715671578,41805.89924555379,41792.01393921868,12715.917642674789,0.0,0.0,0.0,1.0,1.0,0.0,1042.74243547234,958.1570878249424,376.37670533152874,4170.96974188936,3832.6283512997697,1505.506821326115,1042.74243547234,958.1570878249424,376.37670533152874,8455997.0375195,7756966.365621928,6101769.672727779,32981.21662239136,32345.375105500247,9757.910339410886,40749.95196221114,40712.11729976768,12462.356092657596,30.63797950744629,29.087066650390625,8.699622992890436,0,0.0,200
random,structured,high,15014.805391098673,14578.71538909468,3560.539994151201,15449.906198112258,14955.181913811983,3574.3544210816517,15607.755350270276,15053.9607800011,3568.929848289533,15738.428104671028,15179.20406360439,3567.7276673083597,15545.276947030537,15030.845377535734,3571.329125102315,15674.40363936343,15106.565591001268,3568.3231506317597,15770.500677430122,15241.21861854925,3567.98669153283,0.0,0.0,0.0,1.0,1.0,0.0,1675.4649171206877,1646.237165372544,349.5283499880506,6701.859668482751,6584.948661490176,1398.1133999522024,1675.4649171206877,1646.237165372544,349.5283499880506,943757.6829426496,839163.5091256999,491918.6277002241,14384.312700596012,13966.414784929217,3411.3264471664083,15142.33346582714,14632.36812124541,3419.246468757024,32.666921615600586,29.56390380859375,9.14855538811575,0,0.0,200
random,structured,low,4904.858718619555,4787.203199113845,1264.5897949031587,5121.405226729321,5003.6859826433865,1267.9869204533845,5223.77338794177,5102.451916589243,1269.4121526894787,5339.969279623569,5233.189314099342,1278.8573291140008,5184.891466616816,5075.223272595811,1268.8494248880272,5278.13631255529,5160.237272677099,1272.8169989787339,5372.972725596018,5282.286076101919,1281.7767640707364,0.0,0.0,0.0,1.0,1.0,0.0,1715.081895228437,1671.1238046937144,358.3628747263275,6860.327580913748,6684.495218774858,1433.45149890531,1715.081895228437,1671.1238046937144,358.3628747263275,42874.132140013426,35281.411267521165,22523.346250624163,4278.181093394639,4175.2991030639,1106.2373050994092,4740.290009016313,4651.125753030152,1126.5640629254985,31.89563751220703,30.159950256347656,7.540448516102866,0,0.0,200
random,structured,medium,10003.106514025247,9826.813758921871,2036.3520390179171,10327.019138910775,10184.689765100578,2053.024843077229,10456.17057157312,10314.242490572153,2056.190332253723,10590.722245592531,10474.366454321327,2058.8955589640013,10407.235718573957,10258.316441426578,2054.4123010713565,10522.433142636193,10394.649815860774,2055.7068091088095,10625.969146032296,10535.580099978713,2063.6522484349102,0.0,0.0,0.0,1.0,1.0,0.0,1661.5128656365673,1628.1984125445629,329.9727472004819,6646.051462546269,6512.7936501782515,1319.8909888019275,1661.5128656365673,1628.1984125445629,329.9727472004819,283941.8331627177,265902.958426706,121256.96601422998,9372.432997329992,9207.24657035958,1908.6057327698009,9997.185350131978,9913.313958982668,1940.7137960592254,28.797388076782227,25.510787963867188,9.600742019773532,0,0.0,200
random,structured,saturation,19935.364265215445,19306.414189681156,4602.315497632055,20491.57766982833,19862.211684805552,4632.737826945277,20661.362325554663,19975.599509622327,4628.966398992918,20802.105336316978,20063.589316858386,4632.724397757276,20594.176974865506,19935.93945823708,4630.796775448545,20734.376878513445,20017.797794513193,4630.797518633244,20832.419196735864,20117.76653685829,4629.828160391144,0.0,0.0,0.0,1.0,1.0,0.0,1680.4151648453192,1657.4803542797126,348.14710712984044,6721.660659381277,6629.9214171188505,1392.5884285193617,1680.4151648453192,1657.4803542797126,348.14710712984044,2204754.2897873675,1955466.1673953333,1118791.0034927218,19307.054457471044,18697.920681503565,4457.366792377303,20210.391142300385,19504.784496122295,4484.94687581317,27.991533279418945,27.894973754882812,5.53261315197451,0,0.0,200
round-robin,adversarial,high,20929.592304348476,17036.39320517963,10300.031533603471,22750.126665450764,19358.448540297402,10383.279418096736,33719.752016307364,29603.20248659318,14351.576692217935,34562.623780681926,30345.478813745423,14376.053132492229,27273.65733978546,23864.843216467492,10666.78602360047,34214.4041322905,29874.23912142469,14397.500550317678,34637.053123790654,30458.32969184716,14365.89986165998,0.0,0.0,0.0,1.0,1.0,0.0,1329.6612312355528,1408.7502396588136,403.15670747216035,5318.644924942211,5635.000958635254,1612.6268298886414,1329.6612312355528,1408.7502396588136,403.15670747216035,6902027.94770156,4275340.188890118,8973613.261129174,20051.189506172646,16321.329571327762,9868.41195742001,33756.39989518907,29594.36261983961,14111.466712984959,9.2315673828125,9.059906005859375,2.2465246351454797,0,0.0,200
round-robin,adversarial,low,6899.492526787725,5606.677473916217,3449.3070081044143,7114.306631500387,5788.6451837148725,3465.3446807085625,10461.291244764718,9625.015439825787,3757.19141915032,18818.177918838417,16048.05541698735,10000.014943670092,9282.902132106918,8039.581499482899,3517.6532610211816,14707.617783939502,13183.618915710107,5703.708639264934,18875.904171549086,16178.530697604472,9991.522839011175,0.0,0.0,0.0,1.0,1.0,0.0,1350.1958531376042,1426.8720584752355,414.19995378585685,5400.783412550417,5707.488233900942,1656.7998151434274,1350.1958531376042,1426.8720584752355,414.19995378585685,1191078.6075346766,589178.216428333,1817648.5354724017,6023.044079505846,4892.1383445492265,3017.398824707509,18022.10265445049,15404.710190880538,9893.524717649254,9.330511093139648,9.298324584960938,1.1771859903245783,0,0.0,200
round-robin,adversarial,medium,13932.526444817833,11395.872985909005,6884.103416540967,14781.6219258916,12292.964509667141,6961.422417445151,20148.305015620615,17249.372366399373,8093.3427199236785,26850.841394272884,23074.580097682538,14839.707496222454,18398.84994754401,15613.082524946038,7367.289825467133,25394.768051076036,22209.18751569513,12975.46504995051,26953.43570797107,23294.01589813162,14829.250866266391,0.0,0.0,0.0,1.0,1.0,0.0,1332.102618891781,1404.0185459367633,402.43381563603253,5328.410475567124,5616.074183747053,1609.7352625441301,1332.102618891781,1404.0185459367633,402.43381563603253,4024261.184119736,1848217.6440785816,10082798.236116998,13055.220480825745,10677.935903348978,6452.269223308502,26094.645689253444,22436.333951473876,14686.26601284674,9.734630584716797,9.5367431640625,2.0315182594448435,0,0.0,200
round-robin,adversarial,saturation,27849.663632819007,22511.41794579803,13749.78553716913,30480.385856494886,25392.41599473164,13899.439429084521,40326.06801148233,33852.09079539152,19194.75920641158,41056.623477561996,34461.13006256493,19419.840060064955,35113.41742275585,29323.069587575254,14843.230076527789,40748.32984482942,34116.16709459441,19291.09061209895,41120.975130409126,34491.08428336031,19457.271176816375,0.0,0.0,0.0,1.0,1.0,0.0,1333.1721654424928,1421.5070103825014,403.96790162454664,5332.688661769971,5686.028041530006,1615.8716064981866,1333.1721654424928,1421.5070103825014,403.96790162454664,11295404.406354988,6239351.454131377,18544506.239773773,26972.126584150297,21801.91300949725,13316.761087722387,40268.495280024465,33880.60642705986,19137.548706090376,8.443593978881836,8.106231689453125,2.073018750735705,0,0.0,200
round-robin,drifting,high,59321.41914915946,56690.46551261043,28392.429167958115,60209.736360816154,57485.93181051714,28695.55074931001,60443.27688818005,57620.06343908582,28745.10381723634,60638.93238783764,57855.11016595336,28789.896225311408,60348.49092931846,57575.20530349453,28726.125225886957,60541.284189345315,57727.859866601895,28767.636561140996,60683.39919616043,57874.66160580389,28802.988524945988,0.0,0.0,0.0,1.0,1.0,0.0,578.449433000623,423.61868143918025,432.28651841952035,2313.797732002492,1694.474725756721,1729.1460736780814,578.449433000623,423.61868143918025,432.28651841952035,16378394.192881124,12163976.415083138,13046251.757156827,56834.14883281026,54313.45008200794,27202.56340636033,58194.65414742663,55504.73567561782,27605.49086112115,9.255409240722656,9.298324584960938,1.7469108445576917,0,0.0,200
round-robin,drifting,low,19764.105356724638,18885.03277308739,9501.834133159748,20115.11647140419,19185.730928756042,9596.797676997528,20256.835051824557,19302.51374751809,9626.39306047819,20405.831498940006,19422.82476239079,9657.274197872894,20202.64087076195,19255.659958492295,9615.013172658702,20327.792385083394,19362.83435683046,9641.244762845585,20448.958046239368,19454.3592100746,9666.402193295184,0.0,0.0,0.0,1.0,1.0,0.0,581.8977981277467,423.90224956714223,439.6041403140193,2327.5911925109867,1695.608998268569,1758.416561256077,581.8977981277467,423.90224956714223,439.6041403140193,559973.8397671373,413428.0538133101,437343.9025393862,17276.763994717163,16507.770309229643,8312.017628950736,17938.480164029592,17068.127190161496,8467.460993461891,9.844303131103516,9.5367431640625,2.713193133798782,0,0.0,200
round-robin,drifting,medium,39596.80305743065,37864.90992582396,18966.430485160035,40190.82937528268,38370.34915256065,19150.96374973461,40380.86663900869,38518.63540272655,19197.588636126795,40549.89202469503,38702.38056805963,19231.989092014428,40306.63900453676,38457.02792950637,19179.051817141757,40465.0843908115,38602.36636653937,19216.048659090888,40598.876019107454,38724.49233436089,19241.337863690133,0.0,0.0,0.0,1.0,1.0,0.0,578.2563703967334,422.82919249200165,432.890012048843,2313.0254815869334,1691.3167699680066,1731.560048195372,578.2563703967334,422.82919249200165,432.890012048843,4749171.282171979,3510097.5747924456,3773675.3054687013,37109.565775457435,35486.291819602004,17776.564459727673,38110.206655471855,36324.759140647366,18048.756427210043,9.715557098388672,9.417533874511719,2.5720425365033006,0,0.0,200
round-robin,drifting,saturation,78960.31240995607,75490.16799035341,37784.64717488149,80198.98453674816,76555.71979833712,38238.59306710828,80464.69204927576,76757.98262203508,38307.936293012506,80678.20390139366,76909.23817447026,38363.09232298765,80357.79823880999,76681.36026542967,38280.40959053025,80574.34255145566,76833.21372159768,38336.29631158237,80725.46264431316,76924.95280597825,38373.25602983979,0.0,0.0,0.0,1.0,1.0,0.0,579.1984341752099,424.179590508395,432.3975447630528,2316.7937367008394,1696.71836203358,1729.5901790522112,579.1984341752099,424.179590508395,432.3975447630528,39206372.330873854,29220663.827422813,31257953.016897414,76473.05626476745,73112.19019542157,36594.645226596964,78244.27203166607,74580.28761012992,37183.40092852812,8.711814880371094,8.106231689453125,3.1663953255063673,0,0.0,200
round-robin,heavy_tail_burst,high,21592.214954775063,17530.961982362118,46741.582436810866,33114.557764972815,31575.702229690818,9366.417923058907,442016.108506306,99880.06134570562,3851370.028871775,446631.64043187426,102177.33972655854,3851173.8006436657,145642.0511653928,58507.153032102855,924246.5509521683,444619.1265451509,100980.51702615162,3851236.623572527,446958.381825618,102193.34800466304,3851144.6007246296,0.00084,0.0,0.003069447431979972,0.9991599999999999,1.0,0.00306944743197997,1368.7194033724559,1369.0064581925276,302.17979663171485,5474.8776134898235,5476.02583277011,1208.7191865268594,1369.4070383706596,1369.0064581925276,301.0909915447435,169913589773.3812,148537250.02325073,2389301952799.503,20686.894096263473,16795.70665495935,44793.90597756683,446321.1288206928,101615.17897835645,3851130.3422889356,9.540319442749023,8.821487426757812,3.6365517414255524,0,0.0,200
round-robin,heavy_tail_burst,low,6319.326352641914,5768.271219416638,4037.9072003234573,8312.66456152473,7984.591169705856,2707.130469100151,38071.64297687249,31477.324767390746,22568.721764338155,229289.21457982526,84091.43322722768,970922.070761024,38096.7721295306,25729.287173186014,78785.7300962278,124382.77612857672,59901.986081943905,392720.93518312107,229679.70630918985,84098.03309842024,970898.0115179571,0.00021999999999999998,0.0,0.0009142094368755784,0.9997799999999999,1.0,0.0009142094368755759,1387.9484569715423,1386.8979188118897,315.55338675681014,5551.793827886169,5547.591675247559,1262.2135470272406,1388.1268014814962,1386.8979188118897,315.27899031893344,3478331100.172739,36553178.76982592,43491043501.6723,5515.711581373809,5033.851677633216,3533.1747879975132,228768.7627762029,83356.01882482448,970923.4566160495,8.960962295532227,8.940696716308594,1.5748432332398723,0,0.0,200
round-robin,heavy_tail_burst,medium,12165.879650517223,11645.566855379391,2699.913407369199,22082.612667571393,21010.26253332561,7053.448235249629,65532.546371829834,52165.75347917106,48121.38279810577,154908.70892134265,102257.34865724595,157706.76984992585,56685.364063976995,45842.76611635601,34841.71644424531,136363.63453555468,89481.92053687375,131699.1105905026,155133.12815356744,102316.21697952616,157672.37392062473,0.0004,0.0,0.001747934890637963,0.9995999999999999,1.0,0.001747934890637941,1371.3487047987999,1373.9142853406179,268.42000869916916,5485.3948191951995,5495.6571413624715,1073.6800347966766,1371.710647405066,1373.9142853406179,267.8207802528926,402082812.72847253,100359918.01536456,1038469072.8475367,11399.81474138372,10912.730749259441,2530.796340209774,154505.16683563928,101817.04401541466,157700.74930712944,11.2152099609375,11.086463928222656,2.668849998721123,0,0.0,200
round-robin,heavy_tail_burst,saturation,24078.511030779267,22860.63273758251,5911.630368511983,43676.82467851402,41778.1031065095,13242.443427666802,163228.51042150485,98703.685948598,218009.46113656688,167905.40880448476,102611.14314831837,217827.47786968385,94288.13566936838,70764.0785339429,90837.461962469,166089.13683922694,101945.70637669493,217755.31921345473,168358.2682009518,103940.23148583664,217726.47678577868,0.00096,0.0,0.004133257685588618,0.9990399999999999,1.0,0.004133257685588624,1391.0341382047418,1399.7878189130236,280.23769305628366,5564.136552818967,5599.151275652094,1120.9507722251346,1391.8415703079975,1399.7878189130236,278.7731423383573,1205011201.4124203,172379665.3587771,5677612430.359744,23320.48639726993,22141.132606755564,5726.3701428929135,167623.11440480585,101959.20612225993,217754.18126608274,9.495019912719727,9.298324584960938,1.9908021302835386,0,0.0,200
round-robin,iid_noise,high,13983.194040997472,13497.752547998998,2782.7663663764097,14408.81901632331,14055.18175962483,2822.186692741294,14559.091817507418,14267.678148116222,2834.237375675559,14691.637626117501,14503.211488108493,2854.4496515563005,14500.511893857874,14169.916681388886,2829.7843378644375,14626.794120505616,14371.12507998,2844.484575523685,14723.25391909706,14554.289124879615,2855.6912473471943,0.0,0.0,0.0,1.0,1.0,0.0,1780.9271606653224,1779.280054449383,333.8258211886595,7123.70864266129,7117.120217797532,1335.303284754638,1780.9271606653224,1779.280054449383,333.8258211886595,813966.2836616527,806867.3861238202,322880.5432676652,13395.943734574423,12930.785249256951,2666.150820225648,14138.79553983912,13992.311161685502,2741.2478373625495,8.276700973510742,8.106231689453125,2.3510535131719923,0,0.0,200
round-robin,iid_noise,low,4591.232435807788,4435.264656380278,931.813474872271,4806.411709494516,4729.815745104455,950.707998344013,4905.961955980812,4897.458597095499,963.5977766331565,5019.499540577026,5081.376615225696,980.951416972172,4868.319833697794,4834.747287834017,958.0269893940138,4959.302404108778,4992.700786413721,971.1665799053793,5049.197310609997,5118.618545308361,985.7490213294691,0.0,0.0,0.0,1.0,1.0,0.0,1810.6715339157884,1805.1025024061971,346.0933647747044,7242.686135663153,7220.4100096247885,1384.3734590988176,1810.6715339157884,1805.1025024061971,346.0933647747044,38611.451752673565,32837.8112941083,18226.595834523378,4003.8301889149834,3867.423183229509,815.1336751715767,4456.857657967186,4520.8240783956135,872.5628364632295,9.768009185791016,9.059906005859375,3.1900389945158056,0,0.0,200
round-robin,iid_noise,medium,9309.787253342385,8997.504510326147,1859.5094913913067,9631.760895557345,9423.00248781544,1889.1595669526419,9763.630525778532,9601.19289186785,1904.1204146729146,9889.133689742004,9783.371359674878,1917.6443118501263,9712.473050645001,9533.207487330139,1898.044574082245,9826.667766661261,9691.38257733244,1911.8731745652403,9918.792405529166,9810.967149909491,1920.577017305111,0.0,0.0,0.0,1.0,1.0,0.0,1783.7551884810205,1779.4916591355197,335.5110606969945,7135.020753924082,7117.966636542079,1342.044242787978,1783.7551884810205,1779.4916591355197,335.5110606969945,250082.42122810072,247783.69856029452,98610.02817688139,8722.612825464517,8429.994478496472,1742.8552471677483,9332.072063845542,9272.590908469167,1804.972726140609,10.304450988769531,9.775161743164062,3.5029763205156836,0,0.0,200
round-robin,iid_noise,saturation,18633.36351159534,17984.524516395613,3705.970688965821,19178.699006999635,18728.825983039613,3762.8843486366573,19351.428160816864,19050.768455019563,3776.3877423744116,19494.948103629198,19273.36406058453,3791.761558929254,19283.438140581184,18916.863266477267,3770.870467034074,19423.528274383625,19111.669821807456,3783.340569947446,19525.00860729751,19323.686528851096,3795.439893240354,0.0,0.0,0.0,1.0,1.0,0.0,1781.8681452694918,1780.5793230801087,333.7106206559124,7127.472581077967,7122.317292320435,1334.8424826236496,1781.8681452694918,1780.5793230801087,333.7106206559124,1908199.178356365,1791821.0546578367,772067.0126515505,18046.0561084614,17417.655208418604,3589.248815419932,18941.569693988957,18786.50406195569,3681.4280672365644,10.133981704711914,9.5367431640625,3.676899728082971,0,0.0,200
round-robin,partial_obs,high,25280.669545638473,24704.09229607194,8051.76191770823,25867.513181853687,25598.165265221163,8132.639468297942,32042.037598035426,31251.230525962696,11355.092076431652,32563.822866586306,31618.320073681636,11677.77219508332,28084.718099423662,28149.854169080358,8594.831218760824,32321.00802471457,31454.243716906058,11496.246519668866,32605.602475420266,31658.983431784047,11682.011696324935,0.0,0.0,0.0,1.0,1.0,0.0,1065.8767402328297,974.4465055838184,391.92774686075705,4263.506960931319,3897.7860223352736,1567.7109874430282,1065.8767402328297,974.4465055838184,391.92774686075705,4016415.5930299056,3186527.541574754,3924375.14081862,24219.95850074168,23667.595618688865,7714.350617832443,31557.084281745992,30743.356443343597,11426.134180071585,8.816719055175781,8.821487426757812,1.3621780915124435,0,0.0,200
round-robin,partial_obs,low,8380.057114505411,8220.05586860244,2692.098258178916,8589.451717042273,8443.721648387327,2720.7217746661167,9867.702488991185,9548.848652670546,3075.205438003457,16613.58788638963,13759.272631286787,11147.691947437033,9647.8488373184,9438.464417261532,2941.5232635312623,13068.98039569018,12162.166247102654,5814.09697083917,16680.076534290165,13811.327543852552,11144.745683405037,0.0,0.0,0.0,1.0,1.0,0.0,1074.2006865713327,975.7062343908176,399.1700780370529,4296.802746285331,3902.8249375632704,1596.6803121482117,1074.2006865713327,975.7062343908176,399.1700780370529,820880.6152831443,238415.12372312177,2653489.2090418884,7318.231674357878,7178.242648957774,2354.993935144657,15627.145356746036,12666.12695586175,11076.189716083858,8.522272109985352,8.344650268554688,2.3456552907694084,0,0.0,200
round-robin,partial_obs,medium,16870.848646944236,16436.29066932457,5393.827306294324,17235.917784188994,16850.4197487531,5441.428096492974,19811.700921226606,19383.978719976403,6419.133407019938,24536.192470601374,22021.538927869187,11338.630165916204,19082.99011732449,18924.626425785333,6114.121015143968,23481.931776821046,21491.156568319522,9986.661543857326,24584.58265835774,22068.689717961995,11346.073554583427,0.0,0.0,0.0,1.0,1.0,0.0,1065.920716491972,976.6418051935984,394.19552732510164,4263.682865967888,3906.5672207743937,1576.7821093004065,1065.920716491972,976.6418051935984,394.19552732510164,1964012.1185982577,1101263.7236670016,3605613.91249485,15809.322982529122,15402.054744418401,5055.459461689718,23532.57081398012,21146.327314219758,11135.303932120814,10.08749008178711,9.775161743164062,2.1529291164395024,0,0.0,200
round-robin,partial_obs,saturation,33731.29325741758,33062.13734672079,10712.886516248216,34828.7788272136,34543.19536383194,10790.363408932042,43340.687104915065,42095.0984966102,15823.26928193613,43782.41307063172,42339.74134530287,15924.213302391263,38408.776384072036,37617.13740961645,11902.820577358912,43609.11749972309,42249.397034581176,15886.553570496575,43819.04286424248,42373.04680641745,15925.739132171322,0.0,0.0,0.0,1.0,1.0,0.0,1064.0935829663204,970.5329609316341,389.0707409084969,4256.374331865281,3882.1318437265363,1556.2829636339875,1064.0935829663204,970.5329609316341,389.0707409084969,9985978.131537234,7527292.904271295,9139122.44408426,32668.52674581214,32020.604739223425,10375.514388747284,42776.369448995305,41233.253298581054,15680.192130512885,9.802579879760742,9.5367431640625,1.870629996877807,0,0.0,200
round-robin,structured,high,15191.562941782107,14401.831629346936,4071.340267573025,15634.36059690509,14840.01620744021,4107.713092131105,15790.124003219567,15077.686590304995,4116.176450237891,15927.989977603598,15278.251542678361,4121.125937940081,15729.808767491713,15004.590206580779,4112.684114702763,15860.062669733723,15230.900339366588,4118.37742562426,15957.522637604328,15309.093379966338,4121.043220379914,0.0,0.0,0.0,1.0,1.0,0.0,1657.7994256978686,1666.4562850650177,312.98222965325533,6631.1977027914745,6665.825140260071,1251.9289186130213,1657.7994256978686,1666.4562850650177,312.98222965325533,978652.9066376658,847175.7593071696,636733.6002387506,14553.674659844728,13797.029392812274,3900.716465043041,15318.406122567609,14707.30552786267,3949.3363442832892,10.18524169921875,9.5367431640625,2.863434074300062,0,0.0,200
round-robin,structured,low,4994.078201038528,4730.835720197266,1362.9645069512126,5208.133977742639,4986.573857804728,1373.2696870201976,5309.117203875955,5082.230917934237,1378.519460175939,5416.717747063705,5145.677101525933,1379.4520044947633,5270.104020896903,5061.147792402664,1375.6630637948397,5361.450380175271,5117.031540877606,1379.404407982401,5449.004854467036,5173.46351458331,1381.133396298402,0.0,0.0,0.0,1.0,1.0,0.0,1683.6214124287646,1691.0331699853796,322.8003549763876,6734.485649715059,6764.132679941518,1291.2014199055504,1683.6214124287646,1691.0331699853796,322.8003549763876,43666.20035302755,34355.142716610026,24541.49978746135,4356.23313068849,4125.9028763672495,1192.2938473054649,4805.441950634813,4562.748698760755,1212.17334202742,8.374452590942383,8.344650268554688,1.5302563952303705,0,0.0,200
round-robin,structured,medium,10115.412541769987,9581.685109497852,2719.2437609320727,10442.851315217098,9926.038981712694,2742.6243738926246,10573.408307818547,10150.051750909639,2747.6056819586715,10693.971730576071,10244.364242207539,2748.35869829675,10522.446803930443,10074.453484099944,2745.2564680555874,10632.498290967622,10186.28889150497,2747.9915933654047,10727.612134034878,10263.45435224468,2753.6876653513636,0.0,0.0,0.0,1.0,1.0,0.0,1660.2044002210796,1669.854328752095,314.0425016222688,6640.817600884318,6679.41731500838,1256.1700064890751,1660.2044002210796,1669.854328752095,314.0425016222688,296972.0849421481,257862.6537461519,184647.68513742773,9477.69648556837,8977.459645125733,2548.6509326743203,10092.01011508063,9645.323196797748,2584.6146479219037,9.503364562988281,8.58306884765625,3.364967068552366,0,0.0,200
round-robin,structured,saturation,20238.41353723424,19160.27816801561,5422.591140695703,20796.036156786966,19703.264706137503,5480.827091702878,20968.042522360567,19848.68076046641,5490.694112777607,21109.07921440324,20084.460665449933,5500.06013460816,20900.421546359434,19794.500304834626,5486.106174041916,21040.456755858166,19978.40898668801,5495.534360485574,21140.711795251453,20107.03109303956,5503.538497051269,0.0,0.0,0.0,1.0,1.0,0.0,1659.1453416104725,1670.1242369337922,313.02867137584064,6636.58136644189,6680.496947735169,1252.1146855033626,1659.1453416104725,1670.1242369337922,313.02867137584064,2310215.994938959,1954276.117064766,1526893.7054466233,19600.555510555052,18556.3788343749,5251.8092863396305,20507.07972257056,19522.615161369904,5332.70473968004,9.499788284301758,9.298324584960938,2.326347340955686,0,0.0,200
similarity-avoidance,adversarial,high,13029.620874372846,10042.4992628086,5061.1042843131545,14905.035551935889,12901.119943091984,5372.841286629405,29464.89790465016,25864.85021779008,17669.132888949534,30258.272214210643,26341.28678300723,17733.79591636412,20445.90053280603,18202.001674420513,7697.9213533842885,29966.77265918314,26194.854114345875,17748.022066031324,30311.01331833317,26399.48896802955,17734.769399148812,0.0,0.0,0.0,1.0,1.0,0.0,2058.939258899504,2389.8450274276474,574.6614706600905,8235.757035598015,9559.38010971059,2298.645882640362,2058.939258899504,2389.8450274276474,574.6614706600905,8926111.6866219,3581755.5653403965,19121514.399002206,12482.386535344836,9620.493383846773,4849.012089478256,29791.75300615756,25725.62405661837,17679.028260905685,78.20010185241699,73.19450378417969,16.890503833964914,0,0.0,200
similarity-avoidance,adversarial,low,4245.77238656566,3241.710634667621,1684.2564609250783,4439.911402074661,3543.469268311196,1639.6169916165277,8001.124320359904,7548.283646481355,2800.471527443712,17292.67530037726,13660.62246990111,12050.993819676438,6797.210141586934,6210.471202180468,2261.361297031725,12561.411453153922,11109.460984360769,6308.565909235695,17358.061460717046,13705.72577707568,12045.989236549069,0.0,0.0,0.0,1.0,1.0,0.0,2114.879941187345,2467.8328810786816,598.5515048396607,8459.51976474938,9871.331524314726,2394.2060193586426,2114.879941187345,2467.8328810786816,598.5515048396607,1456917.7518508441,602639.7626004306,2911731.117266321,3701.6380151953526,2823.294851484742,1473.3614639606656,16818.775750502606,13147.755026102706,12034.36891649607,75.29377937316895,68.30692291259766,18.100185882089384,0,0.0,200
similarity-avoidance,adversarial,medium,8633.561172872718,6675.07018048536,3361.579052543322,9557.906157477908,8109.624648674415,3436.670455921013,15019.898732527276,13275.21969627635,5735.8809588436425,22797.269633826818,19097.579979326416,14864.23479977834,13396.387640482173,12037.31062578048,4700.165651102646,21036.84641594539,18180.195557282943,12655.291414772222,22900.218908459075,19357.218388277975,14865.271877481196,0.0,0.0,0.0,1.0,1.0,0.0,2072.4327627800308,2396.9804407262195,579.1596267843523,8289.731051120123,9587.921762904878,2316.6385071374093,2072.4327627800308,2396.9804407262195,579.1596267843523,4042039.8274396574,1582742.7511563683,11525327.276861217,8088.823760129082,6253.221573408777,3150.6488709117043,22342.770752267326,18723.50893186133,14832.881422700466,75.80995559692383,70.33348083496094,16.0912489054518,0,0.0,200
similarity-avoidance,adversarial,saturation,17313.079058283183,13430.954823938982,6700.234333784018,20013.81285012016,16922.43356089374,7031.236856480245,31489.84881834386,26691.17220740408,14573.986836534035,32039.730465103108,27480.651596859265,14617.908568053357,25226.398992348193,22154.631065641566,8590.482904441253,31793.458399505493,27023.005985923926,14589.784652465005,32098.636969476087,27493.2700750793,14674.66551586581,0.0,0.0,0.0,1.0,1.0,0.0,2063.712398363624,2382.556156004196,572.2796889432931,8254.849593454495,9530.224624016784,2289.1187557731723,2063.712398363624,2382.556156004196,572.2796889432931,9188044.03389403,4809107.568092945,19116485.473042127,16767.415000471043,13007.709403820583,6489.2082680995745,31565.75604128731,27040.24570921462,14528.720658442971,72.5400447845459,69.2605972290039,8.644648988665477,0,0.0,200
similarity-avoidance,drifting,high,55589.518107904645,54365.87455420841,27706.871039097336,56430.758872089784,55098.20723953441,27994.47806364642,56653.03483003081,55262.65665726476,28037.866611096055,56855.30208696153,55380.666603531376,28078.46932557891,56566.50376291735,55197.337138379684,28021.965829502682,56754.81689570704,55320.71750950848,28056.795057196425,56901.15191122343,55401.641586577935,28091.34337334402,0.0,0.0,0.0,1.0,1.0,0.0,661.4170194268976,441.9413506316662,594.4641944180855,2645.6680777075903,1767.7654025266647,2377.856777672342,661.4170194268976,441.9413506316662,594.4641944180855,14605664.359402055,11194973.506550651,11916090.785557909,53258.63996740866,52086.300029697064,26545.73947786599,54577.72389471092,53120.35073277773,26930.41745463113,73.95744323730469,67.23403930664062,24.40040333724073,0,0.0,200
similarity-avoidance,drifting,low,18515.44882796267,18108.028156456843,9273.977833772089,18855.165164391685,18394.2689671997,9364.282992346649,18992.351164641437,18483.834571902862,9391.455711923529,19130.648860037363,18605.88851254093,9412.156427037597,18939.319762713814,18451.476477291348,9380.630918975956,19060.556832407805,18548.099718753387,9402.040857814965,19181.615222526674,18630.466578928175,9422.733470709862,0.0,0.0,0.0,1.0,1.0,0.0,667.7776948727749,442.2741108545017,611.0100445985393,2671.1107794910995,1769.0964434180069,2444.040178394157,667.7776948727749,442.2741108545017,611.0100445985393,500591.6231205927,380451.1559803565,399497.49148090737,16184.465241855569,15828.091104362364,8112.692451893074,16838.85509622979,16329.657654277747,8257.205786392433,75.836181640625,68.66455078125,19.07751984814723,0,0.0,200
similarity-avoidance,drifting,medium,37104.54976562809,36283.369073025715,18510.558349294057,37671.33347218611,36761.51070599789,18683.76382749907,37855.98310570526,36895.69106919007,18721.33641757148,38035.037988596094,37127.95382158054,18750.23318558696,37785.1521444697,36854.414595726805,18706.969928569597,37943.40948763304,37017.68546679731,18736.44945882704,38077.40754342511,37158.11940014216,18762.946338714257,0.0,0.0,0.0,1.0,1.0,0.0,661.6607815473832,441.4299970004271,596.587665136602,2646.6431261895327,1765.7199880017083,2386.350660546408,661.6607815473832,441.4299970004271,596.587665136602,4233051.066056534,3228844.8945068815,3437678.2421447425,34773.654936863015,34003.99766224362,17349.289423998944,35748.30666744829,34864.580532473745,17601.013446440684,73.09079170227051,69.61822509765625,9.68025929537479,0,0.0,200
similarity-avoidance,drifting,saturation,73999.66754729602,72406.21006399827,36872.76394791801,75177.43362067908,73463.6716747864,37304.274302760736,75432.2549445667,73622.33246988978,37361.88877840889,75635.24495445174,73795.64195088144,37408.318720298696,75329.31613539868,73562.24766668945,37337.13044240757,75534.8959920267,73684.41478650595,37385.70909690234,75679.94229468146,73831.54934273794,37422.458743733405,0.0,0.0,0.0,1.0,1.0,0.0,662.0410923270131,442.4290267634012,593.9831950113987,2648.1643693080523,1769.716107053605,2375.932780045595,662.0410923270131,442.4290267634012,593.9831950113987,34994475.25423311,26842420.554327592,28551726.3997916,71668.65032045501,70125.42006188922,35711.498247899275,73356.34726692791,71538.62598987686,36260.76695946446,64.39089775085449,62.465667724609375,5.698582126033464,0,0.0,200
similarity-avoidance,heavy_tail_burst,high,14561.045996972136,14131.567401740047,3350.2439300230403,30668.944991996243,28482.01062249553,10932.143773160373,152640.88766130316,95131.86525413668,177244.45324284383,157950.93826538802,96809.0127875235,178957.9560911623,74206.79268298435,57019.11918737967,53004.651246438625,155694.89918441846,96419.30960487585,178238.5263722874,158181.06296001622,97889.42141863698,178906.72096252895,0.00042,0.0,0.0022108912684718407,0.99958,1.0,0.002210891268471774,1720.6842380009007,1698.3429299158229,338.2453530508286,6882.736952003603,6793.3717196632915,1352.9814122033144,1721.1164589760294,1698.3429299158229,337.3895981375267,681135430.4463301,144066681.13310188,2714100103.5723867,13949.944372379496,13538.592041981814,3210.2091890396764,157716.1971881716,97547.2648441965,178906.03846081725,67.65484809875488,65.08827209472656,8.594242936129882,0,0.0,200
similarity-avoidance,heavy_tail_burst,low,4743.310740616498,4449.273012392448,1181.037000718226,7165.08299700706,6790.137629949098,2756.7588735119866,35523.474956204824,29952.216440180928,18726.453369664276,154089.13087159776,90367.088804431,215386.7042706219,30136.98193894816,24555.549001501822,20089.981360865233,89561.49892939093,63885.37301064689,92003.23113619942,154495.5510656227,90977.40543372455,215588.09070945892,0.00028000000000000003,0.0,0.001023149143993324,0.9997199999999999,1.0,0.0010231491439933156,1766.1003680271697,1798.0529708891959,344.427338788593,7064.401472108679,7192.2118835567835,1377.709355154372,1766.4039448902686,1798.0529708891959,343.85285212106646,261530608.95250005,46672362.51515353,1045410219.845581,4136.748873161832,3878.974765690242,1033.3465393047052,153988.49905170957,90608.15878833452,215613.42150321585,72.66640663146973,69.37980651855469,10.351276135508934,0,0.0,200
similarity-avoidance,heavy_tail_burst,medium,9723.61587418342,9398.358260387009,2271.5336130547066,18617.560160000383,17492.20836622439,6021.812705938666,60343.89286996172,50411.985618858016,35223.55212058087,170932.17875636977,101386.47005313018,210959.42794515777,55886.53651289767,45281.03939005668,37203.380871324414,147466.38737275815,90373.28101586664,169442.189257089,171152.08658528992,101427.18598852276,210886.07788687522,0.00048,0.0,0.001904662356814807,0.99952,1.0,0.001904662356814803,1719.1974024981034,1702.4263432092844,338.42183317243797,6876.789609992414,6809.7053728371375,1353.6873326897519,1719.6938363560478,1702.4263432092844,337.44521516287455,571238455.8256837,105524173.35344958,1840989124.6961315,9110.699668209754,8806.19192996957,2129.123607939079,170639.79215655514,100998.20531166127,210913.02745574893,81.38179779052734,73.90975952148438,18.89850392549839,0,0.0,200
similarity-avoidance,heavy_tail_burst,saturation,19755.714288698407,18802.10598132393,5493.986704219809,40105.92609974642,37251.30562860532,13717.612570001904,185079.47377867793,101419.07342023292,284310.4104348009,188649.32931334045,101500.64028883431,285133.98376021645,99245.62844711212,70149.57556212154,98211.94026790874,187218.90632845685,101464.01505953164,284774.5566695155,189018.76163101394,101525.67589496283,285156.11765447806,0.0011200000000000001,0.0,0.004395703704218061,0.9988800000000001,1.0,0.004395703704218075,1706.3260557808496,1701.937275872907,346.7122828896778,6825.3042231233985,6807.749103491628,1386.8491315587112,1707.382412307244,1701.937275872907,344.42839306275613,1798411098.1753998,194519917.78445378,8781390150.347906,19133.651083825644,18211.15900635406,5321.924956852289,188465.45860031582,101091.49526055882,285163.8138276413,66.75124168395996,64.61143493652344,5.679678452210467,0,0.0,200
similarity-avoidance,iid_noise,high,10250.8692788842,9286.41883638454,1561.6080986566556,10649.949411551808,9855.0134865275,1532.074942901959,10802.50754255966,10026.976679792984,1515.1566633080777,10936.9709626207,10336.025115263225,1511.1076841827164,10742.35896834993,9935.031759699612,1521.5887933682875,10870.156937533302,10191.002843576247,1511.713589521329,10967.417322145644,10393.183017161597,1511.7478092881738,0.0,0.0,0.0,1.0,1.0,0.0,2393.863799851771,2584.419323422091,347.91023115066,9575.455199407084,10337.677293688364,1391.64092460264,2393.863799851771,2584.419323422091,347.91023115066,451239.57708072534,447956.8497912639,117442.01116569107,9820.035667644923,8896.002156160324,1496.1611309418272,10541.205791382092,10011.853200080543,1447.029360081619,72.68905639648438,67.3532485961914,12.207716384667073,0,0.0,200
similarity-avoidance,iid_noise,low,3341.365929674789,3016.5713950977115,523.2853500316538,3548.732858899756,3328.0946590142985,504.9741766885897,3647.8552365416544,3522.408212201939,498.68479071435604,3755.5158131422854,3754.920290978759,501.03525306849593,3609.8712035046865,3453.117091842699,500.5489446115025,3699.756565170076,3631.267459946088,497.9771284833678,3787.557562916507,3819.7501514963324,503.92696181576446,0.0,0.0,0.0,1.0,1.0,0.0,2451.074664247152,2652.017458605671,365.8068264412733,9804.298656988609,10608.069834422684,1463.2273057650932,2451.074664247152,2652.017458605671,365.8068264412733,26643.132074738176,23183.286804221258,13069.26672089851,2910.467686155754,2626.300342779442,457.76159721616034,3346.4120656589594,3397.745927838754,445.1188203101995,65.64497947692871,64.13459777832031,5.363214619797124,0,0.0,200
similarity-avoidance,iid_noise,medium,6817.922684664616,6171.222610069468,1043.3372288829453,7123.8222668464205,6590.374226678023,1017.8407284771088,7251.355070436702,6844.614421216478,1005.482048743275,7378.980652956904,7031.789808961587,996.8674182919378,7202.712010135904,6748.562187584075,1009.424414498731,7315.1213285046115,6936.947188651249,999.4269582681906,7409.12709521869,7073.855238437883,996.2481131354141,0.0,0.0,0.0,1.0,1.0,0.0,2399.943990857129,2592.6791357228676,350.23121855751697,9599.775963428516,10370.71654289147,1400.9248742300679,2399.943990857129,2592.6791357228676,350.23121855751697,145218.1109631065,163664.76145505355,38197.54476040994,6387.077134409191,5780.947935896307,977.8852092751691,6977.103671311688,6713.407795888415,931.5224155789134,72.0977783203125,68.78376007080078,10.011269466380286,0,0.0,200
similarity-avoidance,iid_noise,saturation,13672.52842178771,12375.231989744265,2078.4655273556223,14164.546935165441,13105.34462358517,2051.1605484060365,14340.115636276552,13324.567438506376,2032.695635143989,14482.650290301459,13631.117108221482,2020.2695197997741,14270.420342653855,13205.307546285821,2038.574554320706,14413.652761693229,13469.390299556468,2025.3647564809035,14512.43907286303,13698.288714019427,2018.815284268386,0.0,0.0,0.0,1.0,1.0,0.0,2392.7998606149486,2585.8101128129756,346.9300198193618,9571.199442459794,10343.240451251902,1387.7200792774472,2392.7998606149486,2585.8101128129756,346.9300198193618,1038504.7914845948,931421.7131118178,286685.9264439904,13241.464155352185,11985.07581575655,2013.0035252426,14083.44497014263,13300.901243045082,1953.91187214354,71.18940353393555,65.80352783203125,14.62320740507635,0,0.0,200
similarity-avoidance,partial_obs,high,20586.988768493004,20444.8466765349,6938.179735907469,21179.767453203098,20802.22298815369,7039.771848258985,28349.751857537674,27723.676206997876,12717.928413410858,28824.575694362087,28442.910899417064,12772.542604996997,23829.337320188886,23367.826333318662,8010.962173751614,28613.21888325659,28006.490207264746,12727.45964853378,28882.578605898583,28459.79903763117,12777.700025999531,0.0,0.0,0.0,1.0,1.0,0.0,1333.3458395594923,1173.8931068910927,531.5734647400421,5333.383358237969,4695.572427564371,2126.2938589601686,1333.3458395594923,1173.8931068910927,531.5734647400421,4381306.543428979,2631501.1322702784,11051239.9012567,19722.98687460495,19586.23961714252,6647.395883940508,28027.81275793004,27641.626920965675,12640.543672592434,68.11022758483887,65.32669067382812,7.634632008005149,0,0.0,200
similarity-avoidance,partial_obs,low,6796.39718088585,6740.019556489859,2329.1161910231885,6998.567381650385,6911.5922417591355,2341.727310035634,8180.905855324709,8330.719892533414,2826.9916489659904,14107.286175935973,12716.307354232838,8219.16773143262,7980.759181142339,7861.743341899595,2566.1446419257677,11066.222325648116,10577.50627343803,4596.9151806151,14158.002222725343,12745.26104521936,8232.190594482301,0.0,0.0,0.0,1.0,1.0,0.0,1355.3928353918775,1186.9404806078285,559.0048276509542,5421.57134156751,4747.761922431314,2236.019310603817,1355.3928353918775,1186.9404806078285,559.0048276509542,535914.6035504675,211001.5792461497,1156475.3639170362,5932.876280039633,5883.547616352362,2037.4702332866543,13298.31470985362,11699.241075375001,8134.203364242281,77.99148559570312,72.36003875732422,17.540297591138305,0,0.0,200
similarity-avoidance,partial_obs,medium,13719.43520919893,13676.988240045448,4630.498234678776,14064.14449665477,13943.992547870588,4667.1354804377515,16434.949241080696,16352.69681692333,5489.41662590708,21660.117068623913,19497.639607840447,13025.061478359694,15936.991940616183,16048.809312497746,5211.263672942144,20531.49331209014,18801.528422949872,11105.12518465276,21711.027284803873,19521.280617450644,13020.541165740082,0.0,0.0,0.0,1.0,1.0,0.0,1336.2889207247024,1169.8481981245768,539.672139565443,5345.15568289881,4679.392792498307,2158.688558261772,1336.2889207247024,1169.8481981245768,539.672139565443,2323566.88945468,887709.6042115283,8159550.8948356565,12855.615947425973,12815.879270970781,4340.013301273392,20847.825290060217,18469.637991055875,12948.350772378528,75.44636726379395,69.37980651855469,17.964160326185674,0,0.0,200
similarity-avoidance,partial_obs,saturation,27408.609012913817,27252.870127537313,9228.230491735136,28434.839824412473,27941.28012585192,9250.224459521347,34418.0326529907,34399.921408243186,10652.331661534741,34845.58245055564,34720.040918688814,10670.097739443161,31246.703243416945,32231.060533524345,9504.518430010483,34685.97193566607,34677.60012752927,10685.624574121035,34895.617807799295,34897.130973105195,10670.616116635227,0.0,0.0,0.0,1.0,1.0,0.0,1335.9833676602534,1174.1883997471225,535.4863149508884,5343.933470641014,4696.75359898849,2141.9452598035537,1335.9833676602534,1174.1883997471225,535.4863149508884,6015314.342848523,5449188.165998489,3791325.9035735815,26544.93238858019,26394.09718438898,8937.58107750836,34032.397437298096,33820.00852854492,10434.817105909317,72.30997085571289,66.99562072753906,16.2182869559536,0,0.0,200
similarity-avoidance,structured,high,10413.596861788394,9455.57562871213,1861.5506744400088,10814.03825782766,9762.496665155362,1978.1421923185956,10969.500804642046,9866.984476374339,2034.1185338182563,11104.369966758364,9974.95552398049,2081.9543147225945,10908.497944467636,9826.020961588718,2011.0502702391889,11039.402947058776,9916.202710358884,2060.736395607221,11134.514267834697,10015.861453508936,2095.6116528772104,0.0,0.0,0.0,1.0,1.0,0.0,2373.2679783656167,2538.185021187942,387.90986723604465,9493.071913462467,10152.740084751767,1551.6394689441786,2373.2679783656167,2538.185021187942,387.90986723604465,466824.7589399217,358341.0293551256,192459.1345341202,9975.935291106307,9058.07609011896,1783.5308247312269,10700.090753053424,9612.159123064019,2016.9254957413277,75.87432861328125,71.04873657226562,12.662148288601454,0,0.0,200
similarity-avoidance,structured,low,3394.6083520538364,3072.522480301399,621.5394354614239,3600.800526048714,3226.7029966090086,689.106137767542,3701.145952454349,3303.4339054670018,724.8635901074932,3814.1378329196573,3403.477467077022,761.4742066154138,3663.290923010809,3273.288287851444,710.885401253032,3754.8022625879744,3345.9777354667976,742.6501365798184,3847.5685558608993,3425.0085559430945,775.8472438963574,0.0,0.0,0.0,1.0,1.0,0.0,2430.2266614563496,2603.723888989214,406.22028310914686,9720.906645825398,10414.895555956857,1624.8811324365874,2430.2266614563496,2603.723888989214,406.22028310914686,27116.916328916872,18576.608802911032,18230.975065613504,2957.0449808538624,2675.2943819738866,543.705713472935,3405.474096911105,3027.9356212495477,699.6615231009769,76.2784481048584,71.8832015991211,11.630377127133874,0,0.0,200
similarity-avoidance,structured,medium,6923.756757032866,6282.2365914232305,1239.3542776669074,7229.928507480038,6521.792972273617,1334.5009393268901,7356.659657634534,6613.448047991338,1381.145804244931,7480.028908167926,6688.567810707638,1436.4890025648356,7307.380313432177,6574.71688370578,1363.1267337547222,7416.679489226122,6659.601329611272,1406.8583380622297,7510.3899065295855,6715.246031281962,1449.7549178497002,0.0,0.0,0.0,1.0,1.0,0.0,2379.879422609439,2546.864403458003,389.6836734797146,9519.517690437757,10187.457613832012,1558.7346939188585,2379.879422609439,2546.864403458003,389.6836734797146,150231.04923934597,110731.17826692891,70356.97734249562,6486.26554359396,5885.003811992315,1161.597070621023,7070.089288770708,6308.538960432517,1368.3979338064642,69.63253021240234,66.7572021484375,7.900208665212228,0,0.0,200
similarity-avoidance,structured,saturation,13881.170569342334,12616.166540595557,2473.44651624957,14381.04497878272,13005.256198599065,2624.3776707579987,14545.845955924753,13125.272230381568,2679.3158784596767,14686.311426166734,13206.863757823814,2734.080789013707,14481.190633693444,13078.38906653527,2657.8541536318353,14616.60443921193,13170.791854581707,2706.0100947428077,14716.489771450919,13237.113884621875,2743.7424025933005,0.0,0.0,0.0,1.0,1.0,0.0,2373.4645554936696,2536.428249581182,386.84645633930444,9493.858221974679,10145.712998324729,1547.3858253572178,2373.4645554936696,2536.428249581182,386.84645633930444,1079739.3697680263,827824.0907109614,427604.42906352755,13443.528236495582,12218.316245409314,2395.551749755447,14282.679962930159,12844.997806217696,2668.343278585887,77.43477821350098,71.52557373046875,16.578294837713244,0,0.0,200
slurm-fcfs,adversarial,high,19063.199677839282,14943.569609684086,9291.140632396351,20992.521809765665,17800.95959886325,9338.168639495136,31884.803326892546,27625.97996002302,15200.490843429188,32567.55113779922,28011.104429945364,15203.642421418908,25366.243183934545,22710.715016237635,10196.801624699772,32233.542146225605,27935.77921060557,15179.061484570091,32622.76838897458,28037.282751137016,15206.918913432959,0.0,0.0,0.0,1.0,1.0,0.0,1446.0207297669635,1606.0420804818214,429.1120741913584,5784.082919067854,6424.168321927285,1716.4482967654335,1446.0207297669635,1606.0420804818214,429.1120741913584,6417676.442447418,3637539.8185313935,9339394.541997977,18262.97421925121,14316.157024716902,8901.797493819571,31842.23643884359,27374.067333237006,14962.922356451212,10.124444961547852,9.5367431640625,2.980040778906259,0,0.0,200
slurm-fcfs,adversarial,low,6289.141151000266,4955.648887439162,3117.625336973999,6496.285208797909,5339.366825362224,3130.888605416808,10284.750121176427,9070.345303825374,4327.51969297477,19421.938416644112,15313.387684240131,13945.592242787969,8917.126745929105,7764.678840992595,3728.189989814293,14903.859704683382,13030.275985255907,7918.15905582449,19471.920022585207,15445.24583868828,13944.027348025858,0.0,0.0,0.0,1.0,1.0,0.0,1466.5691547485424,1614.3229284564293,440.57471543785596,5866.276618994169,6457.291713825717,1762.2988617514238,1466.5691547485424,1614.3229284564293,440.57471543785596,1681281.5219694788,626745.6459830662,4203474.040463934,5489.139033655061,4322.646827637029,2727.2321302289392,18692.58791567291,14618.236280742232,13835.059637898512,10.68115234375,9.775161743164062,3.9057872456706844,0,0.0,200
slurm-fcfs,adversarial,medium,12690.849683266497,9980.425039346283,6210.404194163123,13642.229354690891,11212.277845835684,6303.5789331950355,18643.788461125263,16978.697623515516,7483.334336754778,25402.519666778993,22290.54828547016,13150.937708603937,17141.099177285716,15264.749958730039,6843.837788245121,23870.59749768789,21093.86493456917,11363.616601363661,25480.232302053122,22482.72453107909,13140.892298607308,0.0,0.0,0.0,1.0,1.0,0.0,1449.373982578362,1603.1442902417293,431.2910097453361,5797.495930313448,6412.577160966917,1725.1640389813444,1449.373982578362,1603.1442902417293,431.2910097453361,3392780.813122969,1769629.622023046,6245705.751482619,11891.59964436112,9350.55129312677,5820.780857814787,24696.63487810821,21620.185083777942,12985.594236681203,10.025501251220703,9.5367431640625,2.723298053722728,0,0.0,200
slurm-fcfs,adversarial,saturation,25416.034535686937,20005.175667240437,12443.001349765209,28108.201127866967,23793.577161860063,12592.72069454623,40115.063208992404,32706.028874810007,26497.983420296274,40869.990320422956,33284.86262511318,26603.98740978968,33643.89078350266,29063.678916783345,15833.213012523001,40539.465537606884,33177.0373510396,26513.23768850811,40920.153619823104,33327.956311034504,26599.630529675684,0.0,0.0,0.0,1.0,1.0,0.0,1446.5477976210868,1599.5860538216893,428.4944997979839,5786.191190484347,6398.344215286757,1713.9779991919356,1446.5477976210868,1599.5860538216893,428.4944997979839,15862735.737966316,6234918.689130953,72587659.98785146,24615.13505450077,19374.744250520926,12051.12507274981,40143.129264198666,32623.31167593706,26354.661924918702,8.500814437866211,8.106231689453125,3.088186527723421,0,0.0,200
slurm-fcfs,drifting,high,59287.367096779955,57600.59040969311,29425.483067738445,60172.27374721365,58377.76943572505,29735.134582634797,60393.348604313294,58572.271110783135,29790.23730820366,60586.88300087161,58689.45675652719,29835.29905207439,60308.619890631555,58498.041293284,29768.312127567562,60490.40436985061,58636.09529544909,29814.53956908349,60634.58248999482,58711.734861449746,29846.068189867474,0.0,0.0,0.0,1.0,1.0,0.0,585.3184703074244,416.6996227788634,426.9347292730343,2341.2738812296975,1666.7984911154535,1707.7389170921372,585.3184703074244,416.6996227788634,426.9347292730343,16585727.219697256,12582439.423350211,13483602.73609683,56801.524664559656,55185.35137743226,28192.323880913475,58151.74510887697,56321.40115764277,28613.305427496904,9.224414825439453,8.821487426757812,2.6847021325494707,0,0.0,200
slurm-fcfs,drifting,low,19752.870387583618,19191.6355936662,9848.4568237788,20106.21235877651,19472.805324602472,9950.156970424661,20244.78125175402,19591.008559740287,9982.655233096208,20391.150087052978,19694.323641850762,10015.591390274132,20191.923134670546,19541.934899243897,9969.965447105533,20314.923903048526,19641.734117908225,9997.868866577166,20438.45077374245,19739.36914299854,10029.594134753646,0.0,0.0,0.0,1.0,1.0,0.0,588.9100709342356,416.88467649231313,434.2688244544816,2355.6402837369424,1667.5387059692525,1737.0752978179264,588.9100709342356,416.88467649231313,434.2688244544816,567049.6689003103,423313.640332556,453119.5073983871,17266.934218572373,16775.965965243424,8615.236095092607,17936.272278924123,17304.748258781037,8787.093317047966,9.011030197143555,8.821487426757812,1.9027450581098138,0,0.0,200
slurm-fcfs,drifting,medium,39578.20081218705,38451.3297997898,19659.10209096258,40172.912516390665,38946.826457005736,19847.764638989778,40363.52659826208,39081.14337328471,19894.109786612717,40544.70577309147,39217.78531435599,19937.140827931722,40289.17786027114,39029.73265114994,19875.75890016129,40451.686259025926,39137.26853239337,19915.819064381274,40591.90972590527,39239.436658566585,19949.43550269484,0.0,0.0,0.0,1.0,1.0,0.0,585.1056399559562,416.14918955684993,427.5611710615946,2340.422559823825,1664.5967582273997,1710.2446842463785,585.1056399559562,416.14918955684993,427.5611710615946,4803879.273908764,3616193.554546521,3894394.332330885,37092.12505242091,36035.962081198886,18425.78930441027,38097.824917093814,36821.92831417406,18710.971100675197,9.707212448120117,9.5367431640625,2.7565161342509112,0,0.0,200
slurm-fcfs,drifting,saturation,78923.06393703695,76703.23511911441,39164.56118541336,80162.8682601787,77830.08348688552,39636.055081476436,80424.41170920007,78089.97541719463,39687.73235761959,80629.87881561497,78183.8850020669,39732.726193147646,80320.97567611288,77975.81070792142,39669.1171024668,80529.21113286926,78151.99973968479,39710.97935156794,80678.5695871957,78259.66279746627,39747.35030027325,0.0,0.0,0.0,1.0,1.0,0.0,586.0943715954656,417.23167827615043,427.20187017602746,2344.3774863818626,1668.9267131046017,1708.8074807041098,586.0943715954656,417.23167827615043,427.20187017602746,39736168.62844904,29842184.170837633,32361988.589854024,76436.98735747504,74287.05461881736,37931.11487205635,78201.03589341238,75861.93507037597,38514.0157846469,11.655092239379883,11.444091796875,2.314909852312599,0,0.0,200
slurm-fcfs,heavy_tail_burst,high,18717.30533040204,17505.597859478374,5655.56383299115,33377.93316978157,31211.16306148162,11043.006230728246,194562.325735085,100858.09160280856,361074.1499999669,201254.30384189,107991.34466438813,361581.04796734464,87883.25059452128,65361.416734046135,95835.0322508432,198522.27099155865,107010.89139954373,361057.5751136781,201510.748033451,108054.23546312074,361532.9087501108,0.00084,0.0,0.0030694474319799716,0.9991599999999999,1.0,0.003069447431979979,1355.8584935753936,1370.9959306167566,285.1433767915654,5423.433974301574,5483.983722467026,1140.5735071662616,1356.6183357685097,1370.9959306167566,284.10837047907506,1953210054.4971688,167362065.78633392,12804525500.894608,17931.683838112338,16771.9652909653,5419.721686014696,200721.8542853776,107395.52497227534,361585.5132604581,10.983943939208984,10.728836059570312,2.2381616799686825,0,0.0,200
slurm-fcfs,heavy_tail_burst,low,6146.299533090062,5777.796591283652,1731.5201645416046,8349.062460380226,7936.577294823996,2885.5728512214596,38263.081682606964,33982.33445153019,21045.005226952053,190516.79969303648,92875.68225453714,334300.93769200234,34732.762630031895,27293.213376815067,28966.35859552576,107001.19245863432,65537.03158458759,139836.0328740768,190774.2556177186,92895.6846865981,334232.26987835445,0.00028000000000000003,0.0,0.0010231491439933239,0.9997199999999999,1.0,0.0010231491439933352,1379.109386337758,1384.6531601521683,303.09813678696344,5516.437545351032,5538.612640608673,1212.3925471478537,1379.3395995380486,1384.6531601521683,302.6978719389824,534579471.9174086,45717281.000702396,2474929394.261763,5364.29256924466,5042.077952184422,1515.0559405590755,189997.3758242801,92275.18816910821,334295.10474606376,9.860992431640625,9.179115295410156,3.0336354099756937,0,0.0,200
slurm-fcfs,heavy_tail_burst,medium,12022.262144396216,11619.136158226043,2515.7707972269595,20924.329090430663,19842.41032980443,5799.498510865041,69737.97765468058,55771.38288375554,57125.83958523329,145280.6533325927,91481.76355859457,162387.86458417063,55091.49063036744,44582.22182924348,36158.59161775464,128760.63679383748,84182.34424355999,136321.6893657785,145406.5121518263,91526.09567210054,162478.78246820284,0.00032,0.0,0.0017644165690521413,0.99968,1.0,0.0017644165690521465,1384.7199566795318,1377.0387251387951,270.29157629871617,5538.879826718127,5508.154900555181,1081.1663051948647,1384.9922433196834,1377.0387251387951,269.757016889301,398992872.94704,91901359.41989723,1395203397.8686726,11265.228533248672,10887.642003754536,2358.4261107718685,144757.37508177507,90976.01108761976,162388.76250651572,9.543895721435547,8.940696716308594,2.710172017729786,0,0.0,200
slurm-fcfs,heavy_tail_burst,saturation,25102.782187862802,24371.615540594175,8912.919181518306,43845.47106158363,41352.02518849998,12520.730059462014,222525.4481661028,118961.59264500279,493177.44456261396,226986.36053970628,120898.12532436149,492493.20191802364,113665.83129014853,77245.17217845886,161475.26602236222,225047.78299938477,120471.92398301185,492842.09188731195,227206.23357971423,120935.52034611387,492575.99020984897,0.0013375000000000001,0.0,0.0044101691247096985,0.9986624999999999,1.0,0.00441016912470973,1356.5894871548483,1313.003707342138,297.95643617498513,5426.357948619393,5252.014829368552,1191.8257446999405,1357.7555484993995,1313.003707342138,296.2507658564012,4424810470.043861,214204424.10637724,43445161553.44974,24312.52278885331,23605.234069525482,8634.142491039687,226597.06905772033,120400.60685871381,492587.20613976085,9.05752182006836,8.821487426757812,2.2088042847233385,0,0.0,200
slurm-fcfs,iid_noise,high,13951.759920767723,12928.384708035726,2693.1778476727854,14377.605189823122,13459.440648660178,2712.4780772600707,14535.570634710595,13677.248569227371,2710.7135935404876,14671.486857309665,13833.552616143588,2714.1503959515803,14473.514422994514,13597.627227917379,2711.8018166985526,14604.273199670097,13759.40393024902,2712.463857119463,14702.083051521915,13888.36364367028,2714.694282651071,0.0,0.0,0.0,1.0,1.0,0.0,1782.38334408041,1856.4089409289334,328.5699766602812,7129.53337632164,7425.635763715733,1314.2799066411249,1782.38334408041,1856.4089409289334,328.5699766602812,805690.207640376,697380.8575397448,298965.8983311302,13365.814375632417,12385.358008328329,2580.304626069977,14120.123753017839,13346.708187318378,2603.9490037334785,8.652210235595703,8.58306884765625,1.969909414338859,0,0.0,200
slurm-fcfs,iid_noise,low,4580.024388903936,4248.269269534791,901.6045439448002,4792.1554517741915,4492.94974924164,908.309589221748,4892.837314895582,4642.334084981858,913.1434466657998,5005.153536604652,4798.6465295790695,923.542527640932,4854.54820192176,4584.660975549821,911.0178006093126,4946.076075744615,4688.39660641047,917.6160387820258,5034.867975196054,4857.138850867065,927.301407097036,0.0,0.0,0.0,1.0,1.0,0.0,1812.4831792832736,1883.1366446459242,341.11864852354523,7249.932717133094,7532.546578583697,1364.474594094181,1812.4831792832736,1883.1366446459242,341.11864852354523,38305.261068655,31812.139482706167,16919.504893439935,3994.02771763548,3703.827796155577,788.7077925819958,4441.216804237465,4292.7475092178065,821.4758310561789,9.938478469848633,9.059906005859375,4.222662920729196,0,0.0,200
slurm-fcfs,iid_noise,medium,9292.763020278471,8612.076044798876,1801.7760684713433,9616.249702258889,9015.505885689381,1816.1459197872418,9749.765496774917,9163.46680937441,1824.1381511536817,9885.271092125859,9403.451581756624,1831.9952928888295,9698.662970041078,9112.775811056033,1820.2818979161227,9818.060141027363,9325.872340471567,1827.3812991607151,9918.879394092866,9421.855839863803,1834.5538770320923,0.0,0.0,0.0,1.0,1.0,0.0,1784.5897949010096,1857.8863320054506,330.588882832104,7138.359179604038,7431.545328021803,1322.355531328416,1784.5897949010096,1857.8863320054506,330.588882832104,249393.0246258666,224176.78863714956,91175.75241428222,8706.65870974902,8068.635643838825,1688.7394010343805,9328.648156408362,8853.71001333755,1722.3537334660484,9.642839431762695,9.059906005859375,2.86777392138585,0,0.0,200
slurm-fcfs,iid_noise,saturation,18592.90051918302,17278.564938538635,3587.3500753014746,19136.84459874204,17871.867054187787,3623.584542631306,19316.627483567023,18085.898822669107,3627.6979789131988,19465.30205468761,18234.793963350803,3640.20763211551,19245.11411194199,18000.56660487813,3626.3117148221077,19389.056332434433,18137.714811178874,3632.3857527805644,19496.86519750175,18252.68165614456,3641.4886600782647,0.0,0.0,0.0,1.0,1.0,0.0,1783.2521079229905,1852.029604402379,328.69530051460356,7133.008431691962,7408.118417609516,1314.7812020584142,1783.2521079229905,1852.029604402379,328.69530051460356,1892294.732119539,1587907.8208823134,720219.5407259683,18006.86986129155,16733.843927561895,3474.3714435308357,18912.363366514033,17740.49350011863,3530.097572488582,7.889270782470703,6.67572021484375,3.050176494436754,0,0.0,200
slurm-fcfs,partial_obs,high,25152.05990638007,23752.177478483227,8685.877150431961,25877.82125459203,24800.639358106317,8813.623682111638,32248.24866007369,32297.140287286045,12324.586051632738,32643.003970532274,32744.851737194906,12401.78353664637,28176.091975087988,27570.167804716402,8987.056087073108,32468.14740924496,32549.200364875527,12343.994572009025,32685.75824708074,32774.05639087391,12403.032853205952,0.0,0.0,0.0,1.0,1.0,0.0,1092.368393574164,1011.2690716144541,417.1627409702604,4369.473574296656,4045.0762864578164,1668.6509638810417,1092.368393574164,1011.2690716144541,417.1627409702604,4564129.00547242,3825805.423913924,9054601.159382036,24096.75077361224,22755.625361332124,8321.863875725501,31643.38672633301,31463.45200789251,12168.704395701772,8.069276809692383,8.106231689453125,1.2598020097640994,0,0.0,200
slurm-fcfs,partial_obs,low,8330.618436793258,7854.917339894836,2910.124087822448,8542.024962722373,8018.222892541334,2929.658361735658,9678.643268756685,9855.913899615389,3366.112657131996,16386.08413938995,14714.225251978802,8551.86697215953,9553.384829090483,9270.772025171103,3059.28994739459,12897.495522362111,12686.448814966217,4890.840802121281,16435.285541269146,14738.413873246776,8543.984269710088,0.0,0.0,0.0,1.0,1.0,0.0,1103.9340121642501,1019.4053687091368,429.497438108834,4415.7360486570005,4077.6214748365473,1717.989752435336,1103.9340121642501,1019.4053687091368,429.497438108834,620404.8476503943,242551.4853263867,1051293.484414091,7274.987877289631,6858.843404804127,2545.7243527157643,15397.417676496269,13350.661699480319,8436.369946249311,8.918046951293945,9.059906005859375,1.6705719039042985,0,0.0,200
slurm-fcfs,partial_obs,medium,16781.30475249894,15839.737934919878,5809.745784732842,17178.5295854697,16482.988429657395,5837.420023766372,19810.106197846024,19386.16695034654,6649.410800702777,24324.48357875665,24147.536929604146,10141.09684974979,19034.753588359697,18308.745833324087,6116.817921514798,23310.920611871436,22701.694172436226,9064.562559440868,24366.301079560773,24156.610396209486,10141.774409697242,0.0,0.0,0.0,1.0,1.0,0.0,1092.8606323624533,1010.9573209354312,420.2089016449748,4371.442529449813,4043.829283741725,1680.8356065798991,1092.8606323624533,1010.9573209354312,420.2089016449748,1895702.8745806906,1364053.0782358237,4805320.261194825,15725.424684700796,14842.9536241073,5445.279996677925,23324.08477088579,22989.12106876212,9934.064330899439,9.256601333618164,8.821487426757812,3.2659219559539827,0,0.0,200
slurm-fcfs,partial_obs,saturation,33483.59271502278,31656.750618993938,11559.15663942498,34531.99040173749,32490.880969849575,11689.291117903627,40493.2208872836,41346.453542228046,13558.199836106267,40862.87412779861,42047.298767430446,13575.95628975801,37132.52579382317,35792.634755632505,11808.815282115058,40699.21753625944,41693.83228477859,13537.764321608498,40903.94582318528,42092.48599667641,13574.04190103012,0.0,0.0,0.0,1.0,1.0,0.0,1094.238917657793,1011.7704787888622,418.82013311875914,4376.955670631172,4047.0819151554488,1675.2805324750366,1094.238917657793,1011.7704787888622,418.82013311875914,8513175.528587895,8002623.022141019,6975376.1800446315,32428.609652139894,30659.324111117046,11195.121093674365,39868.67104784545,40882.00242295003,13290.406090684635,8.76307487487793,8.344650268554688,2.2245906941535543,0,0.0,200
slurm-fcfs,structured,high,15486.766143648942,15129.251842960404,2906.8957151843697,15925.391394327167,15545.842701537666,2905.8016773053296,16081.451587759135,15735.298429587034,2904.255839476754,16215.182531714858,15857.51570702649,2901.4478880424285,16020.68633199355,15648.032150463654,2904.4369724051744,16150.185772856774,15797.057303413134,2902.3425423109097,16248.969409803045,15878.245053094191,2899.371419760834,0.0,0.0,0.0,1.0,1.0,0.0,1604.520232627484,1586.3309796637,299.18399093617705,6418.080930509936,6345.3239186548,1196.7359637447082,1604.520232627484,1586.3309796637,299.18399093617705,981588.951832963,901351.0359188039,348275.1280369832,14836.505277723256,14493.972019847566,2785.0666105145806,15598.448206084902,15236.008779741824,2780.0974288102557,8.362531661987305,7.62939453125,2.7545009181898386,0,0.0,200
slurm-fcfs,structured,low,5093.164207513426,4978.231386271122,972.5652610957159,5310.149575655445,5169.682543509998,963.9405985436508,5412.137978339158,5264.947507562947,960.9480400031689,5528.015413746574,5391.827092272159,964.68736716301,5373.535979659567,5233.470501750094,961.6102652436437,5466.597602506086,5322.56075805933,962.1279788343584,5562.713943933699,5413.92708799686,965.640010778031,0.0,0.0,0.0,1.0,1.0,0.0,1628.368693356188,1606.9965223333456,309.525713008354,6513.474773424752,6427.986089333383,1238.102852033416,1628.368693356188,1606.9965223333456,309.525713008354,44137.62465219226,39369.73393769987,17026.178507530676,4442.907198979502,4342.379090645356,850.7810375202874,4901.681622235677,4777.621099600365,847.3185560504273,8.9263916015625,8.821487426757812,1.305574819974469,0,0.0,200
slurm-fcfs,structured,medium,10316.640300556213,10080.209575683035,1941.543738214094,10642.866024640562,10396.996897259829,1934.34501494997,10772.038789670865,10546.084211275138,1928.5157168102646,10900.455050366907,10632.713128144813,1929.2833659137023,10722.185988071898,10486.175729255483,1931.3277279556582,10835.89600710367,10589.373037058978,1927.470629390761,10932.635785408678,10646.485297484192,1927.8673577187367,0.0,0.0,0.0,1.0,1.0,0.0,1606.0505371252293,1587.2711128646176,300.3711186999644,6424.202148500917,6349.0844514584705,1201.4844747998577,1606.0505371252293,1587.2711128646176,300.3711186999644,298429.81976765825,271026.730965443,102121.2898667774,9666.29697321937,9444.708992846045,1819.7428918238,10280.584697092092,10005.822036248806,1808.2856837503716,8.902549743652344,8.821487426757812,1.9973917792190063,0,0.0,200
slurm-fcfs,structured,saturation,20633.62906622029,20153.48944889773,3865.514367053594,21191.44376402586,20678.595495197675,3872.7110505528403,21360.937100464063,20847.118313259103,3859.1219751008025,21499.058683096828,20945.47982911136,3850.7832589611658,21293.732053367603,20772.60780867807,3865.2261621208136,21431.22282546436,20909.603690101,3853.9319006497362,21528.460762569957,20984.615667870014,3853.3909729098577,0.0,0.0,0.0,1.0,1.0,0.0,1605.492269547979,1587.8157485395514,298.7364010454737,6421.969078191916,6351.262994158205,1194.9456041818949,1605.492269547979,1587.8157485395514,298.7364010454737,2313923.6961314366,2122915.855956845,839234.2336989806,19983.314946515064,19518.315279477058,3743.767837307616,20882.494259415966,20346.142339869344,3735.248027411911,9.35673713684082,8.821487426757812,3.244164055754599,0,0.0,200
spread,adversarial,high,7665.999816252882,7330.394438109559,3946.2478227930765,9539.251630183053,9090.497271270066,4206.321476939016,22505.722802348017,17560.810165044702,18966.295985058336,23186.570440337393,18003.443896860335,18959.606360398528,14483.857423588619,12726.416076310763,7146.841954126291,22899.900562254756,17915.477738810434,18945.62994918185,23227.882788569004,18062.205715770335,18960.69378335783,0.0,0.0,0.0,1.0,1.0,0.0,3472.4012501015736,3274.039481871897,944.4868605288713,6944.802500203147,6548.078963743794,1888.9737210577425,3472.4012501015736,3274.039481871897,944.4868605288713,8284588.484101816,2396543.7470353544,29952363.207882117,7343.529328400601,7022.1910336162655,3780.8911213750594,22934.385621764053,17795.06598694784,18934.928524628023,11.90185546875,10.967254638671875,4.320018178303468,0,0.0,200
spread,adversarial,low,2798.3082831072534,2316.3295699935697,2196.3372857605546,2981.9290469211583,2460.172044994001,2228.428901099529,6546.149596382531,5940.406282559936,3119.9601033200033,16875.41600649074,11815.384139903877,19190.18309805832,5414.663476982352,4639.229283033641,2925.6128916576895,11506.828262126744,9593.49016187138,8491.63498542565,16940.922292970718,11990.636855333734,19198.369460298552,0.0,0.0,0.0,1.0,1.0,0.0,3501.2984512136904,3453.7410422804583,1086.719635637477,7002.596902427381,6907.4820845609165,2173.439271274954,3501.2984512136904,3453.7410422804583,1086.719635637477,2286697.133499402,593813.4261876834,9202572.938725794,2435.413806242558,2013.6672814344338,1921.3297192856567,16589.7035934719,11697.473975463456,19168.67808759196,10.353326797485352,9.5367431640625,3.02358112013124,0,0.0,200
spread,adversarial,medium,4925.996712083156,4610.9003622113,2239.362058792563,5725.180503220694,5366.137312751069,2370.61747639184,10728.016528195329,9532.382540082408,4550.262548129643,18136.89990807813,13544.057151252975,18266.260235662707,9296.308790650448,8406.430507975661,4181.302220538262,16433.635999827133,12573.39499865237,14930.859129152368,18190.11923959104,13556.828054718693,18268.264687445237,0.0,0.0,0.0,1.0,1.0,0.0,3578.3982657325937,3470.0386192508104,949.2081412843052,7156.796531465187,6940.077238501621,1898.4162825686103,3578.3982657325937,3470.0386192508104,949.2081412843052,4433612.755564128,1066833.7762163,23343504.71570647,4613.859575158479,4318.393574238578,2098.871102506272,17901.843162876692,13270.065947544645,18255.836612177558,8.974075317382812,8.58306884765625,1.997763568433561,0,0.0,200
spread,adversarial,saturation,9725.086522036288,9359.320662799895,3146.4776019636574,12349.434416113156,11906.558711023838,3512.6114390306125,22689.906511886646,19340.660623868745,12667.88505771655,23339.26348843161,19578.934501162552,12717.901952725342,17045.15077413279,15732.505805959969,5986.836747467407,23102.292305682902,19494.747848595536,12692.17842683807,23407.415986782467,19584.44385024323,12775.172463546542,0.0,0.0,0.0,1.0,1.0,0.0,3544.450235611753,3419.058578646821,912.2591222382895,7088.900471223506,6838.117157293642,1824.518244476579,3544.450235611753,3419.058578646821,912.2591222382895,7202297.620184303,3173036.477881833,13154238.567058448,9418.330485233095,9064.257444144749,3047.399751974887,23108.294823555374,19310.894720212927,12760.012852600437,11.71112060546875,10.728836059570312,3.7138145615403904,0,0.0,200
spread,drifting,high,51783.30441873827,52026.54663971883,27731.56933585332,52591.14905132597,52798.653527571005,28017.39195126723,52804.85145273585,52951.39990166429,28062.961995096324,52989.10248372452,53052.01227463335,28097.470723703278,52721.8688938509,52888.18129903871,28045.662327634924,52898.849921300774,53007.73695397498,28081.11364962326,53032.61141450017,53060.73899305738,28107.862085429337,0.0,0.0,0.0,1.0,1.0,0.0,842.3218055511561,461.3065711474045,1053.5842362502228,1684.6436111023122,922.613142294809,2107.1684725004457,842.3218055511561,461.3065711474045,1053.5842362502228,13071690.533014152,10245869.908205714,11148672.251444386,49611.94091190199,49845.00183107997,26569.402609713612,50867.41760881855,50882.69312238903,26945.91142439742,9.982585906982422,9.298324584960938,3.306244431470338,0,0.0,200
spread,drifting,low,17324.669743074555,17236.574155792714,9339.716032357404,17651.447692164016,17486.38254438304,9429.099055290933,17782.294609704717,17557.696913888052,9455.63202418126,17917.87267341674,17757.89256639128,9478.73147132394,17732.37652703922,17538.274183781497,9445.210024341477,17847.9387994931,17638.004680097394,9467.13137627114,17958.71906817997,17811.61486192133,9483.647653139242,0.0,0.0,0.0,1.0,1.0,0.0,874.5804156666247,464.13213042597226,1160.7937659096208,1749.1608313332495,928.2642608519445,2321.5875318192416,874.5804156666247,464.13213042597226,1160.7937659096208,453126.38663659955,342561.3181761452,377620.74939038296,15142.795240300049,15065.708041799258,8170.203439212313,15763.577484887443,15629.954997314315,8309.547586873456,10.362863540649414,10.251998901367188,2.5331139938397538,0,0.0,200
spread,drifting,medium,34580.44636156109,33894.69583186756,18423.4840496147,35128.88439125481,34349.815688297036,18596.23551510994,35306.41667456284,34489.157997429145,18632.782378895008,35469.18629282114,34629.19755812413,18666.703995147018,35237.2031845441,34436.59697197659,18617.80482912348,35386.81343297927,34574.40547796051,18647.514054102776,35513.65551348859,34640.80356096276,18673.849431121067,0.0,0.0,0.0,1.0,1.0,0.0,831.4047510767035,472.08311540205807,1026.879386632407,1662.809502153407,944.1662308041161,2053.758773264814,831.4047510767035,472.08311540205807,1026.879386632407,3790069.7922909586,2818052.9609620897,3218133.6326770475,32407.909937870045,31765.100770315898,17267.685295227773,33335.44444363502,32539.74289585813,17515.036439551048,9.82522964477539,8.940696716308594,3.7545122662837875,0,0.0,200
spread,drifting,saturation,69004.54976359301,67922.9869217242,36840.839172520544,70129.0522033464,68950.42710183904,37274.58962981818,70372.98850030334,69297.93166246318,37333.452780375635,70562.1642540488,69534.88415684534,37366.675504931365,70274.35264953175,69159.07684648535,37308.45975595103,70468.68482078715,69418.27783426864,37349.57195441197,70602.85780327796,69576.1857789071,37376.653848861315,0.0,0.0,0.0,1.0,1.0,0.0,827.9108144622145,471.2267904402747,982.8696301397002,1655.821628924429,942.4535808805495,1965.7392602794005,827.9108144622145,471.2267904402747,982.8696301397002,31327587.95175576,23620937.404093686,26686012.92784095,66830.85562318345,65783.39766371486,35680.57231785578,68435.2623254089,67468.4880587628,36220.10134353709,9.961128234863281,9.298324584960938,3.2185873632035165,0,0.0,200
spread,heavy_tail_burst,high,10613.202583642726,10147.175298319698,3048.0434518586394,24577.227301264018,23634.49496574152,8369.853406889815,144474.6089614109,78258.9305665092,187868.1739444548,149019.56750051668,83929.59511685572,187911.03936824112,66260.801161494,48988.678791311206,50716.65342930731,146974.23931396767,82566.25405060756,187813.96287744978,149571.6258586156,84229.4681304782,187819.78170106714,0.00054,0.0,0.0024938920360426963,0.99946,1.0,0.0024938920360426864,2427.5799683721057,2365.19056020418,642.5483719213356,4855.159936744211,4730.38112040836,1285.0967438426712,2428.3197864137937,2365.19056020418,641.3696813829408,687915940.7894713,107695372.42350504,2940092163.269256,10167.308065325195,9721.584429954408,2920.3605759171037,149202.8302169848,83988.742721875,187846.68535345976,9.497404098510742,9.298324584960938,2.5900847273190064,0,0.0,200
spread,heavy_tail_burst,low,3558.72634757855,3248.2606045135503,2103.399629293433,5609.6133566654835,5337.240287161485,2411.3296747507093,33880.24232286673,30789.09282104876,17910.724107764978,175111.3523566106,79281.71305196064,468589.96476232103,30538.364884672817,22276.21244744017,40918.619431782514,97800.82294549319,59164.062203433234,194832.91177122947,175397.67968453595,79601.45747901768,468599.8576850984,0.00018,0.0,0.0008312973453475658,0.99982,1.0,0.0008312973453475448,2534.5732448883814,2462.856951367664,704.7522187193757,5069.146489776763,4925.713902735328,1409.5044374387514,2534.74342996943,2462.856951367664,704.3952930312822,889519859.2497292,39948353.02515085,7270442594.366474,3100.7859063016144,2829.333169257862,1840.4427161763467,175096.8945176623,79092.8414645305,468595.2524701624,10.082721710205078,9.655952453613281,3.1731314710967156,0,0.0,200
spread,heavy_tail_burst,medium,7057.016797613894,6588.763150067598,2611.7663684153554,15984.570660590925,14403.453178402662,6190.492902948412,57802.684868206416,47864.9889962891,44509.07001748293,151728.01954558433,86540.27859511961,227099.81990127382,50468.68053265007,39020.22628429947,44469.98466016872,131437.64193007138,79898.10164920744,187020.3668082216,152185.5511299769,86564.58090776348,227041.55041424098,0.00028000000000000003,0.0,0.0014739275123145607,0.9997199999999999,1.0,0.0014739275123145516,2479.1867608728494,2428.377091595782,685.3762652131263,4958.373521745699,4856.754183191564,1370.7525304262526,2479.474177502199,2428.377091595782,684.7856327189628,590191461.9352897,88305945.47165708,2843559646.267296,6610.500865735891,6172.55611317709,2448.024606269422,151670.4520576964,86317.7255255543,227024.34061923882,8.854866027832031,8.58306884765625,1.8728981265362707,0,0.0,200
spread,heavy_tail_burst,saturation,14300.984214184366,13398.892182271877,5051.3989489010255,34389.3140949137,31674.70458141822,12645.83310937393,150558.36906150018,92087.09310413338,250037.32010971726,154772.19382123256,96753.12389073399,249921.9097486997,85070.19769778378,65366.56465274661,88349.48168653344,152709.42272659243,95259.55762753086,249811.74636686104,155290.64576240652,96871.53400182395,249831.19955704518,0.00048,0.0,0.0027362447214895457,0.99952,1.0,0.002736244721489533,2418.6057608321216,2388.2577203079836,617.2533003264537,4837.211521664243,4776.515440615967,1234.5066006529073,2419.0914982630043,2388.2577203079836,616.1759538474861,1370449572.7083013,193793295.5957721,10171076651.38967,13849.975126531552,12976.996489885925,4893.396647175155,154665.61173326455,96485.61359534849,249923.04075900617,12.202262878417969,11.682510375976562,4.0292431484592965,0,0.0,200
spread,iid_noise,high,6392.857197869593,6398.853739457126,1600.447126327013,6761.804487733509,6708.764103099413,1679.8023664429734,6916.203110161803,6879.763549378324,1719.4050876406066,7043.78019391359,7015.954751147385,1754.2796261626984,6854.379019326083,6787.156622617353,1703.9019813906648,6979.919970317378,6951.896526055349,1736.845095481759,7075.29654278329,7039.523471222145,1765.977101624116,0.0,0.0,0.0,1.0,1.0,0.0,3992.357117007037,3750.6885389557556,1009.2331313327868,7984.714234014074,7501.377077911511,2018.4662626655736,3992.357117007037,3750.6885389557556,1009.2331313327868,206699.46960287035,182431.95024550467,109948.50252881994,6123.695881168769,6129.406543063895,1533.3750557936671,6806.329400316267,6765.679088957462,1694.2700305555243,12.326240539550781,12.159347534179688,2.331119170047916,0,0.0,200
spread,iid_noise,low,2100.882708396037,2078.6405295213285,556.8082461568696,2303.4149771104353,2265.8259169287303,604.3969549763353,2400.440242038296,2363.795894378637,630.8238922673286,2503.325501610522,2460.01111156578,663.4526272944547,2362.939638985839,2342.9227490749768,619.7726347904323,2449.2535735716538,2417.1060743614235,644.8256480788301,2534.590523905196,2507.054672581897,675.510535020202,0.0,0.0,0.0,1.0,1.0,0.0,4084.6878505133127,3848.6884769773333,1111.855859173505,8169.375701026625,7697.3769539546665,2223.71171834701,4084.6878505133127,3848.6884769773333,1111.855859173505,18992.5161403833,12533.412888076255,15252.956306010768,1825.3141778317665,1805.8637976520517,487.08245829850756,2255.8506994600043,2209.4232421346533,612.1658504356099,9.257793426513672,8.58306884765625,2.666523236356107,0,0.0,200
spread,iid_noise,medium,4423.380061315623,4393.815215758683,1144.7718851580921,4714.0775975352235,4627.570312069129,1200.751864378625,4841.618228941546,4776.218175609062,1230.9957392057474,4968.136558241719,4907.50840322132,1262.1861174383596,4792.752867571772,4717.16075274499,1219.2204808177971,4904.643242935814,4846.766958323848,1248.03456664549,5002.986410341632,4940.263825879638,1273.7199145684338,0.0,0.0,0.0,1.0,1.0,0.0,3863.017940785589,3641.482248335016,1008.0795673634963,7726.035881571178,7282.964496670032,2016.1591347269925,3863.017940785589,3641.482248335016,1008.0795673634963,80209.0149740536,65246.77623402042,46244.83204433901,4142.757794873976,4115.093022751729,1072.9517777559336,4724.4001746304075,4681.306840941499,1207.1143457161731,11.056661605834961,9.775161743164062,4.239868072838441,0,0.0,200
spread,iid_noise,saturation,8577.29397143351,8456.353173937872,2227.2440347004394,9031.763291173113,8871.105051039907,2318.585059001638,9202.18826489922,9094.420407248715,2365.4065866961782,9339.53605337513,9251.062160373014,2399.6341064861713,9134.35784767868,8977.634951743461,2344.2201853268834,9272.140930484276,9186.440067991403,2382.129768283918,9368.714008154951,9280.961434433353,2405.322172265186,0.0,0.0,0.0,1.0,1.0,0.0,3984.747285127163,3784.149663877172,1027.627761579024,7969.494570254326,7568.299327754344,2055.255523158048,3984.747285127163,3784.149663877172,1027.627761579024,464943.8235207687,415153.81287975307,245087.60378788985,8306.692869624096,8189.516348027505,2157.09761240885,9102.920649338143,9007.84591642784,2334.9464523641605,11.373758316040039,9.5367431640625,9.133034383677968,0,0.0,200
spread,partial_obs,high,17835.40879295125,17773.916476430917,7061.495589857201,18405.653838206093,18223.08208821604,7146.880163437711,26331.189809424348,25132.82249635884,13155.133583734552,26677.973821466825,25335.767562383444,13174.057833179002,21179.91006653382,21918.454119541035,7857.077458847789,26529.714845200906,25196.3659802794,13161.80497618667,26730.325214785644,25464.02458122397,13172.156577159281,0.0,0.0,0.0,1.0,1.0,0.0,1666.8828561745752,1350.3388555730276,943.2990612950817,3333.7657123491504,2700.677711146055,1886.5981225901635,1666.8828561745752,1350.3388555730276,943.2990612950817,3891596.022340333,2306249.5691963388,8160603.699535783,17086.734059281243,17027.87452137358,6765.564499070663,25996.21627168924,24650.80915247614,13010.09710302315,11.060237884521484,9.059906005859375,5.120363410333336,0,0.0,200
spread,partial_obs,low,5917.154677450477,5791.826073283079,2407.810596529031,6107.0692698127505,5982.875803451709,2429.6359121794717,7251.568639010468,7064.2434405847835,2873.493663683012,14274.43265120692,11184.04061669606,12250.882934919515,7147.860146676631,6914.086015362673,2685.36699662303,10595.868008544228,9321.157072659318,5862.910365796543,14336.60575196584,11218.73377393007,12258.790375685025,0.0,0.0,0.0,1.0,1.0,0.0,1711.3979806932946,1381.2572793513239,1074.3954413774402,3422.795961386589,2762.5145587026477,2148.7908827548804,1711.3979806932946,1381.2572793513239,1074.3954413774402,871459.0280847597,194556.9165996287,4493930.901136951,5163.7270965996195,5054.082740943979,2106.3045873318274,13594.715033584285,10442.834309147001,12199.05765588206,11.699199676513672,10.49041748046875,3.7764294843024993,0,0.0,200
spread,partial_obs,medium,11982.594562596896,11896.332737973968,4773.575382750214,12321.167850589221,12284.502628153778,4842.447169856563,14872.760761810141,14708.041880452301,5277.738310836283,20222.5689653746,19106.455838429887,10938.916499838071,14274.987918875551,14203.604785820473,5154.38931526114,19053.642311360207,18185.247869577346,9388.733953410545,20275.035468606035,19152.30348275919,10936.50656035841,0.0,0.0,0.0,1.0,1.0,0.0,1684.3886359562193,1344.9675864269154,1036.9342330390546,3368.7772719124387,2689.935172853831,2073.868466078109,1684.3886359562193,1344.9675864269154,1036.9342330390546,1815684.5202723602,944746.3307158253,5351048.324727115,11227.742637459856,11146.868828891205,4474.10509927801,19533.04803941009,18649.46783634032,10816.500900596411,16.08133316040039,16.450881958007812,4.153515616791914,0,0.0,200
spread,partial_obs,saturation,24044.871372185564,23444.45273170039,9675.178740694015,25081.542487576575,23925.36406766235,9749.115194198312,31506.03599779747,29875.3294913855,12579.506383456557,32130.083989827206,30218.800411872355,13145.286755995963,28010.835870813247,26820.589996582068,10378.225909444107,31783.149198744624,29991.34399401977,12730.610493094155,32164.936441582264,30242.656107003146,13146.86333302192,0.0,0.0,0.0,1.0,1.0,0.0,1655.1449155269906,1364.9291626189565,918.6364219059662,3310.2898310539813,2729.858325237913,1837.2728438119325,1655.1449155269906,1364.9291626189565,918.6364219059662,5619601.073353414,4478259.484472393,5306093.053836967,23287.016312373642,22705.672137073394,9370.529515145314,31425.228585881552,29690.792346023693,12914.029782763087,9.260177612304688,8.344650268554688,4.114037909688943,0,0.0,200
spread,structured,high,7097.734320563265,6636.175735261212,2822.990074685998,7472.19513592597,6991.102166989112,2868.731868012321,7624.801682741096,7091.060884269356,2889.0075916144924,7756.919782616277,7240.124673248178,2911.65565342983,7564.512761157101,7055.888715385007,2880.0652093529816,7692.103678826942,7171.244739125417,2901.17596577347,7786.868421257802,7256.043557351264,2917.0923813114964,0.0,0.0,0.0,1.0,1.0,0.0,3734.851317858703,3616.5414184762826,1080.2720256273242,7469.702635717406,7233.082836952565,2160.5440512546484,3734.851317858703,3616.5414184762826,1080.2720256273242,266650.6106398185,196372.98479611828,263635.195104699,6799.024562700386,6356.841687068818,2704.683554329949,7490.656317938606,6989.334095296392,2800.0469625102423,9.97304916381836,9.5367431640625,2.894188354667657,0,0.0,200
spread,structured,low,2246.9539410161315,2126.8990893198893,876.8033820871099,2450.262312718627,2311.3062316454852,898.3752155477389,2547.560777118182,2402.2969406088896,911.971003163648,2651.534274890272,2507.8647036665607,930.3920409551101,2510.6920483646913,2363.390965495365,906.688206726553,2597.583778444898,2454.614773793096,920.7671270354672,2681.0183305690025,2534.060145042401,937.4386925330256,0.0,0.0,0.0,1.0,1.0,0.0,3928.4141922524695,3761.3449239792744,1149.253700148317,7856.828384504939,7522.689847958549,2298.507400296634,3928.4141922524695,3761.3449239792744,1149.253700148317,20214.10484900724,13215.416352720662,16157.288014095011,1953.09510633861,1848.0942778188619,767.0115182535843,2380.939751835393,2245.7905009960086,829.3945459270226,9.340047836303711,9.059906005859375,2.1627312417896354,0,0.0,200
spread,structured,medium,4552.536294816595,4327.240978771859,1485.0793344550052,4844.300563874968,4601.77362697382,1525.6750134430122,4971.2629348973705,4699.123908620147,1546.7833854138578,5092.400270329785,4796.075152252826,1571.708901074876,4921.67954517295,4665.958028220141,1538.2091074638008,5030.967408436607,4757.953189861755,1557.3142765705586,5123.041683541683,4820.165728484069,1576.5499241085927,0.0,0.0,0.0,1.0,1.0,0.0,3805.9000031114683,3697.5061716608243,1029.228433486052,7611.800006222937,7395.012343321649,2058.456866972104,3805.9000031114683,3697.5061716608243,1029.228433486052,84927.65212709113,64601.141597793976,61529.60772827562,4263.80494714029,4052.649303934395,1391.9124111656497,4834.111498550012,4528.8371763595205,1483.3903034965072,11.197328567504883,10.251998901367188,5.020001709503122,0,0.0,200
spread,structured,saturation,9263.077879035875,9096.62237896138,2593.2121827829546,9720.91829796493,9505.186678856084,2650.968062951149,9885.533460331244,9640.250453716908,2671.022795358052,10008.735947580695,9779.088524171364,2685.56579500104,9819.117551094985,9591.863283404953,2662.694693318164,9948.050078596274,9702.887884401669,2678.106378059378,10038.38395088614,9791.172914367526,2688.8937403859404,0.0,0.0,0.0,1.0,1.0,0.0,3696.189241686696,3517.7922238474766,967.6017730067493,7392.378483373392,7035.584447694953,1935.2035460134987,3696.189241686696,3517.7922238474766,967.6017730067493,532871.5212409466,476119.775698316,352109.4289938895,8970.872406310344,8809.702839262927,2511.5444702338755,9749.933408850877,9502.56579972565,2607.845488949814,12.069940567016602,11.205673217773438,3.7498568648285358,0,0.0,200
static-high,adversarial,high,26302.416011201065,24080.60476176135,5412.3009740800835,28352.911279925065,26153.78636096443,5584.782445659808,40362.654798586584,36737.594168929165,19387.398232385643,41001.174949743494,37158.14389152311,19473.089424094018,33138.903175638945,30901.883125990607,7714.648486883065,40749.61941833639,37007.23896991525,19395.24500978976,41042.728582453754,37170.42596649495,19473.02213035408,0.0,0.0,0.0,1.0,1.0,0.0,945.4934890426722,996.6527129962785,162.94297680737586,6618.4544232987055,6976.56899097395,1140.6008376516315,945.4934890426722,996.6527129962785,162.94297680737586,10297021.771368185,5431578.898461133,36352006.10616467,25198.93868075393,23070.22596427407,5185.506336628616,39961.703932852746,36171.244707932885,19405.523203650708,10.26153564453125,9.417533874511719,4.097368263236583,0,0.0,200
static-high,adversarial,low,8704.5675599043,7968.091223449721,1810.5717040084926,8922.35275898984,8367.659396886125,1780.8988283403633,12713.85806098917,12006.197011458495,3280.136661481551,23166.315843309065,18910.86746774841,20496.322890629446,11419.707773009497,10641.62963232677,2722.446234005678,17710.213824353737,16097.936701855791,8996.72367126858,23250.495137572867,19050.543622620185,20488.589643664574,0.0,0.0,0.0,1.0,1.0,0.0,953.0622342600119,1004.0049203264252,165.98807406583964,6671.435639820083,7028.034442284977,1161.9165184608771,953.0622342600119,1004.0049203264252,165.98807406583964,2615007.1583896712,785696.3472665688,15233074.384426776,7602.090240279349,6957.971619135427,1583.8062723790808,22142.049695267142,17936.790691928356,20475.180567838794,8.997917175292969,8.821487426757812,2.3638804701946623,0,0.0,200
static-high,adversarial,medium,17515.461159652015,16039.670910226796,3624.05887439829,18589.158604484237,17182.788479551557,3783.822732836939,23823.948326908667,22449.16991608248,5770.819337375428,31249.63320548879,27936.354841718457,15147.190009608252,22233.953720142177,20980.98303437785,5042.632145564713,29580.699027555067,26661.379879014676,12744.255311113307,31298.465614866618,27983.04385064218,15140.956482952874,0.0,0.0,0.0,1.0,1.0,0.0,946.9896423176674,997.5278509960526,164.4365503473642,6628.927496223672,6982.694956972369,1151.0558524315495,946.9896423176674,997.5278509960526,164.4365503473642,4445538.217728465,2137377.1130389646,10012510.889616879,16413.50610435388,15030.324092831974,3396.70357513018,30217.42238286939,26576.781038381392,15069.003189513005,11.633634567260742,8.106231689453125,6.886311949387957,0,0.0,200
static-high,adversarial,saturation,34986.53744351788,32010.821393198945,7214.692052869346,37719.2223371668,35041.84424559901,7380.8380670252145,49148.47062918515,44324.52743444257,16622.833268232385,49843.11080006724,45742.68611371112,16866.618307992023,42937.82674484367,39799.61149422775,9755.109271646783,49557.99365800319,45172.89135879785,16844.726021375347,49885.7282140696,45781.69787132066,16868.191533137568,0.0,0.0,0.0,1.0,1.0,0.0,947.9884115088141,999.6622521526959,164.22115551825033,6635.9188805617,6997.6357650688715,1149.548088627752,947.9884115088141,999.6622521526959,164.22115551825033,14518136.288308699,9459268.863443347,20200393.809528574,33884.24388512844,31002.40913104238,6987.485738007345,48812.93438143122,44735.88090569828,16763.043027207394,10.204315185546875,10.251998901367188,1.804221182969042,0,0.0,200
static-high,drifting,high,67885.38555638574,67314.40762128361,28021.513078582102,68862.08973557827,68215.60839928617,28323.68570914922,69113.41332358391,68466.87245759429,28384.627091348382,69320.38527616145,68652.12386759136,28436.531124141915,69012.88557858368,68380.84491591953,28359.66605445195,69217.8714386746,68562.42970240957,28409.884240169173,69366.87783413363,68689.05016659858,28448.918702085914,0.0,0.0,0.0,1.0,1.0,0.0,445.65562163282755,356.5474139170552,253.0374351348551,3119.5893514297927,2495.8318974193867,1771.262045943984,445.65562163282755,356.5474139170552,253.0374351348551,20430430.15777956,17141686.121386103,14642404.075339206,65039.21708754057,64492.21455502328,26847.20186026587,66521.93268796836,65850.0734598137,27269.699787246744,9.385347366333008,9.059906005859375,2.016143427590919,0,0.0,200
static-high,drifting,low,22630.783677944713,22447.851763527757,9379.735767829372,23011.785378107914,22765.5929346606,9478.517144217072,23162.458952704645,22887.95352761716,9505.804209869997,23320.671008446592,22998.801421499404,9537.88418504031,23104.611361492774,22849.752472974047,9495.843695043975,23237.198055396235,22939.611917529102,9520.053525461972,23367.826970820213,23026.16513233076,9549.328785836022,0.0,0.0,0.0,1.0,1.0,0.0,446.81845219063666,356.392788968598,255.68567890685804,3127.7291653344564,2494.7495227801855,1789.7997523480055,446.81845219063666,356.392788968598,255.68567890685804,694530.0390998109,573203.020103828,490465.4791846734,19784.487451446552,19624.510904957817,8205.213715490043,20503.986992585676,20193.606452984503,8368.179610872614,9.665489196777344,9.5367431640625,2.431265691852603,0,0.0,200
static-high,drifting,medium,45320.913556151914,44946.98304178222,18720.33092540026,45971.41747909393,45524.98459714277,18904.352326184646,46178.79553456608,45691.29135556034,18949.641066888562,46363.73366603389,45801.368731424285,18979.83590372691,46097.05951081693,45631.883878597044,18931.129291855235,46269.76395247225,45758.54656065664,18965.707956847593,46410.76418565055,45841.40594841759,18987.424951588604,0.0,0.0,0.0,1.0,1.0,0.0,445.2198071000387,355.98672328728543,253.09129320527006,3116.5386497002705,2491.907063010998,1771.6390524368899,445.2198071000387,355.98672328728543,253.09129320527006,5913582.032525822,4928196.612221235,4226867.414806792,42474.57220654101,42124.05362860905,17545.901769249067,43560.288327295726,43002.27610276197,17810.024007975746,9.850263595581055,9.655952453613281,1.6015160353436693,0,0.0,200
static-high,drifting,saturation,90360.42374007085,89611.49868559954,37286.275347343384,91737.05920302914,90855.92703063732,37745.619279969724,92019.82576543231,91061.70278772453,37819.97255073109,92242.38750869565,91214.88039175127,37872.52213269058,91906.14567840543,90966.96670391565,37786.809081000945,92133.3244466006,91137.86026724736,37847.331266060064,92289.97433062448,91251.16614185841,37880.34152797898,0.0,0.0,0.0,1.0,1.0,0.0,446.2994512972957,357.1088574013315,253.2042786237313,3124.0961590810703,2499.7620018093203,1772.4299503661186,446.2994512972957,357.1088574013315,253.2042786237313,48890452.6178209,40943524.10557127,35060019.311477795,87514.13008756694,86788.79040558019,36111.97570448322,89450.898048186,88410.80133619817,36707.75206955575,8.664131164550781,8.58306884765625,2.031986426208367,0,0.0,200
static-high,heavy_tail_burst,high,27785.469965014225,26669.566875602795,6473.480898800479,43277.36888587369,41358.235259817884,10687.660793247203,234990.65413340656,104415.33572963318,482641.0510302353,240059.44831479728,112532.4716744553,482212.54165943514,104540.52502694252,72800.34082535552,123418.21979352551,238256.43157428224,109926.21704440258,482362.85075815744,240405.2759105378,112720.7976153627,482127.96052171174,0.00102,0.0,0.0033549783005237047,0.99898,1.0,0.0033549783005237094,890.0004351581924,899.9021295841375,130.87056813360294,6230.003046107347,6299.314907088962,916.0939769352201,890.6190536654,899.9021295841375,129.6260518816579,3250913102.908691,162484912.8187185,22213478390.330887,26620.231244040635,25551.210798883865,6203.375828022828,239198.03267424047,111582.51059517974,482215.48726349516,8.960962295532227,8.821487426757812,2.8263962173910677,0,0.0,200
static-high,heavy_tail_burst,low,9262.990322333138,8740.298612796185,3783.458039150753,11380.396270732319,10970.040523429121,2835.353772116232,40380.420776880455,35080.45977864902,21054.933278969558,252839.89125493486,94452.45461038814,915331.9408555524,42373.82993014381,28812.33429738194,74361.12778287269,133678.1441505926,67913.69856258688,368330.37492002593,253220.79850528686,94491.0000038332,915297.387897669,0.0003,0.0,0.0010562092072346448,0.9997,1.0,0.001056209207234644,904.3620813303073,915.3008465739417,136.73791504920325,6330.534569312152,6407.1059260175925,957.1654053444224,904.5463647517864,915.3008465739417,136.40772417924677,3142798406.288588,44886117.36886273,36342816285.90822,8090.856987119162,7633.568370961099,3310.5416608840032,252037.69634384077,93617.27919639769,915316.2653229564,9.328126907348633,8.821487426757812,2.6324360922113774,0,0.0,200
static-high,heavy_tail_burst,medium,18015.914889242613,17457.851030218473,3109.6390494862057,27145.458537122457,26099.424462275092,6479.121646757022,67334.2046496546,57139.69816640728,43477.760507044055,185157.1118098003,97336.33376348161,321027.8501404354,65762.60891753781,50942.3002608735,56407.00416216326,160178.58958482032,89783.7835674436,258553.61139004584,185492.60811010707,98271.89187666685,320972.6607801188,0.0004675,0.0,0.0018628054031082386,0.9995324999999999,1.0,0.001862805403108232,907.1050792784928,916.4939501801709,119.69861587395533,6349.73555494945,6415.457651261197,837.8903111176867,907.397305703208,916.4939501801709,119.04710032618526,1027640833.8136449,87276576.55945367,6010014206.575391,16882.89833254356,16360.185925003938,2915.2401607007723,184413.38723984978,96720.76625970885,320997.50029625004,10.526180267333984,9.775161743164062,3.5413033400868077,0,0.0,200
static-high,heavy_tail_burst,saturation,36091.31186354768,34909.901395351146,7521.940080910488,55787.13296438309,52683.71167952486,13597.291432796002,206521.0599967116,112545.00036172898,416803.02248963516,213986.41711822883,118558.22464644251,418117.4796938442,117041.04556276216,85480.05998267153,141308.94032526674,212021.4084064202,117216.75835996601,417671.3034005313,214190.91018057632,118628.93862454282,418088.2442638264,0.0008650000000000001,0.0,0.0035496160171695663,0.999135,1.0,0.0035496160171695663,907.3710955642061,916.6459838182996,116.99327064226812,6351.597668949443,6416.521886728097,818.9528944958765,907.9218632875916,916.6459838182996,115.88621833828755,3242024304.9987807,184890445.56440288,26175176034.86722,34954.01576962161,33810.438880068745,7286.969563283911,213130.65863133964,117714.3244593592,418109.90140140225,9.741783142089844,9.5367431640625,3.0790568446492736,0,0.0,200
static-high,iid_noise,high,22545.438945071866,22713.414632572705,1814.847498463539,23044.54756046932,23498.70955476717,1836.2499238103223,23207.28654990047,23652.78972328428,1845.5261214067373,23356.657745065993,23762.085378346754,1862.3840582253529,23143.26575229784,23612.763559093037,1841.7672869901794,23280.751763438006,23705.14556559928,1852.8615860821903,23386.3691947019,23791.943571431228,1865.5209729514945,0.0,0.0,0.0,1.0,1.0,0.0,1071.3700720240572,1056.6442955520115,85.77848616474864,7499.590504168401,7396.51006886408,600.4494031532407,1071.3700720240572,1056.6442955520115,85.77848616474864,1978532.2007218618,2046041.8214567704,315566.0870616858,21599.357442601868,21760.168117264493,1738.790404662454,22442.358704016442,22846.16891893244,1791.002835967704,9.982585906982422,9.775161743164062,2.8789688660321437,0,0.0,200
static-high,iid_noise,low,7457.730642063718,7521.419093719099,607.8064385659599,7688.875598963812,7834.600134968911,617.4372081644366,7793.441809613969,7949.134352556606,625.9353632551794,7908.426636938381,8012.0344969920825,639.3780199279345,7753.693594874637,7889.76913396768,621.8033861763954,7847.761111964467,7979.2251097688995,630.6594859776357,7942.563593200474,8032.032765238262,643.546534594952,0.0,0.0,0.0,1.0,1.0,0.0,1079.794749300145,1063.62908393713,87.5586824416782,7558.563245101016,7445.403587559909,612.9107770917477,1079.794749300145,1063.62908393713,87.5586824416782,77240.99501061077,71926.08880872946,17473.07154642378,6511.383628656176,6567.01767810434,531.6964551015304,6988.583718150633,7049.722114452306,572.4495781695956,10.002851486206055,9.5367431640625,2.5198202618682792,0,0.0,200
static-high,iid_noise,medium,15031.709992540367,15127.289470027925,1213.16280607906,15390.141579496125,15710.600698782531,1226.006118257613,15524.365524786148,15829.622514900337,1230.1842694603276,15662.506250593971,15955.376718699874,1242.6013051676698,15472.858702135072,15787.648635386986,1228.9038660241486,15591.386152557589,15885.376197746233,1234.7958430609096,15693.114097085983,15984.622738837146,1245.7861036924817,0.0,0.0,0.0,1.0,1.0,0.0,1071.3035053448698,1057.6914518251672,85.97756129574549,7499.124537414089,7403.8401627761705,601.8429290702184,1071.3035053448698,1057.6914518251672,85.97756129574549,586399.3897215438,602605.1849700199,94129.6553938101,14085.571028770764,14175.105313013639,1137.0618175864831,14747.861954738251,15015.154234443922,1170.827920902289,9.630918502807617,9.5367431640625,1.8094220378240644,0,0.0,200
static-high,iid_noise,saturation,30027.38699453194,30242.769051457763,2417.11547547932,30687.329875347277,31230.096846866094,2454.1865204254295,30869.091603856847,31496.87656126996,2455.7788570496177,31017.7625007645,31625.21399893068,2465.337326349745,30797.498607697602,31433.200799589547,2455.3313430889502,30945.69415662587,31564.67492362685,2458.4473438671516,31050.252191738862,31664.252565154995,2468.224615554859,0.0,0.0,0.0,1.0,1.0,0.0,1072.5551614575509,1058.1041703106848,85.87980613881558,7507.886130202856,7406.729192174793,601.158642971709,1072.5551614575509,1058.1041703106848,85.87980613881558,4699854.339721151,4844616.142613538,743149.7657528957,29081.228681900888,29289.80650885,2340.992203866302,30106.470431716494,30694.76476460573,2390.188024728384,9.684562683105469,8.821487426757812,3.0949279189451273,0,0.0,200
static-high,partial_obs,high,33698.22001726204,34257.95833067161,7626.433957011862,34478.80432357937,34761.27240814692,7780.848049443845,42505.131371993266,42227.22107394862,14444.739580592583,42933.67633475183,42622.50126868536,14575.066040627002,37371.19696410552,38247.57420041956,8415.03148798684,42781.12074994738,42490.135040415065,14557.50057383326,42977.87804342741,42638.4169770192,14575.274730857544,0.0,0.0,0.0,1.0,1.0,0.0,753.4245164289589,700.5671446706226,189.4702410761112,5273.9716150027125,4903.970012694359,1326.291687532778,753.4245164289589,700.5671446706226,189.4702410761112,7741069.590781425,5885992.216253158,14413584.892894367,32284.76636944345,32821.05071088843,7306.854360732792,41578.63466129307,41113.78243128167,14431.942327647135,9.239912033081055,8.821487426757812,2.592478992669265,0,0.0,200
static-high,partial_obs,low,11183.326166449953,11353.944337501922,2560.1345928038645,11410.658933247183,11511.710599501701,2599.934358424454,12627.461020431529,12695.000264711016,3117.194345127811,19645.974092641543,16784.905066512634,10877.74007930558,12492.401005746815,12625.168592586137,2877.442940578069,16059.907078629012,14963.011623834109,5740.7676014823355,19698.81950730306,16909.06428822021,10882.403648485564,0.0,0.0,0.0,1.0,1.0,0.0,757.7035683832516,704.601491913965,192.58000770620808,5303.924978682762,4932.210443397755,1348.0600539434568,757.7035683832516,704.601491913965,192.58000770620808,884124.7291662843,317749.9524658206,2834078.4357814277,9770.462427469729,9919.750839235887,2239.5624500904205,18300.17626593462,15532.89857225737,10815.387255010433,7.803440093994141,7.510185241699219,2.1033090728530617,0,0.0,200
static-high,partial_obs,medium,22463.154144800454,22736.649358347888,5110.106867953055,22875.349760866837,23090.076795460613,5184.695924122433,25408.676258267802,25290.25839895344,5855.163001068164,30353.70046482126,28402.19513531006,10148.602566287227,24726.42412123126,24626.779246806364,5586.700662516362,29242.36999638721,27593.15622173108,8952.649842206229,30401.22481991941,28432.456987342444,10145.452644476834,0.0,0.0,0.0,1.0,1.0,0.0,753.8673308609538,703.710145360471,190.17938879146467,5277.071316026678,4925.971017523296,1331.255721540252,753.8673308609538,703.710145360471,190.17938879146467,2467762.5240108143,1776011.175239014,2733382.3571880576,21050.809310459266,21307.12686267362,4789.532152927747,29002.088469683178,27000.230951903395,9982.106025277399,7.464885711669922,7.3909759521484375,1.7173308057594847,0,0.0,200
static-high,partial_obs,saturation,44820.88989873093,45481.06971435192,10155.09436476249,46024.52466428151,46922.29451547217,10228.567636984735,52483.098263871994,51533.62094893429,13759.774782257899,52973.87956673832,52096.214883692744,13911.52348427022,48862.90154502728,49242.41065004981,10872.815495988687,52755.10901118705,51961.70628061388,13846.341925240804,53025.225196396874,52123.02826299337,13914.79436532871,0.0,0.0,0.0,1.0,1.0,0.0,755.2178843917678,703.5894401770263,189.3192486347695,5286.525190742374,4925.126081239185,1325.2347404433867,755.2178843917678,703.5894401770263,189.3192486347695,13460125.414424323,12072606.000019431,9676182.431328917,43408.855826124636,44048.3060505445,9835.267402200792,51630.936378852275,50586.480165519286,13687.909578314722,8.716583251953125,8.821487426757812,1.914022262499167,0,0.0,200
static-high,structured,high,24770.584169269456,24173.32796827652,3275.6204128268496,25291.37489418138,24655.672786364863,3229.7045367390815,25461.225474078372,24829.866642253284,3198.490132466464,25598.258293655745,24935.57337047543,3177.8818387895694,25393.31131339381,24762.740720364145,3211.2310915176417,25532.270398819248,24885.07712615407,3187.0481387687223,25631.062526570822,24978.470398950427,3173.4841892401955,0.0,0.0,0.0,1.0,1.0,0.0,986.2950676016424,992.829785895535,133.02029983517994,6904.065473211497,6949.808501268744,931.14209884626,986.2950676016424,992.829785895535,133.02029983517994,2401349.436274131,2251252.8625487173,593387.5674586187,23731.264788848835,23159.05356444413,3138.3478761076294,24593.041154175367,23956.933794517303,3035.8314560821163,8.831024169921875,8.344650268554688,2.997241054048246,0,0.0,200
static-high,structured,low,8201.419545077388,8003.837484437443,1096.308154794037,8438.047667169849,8213.891617240834,1061.6268079881124,8543.007196865286,8303.229298502396,1041.1981693927783,8654.532018611026,8437.794393767654,1019.872107271362,8502.728346133465,8270.031320327696,1048.9017509413977,8596.741726823011,8367.093118680368,1030.3450311558229,8687.99952857197,8489.903800516604,1015.2948916664338,0.0,0.0,0.0,1.0,1.0,0.0,993.3593448223389,999.5205460771015,135.5010764619547,6953.515413756371,6996.6438225397105,948.5075352336828,993.3593448223389,999.5205460771015,135.5010764619547,91239.03655459212,100258.69936047794,18523.584451431023,7161.952131530637,6989.093856729642,959.0285197391028,7638.788280066336,7488.984606829006,881.8693635190982,10.677576065063477,10.013580322265625,3.5120743534798367,0,0.0,200
static-high,structured,medium,16517.291179344284,16121.47002314962,2187.5297237048435,16893.479173462685,16456.813353035963,2142.795582566467,17031.359927937032,16575.2859052809,2117.983508979607,17167.965361675015,16704.3340806473,2093.971683412311,16979.020402422786,16529.465294142963,2126.6261785947104,17098.753268754157,16634.27927994273,2105.33520857945,17200.24755159234,16731.62378373786,2090.3912686516237,0.0,0.0,0.0,1.0,1.0,0.0,986.1390022673748,992.465327733211,133.22718714871863,6902.973015871624,6947.257294132477,932.5903100410305,986.1390022673748,992.465327733211,133.22718714871863,708928.8322112164,665533.2947164539,165375.6239690518,15477.947419060109,15106.95963295351,2050.2943091726793,16159.662976244597,15700.337321534927,1952.868613619576,10.259151458740234,10.013580322265625,2.365290223029247,0,0.0,200
static-high,structured,saturation,32989.829972880274,32190.554933368403,4358.407301223928,33673.60115661615,32816.944885602716,4321.249458639197,33858.117118815295,33001.439788222706,4286.8816605821385,34012.34939774758,33201.01721049276,4264.497688045028,33785.57594719221,32921.71155727864,4300.233319487946,33935.61711641765,33109.220010432386,4275.293207527207,34045.464255664236,33218.0265558891,4258.76542429693,0.0,0.0,0.0,1.0,1.0,0.0,987.3895073323724,994.0804117703312,133.0671409656646,6911.7265513266075,6958.562882392319,931.4699867596523,987.3895073323724,994.0804117703312,133.0671409656646,5717728.279582037,5363635.027771737,1444864.6451522387,31950.37481865606,31176.268253945003,4221.153435561647,33010.12229212895,32233.468322926725,4121.770881781873,8.592605590820312,8.106231689453125,2.6607033331237115,0,0.0,200
static-low,adversarial,high,6673.503926318728,6902.147443525179,2192.722278226917,8452.02274739027,8161.745286535624,2591.735172189124,20019.57397482232,16533.091391100224,11300.551980882796,20686.26851213904,17794.754758954245,11327.713957437925,13027.759236565418,12402.551541807676,4540.4033122655765,20433.04646283529,17638.420969823892,11306.867735076372,20734.396428368862,17832.657489409612,11328.517208306626,0.0,0.0,0.0,1.0,1.0,0.0,4014.8611834451126,3477.1793665728287,1347.1240848498437,8029.722366890225,6954.358733145657,2694.2481696996874,4014.8611834451126,3477.1793665728287,1347.1240848498437,4949639.96779119,2489229.525051754,7381362.295303923,6392.600273629971,6611.464726334119,2100.8205899413183,20469.51489484445,17608.736579340904,11303.937963487155,45.838356018066406,44.10743713378906,6.185655005369982,0,0.0,200
static-low,adversarial,low,2147.2891833748613,2217.836163087599,736.9366390902605,2316.79664664534,2344.1288307355344,730.0673551724758,5986.658961298194,5563.302202627135,2485.7883859420126,16983.259805171932,12417.48385206954,20394.02486452759,4854.011263608988,4443.543696787309,2176.7499333054852,11365.182661029636,9472.524366417772,9012.492395836567,17058.985928768197,12593.521677043347,20379.515475727734,0.0,0.0,0.0,1.0,1.0,0.0,4198.681166364159,3607.120178584922,1464.5315204677363,8397.362332728319,7214.240357169844,2929.0630409354726,4198.681166364159,3607.120178584922,1464.5315204677363,2593743.9386606915,691210.8747004848,14108361.777360328,1865.9183280121213,1927.6116696003971,644.6894553998358,16781.829081154006,12223.255827269699,20378.34567986876,46.20671272277832,44.345855712890625,5.569795589353202,0,0.0,200
static-low,adversarial,medium,4420.272596924017,4572.056497388217,1461.112125013633,5319.48764508911,5092.732066987713,1745.6349642805758,10171.817675852244,9604.135599944017,3936.4206299691314,17740.33720458676,14745.96467469638,13380.98568247516,8918.286763377437,8436.637827223301,3141.492879814063,16034.26285874053,13511.275165544956,10969.746041593453,17797.454135980402,14915.471916338389,13375.608423273015,0.0,0.0,0.0,1.0,1.0,0.0,4043.3346774194915,3499.5194686276573,1354.3645801828418,8086.669354838983,6999.0389372553145,2708.7291603656836,4043.3346774194915,3499.5194686276573,1354.3645801828418,3329295.715518378,1413239.0317105865,9075517.866538338,4139.8813343682405,4282.226859657708,1369.4402164914197,17529.285073795472,14639.46815802934,13368.890499314992,48.612356185913086,44.58427429199219,14.169757832320164,0,0.0,200
static-low,adversarial,saturation,8884.665794825432,9122.318091089906,2886.0764611098443,11326.916251686642,10886.027882670276,3360.342138061648,21944.20925529289,19017.50324236609,11113.904650346705,22596.216906098827,19534.63615050217,11223.532396393608,16124.30873148028,15749.294965645277,5185.416794568992,22302.977284437646,19377.91877301372,11160.183014208958,22697.274743877813,19621.6208730551,11194.637641590178,0.0,0.0,0.0,1.0,1.0,0.0,4001.813927561513,3507.8803412005873,1298.3425659875663,8003.627855123026,7015.760682401175,2596.6851319751327,4001.813927561513,3507.8803412005873,1298.3425659875663,6296870.051311377,3330400.2814863264,8925197.752160028,8604.332323398658,8834.645233286697,2795.2583296027396,22430.14416880412,19261.58285466046,11183.02914636986,48.804283142089844,45.53794860839844,13.245201320971537,0,0.0,200
static-low,drifting,high,50216.66349290409,49491.762525223596,27679.288179599775,51005.19165503593,50158.96388921098,27964.97241322929,51215.20137015305,50318.53664054675,28011.03841406411,51394.881594932565,50495.53955479118,28051.42382728125,51133.31712721509,50272.00265550907,27993.683122125778,51304.80552855544,50402.8220547315,28031.22277735623,51436.70862514895,50525.076252918865,28062.627650779606,0.0,0.0,0.0,1.0,1.0,0.0,983.3845871289901,485.487955520128,1443.2917037384798,1966.7691742579802,970.975911040256,2886.5834074769596,983.3845871289901,485.487955520128,1443.2917037384798,12459616.602579681,9329652.104740847,10816888.47918113,48110.956934444235,47416.48416477644,26519.322464182747,49329.68302354161,48457.93934167398,26898.40868472254,47.04117774963379,45.06111145019531,6.217204971307544,0,0.0,200
static-low,drifting,low,16718.423422653825,16471.720233578035,9264.073550754169,17040.191843859455,16740.14066114171,9349.897207151063,17171.702727565014,16828.601025496842,9374.208350912451,17310.793345880622,16921.598645059756,9396.244692369126,17121.710510995636,16798.63128233365,9364.412463999062,17238.240898717246,16873.088718269362,9384.78026989251,17353.433619599313,16934.494287229496,9405.769396094713,0.0,0.0,0.0,1.0,1.0,0.0,1015.2349142563698,486.2624396733427,1554.1436563132006,2030.4698285127397,972.5248793466855,3108.287312626401,1015.2349142563698,486.2624396733427,1554.1436563132006,428288.30136005837,312284.1112980946,361770.58893010166,14612.465049132772,14396.640270755954,8104.036864051781,15231.811833462922,14846.550693224464,8238.392512849328,46.50592803955078,44.10743713378906,7.383789369053561,0,0.0,200
static-low,drifting,medium,33515.25475594639,33026.23254263426,18487.0548196738,34050.594425143565,33491.560398938425,18656.015415796894,34230.89444186576,33621.11835442907,18698.790587816795,34399.54457811714,33714.57772693535,18734.640736971018,34160.04577493068,33559.85143629093,18681.240643499248,34313.44313651151,33668.942411720156,18715.41411306976,34443.796482014324,33729.72742323363,18742.71894037672,0.0,0.0,0.0,1.0,1.0,0.0,986.3353282824256,485.0117275899368,1455.8756230969468,1972.6706565648512,970.0234551798736,2911.7512461938936,986.3353282824256,485.0117275899368,1455.8756230969468,3612292.8210925655,2702319.8042821307,3120682.389760467,31409.53955490671,30951.163595481492,17327.26714960768,32330.264263480647,31668.228296496032,17575.63875392715,48.25472831726074,46.01478576660156,6.7640886358711,0,0.0,200
static-low,drifting,saturation,66848.22453501677,65907.32689842823,36824.17600352337,67947.66977627852,66902.63101606717,37257.515518845124,68184.98635560842,67107.93432247722,37310.53446021921,68387.03412073603,67243.29792364138,37355.96351766011,68092.14804700854,67021.28702488013,37289.892982625286,68286.59511687398,67184.88364990144,37332.41222867456,68427.58070445126,67298.58452425932,37362.93535464707,0.0,0.0,0.0,1.0,1.0,0.0,982.3860905236402,486.09397375005557,1436.6056167969361,1964.7721810472804,972.1879475001111,2873.2112335938723,982.3860905236402,486.09397375005557,1436.6056167969361,29842344.421717953,22301933.707643796,25938061.104144722,64742.43668849082,63831.174679404605,35664.425901234805,66328.79817341836,65214.419832779095,36207.17284110921,47.60026931762695,44.82269287109375,7.642889114235725,0,0.0,200
static-low,heavy_tail_burst,high,9414.982754692788,8028.799736565126,5504.718176169964,23513.547812735727,21171.35271811919,9964.939451323415,183183.47627516917,78170.78374679513,403000.8407297499,190346.07925734922,83731.14388662466,404571.787929665,75129.56616236118,48316.64146140274,105915.53694225689,188045.3714357271,81149.19029343041,403653.8483643204,190426.73008042015,83753.75344379731,404576.51341613743,0.0007025000000000001,0.0,0.0027976558295658024,0.9992975,1.0,0.002797655829565819,2909.8635059311014,2989.243930864812,770.4842739485651,5819.727011862203,5978.487861729624,1540.9685478971303,2910.5624826430803,2989.243930864812,768.8675319152742,2289611131.077416,116236328.87999877,10980436407.32275,9019.191481827727,7691.851803341309,5274.638462197795,190202.2501521782,83587.25542441926,404565.41768443334,47.15085029602051,44.58427429199219,11.68430681268402,0,0.0,200
static-low,heavy_tail_burst,low,3021.1595735598576,2833.32694993901,1039.5777226976465,5312.299612711097,4932.308854672752,2502.525452314662,36835.670107925056,30245.0835081026,24027.482623017244,161552.812963538,102984.33927345471,201907.16490863002,29882.39380810468,25322.223608569162,19307.435929069074,94450.45514048691,69427.25773744185,87825.52917863835,162501.5551515463,103928.0446338899,201852.41531381482,0.00018,0.0,0.0008312973453475658,0.99982,1.0,0.0008312973453475477,2895.625814810947,2823.548824251055,805.4519165332437,5791.251629621894,5647.09764850211,1610.9038330664873,2895.873473698204,2823.548824251055,805.0004137317509,258283290.70161292,55218410.81160289,845591932.4481596,2630.528972860371,2466.370695882545,909.5790469346288,162186.72768493262,103714.20960580338,201888.19461099402,52.20651626586914,44.94190216064453,16.3394720774892,0,0.0,200
static-low,heavy_tail_burst,medium,6157.329868785466,5550.459431424919,2677.659104434681,14989.115977075042,14229.421719786882,6116.137302066663,60684.45551478965,45703.358505956734,47308.671935746606,161621.1486385486,90703.61184343335,264910.868299904,52572.656832501096,38499.80337791027,49176.56853816356,140506.4346741362,80578.17223452168,215576.70217850266,161758.14378025354,90742.21807051435,264877.38120647776,0.00028000000000000003,0.0,0.0014739275123145607,0.9997199999999999,1.0,0.001473927512314561,2906.7977992863553,2882.6457789429037,871.6996308093755,5813.5955985727105,5765.291557885807,1743.399261618751,2907.143380354586,2882.6457789429037,871.0733578025392,764486606.0138142,93357989.00824821,4885733326.059337,5768.143159413773,5199.638979527317,2509.929913606311,161522.26030916144,90552.30246598177,264882.1526833274,48.37751388549805,45.06111145019531,10.355202529792473,0,0.0,200
static-low,heavy_tail_burst,saturation,12608.001823512746,11533.525831706302,5553.725536410152,33959.0922104997,32069.63720653865,15963.152217728664,170538.38104735207,98735.51243997915,281216.6682666055,174665.93948913485,103498.39537428762,280718.3572223307,91305.83465204929,64452.03696503526,99214.23753486891,173035.91605750893,101292.78500322395,280924.04144191416,175820.13154700102,103724.95891189245,280868.7187269334,0.0008575000000000001,0.0,0.0035762960190790145,0.9991424999999999,1.0,0.0035762960190790075,2839.9061785152817,2774.5220902803385,847.1977774569675,5679.812357030563,5549.044180560677,1694.395554913935,2840.9817134099703,2774.5220902803385,845.2759098382201,1731420054.8252807,214495306.96361035,10421086810.465427,12210.365354536734,11171.341444395392,5380.225144577802,175424.74853328837,103534.60370645701,280724.4209363935,47.12104797363281,45.06111145019531,6.208370146322318,0,0.0,200
static-low,iid_noise,high,4880.826007816492,4715.7035442763445,979.660007704891,5239.762240884339,5022.137578886016,1104.7441862095532,5392.065988523562,5121.088287526705,1165.6666456698892,5521.968909229294,5222.876167153461,1216.638817354128,5331.050681692589,5073.046671346395,1138.9757551955981,5456.724699729826,5168.213740117255,1189.5033293701147,5549.568313931992,5245.183079728795,1225.5679079935792,0.0,0.0,0.0,1.0,1.0,0.0,5113.816292300478,5089.382120409634,1012.2508459955659,10227.632584600957,10178.764240819268,2024.5016919911318,5113.816292300478,5089.382120409634,1012.2508459955659,136859.44011152716,106929.15085904239,78610.75925462761,4675.02863498429,4516.817439198066,938.6053484136118,5346.540845119985,5036.162082871728,1191.3975364394714,48.82335662841797,45.7763671875,7.1056045308629585,0,0.0,200
static-low,iid_noise,low,1543.6216498434515,1490.545915766588,326.89782457358496,1743.6233031857037,1639.2502661026674,403.1664015556469,1838.9839787142184,1717.6338646943223,439.54307130866954,1953.0549429753783,1808.7600185670485,496.9174459339318,1803.3843872034038,1688.9477362365526,426.1265247588425,1891.5149344156207,1765.1424578063697,462.9697641177107,1984.4522513270285,1838.3682625844053,511.4088608018757,0.0,0.0,0.0,1.0,1.0,0.0,5414.6496277300175,5367.163644927546,1135.822100295089,10829.299255460035,10734.327289855091,2271.644200590178,5414.6496277300175,5367.163644927546,1135.822100295089,16369.573571351999,10381.718854549541,14728.655427983469,1337.8356273292648,1291.3870733046322,285.9659265627616,1769.4634109801334,1623.807299721926,468.0694275204686,48.04253578186035,45.53794860839844,7.636317715625574,0,0.0,200
static-low,iid_noise,medium,3230.936417136183,3121.7118587514433,652.9439585990466,3517.9598126338883,3352.352330321454,759.7096915382643,3642.148609986382,3435.0517682928207,810.836029734811,3768.859056046498,3524.3804803195108,868.3237558316882,3595.2247395848967,3401.761051328166,790.8159608483123,3704.534079911056,3472.4803179572355,836.8532580471032,3797.39896244483,3554.2013031606807,882.3491507380364,0.0,0.0,0.0,1.0,1.0,0.0,5153.2410785424145,5125.3933125761805,1028.7561046712435,10306.482157084829,10250.786625152361,2057.512209342487,5153.2410785424145,5125.3933125761805,1028.7561046712435,55891.01812388718,39003.877327958595,39440.189160825306,3025.118069276792,2922.7653285270117,611.9802464714469,3591.9716529727566,3358.0904463508195,840.5983795208451,47.20330238342285,43.8690185546875,11.576425681044741,0,0.0,200
static-low,iid_noise,saturation,6519.652502863231,6309.3541814609525,1293.8884832597093,6950.88052963505,6677.922019533157,1436.9449721030994,7122.240467645903,6784.636131054007,1495.3394106209435,7260.726733645668,6918.791479357381,1546.5568365708452,7053.570598663805,6733.390154659642,1471.4783459906726,7191.850743856852,6843.889325349356,1517.2236525671383,7290.8911554123715,6942.2362048039995,1560.0325759392497,0.0,0.0,0.0,1.0,1.0,0.0,5100.23855407194,5071.834473581643,999.0444548428028,10200.47710814388,10143.668947163285,1998.0889096856056,5100.23855407194,5071.834473581643,999.0444548428028,284460.47604780644,236467.03355413565,142459.51445265257,6313.852364160615,6110.148382132727,1253.1375845165853,7088.396487860112,6745.430978399545,1519.6523822544007,45.702457427978516,44.10743713378906,5.821000091064097,0,0.0,200
static-low,partial_obs,high,16369.37788728223,15574.31412260375,7010.005013143939,16927.883516389593,16040.766219849802,7105.657188733903,24530.81044757878,21855.167317033716,28571.958732208182,24970.435789842224,22349.122806821295,28602.783456273486,19458.427648980894,19054.506059199422,9545.769817871998,24807.130039107786,22144.790768874387,28589.548812664325,25005.2472949712,22373.052799018835,28603.634613742324,0.0,0.0,0.0,1.0,1.0,0.0,1931.386835209773,1540.9988402465892,1321.046848591934,3862.773670419546,3081.9976804931784,2642.093697183868,1931.386835209773,1540.9988402465892,1321.046848591934,11314333.82057355,1773738.1793710743,122678662.21303853,15682.145251357806,14920.340084121846,6716.238622244367,24334.645944093707,21614.255416815548,28558.951621083143,49.1786003112793,44.82269287109375,14.633332512981278,0,0.0,200
static-low,partial_obs,low,5392.970479679037,5135.974451149043,2355.6008002361423,5578.656529959821,5330.119967170555,2376.3660843511057,6946.865209023527,6851.4919798727005,3079.1321638735412,13900.184563224753,11349.791188278446,11798.404309718153,6668.234692009682,6681.889592457291,2617.9852031334935,10213.308466969913,9581.726007429963,5640.684679370784,13947.276811001446,11488.723934749898,11798.865004860603,0.0,0.0,0.0,1.0,1.0,0.0,1980.5379625459257,1557.6407690284364,1390.6474846937524,3961.0759250918513,3115.2815380568727,2781.294969387505,1980.5379625459257,1557.6407690284364,1390.6474846937524,852567.2479725449,193973.04477247543,3404610.3392431,4705.179494088324,4480.3666023490605,2060.635497323833,13272.737188149313,10768.336024061602,11762.079631419188,44.98481750488281,43.392181396484375,4.865843426346207,0,0.0,200
static-low,partial_obs,medium,10908.918788258294,10407.90943101552,4706.34894001568,11240.95492460898,10655.047313730134,4760.551215297958,13643.283084511917,13743.20176841725,5477.373105239324,18984.913833446342,16958.36582403701,11392.999465803097,13112.791803050124,12939.409026304531,5245.717283541784,17831.945299725732,16416.520015780046,9787.722285916761,19024.820323335833,16989.7745385252,11394.701709775069,0.0,0.0,0.0,1.0,1.0,0.0,1935.2474475062024,1537.2926223758182,1311.2125850374377,3870.494895012405,3074.5852447516363,2622.4251700748755,1935.2474475062024,1537.2926223758182,1311.2125850374377,1778267.0815483895,721364.9658884415,4794625.796850847,10221.4220111514,9751.87264304683,4411.096490920098,18352.797097909843,16188.584276620531,11272.880913459312,46.69308662414551,43.392181396484375,14.458230982990788,0,0.0,200
static-low,partial_obs,saturation,21810.0410067686,20786.997387898853,9392.709006147135,22733.047492849048,21478.741400436506,9686.346989273277,29720.659542682104,29474.603874053828,13981.460254759559,30073.46507518795,30072.821529480367,14006.159004496008,25737.742124152574,26067.268316814574,10672.633080959118,29912.345337912335,29700.968100621176,13986.088918375006,30123.463415442613,30115.1934223618,14005.527906087082,0.0,0.0,0.0,1.0,1.0,0.0,1936.8697195859143,1539.4239119988238,1322.3884985232314,3873.7394391718285,3078.8478239976475,2644.776997046463,1936.8697195859143,1539.4239119988238,1322.3884985232314,5681259.2848898135,4034190.9387429967,8839246.952544972,21122.702384154734,20131.88895051,9096.890978389589,29445.49186735287,29310.13539878186,13797.16154234361,47.74332046508789,43.8690185546875,10.982812175878083,0,0.0,200
static-low,structured,high,5715.742279342947,4715.383530415668,1969.3088173502408,6082.674611464292,5011.852788810779,2015.5973609131227,6236.899809125857,5115.409354750262,2038.8115392586765,6378.4544276355,5208.3802103302505,2066.2977650031385,6176.436255524658,5072.234132781804,2028.9827217270883,6307.332117269474,5158.093272146649,2051.618204985287,6406.096101317465,5224.544362084225,2071.4525077616177,0.0,0.0,0.0,1.0,1.0,0.0,4669.141494741332,5089.723862826869,1429.5273709081907,9338.282989482665,10179.447725653738,2859.0547418163815,4669.141494741332,5089.723862826869,1429.5273709081907,182480.78646827303,109227.0057818138,111816.07828588049,5474.956741651948,4516.493222436919,1886.7840786361571,6171.005495857552,5036.973968249142,1990.7788874163632,51.4829158782959,46.253204345703125,12.856199039026832,0,0.0,200
static-low,structured,low,1822.9597676798492,1487.3179440387094,660.0301810341773,2023.3272401371764,1638.4965073223493,682.14653857099,2118.4386958885534,1720.6223109983257,695.9568457826088,2231.1203262697063,1799.7993482990996,720.291786885632,2082.6705229617455,1692.1638429875638,690.1184811729272,2169.970431326149,1757.8742639114798,705.0410597928801,2261.5645472696838,1834.5290393314515,725.2320325651177,0.0,0.0,0.0,1.0,1.0,0.0,4936.340344965106,5378.810463431163,1592.9544118527176,9872.680689930212,10757.620926862326,3185.908823705435,4936.340344965106,5378.810463431163,1592.9544118527176,17846.547301734976,11450.66250995246,14492.753277299138,1582.1940278037855,1288.5738536910953,577.383811385098,2015.8858500756699,1628.1070378804288,646.9771915877882,52.0634651184082,47.206878662109375,13.080694965388858,0,0.0,200
static-low,structured,medium,3788.152019619384,3129.0947590597134,1316.8441128684017,4078.5962945525557,3354.5292321902916,1348.6081582638958,4206.051728006051,3442.4278059808853,1364.1801157868115,4329.238667718876,3549.9144829631173,1381.7790393585713,4156.601449250593,3406.7055497919278,1357.4687407121507,4265.86001587247,3500.6394628304697,1370.8310442518307,4357.505884679511,3575.476690002018,1386.0226215079426,0.0,0.0,0.0,1.0,1.0,0.0,4706.316676236104,5113.299927030203,1455.8020792266,9412.633352472209,10226.599854060407,2911.6041584532,4706.316676236104,5113.299927030203,1455.8020792266,68715.04463585561,42163.799914731426,42442.877689031426,3547.3770548663424,2929.736388870657,1234.2381776814464,4117.881681675092,3385.6552617099223,1304.877775026326,51.741600036621094,46.61083221435547,14.717888768644407,0,0.0,200
static-low,structured,saturation,7633.73882234494,6311.57610488066,2624.218847299184,8084.158828465969,6688.668462624747,2682.936302874183,8265.474657702032,6801.3095537599365,2707.9755977971404,8397.029489507891,6871.258009400419,2728.154145000416,8190.342306897569,6756.172342130265,2696.9059360998126,8333.544462858954,6841.167516522026,2719.18080878679,8424.930643993222,6884.57782436631,2733.210463990188,0.0,0.0,0.0,1.0,1.0,0.0,4659.3268375475855,5070.0490253812895,1423.6774346744694,9318.653675095171,10140.098050762579,2847.354869348939,4659.3268375475855,5070.0490253812895,1423.6774346744694,396493.5750230029,238488.52379165037,248056.6321805748,7392.8520610536825,6112.380472776227,2541.577366488434,8191.033811655145,6693.546242448094,2652.120062455758,50.601959228515625,45.299530029296875,18.15817690334709,0,0.0,200
tail-greedy,adversarial,high,9318.43403912763,9316.199719549346,1036.2915160505422,11076.795479567014,10833.414584049031,1693.7327413872815,24056.282563138044,18757.03641462615,27873.516646688397,24952.018667579476,19456.921220614397,28122.909314866687,15934.473297796148,14359.875859551943,7438.389936236541,24525.26930286581,19314.8632876686,27980.35063345331,24990.812817903497,19485.196650149304,28124.79404291526,0.0,0.0,0.0,1.0,1.0,0.0,2607.5770649810743,2576.1577485587377,293.0009900847085,10430.308259924297,10304.63099423495,1172.003960338834,2607.5770649810743,2576.1577485587377,293.0009900847085,13005973.708471281,2299014.6890072776,107156178.7866042,8926.733016271857,8924.640494103254,992.9293606268052,24619.81854981324,19146.7831100233,28123.61966592819,14.210939407348633,13.3514404296875,3.4068832402224434,0,0.0,200
tail-greedy,adversarial,low,3011.597567395665,3008.755536060775,324.2685758183479,3205.147468989318,3143.3134766453845,371.13080056476525,6852.653659141145,6279.603852494336,2227.759194822499,14721.08027262384,11775.367280558587,9976.114052934205,5436.066271207553,5098.89805986371,1378.1309826253512,10800.167780349439,9301.311635516178,5018.040758469866,14795.904118999899,11946.692060373123,9966.53013761944,0.0,0.0,0.0,1.0,1.0,0.0,2687.7867898995814,2658.906672520299,295.4960916902469,10751.147159598326,10635.626690081195,1181.9843667609875,2687.7867898995814,2658.906672520299,295.4960916902469,1151584.9756791515,530440.2759393321,2237889.4886036925,2621.9946696136594,2619.5454296092585,283.62701857164564,14424.472520115938,11538.360132962825,9962.612815693301,14.925003051757812,14.066696166992188,3.793371677820508,0,0.0,200
tail-greedy,adversarial,medium,6175.843682189795,6186.362452665224,665.3161698837699,7070.067697428769,6957.49092582159,1120.2517274590887,12316.181497697682,11267.42012904266,4301.709911135332,19630.898888005173,15857.876680728277,13290.681623987268,10747.91042313187,9929.047998271471,3164.831766404925,18000.269968697092,14904.805037868671,11001.893591450918,19671.065677516173,15882.437236537284,13285.933929056495,0.0,0.0,0.0,1.0,1.0,0.0,2621.785125604325,2586.3342273326434,291.78266646902665,10487.1405024173,10345.336909330574,1167.1306658761066,2621.785125604325,2586.3342273326434,291.78266646902665,3472013.415476175,1281892.50711015,8609891.929871554,5785.318506196058,5795.213197209198,623.5871264267067,19305.9189257405,15508.323783907515,13281.931098570896,15.1824951171875,14.781951904296875,2.7969835429065784,0,0.0,200
tail-greedy,adversarial,saturation,12401.702391860012,12471.728031964089,1324.2179120852563,14958.694560586893,14857.741752012262,2195.1874357652596,26162.929854858605,22030.483888963172,21206.159927970577,26901.33687490808,22336.186713597323,21366.835959099208,19983.75776151408,18298.749702618683,7830.243358017228,26597.288310197076,22195.958961829703,21292.85905145656,26965.19685533166,22352.13296765001,21372.753097112716,0.0,0.0,0.0,1.0,1.0,0.0,2610.795444558515,2565.803232348234,289.3795826745933,10443.18177823406,10263.212929392936,1157.5183306983731,2610.795444558515,2565.803232348234,289.3795826745933,12281661.362909686,3446954.380527578,77685955.9597767,12010.724985496725,12078.694740852086,1282.52580844873,26597.91949020537,22038.785306563746,21371.85162947884,14.591217041015625,13.828277587890625,3.6958068070729317,0,0.0,200
tail-greedy,drifting,high,53676.13227356243,53214.853336651766,27709.999674416893,54499.90195012158,53972.146250579004,27997.94525363879,54722.60978052728,54148.938990467854,28045.122737284088,54918.14251215653,54299.634900372395,28094.771322905173,54635.38736568013,54089.245953789024,28027.724098048282,54820.14510810452,54229.14647938154,28067.189016705135,54967.53222083929,54324.68799115575,28106.313380358974,0.0,0.0,0.0,1.0,1.0,0.0,730.0622523012794,451.32093000051043,729.9701628072578,2920.2490092051175,1805.2837200020417,2919.880651229031,730.0622523012794,451.32093000051043,729.9701628072578,13819729.705079209,10734284.97575887,11540662.563771065,51425.43055129002,50983.510194774804,26548.728326589546,52721.362356836486,52074.09856675868,26947.24513841646,14.988183975219727,13.470649719238281,4.399577853023768,0,0.0,200
tail-greedy,drifting,low,17875.338495272477,17703.22188269411,9275.035595528023,18211.694264945403,17961.105735696034,9365.665488114508,18345.081154123956,18052.845437288357,9394.77143455538,18481.82419156929,18181.557186126534,9418.857047296342,18294.07365186457,18016.738200414205,9383.125617880576,18409.64243575107,18107.31764288422,9405.494497065352,18523.526052600893,18196.801101642966,9429.831430203565,0.0,0.0,0.0,1.0,1.0,0.0,739.1869909324575,452.2213302323645,754.7715592902387,2956.74796372983,1808.885320929458,3019.0862371609546,739.1869909324575,452.2213302323645,754.7715592902387,474771.7390221437,360909.43491397,387893.94129753835,15624.51403118211,15473.963711398505,8113.622760767553,16255.230701356812,15975.34460027091,8261.419998949212,16.433000564575195,14.901161193847656,4.4500767524038425,0,0.0,200
tail-greedy,drifting,medium,35826.35455907819,35500.6359388838,18510.178884021687,36383.362216553345,35978.1244787704,18682.37233796192,36565.6924256062,36128.86961910664,18723.25406240657,36740.84612227201,36240.06835529812,18759.54418605619,36495.49385752473,36069.70304525543,18708.13168506235,36650.69165592615,36189.70265740633,18742.215191503623,36788.149085105535,36282.884248530434,18770.102781978916,0.0,0.0,0.0,1.0,1.0,0.0,730.1978250456162,451.02661521169745,731.7060485131612,2920.791300182465,1804.1064608467898,2926.824194052645,730.1978250456162,451.02661521169745,731.7060485131612,4009852.055883119,3090569.3394196657,3335949.6754171993,33575.65242833579,33270.383570309896,17348.947773179993,34533.1240969233,34037.6914169963,17603.802908661135,16.42465591430664,15.974044799804688,4.049258295016471,0,0.0,200
tail-greedy,drifting,saturation,71453.9213212111,70793.21322295115,36875.92615451308,72603.87094871257,71866.76889131391,37315.91969279101,72854.36723063556,72079.30651278576,37374.588776851546,73053.98816755418,72249.1940005805,37426.96604946018,72753.62901875647,71998.47765006626,37352.514640121466,72954.3411708079,72166.59754706942,37401.29846162686,73095.64781481592,72295.45857372653,37439.108183331984,0.0,0.0,0.0,1.0,1.0,0.0,730.6561067780234,452.3524448321403,729.5581499384652,2922.6244271120936,1809.4097793285612,2918.232599753861,730.6561067780234,452.3524448321403,729.5581499384652,33105445.17363919,25650022.23090438,27683745.507619783,69203.06334670458,68563.23101068838,35714.53483479943,70851.2549176011,70053.48079005932,36282.14156041691,12.351274490356445,11.682510375976562,2.6408603408519746,0,0.0,200
tail-greedy,heavy_tail_burst,high,12915.545330138342,11859.361786377225,3853.7779740427213,27127.70085010586,25035.71265672019,9964.52034324557,183954.1783640825,93457.44934887293,271669.6575568714,189064.17571193742,105943.3055545754,273386.6084433371,78905.83348711766,56404.38916065877,72794.66778628108,186689.37767998147,98482.1491939135,272720.32753619866,189621.21873702705,105996.98876075799,273535.7116990492,0.00084,0.0,0.0030694474319799716,0.9991599999999999,1.0,0.003069447431979969,1974.325643223627,2023.717952343003,425.9788918655787,7897.302572894508,8094.871809372012,1703.9155674623148,1975.180987380681,2023.717952343003,424.07553427424847,1286870997.3379219,164610642.1065789,4609188431.138554,12373.530090975182,11361.76464844869,3692.811237210127,189208.1604795506,105676.5320251082,273509.23010736686,14.605522155761719,13.3514404296875,4.0827299893641635,0,0.0,200
tail-greedy,heavy_tail_burst,low,4257.748059887796,3892.38682110769,1851.4882096015147,6178.694014191085,5726.745485276095,2411.836511505262,33894.43117501248,29827.54299958112,17213.437709383037,195932.79979200172,90882.37263217487,438665.6636577135,32789.69516796433,24950.354325626373,36867.48737734676,106871.09963029882,65274.28735197308,180940.4803854296,196691.92531896484,90895.51295070606,438534.25254565343,0.00024,0.0,0.0009523311784074033,0.99976,1.0,0.0009523311784074145,2027.8322012286685,2055.2959955273277,424.27490626719316,8111.328804914674,8221.18398210931,1697.0996250687726,2028.06757602159,2055.2959955273277,423.75583788269836,820043639.224089,46462621.06044789,5786297444.753147,3712.337094250711,3392.1081122503897,1620.071548427603,196035.7977319603,90546.27912497686,438597.99518011394,15.04659652709961,14.543533325195312,2.7899310069828065,0,0.0,200
tail-greedy,heavy_tail_burst,medium,8506.987885900946,7786.210332427001,4042.9202241256457,17622.66476698944,16081.919935347196,6469.15201483702,59687.389042811956,49646.89134857018,37511.48537104582,170920.67537860744,89288.551140545,451034.72624341334,55315.46531963107,40828.903720763454,77842.12522012868,147910.4353977713,82463.07686531506,364403.13648814836,171007.8035379131,89301.26292633275,451023.59876609204,0.00043999999999999996,0.0,0.0018284188737511555,0.99956,1.0,0.0018284188737511659,2002.0505884854342,2054.925634499884,381.1404446859195,8008.202353941737,8219.702537999536,1524.561778743678,2002.5678006096819,2054.925634499884,380.1128767581852,1755172841.955614,86546399.92843947,19810748310.214977,7970.62833446725,7295.286091435164,3790.2139828599566,170644.8141709049,88956.73564267444,451027.75193638867,18.935203552246094,18.358230590820312,4.1038131651866525,0,0.0,200
tail-greedy,heavy_tail_burst,saturation,17620.87120599909,15967.388305894368,5716.972130643086,40381.03484385237,36154.47780053277,16633.03750786307,189763.6198478429,105228.51709596484,274449.95508886967,195492.32486876138,109660.15218650861,276790.79835398536,101335.52729697617,70531.78752068989,100966.43500985192,193110.27969358113,106713.48975524116,275671.8867826851,195825.49161063685,109678.67838074974,276846.1284574126,0.0015375,0.0,0.004969994767597826,0.9984625,1.0,0.004969994767597834,1936.7457978505026,2004.0849318040623,425.17300092382874,7746.983191402011,8016.339727216249,1700.692003695315,1938.4269481112592,2004.0849318040623,422.0634435323883,1772153525.490191,232638584.46332365,6942232507.3281355,17065.687289047284,15465.036056067853,5538.280298981325,195399.94955185545,109349.88105892857,276886.44191124826,13.666152954101562,12.874603271484375,3.3510778917306565,0,0.0,200
tail-greedy,iid_noise,high,8338.483259208973,8501.873062263474,711.4861967891107,8722.540328029834,8778.008165405972,799.3751272253331,8870.45336246715,8894.723231736589,850.150787384456,8993.657184407808,8996.359067696214,901.7994397732834,8811.948053019576,8850.025381934993,828.9359366169302,8932.636987401413,8953.468319452975,873.6996459155688,9025.36909096199,9017.813989471011,915.4089730967994,0.0,0.0,0.0,1.0,1.0,0.0,2900.884682008386,2822.9073624714247,267.7319922226246,11603.538728033544,11291.629449885699,1070.9279688904985,2900.884682008386,2822.9073624714247,267.7319922226246,307789.5495170804,290197.2843141662,75141.71580598388,7987.775943149404,8144.327981037186,681.6651291021717,8676.386031283058,8665.64191004113,888.2888025714453,15.357732772827148,14.543533325195312,3.637242901665107,0,0.0,200
tail-greedy,iid_noise,low,2702.481543288562,2753.5218566640406,238.9700436414865,2906.7194176011267,2900.9415236396526,292.84647687291994,3005.439332173231,2969.7028303981915,328.63135467621,3112.3326268181568,3034.7668175000663,371.5857577285646,2967.771572689911,2945.082088177348,313.3082773678779,3057.5799130847026,2999.949627607108,349.286682159727,3144.5395369878393,3047.1035208366475,386.2895179902566,0.0,0.0,0.0,1.0,1.0,0.0,2985.32678583804,2905.370074548244,286.01401470119475,11941.30714335216,11621.480298192975,1144.056058804779,2985.32678583804,2905.370074548244,286.01401470119475,22118.008191474328,15418.015238875036,14831.634385820118,2351.582679170162,2396.2418829480043,209.04396175149895,2787.1170354247693,2686.192035782631,359.1553195998671,14.777183532714844,13.232231140136719,4.634768232753563,0,0.0,200
tail-greedy,iid_noise,medium,5540.994434439994,5643.375325634704,475.4893150614741,5840.324047260755,5859.338626598736,549.3197949918908,5971.132615988236,5951.325245128874,586.2535776601042,6097.655115417813,6036.998851514112,628.2555058915366,5920.30571532392,5916.864836260733,571.0218590704507,6034.787705031086,5995.575569292226,605.859121948178,6128.236352796632,6065.094646143727,637.363387238434,0.0,0.0,0.0,1.0,1.0,0.0,2910.5506284325006,2835.1826887759753,269.9894083008928,11642.202513730002,11340.730755103901,1079.9576332035713,2910.5506284325006,2835.1826887759753,269.9894083008928,105186.64187894309,90245.71424101364,38055.61943822213,5190.257035465161,5286.20992201745,445.66013506922013,5775.64811058946,5709.0263286587,607.1382197084315,13.75436782836914,12.874603271484375,3.6123499765521334,0,0.0,200
tail-greedy,iid_noise,saturation,11123.058013227948,11341.26818609635,944.4697577157652,11592.925594513257,11685.623510147652,1043.7862531303988,11766.747705502079,11790.080013763669,1093.163055052219,11898.824923661205,11871.013525877031,1132.78020411814,11696.59971236853,11740.057527530436,1071.8166883210176,11835.958694606188,11833.676875038116,1112.508225385683,11928.608592996783,11892.66370361547,1143.1770705643175,0.0,0.0,0.0,1.0,1.0,0.0,2899.348977310919,2821.5542460168,266.4052207847299,11597.395909243676,11286.2169840672,1065.6208831389197,2899.348977310919,2821.5542460168,266.4052207847299,695495.9946919818,681900.5641793,145235.40233238594,10772.271229726628,10983.649379499839,914.728540602797,11582.01543567735,11542.012116142345,1119.0707652313451,14.680624008178711,13.589859008789062,3.8472389954167023,0,0.0,200
tail-greedy,partial_obs,high,19766.181587982188,19284.119931320252,7038.767800424057,20362.29978744001,19726.117607614688,7118.625331126332,27331.668307719563,26199.730796847274,12411.48732759087,27808.973378037066,26523.380007587326,12549.79606617296,22789.192219919547,23279.236362809293,7658.4762033158395,27604.370913593004,26362.562543180095,12480.21761698938,27886.80303597647,26574.260470174566,12523.793116623085,0.0,0.0,0.0,1.0,1.0,0.0,1424.6192195861827,1244.5473894456732,650.0137972265674,5698.476878344731,4978.189557782693,2600.0551889062694,1424.6192195861827,1244.5473894456732,650.0137972265674,3831245.375171885,2408625.259717926,10364410.331705553,18936.544863108276,18474.721662311033,6743.843796798465,27034.44313673094,25764.129464131664,12390.88986765371,12.723207473754883,11.920928955078125,2.798761760858555,0,0.0,200
tail-greedy,partial_obs,low,6522.220242207367,6320.495784230214,2353.6156276055076,6723.208453686042,6491.663103585652,2371.707426543172,7881.85096094023,8113.388278762193,2823.6498207793156,13574.596892789861,12204.13765536315,7936.1403860845685,7648.373932028955,7660.666188175512,2489.8365002816267,10679.505600697177,10482.209090795499,4385.1790493494345,13620.358980782423,12235.956229221234,7936.447544932701,0.0,0.0,0.0,1.0,1.0,0.0,1446.198751586281,1265.7291949406974,671.8731350159746,5784.795006345124,5062.91677976279,2687.4925400638986,1446.198751586281,1265.7291949406974,671.8731350159746,512218.2047958921,199238.4567936897,1536876.1614153099,5693.033235203409,5516.563860052826,2058.901475583611,12798.084694496572,11378.83530681569,7871.941881822068,14.470815658569336,13.3514404296875,3.703388619630198,0,0.0,200
tail-greedy,partial_obs,medium,13178.493536873886,12843.717127046319,4692.659545882136,13505.718641868654,13081.642583478744,4729.458785090857,16072.718041961049,16554.99988215869,5505.710868429954,20796.41234329678,19341.482784997097,9125.384939750214,15339.902510509126,15764.405365403272,4914.206304930736,19744.854681869616,18940.96538370363,7926.5609623886485,20845.875350092858,19357.166869629968,9142.743662820147,0.0,0.0,0.0,1.0,1.0,0.0,1423.6547931948164,1245.7465161083078,646.4841968102529,5694.619172779266,4982.986064433231,2585.9367872410116,1423.6547931948164,1245.7465161083078,646.4841968102529,1592082.464569621,883526.0469530469,3188633.7243908425,12348.628290432214,12034.871615542064,4398.247825264025,20028.77332594922,18511.910297721697,9022.488962133302,14.858245849609375,13.947486877441406,4.038377996448647,0,0.0,200
tail-greedy,partial_obs,saturation,26336.56887575424,25625.621504813687,9368.295734152376,27232.876065884368,26276.714506717224,9544.135397350263,34398.2848804288,33531.88091217181,12894.986674953201,34780.89017565588,33893.55758721661,12936.498865350524,30335.152016176125,30484.19941144246,10178.40747624456,34621.07085478457,33616.04585447118,12918.140822409581,34815.59792839153,33971.8244485808,12937.499285538785,0.0,0.0,0.0,1.0,1.0,0.0,1423.6310130280567,1248.7516240966866,644.1380217747788,5694.524052112227,4995.006496386746,2576.5520870991154,1423.6310130280567,1248.7516240966866,644.1380217747788,6390445.210950288,5200966.316313239,6227438.2286423175,25506.680587136947,24818.120862445743,9073.241320470639,34002.457337341744,33000.64580462751,12715.080930828815,15.401840209960938,14.30511474609375,3.864689190564743,0,0.0,200
tail-greedy,structured,high,8711.337393148226,8818.178169971767,954.0817501304265,9103.400742327198,9124.537020557698,1045.286513415365,9262.423101928738,9253.972613686414,1089.7729774734169,9396.54496180838,9348.26311073368,1135.1045962571256,9199.630231839752,9196.108043738492,1073.0347452776616,9330.90657918976,9297.135995977504,1111.2692900200366,9428.286399654395,9365.171463379222,1146.6203769766344,0.0,0.0,0.0,1.0,1.0,0.0,2790.8320308678008,2721.650610550398,330.6434706671799,11163.328123471203,10886.602442201593,1322.5738826687195,2790.8320308678008,2721.650610550398,330.6434706671799,334882.9523655901,317405.0816016877,94371.24760291276,8345.01575800202,8447.409466422883,914.0952942865558,9062.437486640807,9000.419344010123,1103.2925366474822,13.663768768310547,13.113021850585938,3.1575919755952464,0,0.0,200
tail-greedy,structured,low,2823.915790188104,2860.1619093233076,319.18573853993456,3029.6680651419338,3018.2762809903033,373.35314627661165,3128.16660438879,3090.7626583538827,405.852521915289,3233.0946808444014,3159.171263817085,446.51286120753184,3090.1169258826626,3061.4444028481425,393.2757847205291,3178.2417282177635,3124.208358961912,425.6539990758013,3264.704634939439,3180.280771545257,458.01431138450954,0.0,0.0,0.0,1.0,1.0,0.0,2872.31117335101,2797.0444524002696,352.3974280079763,11489.24469340404,11188.177809601078,1409.5897120319053,2872.31117335101,2797.0444524002696,352.3974280079763,22925.82168817676,15779.986869578206,15343.060352006643,2457.8174385398406,2489.505741721281,279.21560343960607,2889.6907293722124,2799.7547961815653,420.8206768975628,14.925003051757812,14.543533325195312,2.1524792926151948,0,0.0,200
tail-greedy,structured,medium,5788.750016452179,5860.557410744283,639.8313007283987,6089.712833085805,6085.489274745039,715.4735213047061,6220.965055289093,6184.418913896043,756.3603912181189,6344.1966071093075,6289.903226362013,800.548215778011,6169.900034302493,6142.4311970447925,739.8195388863776,6280.9649752417035,6240.22022004235,778.3375667525601,6373.888574378682,6323.059038364261,811.0275672756352,0.0,0.0,0.0,1.0,1.0,0.0,2800.6043005983315,2730.1157401468995,335.1844053249303,11202.417202393326,10920.462960587598,1340.7376212997212,2800.6043005983315,2730.1157401468995,335.1844053249303,113096.85558125736,97413.10185335395,43560.18871562616,5422.466310044831,5489.737670341565,599.6847944338392,6006.813607183714,5944.070517798362,772.2467130245191,14.33253288269043,13.828277587890625,2.6136226981522745,0,0.0,200
tail-greedy,structured,saturation,11617.308828878427,11754.175200412863,1269.320749113129,12097.786758225015,12132.536696514842,1378.6444723861089,12272.485803526633,12252.149657751284,1434.1151787056037,12409.348169182991,12346.523700003705,1478.1997963668275,12202.952719750007,12204.350532700983,1411.8788110407727,12341.610243443,12290.581313975199,1456.4704572310984,12437.130480179778,12363.979061359001,1487.298614327264,0.0,0.0,0.0,1.0,1.0,0.0,2790.130898213262,2722.436885262522,329.7310673020219,11160.523592853047,10889.747541050088,1318.9242692080877,2790.130898213262,2722.436885262522,329.7310673020219,761218.890271926,737094.9548406666,193088.50376257233,11250.964974920831,11383.51740171217,1229.3419737517863,12074.515277984188,12001.657878642043,1446.9183888931648,14.657974243164062,13.589859008789062,3.784019793140593,0,0.0,200
triton-proxy,adversarial,high,26235.94948631597,19062.28603467951,14207.295717698958,28272.989391823194,21762.59684098342,14341.285752767031,40128.06299819436,31664.158222837723,19116.90225090718,40911.93463839782,33855.33522010638,19030.396732172416,32897.2194940693,26285.21621367247,14900.407079829989,40642.751559402146,33456.0932378838,19061.049478561854,40986.219281563455,33872.11728312086,19027.92085955358,0.0,0.0,0.0,1.0,1.0,0.0,1093.7746132042018,1259.0306184015558,335.28880548785526,4375.098452816807,5036.122473606223,1341.155221951421,1093.7746132042018,1259.0306184015558,335.28880548785526,8972338.071490347,4872339.294864817,11742514.586404935,25135.286384974577,18262.24557701648,13611.882873243241,39905.405122709904,33063.48855778889,18603.952793357,18.107891082763672,16.570091247558594,5.013247089741549,0,0.0,200
triton-proxy,adversarial,low,8690.721600126137,6273.935762766239,4753.657663310525,8903.207062015126,6654.599494371829,4802.718882416064,12821.16376400671,10533.349798576213,5629.486672857306,23035.1536350994,19002.078132608105,16975.037613501238,11478.418718892779,9199.893727939489,5050.731141936832,17878.680666414995,14920.942224564027,9106.6431223108,23137.43978780387,19342.557551813232,16963.98557249071,0.0,0.0,0.0,1.0,1.0,0.0,1104.2849897326987,1275.1166968044922,341.0183743545052,4417.139958930795,5100.466787217969,1364.073497418021,1104.2849897326987,1275.1166968044922,341.0183743545052,2227201.360763061,716667.76558086,5940099.44706758,7589.98752949816,5475.892268067319,4158.407327164795,22024.762539378036,18059.619031664726,16865.685225054956,16.01696014404297,14.543533325195312,4.857441475502997,0,0.0,200
triton-proxy,adversarial,medium,17485.656780616686,12661.331818016533,9484.18154194393,18524.678561037443,14013.252764890356,9496.404621080326,23881.805143066664,19726.494494395512,10212.224792654588,31651.906928835702,25821.438557063815,15888.159209698431,22294.66643901924,18134.824660207385,9799.395965642441,29925.969460433902,24305.357452534015,14177.87291716128,31733.40525437011,25856.1799434504,15907.027701863793,0.0,0.0,0.0,1.0,1.0,0.0,1094.586103912862,1263.690411215173,335.7535195987285,4378.344415651448,5054.761644860692,1343.014078394914,1094.586103912862,1263.690411215173,335.7535195987285,4473706.361987416,2408177.314188615,7230729.975140149,16385.55487756185,11863.85631771456,8889.117988354354,30616.66554930953,25106.877183647593,15552.617733530147,15.212297439575195,14.543533325195312,3.4629162633487076,0,0.0,200
triton-proxy,adversarial,saturation,34907.07553348912,25317.68340909817,18888.2581151053,37810.95299627709,29410.585447281184,19000.264065989257,48351.13234638732,36742.19095253949,25993.505700531496,49050.98640946716,37644.297134790024,25993.346679449223,42634.076379558624,32950.56208596492,20032.517645822256,48776.74699109557,37385.1342230021,25962.513124062978,49197.516433801015,37903.51564838158,25964.29392505834,0.0,0.0,0.0,1.0,1.0,0.0,1095.8699126061997,1263.940955314008,335.8346490625751,4383.479650424799,5055.763821256032,1343.3385962503005,1095.8699126061997,1263.940955314008,335.8346490625751,17739976.008551728,6796542.69441814,45486888.06935178,33807.204701401315,24518.83139603338,18293.459199792538,48113.25047647062,36931.11620312426,25559.359881161894,14.562606811523438,13.709068298339844,3.7867665328406384,0,0.0,200
triton-proxy,drifting,high,64530.088413526595,62928.781473915195,27899.075038723393,65471.7194351417,63758.72275112416,28194.868323693547,65713.81445383951,63936.06341407928,28252.223339583616,65917.05362320626,64097.4033330908,28299.42363980901,65617.40984934001,63863.372036537614,28229.00852693433,65817.31495913508,64015.04083595237,28275.539150465727,65967.13120228918,64135.67339143363,28307.66137806783,0.0,0.0,0.0,1.0,1.0,0.0,488.5544280367062,381.3835214726732,322.2951838359691,1954.2177121468249,1525.5340858906927,1289.1807353438764,488.5544280367062,381.3835214726732,322.2951838359691,18721899.734409295,14929613.615141597,13838799.418425642,61824.544125262815,60290.34717096307,26729.890680122982,63260.361732243866,61459.31589279196,27138.842129545796,12.919902801513672,12.39776611328125,2.2515071992321096,0,0.0,200
triton-proxy,drifting,low,21507.363949579907,20965.08945474595,9336.114741629415,21878.27435156785,21257.26760426492,9429.188712237776,22026.040162464455,21378.76171827837,9456.237941897458,22183.98678889718,21520.01996465854,9485.454227212587,21969.744127710783,21336.302383189293,9446.03370709524,22103.257898535714,21441.474168537476,9471.495498842722,22236.880031269542,21569.84158621737,9498.516241719812,0.0,0.0,0.0,1.0,1.0,0.0,490.4271977341973,381.58675742955575,327.0830753351664,1961.7087909367892,1526.347029718223,1308.3323013406657,490.4271977341973,381.58675742955575,327.0830753351664,638453.7109375041,507731.6902903894,463164.24981527793,18801.733071066366,18327.335677095754,8167.049218907142,19508.52922486068,18938.478316521505,8316.976906095299,14.542341232299805,13.828277587890625,3.332078412968266,0,0.0,200
triton-proxy,drifting,medium,43078.21002912011,41983.89895731863,18639.056778103106,43708.35900196437,42522.03254241067,18826.810088395883,43914.361907353334,42678.39406964139,18874.535539883214,44099.43665691265,42825.32360000507,18911.639740783947,43833.22663502132,42612.323242566075,18854.44092314166,44007.67605124368,42730.541772099066,18893.654703926743,44148.646076552795,42869.01737284471,18922.023022421952,0.0,0.0,0.0,1.0,1.0,0.0,488.2352669026675,381.09850370581205,322.7705197491777,1952.94106761067,1524.3940148232482,1291.0820789967108,488.2352669026675,381.09850370581205,322.7705197491777,5419124.370886433,4317587.016623771,3999321.968312039,40372.56124938064,39346.91961933948,17469.729434282766,41442.30911485506,40204.65207032673,17755.271276616444,21.132230758666992,20.742416381835938,6.323438621996419,0,0.0,200
triton-proxy,drifting,saturation,85890.54749636665,83754.11489921264,37123.54727239657,87208.90745262371,84874.27816770863,37569.02224161957,87476.08972023509,85088.37643046936,37630.3714857594,87695.63453361165,85261.8610689737,37670.4706448411,87370.07603969995,85007.52922500062,37606.412225123735,87586.78102095217,85185.21413579612,37648.974890012665,87740.94689229656,85295.46063795467,37678.667623175956,0.0,0.0,0.0,1.0,1.0,0.0,489.37487098175006,382.07080111874393,322.9683420312963,1957.4994839270003,1528.2832044749757,1291.8733681251852,489.37487098175006,382.07080111874393,322.9683420312963,44824694.80888455,35960232.838189244,33153334.979034472,83185.04159238184,81115.89237809464,35954.3968787679,85046.4424492529,82678.3131790813,36510.96211724344,19.48237419128418,18.596649169921875,3.77558733932076,0,0.0,200
triton-proxy,heavy_tail_burst,high,23461.131014858554,22163.515455845503,4904.594034751959,39033.597432741095,35967.86148105524,12182.128362110197,162604.90541989205,105107.12243721017,160539.7036275515,167735.2073785806,110489.9894938881,161638.11774264788,83362.56178356109,66925.7883019586,51009.36508571684,165448.55508721177,107895.82629430818,161281.2965882355,168184.58942804142,110533.47478497356,161796.84524393384,0.00054,0.0,0.002493892036042697,0.99946,1.0,0.0024938920360426994,1063.8282958627358,1082.8607160861304,203.6862915499283,4255.313183450943,4331.442864344522,814.7451661997133,1064.252138211231,1082.8607160861304,203.116473931069,622798387.5507616,153814883.76009828,1429451538.0306332,22476.510386432103,21234.422663076315,4698.560783448186,167358.26743703627,109680.48139557405,161798.43353214825,20.04861831665039,19.073486328125,3.874152331419421,0,0.0,200
triton-proxy,heavy_tail_burst,low,7792.272235083684,7328.691068124837,1650.3891192491033,10100.25334340695,9762.951503550536,2783.903007237469,39008.45156262206,35197.794729725356,17142.772850083988,165131.82892453403,93367.72476827426,232871.57325166528,34267.71369481407,28165.405678933606,22645.784251507936,97515.7285839205,65788.30024667353,104334.74906918587,165472.39891017508,93408.01125728272,233564.65737424858,0.0002825,0.0,0.001023072400017903,0.9997175,1.0,0.001023072400017908,1067.9785234480448,1091.60133924384,203.79712264528197,4271.914093792179,4366.40535697536,815.1884905811279,1068.189213067596,1091.60133924384,203.48027304023745,302402038.8483316,43395627.29562024,1010591936.4112779,6804.006650508675,6398.72121115823,1443.8241020778298,164415.86232774364,92777.87270002654,232862.01215654906,14.97030258178711,14.543533325195312,2.8430541785038055,0,0.0,200
triton-proxy,heavy_tail_burst,medium,15621.486421730251,14901.583379155265,3667.722306512914,24866.91764265715,23808.497530779343,6664.853739564461,72307.03093824406,54977.53476144159,84405.17771297706,160428.28001513847,89756.38688196891,259593.1741801061,60786.54440186496,46516.68555371626,53827.92691213171,141688.08353853683,84113.81264679563,215165.7688822416,160931.87158414727,89784.93230395472,259533.49766417453,0.00032,0.0,0.0017644165690521416,0.99968,1.0,0.0017644165690521411,1065.446675943252,1071.1364910780171,193.00052378920023,4261.786703773008,4284.5459643120685,772.0020951568009,1065.6537168762186,1073.7115223631818,192.63712704408258,754070975.862949,78030269.36878052,4555711735.069591,14637.407392516416,13964.05469157117,3438.4531947344403,160091.8383649784,89021.28744643973,259553.47380861882,12.691020965576172,12.159347534179688,2.6863316461576954,0,0.0,200
triton-proxy,heavy_tail_burst,saturation,34029.720436882606,29959.9947646869,33492.097653383986,50839.508363177934,48289.86786336338,13390.422464410098,349063.46813003777,122105.52043425558,2060864.0539487884,354293.62904690916,123307.12200142439,2061626.7993947298,160663.27908573527,89119.12679079847,662126.8741347305,352042.88954320503,122506.50671250114,2061341.1083412438,354536.3253197653,124099.51131280474,2061600.8257616481,0.001,0.0,0.003813490994854872,0.9990000000000001,1.0,0.00381349099485487,1047.1438383004115,1068.0912062923285,207.9097510048129,4188.575353201646,4272.364825169314,831.6390040192516,1047.8114493159098,1068.0912062923285,206.9426341996254,66209611659.882416,228310387.001504,894125845811.6971,32958.69749826287,29016.82317841264,32445.415581374942,353715.4382573847,123314.90260117,2061600.605982532,14.003515243530273,13.3514404296875,3.130160906158957,0,0.0,200
triton-proxy,iid_noise,high,19193.386324132574,18162.110968215937,3630.103141975661,19663.851855390832,18900.454250622017,3622.915645157713,19819.469761519755,19129.82619327652,3609.4024059557187,19954.108056847435,19391.07194725927,3595.660552343487,19758.90754433867,19048.36307731707,3614.298185368107,19888.212360747275,19261.188709704642,3601.214671315461,19986.111122101378,19454.04159674512,3593.7982785044364,0.0,0.0,0.0,1.0,1.0,0.0,1291.9050350160692,1321.4323044249272,223.75988567070866,5167.620140064277,5285.729217699709,895.0395426828346,1291.9050350160692,1321.4323044249272,223.75988567070866,1484040.611792955,1369547.1806660132,553797.3093697638,18387.789415634954,17399.66344917899,3477.975086008006,19185.912914548997,18690.986416310145,3441.0060848955977,14.740228652954102,14.30511474609375,2.387470769049468,0,0.0,200
triton-proxy,iid_noise,low,6335.607949614358,5997.074847158257,1214.829230256595,6560.733682175796,6384.526507661472,1200.2643387687683,6662.13993134105,6568.463064077823,1191.7432187213037,6772.617861289819,6740.073442362434,1176.9869126944732,6623.450900077029,6495.0231917137535,1194.0912649581219,6715.037424957734,6649.789460461092,1185.323115232796,6805.294728347104,6786.50648397718,1178.768369665199,0.0,0.0,0.0,1.0,1.0,0.0,1305.7526963235284,1333.9837597225658,229.19311058030374,5223.010785294114,5335.935038890263,916.772442321215,1305.7526963235284,1333.9837597225658,229.19311058030374,60888.1961991811,53024.846569625384,20395.27474211785,5529.7753833788365,5233.673491302205,1062.7113691297943,5991.1059901824765,5981.04866071869,1027.3129010479488,14.375448226928711,12.39776611328125,4.5886755713495715,0,0.0,200
triton-proxy,iid_noise,medium,12791.649359829424,12114.102696762315,2425.2849730073644,13135.809760044176,12670.610561113288,2409.626282334941,13274.456274191814,12897.358365442753,2396.271813099275,13404.167033479156,13109.746545442467,2383.8617569657013,13219.938271118974,12804.683869672375,2401.182446666775,13338.3690670102,13012.226850687086,2388.6514493180357,13436.17917302752,13180.071556253068,2380.867064612025,0.0,0.0,0.0,1.0,1.0,0.0,1292.5013262441028,1320.774695489598,224.37028078556443,5170.005304976411,5283.098781958392,897.4811231422577,1292.5013262441028,1320.774695489598,224.37028078556443,444055.5703979385,434435.1386611716,157475.35294072723,11986.0368134025,11351.112568594643,2273.1323176813007,12628.520026988976,12406.362385048531,2230.5058975895413,13.698339462280273,12.159347534179688,4.210958862896673,0,0.0,200
triton-proxy,iid_noise,saturation,25561.894596209444,24208.260121291743,4830.615012850186,26173.867031392325,25106.69644829734,4831.016561344758,26351.294081386244,25429.277099673374,4811.055513406464,26487.956289578127,25605.90393659696,4801.818174877259,26281.022563594026,25296.478709178962,4819.083533605865,26421.420463834038,25524.648248301506,4805.533962451099,26521.221572482536,25666.826966369706,4801.765668382867,0.0,0.0,0.0,1.0,1.0,0.0,1293.3060981459766,1321.8628661994392,223.7608665642204,5173.224392583907,5287.451464797757,895.0434662568816,1293.3060981459766,1321.8628661994392,223.7608665642204,3520222.1057302356,3161833.104930169,1334046.542869951,24756.369455160908,23445.456801148688,4678.4814662772205,25721.097252190993,24889.04291203618,4651.037503838615,14.160871505737305,13.113021850585938,3.835822196441113,0,0.0,200
triton-proxy,partial_obs,high,29054.997883286815,28912.825902368284,7444.1786494468115,29734.350334279457,30404.200399054673,7533.102723757401,35465.75075578869,34957.106912016476,9098.849347645786,35911.51349453798,35500.4235827542,9183.50775336575,31873.92756077793,32017.453365921985,7687.370910842454,35711.27948396378,35366.04596794808,9109.946894801667,35968.53344273092,35562.14011685873,9182.54347411657,0.0,0.0,0.0,1.0,1.0,0.0,888.8454621774346,832.2965930857879,257.702192903081,3555.3818487097383,3329.1863723431516,1030.808771612324,888.8454621774346,832.2965930857879,257.702192903081,4491626.403295799,4060645.866903646,2400276.0681606135,27836.113538300997,27699.954975832727,7132.172863108925,34763.62905351883,34284.61634365283,8944.462944561392,13.757944107055664,13.3514404296875,2.8444812661892427,0,0.0,200
triton-proxy,partial_obs,low,9646.422458388713,9666.88104737585,2495.0327425842197,9861.574997662374,9799.939790710754,2509.909600983355,10998.482171891455,10967.895036876864,2855.0296157642706,18660.16231773633,14863.805390351297,16862.477359159682,10966.317642966202,10890.423304479948,3033.388963046523,14655.786812879185,13281.900164803114,8231.031919949124,18704.010303805597,14891.946571722163,16861.83255205127,0.0,0.0,0.0,1.0,1.0,0.0,894.1374613665524,829.26893815349,263.7699576176073,3576.5498454662097,3317.07575261396,1055.0798304704292,894.1374613665524,829.26893815349,263.7699576176073,1492291.4810087103,253494.86777075776,8688480.922965987,8426.010642001063,8443.97245927701,2182.595342333277,17502.825146045045,13744.859067358891,16814.819244118207,16.24464988708496,15.2587890625,4.554803554090823,0,0.0,200
triton-proxy,partial_obs,medium,19426.215156990947,19675.394412013666,5004.360784400111,19779.15582379645,19646.796028348213,5002.7084192509055,22499.171810154665,22341.816166627505,5555.780250443553,30920.229082655944,25923.30754726676,42710.25799785813,22255.588661156875,21890.314086202678,8701.235402272827,29124.966820106758,25194.888717085167,34407.675094922306,30983.494642203994,25985.90393477317,42706.161535521416,4e-05,0.0,0.000565685424949238,0.99996,1.0,0.0005656854249492393,886.8584956512955,814.0299733531194,258.3237506024817,3547.433982605182,3256.1198934124777,1033.2950024099268,886.8795898349174,814.0299733531194,258.2940710503245,15263009.348303763,1431772.4872066942,177653402.08765098,18204.379917284285,18438.03694780129,4690.415691265727,29759.929767372065,24741.27642547642,42653.59692073362,13.966560363769531,12.39776611328125,5.312058389730511,0,0.0,200
triton-proxy,partial_obs,saturation,38742.13196701723,38533.62892174568,9899.252379980926,39955.19611423101,40259.44712733547,10058.526347520306,47224.407619829646,46625.15435153834,14806.293396123321,47613.15082495814,46969.973176672145,14841.386926981779,43124.76338201548,43793.013120134856,10724.919409110047,47421.68668750195,46798.46267394734,14826.519106510455,47665.06915735828,47004.12684251755,14846.089162319568,0.0,0.0,0.0,1.0,1.0,0.0,888.5639309437848,832.6692452064533,257.41286455760724,3554.2557237751394,3330.676980825813,1029.651458230429,888.5639309437848,832.6692452064533,257.41286455760724,11632720.31971524,9561495.754767356,15520954.563340327,37521.52883451248,37319.58606976516,9587.467611922266,46463.97128424185,45626.4194691735,14651.427402585972,14.307498931884766,13.3514404296875,3.409070227141147,0,0.0,200
triton-proxy,structured,high,18994.653955319878,19486.52960912475,1239.4762262011504,19464.477256966315,19929.5097806024,1181.1935099828345,19618.332439560276,20077.158752626707,1160.3807036093153,19751.06829157157,20184.15594230227,1148.1468424548375,19557.856268673637,20016.521869889337,1167.6709793908094,19684.92003664418,20132.024536115066,1153.5974808583046,19782.598336706407,20219.79432159011,1145.6296807412423,0.0,0.0,0.0,1.0,1.0,0.0,1269.0607502850003,1231.6200207019028,85.56200301946288,5076.243001140001,4926.480082807611,342.2480120778515,1269.0607502850003,1231.6200207019028,85.56200301946288,1412390.4836608416,1466646.158821525,158533.88767466752,18197.385294258267,18668.629684153202,1187.535536401805,18986.541764594847,19415.833230010496,1096.3432704965041,15.751123428344727,14.781951904296875,5.190799177938742,0,0.0,200
triton-proxy,structured,low,6267.272686444904,6434.178037526246,414.3498422264372,6489.426568784376,6639.23527646784,379.6685799334279,6593.269448960552,6735.428444671319,368.1409469323391,6697.4832590585365,6828.514568188748,367.10246803026126,6552.838619449553,6704.996449297285,371.6696729714945,6643.617317518876,6781.396236188034,365.7479841479417,6728.416315097424,6850.106767661371,366.1147263144517,0.0,0.0,0.0,1.0,1.0,0.0,1282.2296661003973,1243.3600641734529,87.65104014540371,5128.918664401589,4973.4402566938115,350.60416058161485,1282.2296661003973,1243.3600641734529,87.65104014540371,58441.61325666978,55317.807322675166,12480.045995667624,5469.998421731416,5615.974564067353,362.46482843298764,5920.73757736757,6018.775825938792,324.4397148847064,14.957189559936523,14.066696166992188,3.6946068933269496,0,0.0,200
triton-proxy,structured,medium,12657.042734739543,12982.293936142822,828.095417240539,12999.107816853611,13295.559069345805,778.3489573526819,13139.341156013501,13441.010073021,757.1608977561879,13263.350787565385,13541.53466901732,747.0125869669447,13083.683406678876,13378.84756917867,765.0638363554867,13201.320742671463,13492.524926866992,751.6209738422136,13298.232205630278,13562.817367813634,745.4544763186066,0.0,0.0,0.0,1.0,1.0,0.0,1269.697425752156,1232.4478511577158,85.8278488567141,5078.789703008624,4929.791404630863,343.3113954268564,1269.697425752156,1232.4478511577158,85.8278488567141,422320.2729524428,436000.2825803298,46873.72948130693,11859.884038421595,12164.690074690292,776.1414856671252,12497.56323386499,12735.354207646553,696.9979027660344,15.668869018554688,14.781951904296875,4.368857030118313,0,0.0,200
triton-proxy,structured,saturation,25303.149384921147,25983.15832293259,1651.2296122244195,25913.8116756922,26591.151331648543,1588.3797172161203,26097.704259458642,26738.253580016746,1558.8651287328428,26240.6742025446,26890.65056581008,1537.2632377515304,26024.49513408911,26692.712666804553,1569.0915051550223,26172.62139066677,26818.169867169672,1545.875838198103,26273.940253860248,26904.805699834433,1531.4938736414415,0.0,0.0,0.0,1.0,1.0,0.0,1270.2190059549234,1231.5669896915922,85.6650302774927,5080.876023819694,4926.267958766369,342.6601211099708,1270.2190059549234,1231.5669896915922,85.6650302774927,3350347.6463749744,3496146.4979055366,404698.64224694937,24505.778247531067,25164.38468118986,1599.2234449291088,25478.885870869643,26085.725683766657,1483.0927838150312,15.929937362670898,14.781951904296875,5.082584432816964,0,0.0,200
