policy,p999_latency_us,cvar999_us,load_regime
SIT-safe,2671.3782175130896,2718.80787783925,low
SIT-safe,2961.8541538703053,2974.350143611271,low
SIT-safe,3876.9476675115175,3930.309823923086,low
SIT-safe,3300.285743233086,3322.33364290275,low
SIT-safe,2844.020555273871,2864.251927458203,low
SIT-safe,2673.309842700187,2699.315007769089,low
SIT-safe,2977.0583741349888,2993.2448477286184,low
SIT-safe,3816.4246838256768,3839.6068831250946,low
SIT-safe,3432.10006347423,3435.261143868862,low
SIT-safe,2976.3821604445193,2999.806411111112,low
SIT-safe,2591.9109703135505,2604.6408522320594,low
SIT-safe,3057.191911571427,3078.0406222656857,low
SIT-safe,3668.3388377519873,3760.9266166391785,low
SIT-safe,3106.342744414693,3123.6121681509803,low
SIT-safe,3062.2823749078525,3067.485657456007,low
SIT-safe,2716.049318844676,2738.171737102,low
SIT-safe,2915.949364734456,2918.802598106754,low
SIT-safe,3787.894536251683,3821.7508669781573,low
SIT-safe,3162.5649726503193,3162.960879578219,low
SIT-safe,2827.9732097767615,2833.414655154813,low
SIT-safe,2743.091875484637,2780.530571399538,low
SIT-safe,3049.0386812569695,3065.6041324157122,low
SIT-safe,3748.0945716617216,3882.284627876563,low
SIT-safe,3317.3466975190845,3335.039339063279,low
SIT-safe,2965.888285956016,2971.4590895177353,low
SIT-safe,2593.8279684240492,2604.026028570038,low
SIT-safe,3096.2598602834437,3107.3659936091726,low
SIT-safe,3648.3999071750713,3667.105096821312,low
SIT-safe,3153.7365591725247,3165.304083771422,low
SIT-safe,3054.2014582459883,3070.4767056245023,low
SIT-safe,2674.483706548702,2709.8566311395743,low
SIT-safe,2865.35145186217,2877.1267023043383,low
SIT-safe,3849.8003965216635,3900.293878392855,low
SIT-safe,3178.664192331139,3207.7898603091207,low
SIT-safe,2846.511593135053,2848.76542890249,low
SIT-safe,2671.939764251343,2689.8093638329683,low
SIT-safe,3021.683938802963,3026.994136696788,low
SIT-safe,3856.3659330945598,4172.707621311502,low
SIT-safe,3269.867853124538,3278.9813743429627,low
SIT-safe,2972.813812584234,2990.6828547368013,low
SIT-safe,2663.8656467813817,2719.3060218701203,low
SIT-safe,3023.423404583201,3031.1801863495757,low
SIT-safe,3717.4183597190386,3735.045431337883,low
SIT-safe,3191.1472951428786,3218.0413790194757,low
SIT-safe,3048.750783866564,3055.62421784858,low
SIT-safe,2600.2169530689,2611.3471664540166,low
SIT-safe,2907.8643433772645,2933.128375627485,low
SIT-safe,3735.044202048158,3828.7870937288253,low
SIT-safe,3187.863922396399,3206.2835228633285,low
SIT-safe,2851.348256710957,2866.6827022583157,low
SIT-safe,2740.984573441634,2779.319110546504,low
SIT-safe,2961.6295696707466,2986.1574478717257,low
SIT-safe,3647.175822569433,3687.4575609297863,low
SIT-safe,3242.3998407582844,3259.879966006337,low
SIT-safe,2976.446313508037,2980.226118512238,low
SIT-safe,2627.584773367568,2662.2828844392666,low
SIT-safe,3023.55684992432,3049.411159967246,low
SIT-safe,3730.0751211945067,3788.2421544380577,low
SIT-safe,3128.063756902635,3164.9642241631173,low
SIT-safe,3036.891449656071,3038.9946757732987,low
SIT-safe,2774.2748576055897,2807.1151556372433,low
SIT-safe,2883.081056365517,2895.8115460227395,low
SIT-safe,3749.4387353072325,3784.651363366901,low
SIT-safe,3158.771020990521,3177.8728740931733,low
SIT-safe,2844.9531695375927,2850.3223232780724,low
SIT-safe,2778.9608962253897,2803.8560572020715,low
SIT-safe,2970.837363186178,3005.0733874520083,low
SIT-safe,3590.2491488372348,3598.0106495547193,low
SIT-safe,3209.0604890399172,3267.391040477693,low
SIT-safe,2989.777590595549,3011.8144451628805,low
SIT-safe,2613.6402437389406,2634.1356165955785,low
SIT-safe,3048.284974716957,3057.616570810015,low
SIT-safe,3567.9639007105925,3580.5288028958757,low
SIT-safe,3156.507146869165,3188.249998272215,low
SIT-safe,3144.4479682876463,3165.424933745494,low
SIT-safe,2909.0128734069426,2925.597546230319,low
SIT-safe,2842.117504037104,2856.1951092495988,low
SIT-safe,3862.278586709237,3934.953983964835,low
SIT-safe,3181.454978024404,3190.2502016846074,low
SIT-safe,2842.677479067793,2848.5175848127637,low
SIT-safe,2783.9496280305243,2792.347556312112,low
SIT-safe,2922.4252630206415,2943.907798803945,low
SIT-safe,3508.886810449094,3619.7029850163017,low
SIT-safe,3316.4555865162706,3346.449645048587,low
SIT-safe,2977.0212022757432,2985.2041068167746,low
SIT-safe,2586.633755827285,2592.32988507219,low
SIT-safe,3099.6120375895644,3123.277043267121,low
SIT-safe,3614.2477152696733,3642.4841656670324,low
SIT-safe,3170.7117654844747,3187.2953682862317,low
SIT-safe,3071.5236310105724,3072.980734086761,low
SIT-safe,2586.064699859005,2598.773527771072,low
SIT-safe,2844.646626730094,2856.388556773469,low
SIT-safe,4070.276659174971,4176.675207080079,low
SIT-safe,3240.3371039828667,3265.6012270613696,low
SIT-safe,2854.9385523092114,2865.2779848099963,low
SIT-safe,2794.6281751697215,2822.948503723629,low
SIT-safe,2963.859227963238,2993.486844579046,low
SIT-safe,3607.506275506129,3693.0420352261262,low
SIT-safe,3272.2202931492357,3280.5396320891405,low
SIT-safe,2970.0950120299754,2983.750981317085,low
SIT-safe,2666.221507248833,2674.860833204377,low
SIT-safe,3028.2056872024373,3051.3542672005965,low
SIT-safe,3686.5459026754575,3750.85349582078,low
SIT-safe,3198.176827613274,3216.757884238849,low
SIT-safe,3108.437570270641,3133.4895050495998,low
SIT-safe,2704.716504034257,2730.230112906801,low
SIT-safe,2836.9453532092716,2873.806779110021,low
SIT-safe,3932.6564727925133,4006.77978083931,low
SIT-safe,3231.959629216093,3275.490697639224,low
SIT-safe,2823.640256656067,2827.0088670669675,low
SIT-safe,2779.2206217100324,2832.745065846651,low
SIT-safe,2927.6314067930252,2935.378432904269,low
SIT-safe,3620.842816113572,3701.051370258683,low
SIT-safe,3221.4376115217465,3282.3840742778857,low
SIT-safe,2962.522860964653,2978.986828189052,low
SIT-safe,2661.395410212535,2675.8273865544074,low
SIT-safe,3063.8376144080057,3102.4674827128556,low
SIT-safe,3961.3002654639827,4132.709656991513,low
SIT-safe,3102.603254848059,3122.152857536198,low
SIT-safe,3099.2430804866044,3128.922508727316,low
SIT-safe,2695.6159280411407,2727.4409517790646,low
SIT-safe,2894.174917386598,2906.57154488876,low
SIT-safe,3808.1680686808522,3881.4412633308093,low
SIT-safe,3278.3010216632956,3324.1849664534197,low
SIT-safe,2826.9122974083703,2861.07644350933,low
SIT-safe,2658.744082806921,2663.3371205309168,low
SIT-safe,2948.0364345956227,2959.5766321959118,low
SIT-safe,3609.926365715132,3651.8546427562715,low
SIT-safe,3235.9398407199974,3261.009473937085,low
SIT-safe,2946.2101611513835,2961.862498454954,low
SIT-safe,2604.940468764853,2648.7540639666945,low
SIT-safe,3080.192823001932,3110.418139093361,low
SIT-safe,3701.994175297072,3769.7341679261353,low
SIT-safe,3167.1594567531224,3172.343594738966,low
SIT-safe,3083.7725255878354,3098.829464967769,low
SIT-safe,2688.0223906951755,2708.693058765823,low
SIT-safe,2893.946766317783,2898.5559657107833,low
SIT-safe,3724.657144104914,3775.9422176596036,low
SIT-safe,3207.754350245635,3212.121168094429,low
SIT-safe,2826.3718709533623,2835.3822338760133,low
SIT-safe,3009.234140704405,3062.9464649853885,low
SIT-safe,2932.3130035111744,3005.810697659508,low
SIT-safe,3668.194814778359,3691.799243798101,low
SIT-safe,3299.960890640341,3359.7881739265963,low
SIT-safe,2958.0880522355,2965.443754511479,low
SIT-safe,2614.532666699457,2655.456270950789,low
SIT-safe,3053.9862394672627,3084.505300153961,low
SIT-safe,3748.559425387837,3780.7294782815925,low
SIT-safe,3159.5666762446485,3165.402066791423,low
SIT-safe,3067.0673905567223,3075.391351374414,low
SIT-safe,2609.67905351328,2630.3335022743313,low
SIT-safe,2858.6127070422567,2878.0635779531344,low
SIT-safe,3776.5766088126197,3798.951422792287,low
SIT-safe,3194.8485047916747,3197.9817089354165,low
SIT-safe,2851.488917980614,2886.4956948628387,low
SIT-safe,2709.429133391964,2718.798914957446,low
SIT-safe,3003.194179764845,3005.2595961006623,low
SIT-safe,4018.1048653928133,4069.1107680568925,low
SIT-safe,3411.025158399705,3436.046347552975,low
SIT-safe,2970.677043014829,2975.952631515317,low
SIT-safe,2503.258455303437,2511.892900198758,low
SIT-safe,3004.5631121830247,3039.4875388768537,low
SIT-safe,3693.762515622695,3766.1408824001837,low
SIT-safe,3109.147595278724,3154.7637567921183,low
SIT-safe,3099.5015947470133,3106.489016646641,low
SIT-safe,2643.6273766512722,2698.435246791503,low
SIT-safe,2882.854833826375,2904.763445171571,low
SIT-safe,3954.165738949407,4005.5914180139553,low
SIT-safe,3275.4642800822653,3297.6699207917472,low
SIT-safe,2866.401492229838,2907.516480902294,low
SIT-safe,2727.8961176202497,2775.072134349116,low
SIT-safe,2939.6108596757344,2967.6216570689403,low
SIT-safe,3509.7329342755625,3529.0690356648915,low
SIT-safe,3260.0497416590842,3288.334715377995,low
SIT-safe,3000.8578804635927,3018.8876590684954,low
SIT-safe,2546.1839835567644,2585.464089122078,low
SIT-safe,3032.6739443118336,3057.5851733472364,low
SIT-safe,3742.3939958876417,3756.5960373032317,low
SIT-safe,3108.546963432409,3133.6044711418144,low
SIT-safe,3056.4285541459867,3076.1664747605255,low
SIT-safe,2617.3485876026234,2643.849719875884,low
SIT-safe,2927.5907976313615,2960.620977574323,low
SIT-safe,3914.7875286270023,3940.6478014145814,low
SIT-safe,3180.3908268896425,3193.7583122170763,low
SIT-safe,2862.3646807749915,2892.2618589468757,low
SIT-safe,2737.190464777473,2792.2815190989995,low
SIT-safe,2959.152779542573,2978.987161690318,low
SIT-safe,3763.4396588826585,3793.6263308301204,low
SIT-safe,3305.697974699809,3354.2712703000457,low
SIT-safe,2971.584336768247,2976.2930650886847,low
SIT-safe,2571.938892959246,2616.2493678970523,low
SIT-safe,3028.4241375358497,3065.822510036139,low
SIT-safe,3742.539642563931,3836.1538402490937,low
SIT-safe,3150.061350224761,3157.477728359564,low
SIT-safe,3037.5256165983997,3071.449192097151,low
SIT-safe,2794.1895223192914,2832.3141026941585,low
SIT-safe,2811.0602457675723,2826.8418590917695,low
SIT-safe,3753.8121833798496,3823.321602923514,low
SIT-safe,3263.6839432894076,3298.826755039328,low
SIT-safe,2869.5628101288476,2899.621165019744,low
partition,841.8924022045184,848.7093713798934,low
partition,1100.8090595583012,1116.9795445483815,low
partition,2348.7878448454876,2446.470515462691,low
partition,1168.4391623339418,1172.0206758595064,low
partition,807.1177151647688,839.5509923190036,low
partition,929.5832281031653,964.7754236854933,low
partition,1081.4106051369224,1086.2244919295108,low
partition,2303.8951707742276,2371.981690147204,low
partition,1192.6074186437866,1205.194738782563,low
partition,776.1377625943893,782.7156018879216,low
partition,924.2343330455176,926.8625088703286,low
partition,1068.9375616770972,1083.7837559180066,low
partition,2416.9478072983543,2551.0980588874,low
partition,1172.5267871152716,1223.4253367791669,low
partition,812.0545281040924,840.842817709409,low
partition,1020.316789258185,1036.095488596608,low
partition,1087.3727591188576,1109.1792998798683,low
partition,2130.4074634046474,2200.6248205506163,low
partition,1251.1662276252846,1260.1987249696685,low
partition,773.3329849205235,777.9949798588312,low
partition,899.3587286825508,943.6251157517117,low
partition,1105.1583553577834,1120.8036403043257,low
partition,2223.176194385625,2312.9263211550074,low
partition,1176.613508154804,1189.014416878558,low
partition,791.8366734811821,800.9376670537749,low
partition,992.5902826792678,1011.9545979321947,low
partition,1090.2192291461627,1124.9633478653768,low
partition,2281.600283911976,2401.87207018732,low
partition,1207.1554760684185,1224.175745335231,low
partition,777.2707103040658,790.6249770507281,low
partition,942.4608053216368,969.7691672385497,low
partition,1174.055534376502,1194.897456838901,low
partition,2265.7489820651112,2362.70584927087,low
partition,1230.6359751961231,1249.487546089252,low
partition,761.7349723320045,774.802385778167,low
partition,953.5530928150131,980.4606881229786,low
partition,1083.2135340809186,1121.9445184066572,low
partition,2203.500322573568,2308.5779201083824,low
partition,1107.7914748392363,1117.4631742563433,low
partition,771.5763124450823,783.9677974255872,low
partition,1032.6313966257305,1052.2000005474497,low
partition,1132.2845105405722,1142.2982285791354,low
partition,2254.93897475177,2326.5582881068894,low
partition,1174.7968171120554,1206.1592865938082,low
partition,822.7128319537875,849.1606113326777,low
partition,965.9764379786502,1003.462570849384,low
partition,1101.316359880477,1141.630376748596,low
partition,2228.0686272356243,2252.5497702829084,low
partition,1185.1938843259982,1194.0672535475314,low
partition,762.5457752233843,787.0026375024942,low
partition,995.773659800313,1004.7241194549645,low
partition,1114.2165479190417,1138.7674807649978,low
partition,2341.9327771420744,2356.520826201042,low
partition,1192.609361116321,1209.9714323506394,low
partition,774.2716795655638,786.1489603796394,low
partition,1061.0289826171188,1062.6469604916858,low
partition,1162.1834782867559,1219.1665605654255,low
partition,2266.592072081928,2270.0596682097503,low
partition,1139.1241847065373,1172.033323924732,low
partition,760.9586288483285,769.724649281764,low
partition,1029.4691011149039,1060.1385290207713,low
partition,1108.6467759550444,1149.4633801012903,low
partition,2207.4011003758424,2241.0411785084816,low
partition,1338.0289883657772,1366.5547497148314,low
partition,799.0224001948128,820.758414020213,low
partition,934.3128849512791,941.8493051260359,low
partition,1089.9602562362325,1114.0213295610506,low
partition,2182.8666939762256,2200.9425368856364,low
partition,1161.8773687567939,1164.0911102484692,low
partition,772.4687053058195,788.1493599914563,low
partition,994.221404998918,1050.7158557608495,low
partition,1052.6167779324035,1067.954866781532,low
partition,2096.8747944407496,2132.939672310538,low
partition,1160.5461329808684,1170.2673903327582,low
partition,770.0533402474679,773.5999299438213,low
partition,971.0685484390751,1029.4500452290708,low
partition,1195.732206538613,1217.609100457591,low
partition,2193.389497312782,2326.346404358801,low
partition,1112.8840931790155,1202.6651226924794,low
partition,766.5947615503087,779.2828746826443,low
partition,881.9762152599675,937.2141107872701,low
partition,1095.7678163191347,1109.664120943975,low
partition,2263.8779950971366,2371.734418037816,low
partition,1183.5697819566694,1240.897310423021,low
partition,819.2926050387798,841.1307161670595,low
partition,948.7269536156298,951.5070441020821,low
partition,1081.6556822548803,1106.8855849405484,low
partition,2196.8602142043496,2284.4597506075957,low
partition,1144.796273230779,1161.7411098699517,low
partition,792.2001403322573,811.4199863221838,low
partition,1023.7438825037,1051.471148540925,low
partition,1134.5981727181297,1147.8126924727044,low
partition,2289.802564717,2403.1210765408023,low
partition,1200.3233122464294,1215.7211492679385,low
partition,827.296375372174,893.9248098721351,low
partition,893.6464885988248,912.3448920791177,low
partition,1074.459773939877,1121.3745157974201,low
partition,2202.0632655240006,2220.771413519274,low
partition,1149.1988810754074,1171.7847053565165,low
partition,770.6770542302131,785.5439854142955,low
partition,907.4507497033991,914.2962836721852,low
partition,1113.9454414040235,1117.8138968206172,low
partition,2315.386373950028,2369.8767627013704,low
partition,1288.1708528109764,1322.1391064877157,low
partition,801.1186701810808,818.6554302905943,low
partition,882.7855203292706,915.6041139042807,low
partition,1135.686549672306,1156.3430845017187,low
partition,2136.0263684529464,2226.820848773871,low
partition,1199.5285903097763,1222.5264815079117,low
partition,819.1889847097179,849.5836879527066,low
partition,986.6833711260747,1033.178972619015,low
partition,1102.0364834633292,1168.9530632135234,low
partition,2192.2380137672817,2256.5286610792327,low
partition,1149.1395173152473,1192.0329034545996,low
partition,778.765652748614,794.788000062156,low
partition,886.8832023439261,891.7364056234219,low
partition,1149.726730602774,1166.8452498525428,low
partition,2293.7856475590806,2368.4080409222543,low
partition,1176.698690006609,1186.3662399416814,low
partition,816.1124867669959,828.2507917469434,low
partition,884.9704704909594,917.9357148793604,low
partition,1063.1080294949838,1073.519332488393,low
partition,2391.574761671449,2547.3288526461056,low
partition,1150.0636288483543,1153.4144036326725,low
partition,800.7838298057399,845.015114047216,low
partition,966.5911517208681,976.3870598877502,low
partition,1087.0480777750993,1098.8110488742095,low
partition,2155.4798707556815,2169.5441198199214,low
partition,1178.2240657861337,1184.6270010406324,low
partition,795.9865786060367,801.7807590542687,low
partition,923.0607298283298,950.3891979852062,low
partition,1076.04907329482,1086.7365074585177,low
partition,2217.1110221248987,2339.610618546453,low
partition,1161.334269335195,1168.3099315722216,low
partition,764.2057465008397,769.3391493609001,low
partition,969.6478558943243,1017.1448466337243,low
partition,1156.679965595901,1173.3450844500799,low
partition,2141.3462667181598,2209.7001252307064,low
partition,1132.3267691111191,1177.6741586503697,low
partition,783.7899526354925,794.2971902880705,low
partition,872.8805646728007,910.2765546864117,low
partition,1128.4698518025386,1162.0205892231313,low
partition,2114.761983350877,2225.2447105297015,low
partition,1115.2913479066308,1163.2909789169996,low
partition,798.4947749837721,839.5860393893693,low
partition,899.5192799646587,950.4057710692801,low
partition,1071.7822187860452,1080.4045333883296,low
partition,2364.437349746596,2443.9009943396377,low
partition,1138.5564420104372,1160.0419682940133,low
partition,792.9327691395832,800.8237456276487,low
partition,997.3941339169991,1033.7547393057057,low
partition,1078.2925036577167,1099.8932847660412,low
partition,2582.0287530962887,2671.210918884537,low
partition,1207.7787900948827,1249.195586519831,low
partition,777.4333371236489,810.5946981690654,low
partition,928.0345926053844,935.1704406738079,low
partition,1080.2173459645699,1095.9164305162333,low
partition,2266.349620610708,2311.1321361112437,low
partition,1140.39073535083,1150.5042058961144,low
partition,761.9269340855905,775.5375225236644,low
partition,912.0595569419932,958.2434298209839,low
partition,1139.4250347753282,1161.847299273784,low
partition,2554.8415676309405,2689.2205898195493,low
partition,1180.995392867077,1275.0175998794095,low
partition,767.6586948925118,781.5194165636973,low
partition,941.32946194182,967.3724549416062,low
partition,1075.2899543289057,1103.3442977602972,low
partition,2346.8961543321684,2361.012257015765,low
partition,1146.6574585983535,1162.4589821133936,low
partition,777.0444000264916,789.9104637034595,low
partition,946.4460299768607,970.4133628256293,low
partition,1121.9037054924042,1126.0767847407024,low
partition,2219.1034646492253,2264.2658303256926,low
partition,1255.4732367104136,1265.7898975460396,low
partition,787.8947084514401,813.4744037801966,low
partition,920.3025790145432,938.6257234228459,low
partition,1090.2288909204615,1092.3739154216692,low
partition,2280.676456846964,2365.423715030749,low
partition,1276.791086955893,1303.868677556516,low
partition,749.2017353347196,753.5040510331476,low
partition,914.3078206650089,936.3856912824606,low
partition,1103.041311627504,1125.023818749174,low
partition,2092.8145952900945,2133.8459351843294,low
partition,1132.943204625064,1182.2782112035843,low
partition,818.833588299285,828.5256260006136,low
partition,1041.7305768774158,1065.1724335755678,low
partition,1097.0968377822378,1129.9666413244713,low
partition,2173.0760934279347,2208.0205296384993,low
partition,1334.9475374165165,1376.6423947759336,low
partition,790.0142936139804,797.1421725946664,low
partition,915.499569108848,929.3064818403436,low
partition,1073.6870880272238,1087.230844894789,low
partition,2126.0500030449007,2165.073326106385,low
partition,1228.2373878881265,1288.0870090920048,low
partition,786.748907557424,811.6553087289924,low
partition,898.7781994151079,925.7170493675782,low
partition,1133.288013552208,1162.2660667816813,low
partition,2149.674774952193,2172.22121160153,low
partition,1152.50001616705,1227.066507193956,low
partition,792.2815650339809,811.0893593854175,low
random,3328.8843877930076,3380.9646334523486,low
random,4162.024110570979,4174.536797486701,low
random,4947.55309201547,5005.162454200059,low
random,4825.82446952289,4851.6204122338695,low
random,5769.250202365956,5793.678024516155,low
random,5183.3455637536,5245.777929121134,low
random,6029.879637065689,6046.153134560262,low
random,5613.066874899013,5647.669482124379,low
random,4765.243721554146,4794.8445662088125,low
random,5366.474095139151,5389.243361058443,low
random,4726.660293732264,4744.964846432187,low
random,4767.948257288997,4834.3805618663755,low
random,5508.576459386225,5547.6983442955125,low
random,4771.106099048734,4795.598749782448,low
random,3466.570928454197,3481.9529754406676,low
random,2740.327075157176,2781.7080015674155,low
random,4012.4441267629495,4025.0082325117764,low
random,5685.846399074196,5726.744343646042,low
random,5048.441689010516,5088.459483556483,low
random,4945.440036583956,4965.188114840261,low
random,4531.969798598244,4551.328157582324,low
random,4306.426304316634,4328.1207358234315,low
random,5012.26839001644,5027.585702306693,low
random,5325.874233406544,5363.339250846086,low
random,5817.13219347909,5821.487545525658,low
random,3473.041888899179,3518.50383450781,low
random,4622.301969825121,4652.272003102538,low
random,5849.530231125235,6009.603206615597,low
random,4102.09639129736,4187.4802202916235,low
random,5535.178691232875,5545.827174717778,low
random,4539.816019600233,4599.420061729248,low
random,4920.596980361923,4924.203215728892,low
random,5032.354609531232,5096.3755241440795,low
random,4929.574059137576,4953.662019586397,low
random,5015.391027734257,5024.559773020472,low
random,5104.800384444815,5122.11533877076,low
random,5050.841918957246,5060.743630266094,low
random,5164.341055190994,5231.396027002319,low
random,4039.153627093933,4062.1572471284217,low
random,6206.767970877219,6219.614101382252,low
random,5006.559358546132,5054.914505820386,low
random,4912.748068895463,4938.415328832676,low
random,4770.485382790778,4892.289166698743,low
random,4963.594381844796,4995.610765760681,low
random,5327.503534135069,5346.363093954747,low
random,4567.014626082653,4586.458911772717,low
random,6288.994556019508,6300.7660204304375,low
random,5229.825229909696,5299.072940798983,low
random,4378.909338929701,4411.045547198661,low
random,4931.113438337796,4948.25097715414,low
random,4405.025215683278,4415.316790396253,low
random,5261.77236240393,5308.51691299751,low
random,5756.4347208262825,5810.874922089908,low
random,4216.6253788871745,4247.220307074952,low
random,5834.88080480914,5842.824463565787,low
random,3655.240063452795,3678.5212846225963,low
random,4019.4092546206252,4047.4726076969464,low
random,5548.3404187753595,5602.357008395629,low
random,4336.987460993528,4351.363875338585,low
random,5527.735486537849,5534.791557062128,low
random,4804.902234010019,4818.572626484161,low
random,5603.779759430526,5615.400321368783,low
random,5908.677399530192,5934.167935097294,low
random,4668.743084324981,4687.4234449812275,low
random,4801.338477133502,4809.885535209103,low
random,3965.173365148421,3971.7028874597386,low
random,5653.293062130549,5695.129355500863,low
random,6709.072268288714,6788.635905188766,low
random,4896.063781847978,4939.619407613317,low
random,4702.05471553239,4715.792047709407,low
random,4381.706521332921,4426.291614212389,low
random,3695.0814526256836,3719.320896409369,low
random,6091.940780013534,6125.9031829848145,low
random,4361.925862015991,4379.804904178016,low
random,6863.831697684434,6875.80273159239,low
random,4750.401848373898,4772.229498707017,low
random,3660.4810365422722,3677.555551723487,low
random,5580.500684477141,5652.18393562179,low
random,6005.507680467981,6029.011105614373,low
random,5681.708257949044,5714.253562856348,low
random,4900.788553593018,4913.338173132829,low
random,5599.605998341337,5628.6767686349785,low
random,5539.363126905893,5675.653154530191,low
random,6334.261406234208,6356.489130862245,low
random,5937.517378431043,5950.72479059546,low
random,3913.4614850604166,3932.769122348498,low
random,3909.2982154075435,3935.4827181451283,low
random,6623.935520617193,6625.320750132485,low
random,4042.7092324058544,4082.048603915022,low
random,4812.960173487045,4837.606039522557,low
random,3605.139330102282,3631.019873490807,low
random,5272.518660562243,5291.838634785249,low
random,6506.387122544356,6641.052200681725,low
random,4708.395193093431,4730.172018636304,low
random,5415.504938705801,5438.80818626719,low
random,4857.102240102059,4871.188432406474,low
random,6321.27003652929,6348.24678913941,low
random,5075.052784476221,5143.661053320462,low
random,3881.4037842766797,3919.26329362874,low
random,4973.452027038733,4981.00005074169,low
random,3568.9480022514813,3606.7810746791956,low
random,6386.1167439644605,6440.780483665903,low
random,5163.466026156783,5193.615393234972,low
random,6272.525902501589,6296.273579944571,low
random,6863.938304799986,6892.300761580003,low
random,3805.5761511107185,3819.2145412701257,low
random,4962.908068402444,4972.501680577612,low
random,6166.3670116601215,6173.934009994608,low
random,5438.400369075131,5468.652243272898,low
random,6202.309283754959,6210.290039482027,low
random,4885.976081011756,4987.729706384693,low
random,5531.994055465457,5551.729534155854,low
random,5756.362208399844,5885.183345432621,low
random,4289.891090276422,4353.944946532742,low
random,4689.289118898926,4701.3128172832,low
random,4571.188349538722,4614.202166615238,low
random,3315.284005446031,3395.585686374943,low
random,5199.320785737233,5210.366891802885,low
random,5719.278977800656,5758.770407863194,low
random,5400.821859140011,5413.85038216097,low
random,2823.553720853211,2832.6151871705697,low
random,3973.5287218926164,3996.9141415288855,low
random,6816.6014055786545,7032.861567010548,low
random,4932.925377353634,4952.517527616322,low
random,4599.300377013612,4615.101686192504,low
random,4488.809869281091,4553.869152026309,low
random,3811.8937636304777,3839.8217225857625,low
random,5983.237974899903,6038.72004535311,low
random,5061.095003975685,5145.32049006354,low
random,4145.480803628468,4206.000472058255,low
random,4751.141143675115,4824.425110718278,low
random,7271.491996030501,7297.88545851125,low
random,5564.639393329189,5613.177063756022,low
random,4301.79302086054,4317.579605312845,low
random,4806.708476022594,4822.606809075138,low
random,4770.240206250048,4775.759805078364,low
random,4533.6301472567275,4539.931943407573,low
random,6060.974495309575,6081.69229100164,low
random,4488.810010220181,4496.103849278887,low
random,4594.757774492374,4609.512202919449,low
random,3705.21043733546,3729.751291543371,low
random,5486.668641654136,5503.832634011424,low
random,5925.0362598956945,5965.628551196918,low
random,5425.719012009641,5452.674865392578,low
random,5190.910320284292,5204.036959885201,low
random,4249.828146077183,4261.350993814847,low
random,4425.346418598569,4427.197693502863,low
random,6489.993731749256,6501.407574496778,low
random,4281.97975573994,4320.889971512903,low
random,3912.539073405014,3937.957794524944,low
random,4999.1631800973355,5010.700912699992,low
random,4771.172584956855,4793.390825456493,low
random,6675.238396977353,6798.901949638876,low
random,5047.963636352599,5056.440908801384,low
random,4547.870628006028,4574.753164049655,low
random,3410.5180223840835,3425.677824220521,low
random,5402.922730469352,5422.254635426075,low
random,5243.8796700607945,5294.5937465256375,low
random,5524.569732563548,5540.4611848729155,low
random,5799.653418031631,5841.691932575605,low
random,4269.867752922199,4307.175913714185,low
random,4892.13637726592,4915.375958965253,low
random,6761.1426232816575,6839.32524629328,low
random,4682.374938963654,4691.264749920662,low
random,5899.591555546051,5906.345295230538,low
random,4946.98547864883,4979.947216520381,low
random,6267.277655653657,6267.812811697723,low
random,5614.597084733074,5671.745283201325,low
random,3515.2153857643702,3563.5764175659824,low
random,4968.7246603468175,5006.430302988464,low
random,4398.885248916109,4439.3221765475355,low
random,4636.055118717211,4640.890026363929,low
random,4380.002411978534,4448.425635651391,low
random,4556.22174665734,4591.487996066029,low
random,4942.95903002702,4955.331017092181,low
random,4110.070192171683,4121.842346590772,low
random,5470.125396860661,5471.92634248546,low
random,5329.508520031732,5372.3078569503205,low
random,4799.317556406543,4836.40521229104,low
random,4869.107647490365,4880.674170508755,low
random,4311.442935856889,4331.966870664375,low
random,5498.1416714661345,5515.4544892308495,low
random,5708.294225241135,5823.448994590179,low
random,5456.191033288902,5478.896465740294,low
random,5245.783311793281,5295.959609764322,low
random,5335.338816785312,5364.818965748473,low
random,4857.403280855773,4879.411613021361,low
random,4991.465942185576,5155.778197648749,low
random,4427.9860478811715,4446.467564456116,low
random,3976.186739271969,3988.048022182622,low
random,4711.3682250848215,4731.3654647996555,low
random,4776.06029272387,4781.988665834323,low
random,5189.579808336671,5231.090448416073,low
random,4872.591387662055,4902.603495703381,low
random,4849.798599988679,4866.214300796755,low
random,4878.062163454225,4911.558334592966,low
random,4304.93120420332,4322.006178077624,low
random,6010.180874931465,6019.4448786543435,low
random,4880.083395972818,4913.452744126165,low
random,4763.453268459738,4778.281683280344,low
oracle,2714.451390525324,2733.783932176436,low
oracle,2940.7471694211117,2946.043147394442,low
oracle,3799.648691942475,3847.7275633905474,low
oracle,3196.8754136706107,3208.9199528040854,low
oracle,2871.8729764384843,2880.9907798035874,low
oracle,2693.1364256463244,2699.0922337143907,low
oracle,2938.7976704209646,2945.8186880593667,low
oracle,3661.5883088528217,3721.684281690288,low
oracle,3260.2405329816947,3288.1588972412546,low
oracle,2967.9491973476897,3000.172634943153,low
oracle,2659.7494806185805,2671.4132463927967,low
oracle,3051.969148581245,3103.836238535956,low
oracle,3594.696827915308,3692.677166140254,low
oracle,3168.100741793446,3184.158287369165,low
oracle,3104.2952952175674,3106.931275521472,low
oracle,2737.7220895433393,2745.2424472227035,low
oracle,2866.001424654404,2868.8352649477656,low
oracle,3722.1288452233975,3783.3118896710694,low
oracle,3185.79848145062,3201.6692940708317,low
oracle,2835.713127887484,2877.7088572501016,low
oracle,2761.190340760277,2771.3505328356605,low
oracle,2911.3590466339515,2924.8241788329806,low
oracle,3620.728475748218,3703.988353307427,low
oracle,3393.1753422337106,3405.6294742057003,low
oracle,3023.63879402514,3028.0312819826486,low
oracle,2601.767333839277,2620.1251177061995,low
oracle,3061.167947621825,3081.406819057859,low
oracle,3845.842833324625,3881.5112237626204,low
oracle,3135.838884927282,3145.09601704318,low
oracle,3067.0280032331902,3074.634259155514,low
oracle,2693.3321235498065,2703.472787649559,low
oracle,2841.290850437411,2874.853142875677,low
oracle,3628.9713720919676,3884.310196200636,low
oracle,3242.624660843714,3266.2078962537207,low
oracle,2846.477049436732,2865.9720205522926,low
oracle,2768.656851922734,2801.8220054782178,low
oracle,2984.749150112464,3009.924521952985,low
oracle,3904.1409591406764,3935.5008475643976,low
oracle,3254.040450063668,3268.5244961334647,low
oracle,2973.2602523500755,2992.09906737411,low
oracle,2611.470984258837,2622.210770938381,low
oracle,3087.13944238758,3138.657333280349,low
oracle,3724.2827689015025,3773.5437876538094,low
oracle,3135.5809836212175,3155.0190578726733,low
oracle,3058.106436141545,3069.679135801295,low
oracle,2710.4486684060735,2764.970611866541,low
oracle,2913.8092637760647,2995.429052790587,low
oracle,3714.531011513977,3739.4656699911707,low
oracle,3230.009345363062,3238.0567209056535,low
oracle,2825.5027848954164,2834.783254075898,low
oracle,2716.4651028747726,2732.175808152888,low
oracle,2981.9226549342466,3003.5666290568265,low
oracle,3779.7643410612363,3860.6032639381106,low
oracle,3242.5085645266463,3272.9875057523086,low
oracle,2973.9447980215436,2984.4482784555657,low
oracle,2504.415193132567,2530.5125514114507,low
oracle,3027.6140339987937,3061.0169002285083,low
oracle,3909.9266460674507,3932.8999856196233,low
oracle,3114.655072338741,3142.2366858485457,low
oracle,3069.848778987042,3094.3329461518533,low
oracle,2638.05935281447,2658.4708398563234,low
oracle,2841.3877845481325,2848.816188084508,low
oracle,3990.2096604060253,4069.2363037232885,low
oracle,3209.409085207064,3225.94969494997,low
oracle,2836.2940573359892,2846.2529124784623,low
oracle,2743.789521436611,2758.5139392500455,low
oracle,2964.8346913648948,2974.2671243208706,low
oracle,3691.170309594983,3701.986282835358,low
oracle,3221.5688218598075,3256.4741133400194,low
oracle,2941.386588332247,2981.7272783317076,low
oracle,2631.436787002173,2649.1267938722976,low
oracle,3010.9263586885786,3019.599036568478,low
oracle,3636.0549950291916,3765.7199278291664,low
oracle,3152.8394586893155,3171.4043924393027,low
oracle,3075.2287539545014,3088.5897777882255,low
oracle,2621.187919322021,2644.412068666469,low
oracle,2890.8845484117383,2897.11125889924,low
oracle,3864.6718227048223,3932.2262637139784,low
oracle,3206.455859703334,3261.507312339352,low
oracle,2827.2014081353404,2829.138360442992,low
oracle,2718.711916576279,2756.478312444692,low
oracle,2990.383838014963,2998.861173337439,low
oracle,3653.6765379800395,3745.4885592825603,low
oracle,3283.2438680474565,3331.581120444107,low
oracle,2940.885621441122,2946.3190551515,low
oracle,2582.089489698296,2626.048753777419,low
oracle,3021.706969958669,3054.9552763376705,low
oracle,3754.1636038443585,3830.119548266637,low
oracle,3195.253461295022,3220.9931615898104,low
oracle,3049.550685202764,3064.6406923513223,low
oracle,2605.582085170421,2616.99777434303,low
oracle,2836.4492408719425,2838.6901763299256,low
oracle,3793.6960019334847,3861.510166475754,low
oracle,3181.272659129499,3196.339447980852,low
oracle,2862.3352224046635,2866.9286693028926,low
oracle,2711.741321637825,2736.25544995244,low
oracle,2955.249592653158,3011.4290226331295,low
oracle,3731.8639388981533,3750.945527321795,low
oracle,3246.058640419338,3273.9697522753436,low
oracle,2952.8613642377936,2982.9490888133023,low
oracle,2559.868718351078,2573.0904190563824,low
oracle,3006.6098954003337,3019.5300533115033,low
oracle,3632.633564285873,3677.5441033394454,low
oracle,3145.2894775874297,3172.022855923269,low
oracle,3065.299875676598,3072.656433419554,low
oracle,2738.5515473276637,2766.347233951532,low
oracle,2942.778015798544,2964.763298053156,low
oracle,3879.2880765069945,3916.8924132368657,low
oracle,3229.4152626802306,3244.821043380316,low
oracle,2837.411893078601,2847.1116000748298,low
oracle,2829.111276271343,2922.2462360778823,low
oracle,3002.875183092103,3020.8173141949237,low
oracle,3668.383556299764,3706.2114716063506,low
oracle,3275.947038670989,3304.664539197196,low
oracle,2965.1128862358414,2969.838566306803,low
oracle,2638.9476682751665,2663.3790615478592,low
oracle,3041.9496643979146,3055.236311615216,low
oracle,3569.636284635099,3693.3400014552635,low
oracle,3145.24732314984,3177.412892331993,low
oracle,3073.3384583831544,3084.686621824181,low
oracle,2656.0966045378823,2681.7763975960634,low
oracle,2894.285543343264,2904.5480609399647,low
oracle,3943.6313342626336,4061.661925131274,low
oracle,3234.3512046328333,3276.8992098222307,low
oracle,2846.280756400396,2887.75620073709,low
oracle,2655.110871612328,2665.1548836329557,low
oracle,2954.2894493906633,2976.074991176386,low
oracle,3540.8653507260833,3611.1191624023904,low
oracle,3214.4248373949504,3239.218098973909,low
oracle,2991.1801649574336,3015.4258115660004,low
oracle,2677.6922985097913,2717.7890564375693,low
oracle,3028.4914999850394,3050.7425809725273,low
oracle,3718.5401919811898,3732.0438496568013,low
oracle,3285.212631271374,3312.8423357938927,low
oracle,3043.957001335876,3053.0330718244395,low
oracle,2645.846517331419,2663.8619046640715,low
oracle,2850.646546375526,2856.739816357229,low
oracle,3751.7320934762847,3863.1520861141994,low
oracle,3161.797996642044,3204.855485711848,low
oracle,2840.269384004621,2852.7042987275345,low
oracle,2740.4664756534485,2816.8786661623244,low
oracle,2952.9865452204913,2969.8829059931513,low
oracle,3735.1242263761774,3833.9199485708796,low
oracle,3239.51402574138,3270.2787511699935,low
oracle,2944.891108677733,2957.357860492046,low
oracle,2542.5460524909854,2590.2696661327386,low
oracle,2999.604882781687,3009.087965185542,low
oracle,3652.6163082168396,3716.64302558484,low
oracle,3156.9741409111402,3188.980198034059,low
oracle,3076.585737694246,3084.32521725995,low
oracle,2611.5416895083504,2642.3382766518853,low
oracle,2876.290532980861,2903.914426712664,low
oracle,3873.1944626424765,3948.352961012798,low
oracle,3421.7669784427585,3425.6096726678106,low
oracle,2847.107813787688,2864.5256413207726,low
oracle,2893.8582194598225,2950.268797751281,low
oracle,2963.1845172746935,2970.38577011621,low
oracle,3626.8928578998552,3654.325326603571,low
oracle,3218.7481295470934,3228.509597543423,low
oracle,2939.768348423916,2945.9491546427435,low
oracle,2563.802195292164,2578.2070749394607,low
oracle,3007.905203462183,3027.725386004352,low
oracle,3777.500693719405,3896.478920196239,low
oracle,3229.0813280711022,3235.9860166848016,low
oracle,3082.176774935846,3084.470015343455,low
oracle,2645.337508144878,2645.7447938916876,low
oracle,2880.3646750846874,2903.5307714481114,low
oracle,3965.5990928664455,4069.7666218819177,low
oracle,3237.73169231328,3246.850418334118,low
oracle,2853.7769121330302,2879.675989194886,low
oracle,2760.7233987616673,2778.950437596659,low
oracle,2951.2359579323333,2963.71865108181,low
oracle,3697.5835875683674,3738.4354568401013,low
oracle,3298.5635401916106,3310.266008302139,low
oracle,2948.4773785563093,2968.8816775413025,low
oracle,2524.626784046032,2546.2867995466886,low
oracle,3017.1461164246157,3030.6040592232125,low
oracle,3633.4486898343043,3677.2358636122826,low
oracle,3125.2076136405003,3153.0153913688328,low
oracle,3041.4671925567877,3065.4514945348255,low
oracle,2689.3999266280057,2723.5143714622436,low
oracle,2929.0197894597277,2942.8215977706277,low
oracle,3840.7052312173073,3859.9831483573057,low
oracle,3257.7684091102396,3270.7416829994554,low
oracle,2883.2393126574543,2895.965461112317,low
oracle,2701.974328915299,2719.5813813109344,low
oracle,2958.1665235244523,2971.780360175713,low
oracle,4150.67966988155,4260.793508775954,low
oracle,3258.2339951847953,3304.9704598608323,low
oracle,2973.2691368900246,2977.133433963557,low
oracle,2661.0794127870986,2681.779648162669,low
oracle,2966.8196391687297,2997.304990257464,low
oracle,3621.8181948813753,3658.84876036737,low
oracle,3144.7913831602345,3172.585673113575,low
oracle,3055.7891690384818,3090.7884564230726,low
oracle,2638.957552176344,2640.5538351536898,low
oracle,2869.662836864465,2888.985277143382,low
oracle,3642.617886181147,3774.5023305937366,low
oracle,3286.6582525168315,3305.052982699793,low
oracle,2852.6333465008083,2858.636702879719,low
SIT-safe,5300.005974921275,5367.515265234737,medium
SIT-safe,5763.318776654293,5781.832309154795,medium
SIT-safe,7168.329606277156,7201.543033432889,medium
SIT-safe,6365.953292953079,6385.545151831771,medium
SIT-safe,5681.72222441861,5724.705176764931,medium
SIT-safe,5359.461480344464,5383.942527831938,medium
SIT-safe,5953.155119837643,5969.846414664818,medium
SIT-safe,7249.187896870812,7311.861198748259,medium
SIT-safe,6402.439055284919,6411.093688453739,medium
SIT-safe,5948.398169203867,5949.832069644412,medium
SIT-safe,5059.641812307554,5098.130760345128,medium
SIT-safe,5960.677620998967,5962.288613749755,medium
SIT-safe,6952.530222100877,6968.1877990508,medium
SIT-safe,6232.538717010849,6253.591009750907,medium
SIT-safe,6137.990641404988,6156.635199212949,medium
SIT-safe,5193.173608736031,5204.0397261267135,medium
SIT-safe,5696.588071869194,5710.963522920957,medium
SIT-safe,7385.142335888647,7474.513207995797,medium
SIT-safe,6264.229095372813,6307.132037851934,medium
SIT-safe,5675.4270902900535,5682.781300601355,medium
SIT-safe,5397.34098300439,5403.161464576668,medium
SIT-safe,5887.128349824905,5903.914978697238,medium
SIT-safe,7220.580841668757,7254.166181204903,medium
SIT-safe,6433.683502485568,6455.844562767353,medium
SIT-safe,5956.768236317772,5967.254684690057,medium
SIT-safe,5054.851250661681,5088.163614593177,medium
SIT-safe,5988.264273035454,6005.287673733723,medium
SIT-safe,7556.977487084168,7684.639661861906,medium
SIT-safe,6154.114109001643,6164.088211385364,medium
SIT-safe,6195.049973739006,6211.001695194147,medium
SIT-safe,5344.860235712276,5364.937645974371,medium
SIT-safe,5776.361932187196,5796.071640464772,medium
SIT-safe,7108.841859868022,7120.783133624266,medium
SIT-safe,6444.018862884835,6472.293552053878,medium
SIT-safe,5825.25063136287,5837.406296623614,medium
SIT-safe,5381.890202961892,5413.826798702194,medium
SIT-safe,5838.483368435972,5864.890098399532,medium
SIT-safe,6995.471595845643,7072.912624954521,medium
SIT-safe,6551.597046482281,6568.166065249572,medium
SIT-safe,5917.65950495095,5927.340690662355,medium
SIT-safe,5122.387010954044,5148.265169955212,medium
SIT-safe,5993.472987667041,6002.434380398077,medium
SIT-safe,6910.944142823081,6957.894298032856,medium
SIT-safe,6174.8897127628525,6213.6785845700215,medium
SIT-safe,6135.903039105154,6174.660939456623,medium
SIT-safe,5252.700163281826,5273.193149710522,medium
SIT-safe,5676.436175905876,5680.873424683675,medium
SIT-safe,6863.2541314367645,6927.587921307262,medium
SIT-safe,6306.247645124148,6323.9740720032105,medium
SIT-safe,5661.771217668235,5667.515432045257,medium
SIT-safe,5508.908231707567,5565.590434425829,medium
SIT-safe,5876.683371974938,5884.4794433838215,medium
SIT-safe,7096.965802962064,7102.833960092564,medium
SIT-safe,6463.693978347816,6524.693854960589,medium
SIT-safe,5895.272327348316,5914.371517467391,medium
SIT-safe,5173.8752627235945,5228.483119413058,medium
SIT-safe,5984.003944894999,5995.21324535802,medium
SIT-safe,7177.576532899353,7190.33505186724,medium
SIT-safe,6424.398853376584,6442.905915243243,medium
SIT-safe,6143.237495712111,6149.569926639129,medium
SIT-safe,5105.4561522327995,5129.252015331211,medium
SIT-safe,5762.048011756716,5788.110172627798,medium
SIT-safe,7005.226503060616,7101.830553001983,medium
SIT-safe,6302.105767648507,6309.3161614112205,medium
SIT-safe,5786.38905792649,5804.236599215836,medium
SIT-safe,5327.070768437487,5349.092297339757,medium
SIT-safe,5859.79863235278,5864.941528724901,medium
SIT-safe,7071.820922032607,7131.064839254173,medium
SIT-safe,6411.962080389407,6438.763503389241,medium
SIT-safe,6007.333636809857,6016.827752066685,medium
SIT-safe,5022.7117094978,5027.895123114924,medium
SIT-safe,6010.851222333159,6038.830627126617,medium
SIT-safe,6711.479476690012,6797.0651725616935,medium
SIT-safe,6422.2362068446,6449.783930176678,medium
SIT-safe,6129.5911712424995,6139.02661290072,medium
SIT-safe,5241.824383740063,5264.990576936054,medium
SIT-safe,5762.565258629743,5784.900968569229,medium
SIT-safe,7215.37148882899,7253.788031082251,medium
SIT-safe,6312.524230464726,6329.619371096518,medium
SIT-safe,5784.730207880404,5819.46155050216,medium
SIT-safe,5509.1782272404325,5528.220564694482,medium
SIT-safe,5927.846105143311,5939.957488445567,medium
SIT-safe,6905.699081130019,6930.53619968485,medium
SIT-safe,6447.441034362495,6501.338410108672,medium
SIT-safe,6082.078055344071,6103.052916938242,medium
SIT-safe,5243.666358989537,5269.481217930911,medium
SIT-safe,6006.528955402054,6015.665130345222,medium
SIT-safe,7114.130944048502,7153.049820269296,medium
SIT-safe,6130.530845018709,6161.215074820732,medium
SIT-safe,6122.197491134593,6132.187376591519,medium
SIT-safe,5267.7057338103,5299.029573205526,medium
SIT-safe,5703.332898276871,5749.9557943359005,medium
SIT-safe,7128.942637334828,7173.297621653624,medium
SIT-safe,6204.738013047544,6292.1156929431245,medium
SIT-safe,5690.2246965938975,5704.390153884634,medium
SIT-safe,5312.880200873353,5367.39250118222,medium
SIT-safe,5923.330551770823,5941.383314265146,medium
SIT-safe,6936.514437808943,7006.113585179023,medium
SIT-safe,6622.4089031407675,6647.625467506352,medium
SIT-safe,5926.674726060443,5942.393505315271,medium
SIT-safe,5075.231460771,5085.9700027243025,medium
SIT-safe,5996.509435183438,6005.165289796012,medium
SIT-safe,6884.625663541765,7091.617408246495,medium
SIT-safe,6232.520793374457,6285.628981265045,medium
SIT-safe,6192.1309739330045,6203.218441546326,medium
SIT-safe,5150.548804613914,5175.033738926859,medium
SIT-safe,5648.907931282178,5677.685716104659,medium
SIT-safe,7404.020988834133,7456.316526980465,medium
SIT-safe,6291.858297441685,6298.559666484214,medium
SIT-safe,5730.026574681067,5757.754448001613,medium
SIT-safe,5373.246026681281,5390.65511545113,medium
SIT-safe,5844.163164125447,5847.402719659341,medium
SIT-safe,6952.602969105063,6975.028151445023,medium
SIT-safe,6476.017069601059,6482.680037726675,medium
SIT-safe,5971.497337089224,5980.1209706551435,medium
SIT-safe,5062.018334550254,5078.9491095573685,medium
SIT-safe,5975.500821121383,6006.0170929655615,medium
SIT-safe,6985.2903431389495,6995.971328559982,medium
SIT-safe,6193.0264920085065,6207.335377917507,medium
SIT-safe,6153.534629837665,6164.904122766011,medium
SIT-safe,5161.523860230097,5221.644340811448,medium
SIT-safe,5723.890051854188,5736.213548846287,medium
SIT-safe,7076.711337873564,7104.027318419805,medium
SIT-safe,6341.5541471848355,6360.394854562755,medium
SIT-safe,5748.211217667812,5774.537701047553,medium
SIT-safe,5395.50323879287,5413.612525382771,medium
SIT-safe,5906.943316700439,5937.1713282510555,medium
SIT-safe,6877.952126587909,6894.502923546146,medium
SIT-safe,6429.872671328532,6462.781161744266,medium
SIT-safe,5918.518234540441,5931.676701128556,medium
SIT-safe,4996.904438897197,5075.646637404761,medium
SIT-safe,6005.890314318994,6023.8822174678735,medium
SIT-safe,7152.735965435036,7196.815260974847,medium
SIT-safe,6244.778088157669,6257.771038539343,medium
SIT-safe,6098.443250719125,6120.83365726671,medium
SIT-safe,5212.292878393942,5232.010463488477,medium
SIT-safe,5679.357272014489,5706.882496818449,medium
SIT-safe,7211.331876526732,7252.744559464008,medium
SIT-safe,6269.413166992909,6309.634498491041,medium
SIT-safe,5672.497868739531,5677.074213869713,medium
SIT-safe,5353.791617179236,5361.25820991991,medium
SIT-safe,5872.891405020259,5895.540826327953,medium
SIT-safe,7493.362441729527,7610.766589765428,medium
SIT-safe,6559.821046807859,6579.451848355166,medium
SIT-safe,5952.834314236889,5960.816401090613,medium
SIT-safe,4998.293218092293,5056.508200954404,medium
SIT-safe,5996.896801562663,6005.422308024306,medium
SIT-safe,6818.054714724352,6873.708532523834,medium
SIT-safe,6192.497692691995,6207.870555674074,medium
SIT-safe,6072.670732864024,6080.300103009245,medium
SIT-safe,5335.3964549494,5370.659138615898,medium
SIT-safe,5779.053493363881,5788.799393019512,medium
SIT-safe,7416.372184624696,7497.57798500279,medium
SIT-safe,6451.525242630288,6476.728289620683,medium
SIT-safe,5695.137071306859,5732.721315178313,medium
SIT-safe,5641.660348056521,5691.663056906666,medium
SIT-safe,5889.532825204416,5902.919213451258,medium
SIT-safe,6977.72242561517,7083.992777870415,medium
SIT-safe,6479.933276669858,6517.709247009789,medium
SIT-safe,5907.244111909854,5913.690450954449,medium
SIT-safe,5042.144470562311,5066.155419522474,medium
SIT-safe,6124.368267532582,6132.705928840783,medium
SIT-safe,6959.175545894002,7023.379881936753,medium
SIT-safe,6155.1582515994405,6194.255464170961,medium
SIT-safe,6132.342861543927,6155.20010893473,medium
SIT-safe,5258.263728070839,5267.6338703953825,medium
SIT-safe,5737.871816950137,5746.775100218309,medium
SIT-safe,6980.810387450923,7023.650075533997,medium
SIT-safe,6251.406076365949,6315.829156550436,medium
SIT-safe,5752.2711151910735,5770.3826440236135,medium
SIT-safe,5470.470648283147,5501.10577405519,medium
SIT-safe,5945.528090969161,5963.794393499637,medium
SIT-safe,6903.616913784448,6972.009345927095,medium
SIT-safe,6421.287159178754,6447.705727083947,medium
SIT-safe,5915.459013516228,5927.413020964757,medium
SIT-safe,4987.450439047813,5023.710867173511,medium
SIT-safe,6015.994838305235,6030.641510165686,medium
SIT-safe,6890.588033844928,6971.599980907389,medium
SIT-safe,6191.99349197813,6214.077542011197,medium
SIT-safe,6129.603946885124,6150.514645608344,medium
SIT-safe,5207.660194481102,5223.214489938102,medium
SIT-safe,5720.370570104171,5743.255500730762,medium
SIT-safe,7264.034115672675,7301.335648808785,medium
SIT-safe,6292.495771226828,6320.286871225613,medium
SIT-safe,5723.432141624056,5739.284480202834,medium
SIT-safe,5633.011235658028,5699.7155775317715,medium
SIT-safe,5748.616616490524,5808.926509822295,medium
SIT-safe,7082.916370443847,7103.958750188458,medium
SIT-safe,6459.776177937274,6465.314120138225,medium
SIT-safe,6014.570496226999,6042.834750106121,medium
SIT-safe,5018.880157116757,5086.047760659567,medium
SIT-safe,5948.539528195429,5997.507231259389,medium
SIT-safe,7062.975871572835,7109.21607967146,medium
SIT-safe,6169.655892534388,6188.810581214049,medium
SIT-safe,6092.557446349343,6102.117474018507,medium
SIT-safe,5063.737040776692,5083.4393110218625,medium
SIT-safe,5735.079835866522,5738.071505569847,medium
SIT-safe,7110.161868480407,7152.4418331105735,medium
SIT-safe,6441.439020271677,6469.823583774972,medium
SIT-safe,5855.908250928821,5877.000030491443,medium
partition,1721.753350611608,1734.3370982102333,medium
partition,2170.1969955784125,2194.045872118887,medium
partition,4213.078166870886,4260.903714078864,medium
partition,2292.4092043614455,2334.2503265536625,medium
partition,1612.7924099511306,1631.5969640185367,medium
partition,1809.0783364118583,1847.953254442813,medium
partition,2159.689013965618,2170.0951442443456,medium
partition,4158.523400680743,4201.040684302878,medium
partition,2274.28653746352,2313.1403978810818,medium
partition,1635.153470697981,1658.0521936883902,medium
partition,1751.2712937536685,1782.3228287437958,medium
partition,2172.3513776800087,2203.1344996407993,medium
partition,3993.2320174123174,4008.5728492294347,medium
partition,2281.295230174484,2310.797623541225,medium
partition,1582.9520167131186,1603.8683776279756,medium
partition,1641.91020130678,1679.368343769915,medium
partition,2094.4676790983467,2101.6149678934644,medium
partition,4080.0763332353495,4095.4904147333236,medium
partition,2233.0363877059194,2240.3977683648636,medium
partition,1626.705011548425,1640.7344194349957,medium
partition,1699.4479587542507,1722.8251563712256,medium
partition,2095.837885598048,2114.767945874615,medium
partition,3985.2226952812402,4038.3414772346914,medium
partition,2292.820489678787,2314.9234109027293,medium
partition,1524.4494503916153,1554.1135149661452,medium
partition,1692.6235473950762,1706.1507905078947,medium
partition,2115.7857016239777,2144.1648897698024,medium
partition,4150.386060612454,4194.238352130491,medium
partition,2349.1508331973428,2405.754618340745,medium
partition,1575.1406312279144,1586.9467212385434,medium
partition,1774.2095358260428,1792.7120234171987,medium
partition,2117.8913930770964,2158.213755028639,medium
partition,4408.786366867598,4444.387200376754,medium
partition,2308.4140969431282,2330.011910776392,medium
partition,1522.9254521444748,1533.1198343319265,medium
partition,1677.4695057030895,1697.3087631071173,medium
partition,2300.582863852299,2334.0331623767424,medium
partition,3976.3964121702934,4036.460409968293,medium
partition,2343.864113355397,2358.2782276057005,medium
partition,1538.2184966264558,1576.561887967834,medium
partition,1744.82194311502,1769.9669928820354,medium
partition,2212.975698381434,2225.601277664713,medium
partition,4202.209801256705,4226.01899258306,medium
partition,2251.4153198082145,2263.787099046811,medium
partition,1578.0044202536067,1597.6043311432065,medium
partition,1780.7627723061667,1781.5356927041507,medium
partition,2164.0038572383737,2166.9538487147347,medium
partition,4302.073390783447,4335.150044273125,medium
partition,2383.4082705756678,2389.121901146812,medium
partition,1567.3129009453664,1572.4308199150164,medium
partition,1774.1830376383953,1806.445481582112,medium
partition,2103.044322383742,2171.395514448186,medium
partition,4126.94784407303,4191.625647203683,medium
partition,2285.3281286938145,2339.291713037491,medium
partition,1599.1824429029903,1621.6883353318235,medium
partition,1705.0919175961003,1730.506146690795,medium
partition,2211.6325385116297,2234.322100111095,medium
partition,3998.4851557699267,4052.111776128183,medium
partition,2394.7201624481554,2431.288745237007,medium
partition,1532.014079765673,1537.777065506492,medium
partition,1614.722414527082,1647.6618787736966,medium
partition,2105.664889532067,2113.9594688105904,medium
partition,4103.404054057218,4108.401258814731,medium
partition,2240.8364073800776,2246.0743588386176,medium
partition,1608.7226214714408,1636.038113477849,medium
partition,1723.7192658642111,1755.7994357760963,medium
partition,2316.543314424337,2381.22610129847,medium
partition,4036.57794863834,4171.567090159488,medium
partition,2209.386519455456,2215.207495101699,medium
partition,1560.4814677382274,1587.9926983814473,medium
partition,1800.5156247233087,1831.3995160205359,medium
partition,2169.5504832659276,2187.0641351118743,medium
partition,3859.955686869179,3885.254261213259,medium
partition,2236.1895991708575,2257.998235267425,medium
partition,1646.7535728147518,1672.5355020474242,medium
partition,1639.8133107169654,1683.7776630258318,medium
partition,2159.1116414553007,2160.1855355028993,medium
partition,4353.953890589032,4390.548994531613,medium
partition,2402.280798939077,2417.370841486971,medium
partition,1578.6814707495582,1592.9438742201523,medium
partition,1766.995711070271,1805.2272125225159,medium
partition,2252.1928964548156,2270.7777089078636,medium
partition,3841.2098688130263,3873.7249239218845,medium
partition,2207.5357665786482,2218.5168922490984,medium
partition,1636.8971799307583,1672.4015179464834,medium
partition,1673.9517667060773,1684.597849479589,medium
partition,2137.8164167037735,2166.741717413639,medium
partition,4107.053335464556,4173.300739682554,medium
partition,2332.6599243361734,2383.57598289811,medium
partition,1564.2551628560363,1567.3410720361276,medium
partition,1682.060375156679,1702.0036979693627,medium
partition,2123.5047351590074,2155.1880452678242,medium
partition,4072.116718770179,4168.185832167141,medium
partition,2322.448063724706,2377.962357474831,medium
partition,1595.7742183414148,1621.8016818767996,medium
partition,1645.1649495357392,1660.4819631545508,medium
partition,2129.801770227927,2140.9912192689944,medium
partition,4428.662155951672,4466.3101343443905,medium
partition,2157.502381697612,2179.662872778994,medium
partition,1606.2629577962637,1616.3250811054195,medium
partition,1804.1242837134603,1834.6287844177334,medium
partition,2143.1293074729256,2186.207789843282,medium
partition,3907.930571424005,3920.72565736442,medium
partition,2231.482401967742,2240.817838062664,medium
partition,1580.1491498405817,1595.271164175885,medium
partition,1709.508524939948,1726.0100810104232,medium
partition,2141.9847841100013,2158.75097350817,medium
partition,3898.090704454713,4134.883321041842,medium
partition,2289.697058454876,2310.3496807349593,medium
partition,1543.42010816705,1574.9579982990383,medium
partition,1692.4698253528632,1702.8230627370287,medium
partition,2233.416267679424,2264.211495539499,medium
partition,3969.5312207936026,4129.075225254617,medium
partition,2318.3146782632653,2324.5230048953244,medium
partition,1598.3126273661474,1617.9359546366716,medium
partition,1748.043596870688,1761.9657976547041,medium
partition,2131.57690712953,2177.807053925636,medium
partition,4163.829398421483,4253.4410517021115,medium
partition,2242.95240816016,2318.7722515951705,medium
partition,1578.9045838182865,1597.079189525733,medium
partition,1815.7410161322034,1834.2788196628346,medium
partition,2152.2419778093454,2167.3747266435857,medium
partition,4034.942656088658,4115.635339224141,medium
partition,2278.5875803223807,2370.0608769166192,medium
partition,1610.0129785424006,1632.90622174191,medium
partition,1753.2994100269073,1796.0918499089728,medium
partition,2206.5681052538375,2220.109744624264,medium
partition,4068.254428475323,4124.0145420555755,medium
partition,2296.0088943595238,2345.8432395242444,medium
partition,1614.4118565206466,1625.644180825441,medium
partition,1780.273599052528,1898.191907065474,medium
partition,2161.788018983079,2177.420338386092,medium
partition,4126.123486506834,4160.047413011656,medium
partition,2340.6610780600486,2354.5556002206604,medium
partition,1617.677389910052,1628.922409131655,medium
partition,1763.8254794291818,1792.2981014041256,medium
partition,2151.175602603534,2165.964308110253,medium
partition,4018.9276651398327,4056.479867117895,medium
partition,2190.7424111714827,2226.845242373814,medium
partition,1600.5891393001755,1606.5131595366413,medium
partition,1738.3971538699861,1771.809283668208,medium
partition,2227.739288668008,2252.645126322258,medium
partition,4079.0136739727764,4135.359815279297,medium
partition,2483.7538456798834,2507.403036743768,medium
partition,1526.128835168061,1544.0361874568084,medium
partition,1748.9179089506683,1778.9105683283055,medium
partition,2226.165844729813,2275.416820755853,medium
partition,3748.15490124473,3758.6106520141398,medium
partition,2294.1566478728814,2330.856915612787,medium
partition,1575.3493336709637,1599.138118013337,medium
partition,1768.6516319730033,1812.2007974433927,medium
partition,2185.0957569331836,2230.1010733898834,medium
partition,4024.2670432106524,4048.915106135679,medium
partition,2296.026556749488,2303.154574596977,medium
partition,1551.379612443372,1562.9473089958403,medium
partition,1739.4960095401368,1782.3791648496765,medium
partition,2160.136455924036,2182.7636321283126,medium
partition,4140.127792656229,4237.528617286251,medium
partition,2245.058655443453,2309.720679932855,medium
partition,1574.6333273388925,1583.186149176688,medium
partition,1758.3952320935607,1785.0330189742983,medium
partition,2217.2549862104047,2264.3750597704443,medium
partition,3979.751325080808,3986.4382682643077,medium
partition,2341.0243694093338,2345.098922670466,medium
partition,1548.976578533327,1592.2459522122408,medium
partition,1812.9738063893972,1850.6163647712713,medium
partition,2126.7719230618104,2130.9353761876037,medium
partition,4114.396278801635,4219.145941576397,medium
partition,2285.7672090484566,2297.12448931628,medium
partition,1602.4033694956374,1611.9968970101222,medium
partition,1981.5002550610898,1994.0165633413196,medium
partition,2288.3108773748036,2317.597845157801,medium
partition,4310.017091305228,4352.963245042232,medium
partition,2392.168389039065,2406.8815368468586,medium
partition,1588.5684684074204,1596.211064148907,medium
partition,1780.557156459995,1839.7799636896507,medium
partition,2313.9093435776936,2323.585678093685,medium
partition,4030.998483606474,4069.78091105749,medium
partition,2254.3490954311155,2312.7564307401117,medium
partition,1599.1774059377992,1610.7089924857737,medium
partition,1694.572734242996,1707.009109081856,medium
partition,2092.9675614431467,2136.6463040946337,medium
partition,3995.5965652290415,4028.2642582710605,medium
partition,2364.202445481151,2376.655941290177,medium
partition,1611.217569196599,1631.8447525178974,medium
partition,1678.9089555878254,1708.3560878744634,medium
partition,2158.998406985155,2166.765623152359,medium
partition,4058.8886955157336,4083.404654963887,medium
partition,2415.7571225801967,2489.3014095837502,medium
partition,1568.8104690894306,1578.8241668821147,medium
partition,1753.7417967479125,1761.1687963386269,medium
partition,2112.210659012886,2120.9951575677514,medium
partition,3959.0837438584326,4002.9262809800766,medium
partition,2371.7659412882563,2394.6403328013935,medium
partition,1557.0000213081303,1575.0067906178083,medium
partition,1831.8583542784268,1871.549886449441,medium
partition,2118.087425422551,2130.9965518215276,medium
partition,3864.297300872683,3933.2232483131947,medium
partition,2282.1569122991823,2303.2169078482057,medium
partition,1614.5312674681975,1620.3584818114723,medium
random,8034.143064708171,8116.260806588254,medium
random,9392.48543672895,9426.234181847498,medium
random,8901.97244820696,8999.271697954111,medium
random,8651.6720486013,8707.698244085808,medium
random,10079.041850628542,10107.802563936988,medium
random,8970.631526728039,8999.532198307837,medium
random,9580.452651807713,9592.61369357939,medium
random,12799.33604959456,12820.089623866592,medium
random,8999.82114747804,9034.034879426701,medium
random,9073.206006107614,9078.867368261035,medium
random,6622.511479230336,6626.86651633526,medium
random,13201.537364044085,13231.24035006839,medium
random,8743.13599063522,8760.45394353506,medium
random,11835.271144819186,11852.211609572221,medium
random,10647.740831811629,10678.269207007743,medium
random,9127.71181527748,9143.244098939836,medium
random,12439.300533350623,12484.876477293592,medium
random,10900.403935801538,10910.156497832482,medium
random,7600.179626284957,7629.774424679152,medium
random,8741.177228364782,8761.410067000328,medium
random,8597.907483443221,8602.027151123793,medium
random,10540.637111491173,10566.348604576993,medium
random,10288.221079260615,10355.05850630653,medium
random,11222.047154328266,11254.461954268543,medium
random,9952.130038306783,9957.867791918656,medium
random,6920.9103220960405,6977.061740900124,medium
random,7943.148516727152,8015.77365385335,medium
random,10943.687221290455,10990.384956086673,medium
random,9008.126331358922,9014.297583017267,medium
random,13209.381241507243,13230.99259715098,medium
random,9339.261872199237,9359.025114526366,medium
random,8534.277164557727,8563.028265482062,medium
random,11148.847644070886,11196.735499743401,medium
random,7668.63194038617,7724.927454274816,medium
random,9947.789965396421,9959.891820754687,medium
random,6742.19175938686,6783.56234580681,medium
random,9561.388852053598,9579.463018675951,medium
random,11451.153382099283,11483.272769510171,medium
random,12143.21560988318,12204.551618650632,medium
random,9961.491090669477,9968.801536472769,medium
random,6147.496662056965,6164.342136913851,medium
random,10807.56658346066,10841.981986573934,medium
random,8798.76619478818,8826.964883399261,medium
random,10529.521544927902,10566.986818873203,medium
random,10195.16352402587,10218.015048889258,medium
random,8913.178733578168,8940.327279817371,medium
random,10529.017056581326,10582.784090814279,medium
random,10490.449057569478,10622.46196112052,medium
random,9309.568868513545,9362.988700389022,medium
random,12263.498940289466,12304.10264998177,medium
random,10255.682727741894,10274.833332879232,medium
random,14539.668036842624,14559.210310237051,medium
random,9095.116145814482,9177.799956518,medium
random,9776.151930325272,9801.832768541555,medium
random,12808.802263141779,12843.363722378786,medium
random,9628.362487763401,9686.007604845403,medium
random,8771.36250617601,8787.45107260994,medium
random,9568.657073083212,9653.325790354158,medium
random,10534.627492244808,10562.577485531638,medium
random,9348.16511923477,9359.162239438523,medium
random,8567.431005603734,8600.005159705717,medium
random,9547.555938023732,9566.831799099517,medium
random,9073.132408697904,9095.852045900008,medium
random,9770.91448568297,9809.491367629815,medium
random,9651.233789991755,9653.371797450527,medium
random,9075.669191033203,9083.03306259091,medium
random,14070.036482851188,14077.823694782266,medium
random,11980.732897470845,12231.018169417504,medium
random,9389.92762616417,9438.0598900072,medium
random,10531.213714519316,10539.684740650398,medium
random,7487.254706564101,7509.192642902613,medium
random,7885.029876760415,7928.946002542351,medium
random,10444.275428353272,10588.329198183426,medium
random,8028.226551089084,8040.062078297517,medium
random,9712.549313539364,9725.936830877825,medium
random,9173.410170915326,9181.795577926478,medium
random,8032.201189539687,8042.7495350362915,medium
random,11979.90446941712,12043.282402240407,medium
random,8554.455330920253,8563.812436850556,medium
random,7941.1576089236905,7973.912214584869,medium
random,8463.619812564653,8518.748746149135,medium
random,10925.61755004695,10948.466231842629,medium
random,9682.178585361426,9697.850971271553,medium
random,10162.973557694886,10174.905743157178,medium
random,11086.039913983723,11096.181994071983,medium
random,6414.782164198269,6461.560634434237,medium
random,8211.940380719669,8241.638321191014,medium
random,9819.6345182018,9883.92046080555,medium
random,12944.214850573524,12986.484002218605,medium
random,12645.650496222315,12660.67058455948,medium
random,6979.670677262532,7028.4295758689095,medium
random,8595.69936329187,8613.423919008254,medium
random,10679.23756413624,10718.361513173466,medium
random,9406.168371338284,9425.681118682147,medium
random,9540.60381870429,9555.829398091424,medium
random,9341.630966373408,9348.932947072577,medium
random,9545.224748046874,9567.171971739434,medium
random,10271.735240052913,10331.793734934652,medium
random,9767.197648717794,9788.744792508913,medium
random,10301.020097405777,10315.56254980923,medium
random,9312.018652355322,9327.70425434591,medium
random,7246.608920709029,7252.39552147284,medium
random,9355.68054848634,9369.998245400588,medium
random,8748.589669725838,8755.887035147556,medium
random,9569.7644395353,9600.69527160258,medium
random,7561.621020660069,7612.882128173036,medium
random,7332.44230301483,7353.307251062398,medium
random,12036.883167100772,12075.207167604873,medium
random,8961.421958995968,9006.736647697584,medium
random,9632.831020605228,9638.04015125096,medium
random,9084.13904695298,9093.976458789763,medium
random,13735.755561475231,13790.66700295981,medium
random,11148.645858659576,11290.940986551694,medium
random,9447.757598332948,9530.541928688972,medium
random,7941.064304151022,7949.9401737757,medium
random,7518.148888319458,7527.220849181421,medium
random,13042.411547183407,13049.751156839273,medium
random,11511.295403780854,11531.62248946467,medium
random,12103.784550432347,12112.899448337448,medium
random,10211.611722575546,10231.131297885586,medium
random,7731.59143497924,7754.923865755399,medium
random,12593.683120223013,12615.958050724152,medium
random,11133.852614778152,11215.80327818506,medium
random,11572.581376171063,11615.460575558636,medium
random,8772.660995098484,8803.520246362052,medium
random,9871.695404307298,9887.031073996273,medium
random,8898.396315247412,8919.54669843701,medium
random,11028.126508764997,11207.39992296275,medium
random,8030.39961904534,8054.177968376837,medium
random,8102.490684757656,8112.417036915018,medium
random,8365.178651419888,8398.995443999058,medium
random,9975.700520968616,9988.748027108928,medium
random,9839.328325646544,10025.08737791083,medium
random,9449.54196719794,9483.100556526748,medium
random,10059.356423196561,10124.157717964117,medium
random,9224.055593650215,9253.365697586727,medium
random,9177.204507554656,9211.779426388388,medium
random,9696.166653092932,9701.173934719325,medium
random,10413.574295727842,10451.008249268842,medium
random,11143.807858028162,11155.300253322855,medium
random,5919.186950926033,5927.281452822088,medium
random,8093.161471453022,8093.893895409779,medium
random,12802.166760263792,12850.991062694568,medium
random,11094.246224302973,11107.089481094818,medium
random,11486.373295421681,11497.420773307427,medium
random,8410.6290725831,8509.47482901179,medium
random,7827.795611687162,7848.745839906398,medium
random,12225.899233208818,12312.268836404339,medium
random,10111.483806317408,10117.490089361185,medium
random,9196.572322363674,9225.925169433114,medium
random,5923.961717129965,5925.697858225127,medium
random,9419.547724696527,9433.148782332093,medium
random,9543.155240270788,9579.096593744765,medium
random,10820.658031727733,10841.884722392628,medium
random,8316.75256130068,8324.847043906077,medium
random,8627.742453238709,8780.789672699651,medium
random,7858.170839074818,7906.151251500432,medium
random,9707.376903366585,9717.052650629597,medium
random,10599.999209590083,10655.027877753397,medium
random,10576.861958578056,10582.953666265952,medium
random,7979.40181778826,7988.87679259112,medium
random,7252.338707626432,7268.921094337862,medium
random,10209.464981212142,10276.664381091807,medium
random,10641.521759072826,10658.442903624327,medium
random,11568.166097485608,11595.26403412918,medium
random,8603.006610841083,8631.7771375985,medium
random,8603.077129313362,8646.766453667058,medium
random,10740.435687792897,10779.09327159349,medium
random,11078.214301241627,11097.572569318538,medium
random,7266.315605868637,7285.6537385038555,medium
random,8041.468516116329,8093.805506874455,medium
random,13292.529832904578,13316.717240619886,medium
random,10051.853599493028,10114.600581800169,medium
random,11674.969882836713,11730.203044083202,medium
random,13165.373030173227,13180.746606578226,medium
random,7186.594170522813,7192.544214807325,medium
random,10606.780480036481,10631.68797203965,medium
random,10936.830900165007,11008.010575036635,medium
random,12141.047204841068,12238.54257042094,medium
random,9628.333628814842,9633.736839000521,medium
random,9646.883106856889,9708.868562635194,medium
random,13902.353268633948,13913.373400259916,medium
random,8329.159489423258,8402.251070654405,medium
random,10500.937459882476,10519.603008748134,medium
random,7230.56873570904,7249.734347085037,medium
random,9871.723059349446,9920.769144165857,medium
random,13027.731669120001,13045.03628655619,medium
random,11494.581422839095,11528.336859007017,medium
random,13286.157690296004,13321.055384550968,medium
random,11910.104210524127,11921.304692921076,medium
random,8792.796918136,8817.103294314764,medium
random,9632.554330889083,9645.52922214985,medium
random,13156.620875271079,13237.206021433587,medium
random,8235.96385224017,8237.867522625591,medium
random,13644.573994584169,13670.822687686788,medium
random,7958.147424219061,7983.892934373996,medium
random,10994.52709813169,11024.287050628089,medium
random,11563.323612807935,11599.531621973318,medium
random,7764.367160463089,7781.834108661486,medium
random,12606.18467616374,12617.441686599002,medium
oracle,5164.389853834208,5201.905360569781,medium
oracle,5749.1490123918575,5773.50314063467,medium
oracle,7326.412108952139,7403.560505109926,medium
oracle,6385.329654185012,6412.924049710311,medium
oracle,5698.158860243294,5719.880554971865,medium
oracle,5334.32739478553,5346.662943240712,medium
oracle,5912.98675739338,5923.646576020947,medium
oracle,6742.942757350914,6851.4874935387,medium
oracle,6438.0531297665975,6491.788870765349,medium
oracle,6004.460689594104,6022.993414632219,medium
oracle,5044.645094242201,5064.161457289748,medium
oracle,6138.281526087366,6144.539963716574,medium
oracle,7196.312036390953,7275.881497423614,medium
oracle,6224.829896882288,6254.608756428396,medium
oracle,6125.475829879936,6146.3134288209285,medium
oracle,5182.758280050512,5194.133148784871,medium
oracle,5799.246617824504,5818.424753133943,medium
oracle,6981.518630237745,7050.375337725755,medium
oracle,6392.18447648442,6413.0333321748585,medium
oracle,5679.94220003973,5708.329770778306,medium
oracle,5332.43293769491,5369.892722822638,medium
oracle,5963.511976081069,6016.754390664575,medium
oracle,7310.206569688274,7380.756957292286,medium
oracle,6510.124984846765,6528.660829186059,medium
oracle,5903.136474802829,5912.577460487562,medium
oracle,5040.283129908028,5041.678410556756,medium
oracle,6044.540989932961,6050.82886463483,medium
oracle,7113.136300391182,7144.351082017403,medium
oracle,6317.9427677349695,6355.291875245028,medium
oracle,6141.836797459702,6165.673497702013,medium
oracle,5155.569861233691,5199.479165316203,medium
oracle,5776.681813075632,5837.209445114648,medium
oracle,7194.2736956025765,7251.914540062149,medium
oracle,6449.650405497234,6485.95584382762,medium
oracle,5683.855974287054,5701.5167613815765,medium
oracle,5296.564969526725,5312.824409670931,medium
oracle,5886.086490076054,5927.8612788361515,medium
oracle,7357.856732154779,7418.939037893901,medium
oracle,6464.714646489072,6531.231933850562,medium
oracle,5948.6214500893475,5957.981509653922,medium
oracle,5062.323317779971,5086.292981344826,medium
oracle,5967.427153297807,5974.626183212731,medium
oracle,6963.515686266843,7003.3331181369485,medium
oracle,6286.233759961375,6292.101074852078,medium
oracle,6154.793093889505,6166.881956361351,medium
oracle,5294.635018292504,5366.9548468596495,medium
oracle,5669.712323366357,5689.8841856742165,medium
oracle,7067.099721344361,7090.892022064391,medium
oracle,6497.052372098672,6529.348110518037,medium
oracle,5770.599512323926,5791.4180828379995,medium
oracle,5342.301016446014,5383.763990792628,medium
oracle,5883.8514818659905,5887.529837000561,medium
oracle,7141.217942155414,7294.673703524642,medium
oracle,6498.815037488706,6539.3327457783735,medium
oracle,5911.026804321642,5915.862347289789,medium
oracle,4953.038953521589,4960.263634683732,medium
oracle,6148.898163072488,6184.813130061223,medium
oracle,7058.5964520090665,7152.12458453874,medium
oracle,6190.084575447626,6197.702156828709,medium
oracle,6177.542358780892,6213.321145388016,medium
oracle,5202.641092038022,5227.854788578525,medium
oracle,5701.075118826229,5711.178728554833,medium
oracle,7143.982887259922,7363.398943263712,medium
oracle,6420.904237693951,6454.459733051058,medium
oracle,5784.616499079594,5805.991506822782,medium
oracle,5346.469549450521,5361.546652753781,medium
oracle,5888.20171454111,5905.676814427567,medium
oracle,6975.443329080617,6996.649730950458,medium
oracle,6398.369182520861,6452.019902752989,medium
oracle,5984.972371682957,6009.481293826908,medium
oracle,5121.72285180803,5131.692039992213,medium
oracle,5984.289922938695,5994.459840408624,medium
oracle,7155.953900389862,7205.025343144855,medium
oracle,6220.086471491096,6257.349013770889,medium
oracle,6133.257386173269,6136.073286725188,medium
oracle,5196.364495252176,5266.1303669130975,medium
oracle,5710.6060790077945,5784.88306136945,medium
oracle,7158.516238228345,7189.61437177982,medium
oracle,6329.161220000911,6346.211035212197,medium
oracle,5733.470660109636,5733.97300810081,medium
oracle,5483.373977912912,5498.43539773679,medium
oracle,5841.334591358938,5849.128476839862,medium
oracle,6938.742153933762,6956.688133066207,medium
oracle,6438.976583655282,6457.981911032286,medium
oracle,6028.062860764908,6045.392050940205,medium
oracle,5030.0814127109425,5062.739479502916,medium
oracle,6159.499970706862,6174.4413670766135,medium
oracle,6931.345395614213,6942.674193270578,medium
oracle,6230.370306489136,6300.945895977849,medium
oracle,6214.377903555753,6218.844129549022,medium
oracle,5246.16622092092,5283.555023862458,medium
oracle,5713.319380461628,5740.453037077026,medium
oracle,7277.060188553203,7320.190314096766,medium
oracle,6386.153030972701,6427.530265218058,medium
oracle,5766.052013772168,5784.355674084836,medium
oracle,5273.893574872237,5274.868532755256,medium
oracle,5925.541575680126,5934.157571814162,medium
oracle,6813.8992413982805,6838.77205438983,medium
oracle,6438.233251857992,6449.126599863774,medium
oracle,5884.7163466701795,5908.8694246992545,medium
oracle,5046.964254778799,5055.131346373287,medium
oracle,6014.779558878793,6032.125982807627,medium
oracle,7010.696793632915,7053.705039990823,medium
oracle,6227.967811372284,6245.857067240421,medium
oracle,6093.0450294271195,6107.772816271709,medium
oracle,5190.929821269995,5196.837248129636,medium
oracle,5794.3957107170545,5803.728930059095,medium
oracle,7301.548982270381,7326.5506584079085,medium
oracle,6331.271177328164,6407.807081998419,medium
oracle,5660.121364501166,5688.189468948312,medium
oracle,5391.7928420274375,5440.355065961692,medium
oracle,5847.705611713826,5860.303344939618,medium
oracle,7126.13440635195,7167.66908012203,medium
oracle,6440.491555585689,6490.358289842827,medium
oracle,5950.859676116402,5953.721373026754,medium
oracle,5096.2376388472085,5106.846523071728,medium
oracle,6067.736960442496,6083.048069267728,medium
oracle,7022.37548591671,7058.349803883368,medium
oracle,6181.006983805629,6203.361865927307,medium
oracle,6151.295362699576,6175.78638488422,medium
oracle,5193.749759997921,5209.995765367799,medium
oracle,5736.116538664302,5743.247002386552,medium
oracle,7173.689340002398,7194.0726142483345,medium
oracle,6426.692313908397,6433.252655196908,medium
oracle,5814.000661729684,5819.3165792709915,medium
oracle,5268.469107740132,5290.978419083476,medium
oracle,5862.705609523517,5886.599236942911,medium
oracle,7052.421920764499,7065.353724118475,medium
oracle,6496.137920671083,6506.4589349367725,medium
oracle,5931.102250012709,5939.789485811103,medium
oracle,5191.392383821046,5206.2313169977715,medium
oracle,5965.150606195634,5977.400282413576,medium
oracle,7158.134554976098,7198.813066714769,medium
oracle,6237.710010187234,6303.871113500243,medium
oracle,6212.604112102838,6212.701405229662,medium
oracle,5169.743113682934,5195.301378143833,medium
oracle,5752.273753511917,5770.791750949058,medium
oracle,7178.597261978961,7284.209793551541,medium
oracle,6466.947940288802,6475.2192469818665,medium
oracle,5675.386993203346,5683.245654102997,medium
oracle,5385.411598179686,5390.003461874381,medium
oracle,6043.466958752698,6075.559332742587,medium
oracle,7544.733818053438,7677.622839727418,medium
oracle,6531.618098231105,6542.196297219958,medium
oracle,5926.285346272626,5930.285362250615,medium
oracle,5062.536896958624,5070.692920479471,medium
oracle,6056.893969615918,6063.758310009045,medium
oracle,7165.840950021097,7268.850563482194,medium
oracle,6148.448809322,6185.186461696812,medium
oracle,6100.480725836143,6137.662604192938,medium
oracle,5137.115375876129,5201.094899753074,medium
oracle,5710.090516466547,5721.602785752085,medium
oracle,7057.277188138577,7089.005807045678,medium
oracle,6273.914209907487,6306.9773310700575,medium
oracle,5661.438807701836,5673.032482614395,medium
oracle,5302.346317526433,5337.259478838041,medium
oracle,5907.214130134337,5933.062651097088,medium
oracle,6885.342505121291,6898.000679964363,medium
oracle,6487.421288298832,6521.236994159199,medium
oracle,5893.479779235326,5956.619708302209,medium
oracle,5083.073247978519,5125.655251600425,medium
oracle,5989.299118806361,6013.337779688427,medium
oracle,7216.896032892407,7382.288721148536,medium
oracle,6242.6071795962025,6261.83625115516,medium
oracle,6147.710151347619,6156.375359072075,medium
oracle,5187.952781853149,5209.436947111868,medium
oracle,5839.20988353781,5854.86163772618,medium
oracle,7115.809012697339,7177.107509621538,medium
oracle,6360.839950128875,6363.2458765436695,medium
oracle,5717.189652442949,5726.448900665942,medium
oracle,5270.518797711813,5284.57640211101,medium
oracle,5851.644210431756,5883.458925864327,medium
oracle,7168.1332186073205,7234.437359917201,medium
oracle,6478.9692482781975,6490.782782467713,medium
oracle,5951.8944289634,5972.092050939698,medium
oracle,5154.45738425485,5159.569176879109,medium
oracle,6033.0920889625095,6069.476812828384,medium
oracle,7239.632876519065,7283.492051091685,medium
oracle,6269.341215390693,6277.632733407023,medium
oracle,6174.0319654454615,6222.519787991136,medium
oracle,5193.947693085723,5204.855998808873,medium
oracle,5776.674335997417,5802.888901469421,medium
oracle,7134.124488297105,7155.196662936414,medium
oracle,6228.913672212129,6238.325655176599,medium
oracle,5729.691926118247,5733.281751480046,medium
oracle,5328.620501806649,5347.212605933395,medium
oracle,5852.541311339805,5891.410122324352,medium
oracle,7132.726958033419,7257.448300660342,medium
oracle,6401.5523815420065,6472.3242276885085,medium
oracle,6028.651975896466,6035.13484198183,medium
oracle,5329.903995457264,5330.685941890922,medium
oracle,6014.853761368736,6016.066378881549,medium
oracle,7258.040144444498,7319.057910931238,medium
oracle,6169.234168195733,6185.166917052678,medium
oracle,6123.195112508363,6128.576256843322,medium
oracle,5205.532826610242,5242.001989226932,medium
oracle,5770.320061541902,5777.781645026924,medium
oracle,7239.263910312363,7358.400422007499,medium
oracle,6315.259004439563,6349.106476986783,medium
oracle,5731.81593855952,5766.938571835606,medium
SIT-safe,7611.308935418788,7620.759831208443,high
SIT-safe,8476.862963459658,8488.904593535824,high
SIT-safe,10521.141501497154,10577.453252418461,high
SIT-safe,9444.194833745423,9509.511431734232,high
SIT-safe,8595.475823128967,8601.801763563859,high
SIT-safe,7870.874684129003,7890.190406432196,high
SIT-safe,8876.263654704579,8886.200290661594,high
SIT-safe,11069.051811888237,11085.598101739703,high
SIT-safe,9667.5601583798,9702.112693996558,high
SIT-safe,8840.803345682298,8857.100687195645,high
SIT-safe,7548.459164912546,7602.164646926368,high
SIT-safe,8928.16552319671,8932.833683531913,high
SIT-safe,10259.937541065377,10295.380839052186,high
SIT-safe,9211.698988231909,9222.569199490943,high
SIT-safe,9120.927717489105,9134.594555986547,high
SIT-safe,7655.790195076191,7755.023872790749,high
SIT-safe,8489.904749801362,8504.96225610024,high
SIT-safe,10462.472112050202,10514.389818827693,high
SIT-safe,9417.244948597528,9441.138054538773,high
SIT-safe,8542.889269266076,8550.91354315473,high
SIT-safe,7943.0667962787575,7979.317634025312,high
SIT-safe,8785.65491597075,8812.915014729135,high
SIT-safe,10196.108511050561,10245.142021623125,high
SIT-safe,9868.562817531225,9921.672539860865,high
SIT-safe,8861.65287913354,8877.458366715626,high
SIT-safe,7498.288332463,7509.4864695532,high
SIT-safe,9065.887672814395,9073.562676920836,high
SIT-safe,10235.085824804944,10312.54540154018,high
SIT-safe,9263.47259549036,9300.883482025703,high
SIT-safe,9178.613248435675,9191.619070946861,high
SIT-safe,7588.578765266245,7624.060079475808,high
SIT-safe,8518.493800615528,8563.035667217348,high
SIT-safe,10306.90331385412,10346.086315580118,high
SIT-safe,9428.926181281235,9438.222159891553,high
SIT-safe,8484.981260567301,8488.67321250747,high
SIT-safe,7960.201462373261,8001.870202841967,high
SIT-safe,8649.985360057264,8693.910307089718,high
SIT-safe,10169.35211109487,10171.920409745322,high
SIT-safe,9690.599296830978,9695.231994089667,high
SIT-safe,8866.537231662505,8876.254477859035,high
SIT-safe,7580.283867688807,7608.163435340196,high
SIT-safe,8993.153509982734,9000.633806081383,high
SIT-safe,10326.311534500488,10350.09587093188,high
SIT-safe,9163.768185863379,9192.306511506788,high
SIT-safe,9323.847139440293,9334.707974628627,high
SIT-safe,7527.437166995736,7536.964442248383,high
SIT-safe,8696.927647820325,8721.826588963027,high
SIT-safe,10503.428391806845,10532.51818108543,high
SIT-safe,9349.608877458242,9371.153376934304,high
SIT-safe,8557.632871820848,8576.710990137126,high
SIT-safe,7902.972030709159,7926.782122724069,high
SIT-safe,8713.103215921405,8715.657643700155,high
SIT-safe,10463.07306783117,10557.224949680452,high
SIT-safe,9641.664062500968,9666.23777333426,high
SIT-safe,8876.205276001077,8881.997832481928,high
SIT-safe,7804.393543923888,7818.496930581989,high
SIT-safe,8990.477061353029,9018.754497578868,high
SIT-safe,10361.875014937665,10369.90654716886,high
SIT-safe,9139.509127095178,9145.857245148745,high
SIT-safe,9226.771580880968,9233.50149916975,high
SIT-safe,7604.034298289297,7617.360378048844,high
SIT-safe,8539.993321495,8562.766390988392,high
SIT-safe,10444.34645251519,10517.358071443578,high
SIT-safe,9380.819646637327,9410.225603185507,high
SIT-safe,8477.368598960396,8484.602266558297,high
SIT-safe,7810.260816224203,7825.06597892321,high
SIT-safe,8845.662040349358,8848.775593270922,high
SIT-safe,10389.503818341847,10429.059476788667,high
SIT-safe,9604.795022979866,9631.361299377553,high
SIT-safe,8984.055511954093,9002.504744336096,high
SIT-safe,7477.890137649213,7525.387000706463,high
SIT-safe,9015.643702704103,9033.905399987187,high
SIT-safe,10203.4899579072,10228.156863603173,high
SIT-safe,9103.569015858693,9158.440294929955,high
SIT-safe,9141.60866232135,9178.020689649198,high
SIT-safe,7613.413740868719,7641.789914867968,high
SIT-safe,8560.137635083589,8593.188106679272,high
SIT-safe,10261.268204999225,10295.38504303654,high
SIT-safe,9317.929586904813,9319.832497812244,high
SIT-safe,8584.966677866052,8610.709108057497,high
SIT-safe,7819.430004528854,7837.618007867487,high
SIT-safe,8719.905455811722,8744.214626963716,high
SIT-safe,10378.547768464909,10450.471804025965,high
SIT-safe,9561.024263736985,9572.33007231375,high
SIT-safe,8955.731626530525,8981.382324113303,high
SIT-safe,7526.186853200271,7551.572934332601,high
SIT-safe,8968.150198866892,8998.405024291942,high
SIT-safe,10441.24831428074,10481.246911700528,high
SIT-safe,9224.207465844369,9244.145179136674,high
SIT-safe,9244.415066067946,9266.105901939083,high
SIT-safe,7660.560608038358,7666.054304567689,high
SIT-safe,8609.595828414067,8625.146007687978,high
SIT-safe,10562.249656541268,10595.908121778788,high
SIT-safe,9402.753639095738,9431.466121393609,high
SIT-safe,8520.526621349478,8528.303450781968,high
SIT-safe,7851.947732565621,7919.7628883558455,high
SIT-safe,8664.125764934062,8672.202975437445,high
SIT-safe,10227.453289399029,10306.756871354253,high
SIT-safe,9634.88111460542,9648.6851188695,high
SIT-safe,8938.445841985898,8955.079583325694,high
SIT-safe,7535.8254447928375,7560.632219051713,high
SIT-safe,9023.268824359015,9041.165479997188,high
SIT-safe,10215.308331778058,10288.762033832496,high
SIT-safe,9247.23058554677,9261.129380906805,high
SIT-safe,9152.47990204228,9157.178498784151,high
SIT-safe,7747.206337941151,7780.7670346677205,high
SIT-safe,8494.723051817391,8511.371162858455,high
SIT-safe,10430.599848376187,10486.515808708948,high
SIT-safe,9431.978470070697,9447.17751346697,high
SIT-safe,8521.984065607117,8526.085989574218,high
SIT-safe,7929.76355522878,7939.575670632206,high
SIT-safe,8896.610795491122,8925.258558560157,high
SIT-safe,10382.19872833383,10481.700937411983,high
SIT-safe,9492.66819291074,9508.364070727812,high
SIT-safe,8891.391997989118,8940.197757703569,high
SIT-safe,7704.242575437805,7713.544154526883,high
SIT-safe,8987.977776674481,9006.77520020045,high
SIT-safe,10354.042867566632,10390.254414151663,high
SIT-safe,9269.084966363182,9293.273173370675,high
SIT-safe,9133.460814542208,9149.9364484552,high
SIT-safe,7700.408531463475,7742.766520078698,high
SIT-safe,8599.0160753935,8634.988456912974,high
SIT-safe,10603.306485482371,10623.74258966338,high
SIT-safe,9360.21236120234,9370.851675226662,high
SIT-safe,8490.81000447422,8495.782145405145,high
SIT-safe,7867.917446661938,7878.859762797852,high
SIT-safe,8881.650254994465,8890.268039997689,high
SIT-safe,10060.946950979109,10121.869380998742,high
SIT-safe,9641.502782347292,9648.277315173427,high
SIT-safe,8923.504144419523,8926.32232696968,high
SIT-safe,7609.7612873453345,7623.269417936812,high
SIT-safe,8960.627548751549,8976.213534426823,high
SIT-safe,10203.994435515995,10241.47407390854,high
SIT-safe,9135.209642393562,9153.653768231468,high
SIT-safe,9176.53431031674,9212.339390414156,high
SIT-safe,7740.125809132968,7759.660471645259,high
SIT-safe,8474.884075228325,8480.944897964455,high
SIT-safe,10482.042115865308,10558.019593927525,high
SIT-safe,9463.012151946687,9479.556062901363,high
SIT-safe,8500.618331175003,8521.208861460713,high
SIT-safe,8021.387719403213,8033.228045428008,high
SIT-safe,8764.55050768022,8778.03363298237,high
SIT-safe,10340.043809757814,10466.51914110391,high
SIT-safe,9548.486061377484,9576.027371972494,high
SIT-safe,8888.589470462146,8923.610664887483,high
SIT-safe,7469.550794979847,7517.80716513179,high
SIT-safe,8981.26051832765,8985.372492375835,high
SIT-safe,10257.714284335325,10290.23914028248,high
SIT-safe,9101.112956328032,9119.792750214358,high
SIT-safe,9206.287588908377,9226.17910177226,high
SIT-safe,7639.4045045824305,7657.38523494567,high
SIT-safe,8482.624421240815,8508.906847624157,high
SIT-safe,10704.06340883402,10736.745950046123,high
SIT-safe,9340.362044963244,9352.121156976413,high
SIT-safe,8484.059443773169,8495.47664080188,high
SIT-safe,7924.7666135711415,7947.990037321551,high
SIT-safe,8748.021975256894,8757.801510516943,high
SIT-safe,10116.453280141062,10148.883230374526,high
SIT-safe,9615.746437562731,9620.088485588985,high
SIT-safe,8828.956263915128,8838.714816945278,high
SIT-safe,7398.578663223885,7433.799855872212,high
SIT-safe,8911.86985702253,8923.081439944584,high
SIT-safe,10248.568045452903,10328.503559969937,high
SIT-safe,9304.724632992727,9335.17234485807,high
SIT-safe,9265.862413260082,9288.405533483781,high
SIT-safe,7822.881747577604,7843.3075160325225,high
SIT-safe,8463.450853051903,8475.532015828221,high
SIT-safe,10465.231356043902,10468.77267052175,high
SIT-safe,9470.582253811845,9489.132731637477,high
SIT-safe,8520.122477295015,8545.646369239443,high
SIT-safe,8077.010229024023,8114.574652950383,high
SIT-safe,8747.518353140875,8769.325774333727,high
SIT-safe,10170.109398864255,10242.77386924295,high
SIT-safe,9746.131506904745,9795.739201044262,high
SIT-safe,8913.617162553062,8932.751654642689,high
SIT-safe,7536.944844758119,7568.079837816235,high
SIT-safe,8942.230182126727,8945.344105392487,high
SIT-safe,10529.705988433789,10727.778648753163,high
SIT-safe,9223.088586678718,9235.902677528476,high
SIT-safe,9213.304009424015,9230.269773497334,high
SIT-safe,7742.346680407506,7753.022322489567,high
SIT-safe,8426.560523764552,8486.021939560254,high
SIT-safe,10650.652890079482,10744.797425448542,high
SIT-safe,9304.504471822556,9347.849852565749,high
SIT-safe,8507.232496817147,8528.308163633217,high
SIT-safe,7814.8288294524455,7833.472958026029,high
SIT-safe,8677.518606655283,8719.43143625069,high
SIT-safe,10165.96548062298,10196.694390473403,high
SIT-safe,9550.16233928478,9584.185903112359,high
SIT-safe,8835.105400137445,8841.786812950975,high
SIT-safe,7418.002816811466,7433.418247237101,high
SIT-safe,9038.22545782051,9045.535188981477,high
SIT-safe,10051.294854652237,10085.213328549431,high
SIT-safe,9163.119764378283,9185.564897007174,high
SIT-safe,9087.898916257587,9095.130274055653,high
SIT-safe,7621.243872410575,7641.40330707122,high
SIT-safe,8491.95486736891,8508.074345790714,high
SIT-safe,10281.671179111083,10341.560192913563,high
SIT-safe,9316.633879435316,9322.099137519494,high
SIT-safe,8521.335387534988,8529.657272912455,high
partition,2534.681612215693,2566.129364011822,high
partition,3121.9103090483377,3129.458731778689,high
partition,5884.340601841631,5911.556529788813,high
partition,3489.618304190908,3568.5777386833497,high
partition,2355.9695449141213,2357.1179144276725,high
partition,2524.699453107786,2533.529940131056,high
partition,3182.03208010208,3209.574273469404,high
partition,5925.500688145467,5962.970850060847,high
partition,3303.9530224779783,3337.2794879170046,high
partition,2294.0145280927704,2319.380978518614,high
partition,2571.400522769459,2595.6347823309643,high
partition,3204.0079866397296,3227.283313867262,high
partition,5712.054931981217,5797.993615015138,high
partition,3333.0959853783215,3382.4710912869427,high
partition,2297.7323311711084,2314.8837436465237,high
partition,2433.2481058157323,2475.903567471686,high
partition,3196.2911556592053,3199.9718761874474,high
partition,5777.710477010864,5904.303626055533,high
partition,3407.023143750553,3408.673479212709,high
partition,2291.46139155831,2292.9752854399117,high
partition,2424.9801147711482,2454.4164878107294,high
partition,3083.0592777364204,3099.6193577934437,high
partition,5986.308403534904,6054.239388117501,high
partition,3344.5320075616805,3378.0852242464525,high
partition,2342.3942594798978,2358.0622165781074,high
partition,2504.8675403557713,2514.6253363325795,high
partition,3077.03693634309,3097.826027782322,high
partition,5607.883805871456,5654.594146339243,high
partition,3261.8795897906043,3282.5237424560173,high
partition,2325.5644923222794,2336.660593974313,high
partition,2558.7603915570267,2566.579667529321,high
partition,3185.8967593475077,3206.75493607504,high
partition,5888.637228873584,5994.346186347864,high
partition,3366.8092437611517,3390.9064256947922,high
partition,2361.5102918723096,2383.44929387944,high
partition,2490.6382376002184,2544.9175918046703,high
partition,3137.033113154503,3140.9227933446073,high
partition,6123.431875464318,6198.444270949512,high
partition,3528.5846395400345,3562.8036334150866,high
partition,2417.5707287512623,2422.951903256986,high
partition,2732.431748436417,2763.9697021364072,high
partition,3235.9905795400937,3259.764152232821,high
partition,5662.019016452518,5720.375930790575,high
partition,3240.0366026341217,3263.125994433179,high
partition,2312.9402543199067,2331.2193945325926,high
partition,2522.219974194152,2534.6915696265123,high
partition,3139.789017707244,3148.1064413777663,high
partition,5616.195222901514,5640.09295859524,high
partition,3195.369295501867,3202.562770680189,high
partition,2444.663113930299,2478.012782683381,high
partition,2406.445095617425,2417.7349718016394,high
partition,3300.472935514983,3350.324109498335,high
partition,6002.90174410649,6043.077233321292,high
partition,3281.98849970489,3304.5992783354195,high
partition,2359.7786954759436,2366.927416872032,high
partition,2449.4480784351017,2479.6589226572937,high
partition,3134.4658531737464,3151.7740713218936,high
partition,5819.522806697617,5857.179872317991,high
partition,3211.570470569921,3239.4602623432656,high
partition,2413.0968872153335,2441.4974251009617,high
partition,2575.480913152353,2632.28515920137,high
partition,3229.6128766554953,3250.5648181336924,high
partition,6123.509036667224,6163.35572991831,high
partition,3278.3855708370584,3284.769529066012,high
partition,2274.902734812966,2285.34232966266,high
partition,2610.9666701097854,2654.5017847787467,high
partition,3090.1082161600066,3127.342913970454,high
partition,5743.247897493631,5772.956613339211,high
partition,3237.5212773457865,3241.0239796739506,high
partition,2287.63126070552,2289.448704186527,high
partition,2448.3212335005705,2465.630229974716,high
partition,3342.887991926307,3363.4164315446174,high
partition,5809.107910652418,5827.652620197785,high
partition,3271.2757410264735,3358.2537284041523,high
partition,2329.936041619332,2345.007352443007,high
partition,2580.474736743495,2607.385389644398,high
partition,3091.738655412201,3110.2201244275225,high
partition,5719.9766582773345,5736.787827868864,high
partition,3218.2239263487854,3240.53544349403,high
partition,2365.6020461187954,2382.657337288245,high
partition,2498.1942465506577,2538.991741625914,high
partition,3216.4128307823653,3232.70040189235,high
partition,6037.0697624671675,6101.101427638878,high
partition,3356.347738096268,3386.8940196720923,high
partition,2308.208394470607,2331.2557707989763,high
partition,2747.751101491431,2760.2018179197075,high
partition,3217.9355673115947,3229.9475426252343,high
partition,6025.096874390548,6050.381750780209,high
partition,3299.9452542932713,3319.198369119234,high
partition,2367.0067175760664,2382.2222457610937,high
partition,2464.1863384423787,2528.6711841239794,high
partition,3095.384130275842,3111.3514362278665,high
partition,5634.389224052543,5664.6055560049845,high
partition,3299.1476999472025,3342.106174225338,high
partition,2334.6874479903877,2343.2710458959364,high
partition,2437.697289179515,2469.445317249625,high
partition,3137.42758030825,3153.669252992011,high
partition,6026.857080700731,6072.925180761003,high
partition,3339.333252799334,3372.8731379070477,high
partition,2365.9562148280866,2375.323755133511,high
partition,2668.1900789078004,2673.2569574453237,high
partition,3157.8306272973996,3223.3715008431145,high
partition,6126.777909812467,6154.893383525907,high
partition,3255.8525110307087,3262.1406804755625,high
partition,2330.5555301704458,2356.35408582082,high
partition,2496.1956471856784,2511.6974408042006,high
partition,3103.6770621822943,3130.721084709485,high
partition,6065.956272168248,6113.42377006891,high
partition,3403.582613940719,3429.609632875493,high
partition,2233.287334363695,2248.6953246749636,high
partition,2379.954837349157,2451.9123451316445,high
partition,3141.9463872251054,3170.8668046849716,high
partition,5790.137925038258,5792.878687336335,high
partition,3319.801709587487,3389.9131364976042,high
partition,2339.1727973385614,2354.0774875789534,high
partition,2367.9153888675646,2411.11653805291,high
partition,3155.688576508582,3167.4065806730405,high
partition,5659.140766201952,5761.397660315293,high
partition,3307.1140373557937,3330.6480758431403,high
partition,2321.5558093294203,2345.683540817071,high
partition,2514.275696670093,2543.7729700027385,high
partition,3149.429894287608,3161.4453171689897,high
partition,6165.352973193767,6249.537290787966,high
partition,3249.5373848210197,3294.216738509163,high
partition,2439.8721551462277,2449.6038861558536,high
partition,2470.4200706046927,2478.7664434481294,high
partition,3161.8840314708873,3182.5074069168286,high
partition,5879.395554304194,5921.347140397456,high
partition,3299.5137569303733,3304.371213165401,high
partition,2409.386287219825,2422.425565865148,high
partition,2531.7531912439713,2566.1685337158688,high
partition,3203.2219204959956,3209.002321995258,high
partition,5513.9260899596375,5550.908424366045,high
partition,3261.377459990015,3334.549017125639,high
partition,2331.079884835628,2351.0441208432285,high
partition,2526.845139007823,2539.2145750462823,high
partition,3110.69347771715,3120.2439835340947,high
partition,5784.264736469513,5797.282514711416,high
partition,3601.028169935702,3615.8677050732203,high
partition,2314.147481733813,2335.4224454071036,high
partition,2477.409176376023,2489.560177667966,high
partition,3322.0612188690657,3348.294392974238,high
partition,5860.747411114892,5942.043196206201,high
partition,3334.149090731382,3380.927849710471,high
partition,2340.8277406792613,2352.050349560697,high
partition,2476.501894272685,2505.142666197824,high
partition,3126.3504640959136,3167.937047789798,high
partition,6132.794040277654,6198.810069289491,high
partition,3307.6456153558097,3315.5453785162617,high
partition,2336.3148528113866,2350.7730024326443,high
partition,2616.8660234869785,2626.5228807587628,high
partition,3043.077567932566,3078.3620397602444,high
partition,5815.739643127856,5838.848871461209,high
partition,3267.5042427217154,3303.2375756578776,high
partition,2298.021539151546,2301.158204521438,high
partition,2421.023983636745,2445.4843313379915,high
partition,3218.328467119227,3223.576985012216,high
partition,5723.546608310163,5744.8103000933625,high
partition,3250.982703899974,3272.878723817294,high
partition,2301.3992302230904,2303.781288858806,high
partition,2532.6235936329263,2545.895932505484,high
partition,3041.7075170628727,3061.211759483631,high
partition,5982.53800922943,6006.763617626555,high
partition,3285.3842348877242,3326.4389016388805,high
partition,2298.2179976792936,2312.792866866861,high
partition,2842.347439154771,2885.798030295404,high
partition,3172.743562276414,3183.5460278584533,high
partition,5900.153874342981,5921.162928485615,high
partition,3298.234055058998,3378.7779497927777,high
partition,2340.2146719403718,2376.5599191989295,high
partition,2527.9303638289502,2552.963334429539,high
partition,3137.952083576762,3141.440977844869,high
partition,5785.575878868866,5894.093723656417,high
partition,3282.4516931546495,3297.774572330468,high
partition,2363.6798456865527,2396.0916033688613,high
partition,2578.1257930078004,2605.804677883951,high
partition,3141.3928258761775,3144.6060984121177,high
partition,5920.743385746015,5945.689901346232,high
partition,3389.9214039590606,3434.328740135504,high
partition,2333.540270416888,2368.3842394590138,high
partition,2564.4613699742363,2598.3624220055717,high
partition,3283.6658548957844,3297.5217563433216,high
partition,5961.352618213132,6008.455803794002,high
partition,3245.0819041538507,3262.5906831581715,high
partition,2372.123017238609,2375.5641246697487,high
partition,2429.695501642947,2468.2501869682974,high
partition,3106.3659917655473,3126.2396063031056,high
partition,6404.916810043546,6496.412172845671,high
partition,3238.3475765356825,3263.5606903399394,high
partition,2271.856807695477,2290.964586439248,high
partition,2508.592172494384,2524.6099982923183,high
partition,3135.018311340722,3141.3747946234407,high
partition,5710.2675269210895,5764.514765730253,high
partition,3385.523791187804,3400.234459534493,high
partition,2522.674884842698,2574.83222429959,high
partition,2550.1934593284564,2578.9597128510886,high
partition,3200.713690952542,3238.0568163677744,high
partition,6212.777753726911,6260.797676640626,high
partition,3372.912733438489,3427.521645314819,high
partition,2313.235781660825,2334.541664067692,high
random,14611.7017103552,14627.029145506414,high
random,14285.103514651286,14289.710932187307,high
random,17217.694452254313,17248.20463375689,high
random,11986.354533766307,12003.071941303322,high
random,11432.815006131248,11441.692613166695,high
random,13161.941123447794,13176.810516021153,high
random,16384.715856810304,16393.570471172745,high
random,17217.066439275623,17260.758031439305,high
random,12105.720950154,12113.519340402556,high
random,15258.77141011462,15269.747833234655,high
random,12801.026746846686,12807.665695730808,high
random,12944.81679731371,13027.870997468337,high
random,17060.96411282997,17103.421429046524,high
random,16492.195381524485,16527.41228439552,high
random,14367.218386469944,14401.932640871715,high
random,10277.92096067906,10315.199718176991,high
random,11777.902558232796,11803.922047514792,high
random,17626.26530261145,17703.73488753953,high
random,12489.30602412229,12512.80267721241,high
random,11614.183328442543,11621.431492583399,high
random,13109.116975303332,13149.575852680402,high
random,14610.472339441223,14643.479426441014,high
random,13104.272189292049,13153.40987713572,high
random,13668.123526345997,13684.832378815176,high
random,14058.288879970376,14066.942465176411,high
random,13005.301789942798,13018.996505550494,high
random,10686.78752440286,10724.203495551801,high
random,15108.128605283844,15138.261897550703,high
random,13428.111270820782,13460.010444641104,high
random,15186.681829524403,15206.011356469018,high
random,11643.20946230642,11645.678701510205,high
random,14973.372859594092,14994.919317017886,high
random,14397.64638547255,14415.847959455274,high
random,16365.980981341969,16439.307363617605,high
random,15358.058531412724,15368.678302214828,high
random,13202.583691164979,13230.778992075113,high
random,12965.69841427837,12983.891828973772,high
random,13102.296670897667,13169.006726782238,high
random,16401.973507970488,16417.316883997813,high
random,17667.38839982193,17730.548407588263,high
random,10477.607742905391,10542.864413221283,high
random,15491.811212469915,15504.104265504611,high
random,16695.736294973598,16733.323998718417,high
random,16573.319362512953,16634.614120320657,high
random,17403.667419396854,17437.92714960093,high
random,12996.127209404473,13006.331556927627,high
random,16720.23171643156,16726.977893610794,high
random,17743.04336203212,17778.937114787732,high
random,11076.911175778321,11121.90335528969,high
random,17496.540801386986,17503.1560971334,high
random,16722.09881006216,16767.379922683984,high
random,8852.535530483448,8859.183910602249,high
random,16679.276942337903,16763.795401879637,high
random,18982.766055024145,19025.976614834533,high
random,13327.579978248894,13352.118894343776,high
random,12754.447758597948,12762.545813139845,high
random,13045.370855682319,13060.808850207386,high
random,17387.2521255264,17483.907058028853,high
random,10913.412127237523,10959.927942299968,high
random,15766.96736267594,15773.227694813464,high
random,12417.300324124106,12455.700030563818,high
random,16226.637752449313,16242.19019088778,high
random,16012.114454847328,16094.217526752473,high
random,13369.753400565796,13390.46400446352,high
random,14244.385109852667,14255.776315164945,high
random,12256.952895314567,12278.975927950487,high
random,12530.83968764573,12545.772626285992,high
random,11726.90174595593,11870.517548504893,high
random,18384.682235216544,18411.987559029334,high
random,11613.283677025514,11630.069642190703,high
random,12663.584913549867,12707.7156160105,high
random,11170.846206320544,11178.171466154394,high
random,15122.714693514374,15172.430135541304,high
random,16156.80382007582,16170.431590465398,high
random,9749.288104947333,9768.204966761263,high
random,12279.512078965006,12297.652797942766,high
random,16005.298269938383,16052.732686622112,high
random,16603.067201078982,16618.733230998958,high
random,17237.636504110018,17271.71186507168,high
random,13049.631635082158,13058.504989710877,high
random,13938.636653351965,13958.74135740328,high
random,11394.483818530793,11412.321683559727,high
random,13400.360819942158,13442.528170356854,high
random,12471.252970837106,12476.93903176871,high
random,13722.05345374875,13730.015837043327,high
random,15438.453386349265,15500.428232910006,high
random,12142.480115101944,12154.991304306563,high
random,16519.744768892968,16559.05114137831,high
random,12978.394212555808,13014.334160047005,high
random,19030.010053310943,19051.142330534145,high
random,14902.966864707016,14914.630027839958,high
random,15095.356815750481,15106.420926494378,high
random,15300.82381057242,15322.796797985822,high
random,15282.941239249996,15328.372586312424,high
random,10794.909857713154,10823.457162907675,high
random,14668.784881778694,14673.62612367756,high
random,21710.57923497998,21727.493696677673,high
random,15106.865112362588,15180.015156376041,high
random,15649.054036009604,15684.29144520591,high
random,15940.742779286298,15946.477662394329,high
random,10300.735050686986,10312.117003202646,high
random,17238.612359839186,17267.897304518894,high
random,16388.694218023185,16414.14944331611,high
random,17154.278994253073,17181.845316228137,high
random,14770.954840617645,14807.885898901906,high
random,10691.92913654769,10727.147622067165,high
random,14141.405850975729,14220.530370426572,high
random,12864.874501933557,12921.100194254976,high
random,16776.444490179118,16810.112432836966,high
random,13201.019218382933,13227.167891250829,high
random,11818.56769259155,11861.339336717545,high
random,15347.060164029635,15367.585690792972,high
random,17183.097574730247,17261.520440767457,high
random,14364.86366249418,14417.353317110028,high
random,11886.321319958814,11927.61848852914,high
random,12394.263433626698,12414.665873780545,high
random,14593.395988454096,14599.755728317916,high
random,17492.66206365173,17567.855298228882,high
random,14574.993357527615,14580.938349261049,high
random,12024.991719462969,12038.555108404209,high
random,11557.263124262303,11575.7616986641,high
random,11216.415546592902,11248.69711586355,high
random,15482.554949849226,15556.320737331864,high
random,15118.087263089741,15159.05942468694,high
random,16378.881031745135,16396.296058197615,high
random,13277.715966396732,13294.10802806222,high
random,9428.077822580495,9436.810761552042,high
random,14409.656889899328,14433.501532423194,high
random,14825.008207658962,14847.057403998406,high
random,14172.20013048019,14184.341066056786,high
random,13155.475596616923,13197.88983183498,high
random,18285.24325609323,18292.8102048577,high
random,16033.798918805358,16058.495718138267,high
random,15289.060945911375,15300.237178462517,high
random,13543.002100679443,13578.774245284993,high
random,11410.723601470767,11412.664602450635,high
random,11914.076576300942,11923.73578051777,high
random,16119.201978736639,16190.685692144514,high
random,19653.135651956025,19670.961120628454,high
random,19513.628727544492,19522.44146196558,high
random,10312.880142779717,10325.07134115761,high
random,10447.779743299827,10471.381521629428,high
random,14291.6237460753,14310.380512796624,high
random,16365.511937833191,16388.351751811948,high
random,10866.888388797077,10874.786695449602,high
random,8366.163567841772,8390.104339866652,high
random,22433.611337095692,22440.445589079467,high
random,16910.802774851072,16926.000810605172,high
random,11043.836595433631,11072.276089806906,high
random,14815.794729872832,14846.07536483589,high
random,10506.22240783131,10512.632182032317,high
random,9365.840691527552,9392.785231579932,high
random,15674.201242666575,15697.795633186404,high
random,16396.62929748645,16421.24505138956,high
random,15975.606718227787,15982.980345670956,high
random,15226.609619201678,15244.829547843285,high
random,20178.76463821875,20202.423600401242,high
random,16175.042834486447,16304.544848915173,high
random,14233.187431612492,14256.215532634766,high
random,12762.719635904494,12775.915555444853,high
random,14692.965352141728,14741.93472192164,high
random,18103.39780956547,18128.57701778566,high
random,16693.97178578287,16772.698076388828,high
random,13746.212688010588,13755.145186198566,high
random,15004.786115337574,15042.683034571864,high
random,10351.62187361062,10377.82346624524,high
random,17540.097075350997,17544.879570031746,high
random,16157.376339040235,16221.117513270412,high
random,12762.847387829926,12792.991577991248,high
random,18720.840280068547,18733.061390657895,high
random,11712.83163273701,11735.0196357364,high
random,16673.21978081931,16717.131719002675,high
random,14155.966967504539,14191.188843609341,high
random,14670.686645677695,14688.322331442992,high
random,14943.71741681264,14985.973417446132,high
random,14994.520082744588,15020.137736543671,high
random,13099.27830765335,13107.64346162711,high
random,16440.948041827847,16472.665996855918,high
random,14746.541715690457,14784.250532087834,high
random,12809.440806583118,12825.610533527137,high
random,14934.813120372268,14951.350590890808,high
random,19140.60337303825,19160.095745428625,high
random,17777.721389027323,17833.194060923244,high
random,15883.63270535152,15893.968122458384,high
random,12240.769289965876,12259.556249191228,high
random,12484.471513123854,12496.16913086053,high
random,11781.050186999832,11786.414223966527,high
random,16967.969697661447,16989.24214362233,high
random,17554.866939288248,17566.37893776493,high
random,13533.714961056405,13543.165670605082,high
random,13431.874231967402,13443.368846570283,high
random,20308.862735858336,20344.480992788147,high
random,16535.329297084776,16549.980806489766,high
random,11096.358279162296,11113.866608931825,high
random,12417.379978530751,12436.96948201867,high
random,10889.555283052623,10908.546427041096,high
random,13336.023463707063,13343.662315876925,high
random,16764.22547843922,16844.89800284511,high
random,14416.46307313287,14458.343966476503,high
random,19332.028088750954,19338.87544147575,high
oracle,7722.969322662751,7738.365991452557,high
oracle,8608.668908440983,8634.744225808605,high
oracle,10448.977860192623,10518.222610351731,high
oracle,9368.381705346997,9391.581600068937,high
oracle,8509.51554095049,8516.236921627064,high
oracle,7782.311984223165,7817.262311663431,high
oracle,8723.529424379376,8728.470118911362,high
oracle,10087.731929627284,10123.272946784185,high
oracle,9745.117972913265,9778.401278112511,high
oracle,8906.262902638902,8938.687941580934,high
oracle,7509.267609457706,7513.962128531384,high
oracle,9037.874120115453,9069.491428799374,high
oracle,10082.384733534125,10165.27004858567,high
oracle,9182.98381779299,9207.192930003885,high
oracle,9198.483443983187,9220.972031239384,high
oracle,7754.580770541332,7788.349366840366,high
oracle,8578.474526588392,8602.667681729949,high
oracle,10340.315792247575,10385.319230187317,high
oracle,9403.843055181538,9441.57822520809,high
oracle,8513.902291403941,8522.202176134953,high
oracle,7967.641240045556,8013.0476808706035,high
oracle,8884.928190278559,8909.295442735873,high
oracle,10440.609835424159,10456.15387048021,high
oracle,9582.123944328172,9586.034036966868,high
oracle,8855.060791569646,8882.948708836182,high
oracle,7439.318977919959,7476.835073965239,high
oracle,9004.563585930957,9029.80897310771,high
oracle,10243.31795123779,10281.405165655593,high
oracle,9238.664340213423,9277.972789685322,high
oracle,9332.576529067257,9355.816637048336,high
oracle,7705.679256160409,7729.515051507471,high
oracle,8542.557398344463,8589.506492659577,high
oracle,10420.130137902088,10505.997315235089,high
oracle,9466.048076813047,9503.949683361452,high
oracle,8632.281305674342,8660.598047049485,high
oracle,7990.501901107978,8049.892181569745,high
oracle,8745.43918345057,8773.2212529336,high
oracle,10381.77100592285,10450.961789042003,high
oracle,9540.259404952736,9566.238860339185,high
oracle,8999.071570694492,9021.61746911914,high
oracle,7525.810604324361,7557.76512006731,high
oracle,9095.978606904828,9107.336341778151,high
oracle,10347.104911469802,10501.241400847113,high
oracle,9195.766732750328,9204.290666900954,high
oracle,9158.736145468709,9164.169907743792,high
oracle,7827.101477045262,7835.3829098896385,high
oracle,8440.927635835593,8455.537688865246,high
oracle,10298.068212768874,10344.352627632867,high
oracle,9328.176110148785,9351.021391230759,high
oracle,8519.966224881866,8533.954534278353,high
oracle,7852.633851996713,7865.567606351551,high
oracle,8779.362115065709,8825.358864881091,high
oracle,10447.674333674826,10533.930984787352,high
oracle,9577.63300794327,9589.733274741737,high
oracle,8898.198349180673,8910.894475586698,high
oracle,7510.472958806366,7532.668181857617,high
oracle,8972.673846309723,8994.800086027079,high
oracle,10182.219450013974,10201.019923814367,high
oracle,9252.764694081277,9270.363192421933,high
oracle,9134.192463496662,9165.030224471215,high
oracle,7686.979141383106,7735.748803312821,high
oracle,8436.479640685802,8472.57297715688,high
oracle,10504.507082784261,10606.351512667003,high
oracle,9289.519769357135,9310.188004183612,high
oracle,8511.05988228605,8528.565172169323,high
oracle,8045.837481481907,8071.4341118144575,high
oracle,8753.24639317546,8766.122475896009,high
oracle,10604.877138466962,10650.260316915414,high
oracle,9702.25321035586,9730.969651536387,high
oracle,8840.783330498161,8847.243380377326,high
oracle,7606.00819837221,7629.798015109377,high
oracle,8949.28707420761,8977.917958631551,high
oracle,10125.911909668657,10146.838595236768,high
oracle,9300.769507314839,9323.76312064124,high
oracle,9187.419563106321,9193.841052397736,high
oracle,7620.323501550249,7657.180652938909,high
oracle,8522.933010260533,8525.248971730554,high
oracle,10623.335440198722,10629.153236464945,high
oracle,9483.673552056822,9510.853246120892,high
oracle,8502.238015986812,8520.659104641927,high
oracle,7984.803739074776,7991.344599735489,high
oracle,8783.898695338894,8800.656849327286,high
oracle,10280.008976361529,10342.25027742784,high
oracle,9565.004978062563,9583.456628294129,high
oracle,8858.844875084487,8886.35724158911,high
oracle,7687.214416014815,7707.977994173546,high
oracle,9052.19159734005,9062.47377630168,high
oracle,10241.17705243483,10276.040744300331,high
oracle,9236.608979006029,9252.091261168925,high
oracle,9169.636905811174,9206.925530683144,high
oracle,7727.499986736797,7742.541967832085,high
oracle,8485.21172134931,8503.311858256297,high
oracle,10414.591081557464,10436.999365984133,high
oracle,9435.320668234053,9445.655485318583,high
oracle,8495.580635618813,8501.729054222062,high
oracle,7854.543657872112,7871.478613660485,high
oracle,8821.150677044348,8836.939637803647,high
oracle,9957.154427119629,9990.983933846866,high
oracle,9536.032882141802,9551.269152046381,high
oracle,8980.846765469416,8993.11189023473,high
oracle,7475.975287118519,7499.75938040239,high
oracle,8848.24097875133,8906.857400346653,high
oracle,10241.581007622657,10393.38492593959,high
oracle,9183.698260132196,9191.365557702906,high
oracle,9205.324240156508,9215.841141244526,high
oracle,7695.348066536245,7712.637610697867,high
oracle,8577.482658682335,8614.741421352035,high
oracle,10542.299677829853,10560.879014518201,high
oracle,9323.232782440064,9350.377939341426,high
oracle,8518.306532984368,8530.445384505922,high
oracle,7729.374971419121,7745.478686370054,high
oracle,8698.88845746191,8753.517422414692,high
oracle,10266.741407746827,10287.43408583869,high
oracle,9710.098559279195,9840.358601201526,high
oracle,8880.672101581911,8909.697123592912,high
oracle,7571.6699104484605,7589.986615470686,high
oracle,9011.679260564473,9056.386007544712,high
oracle,10216.939726713375,10223.18750097638,high
oracle,9117.231463324475,9127.52358891784,high
oracle,9202.237829006745,9214.599315240685,high
oracle,7894.967713013424,7921.655841809939,high
oracle,8508.107067829744,8536.234483591521,high
oracle,10238.175325341395,10262.82566934001,high
oracle,9347.741185325724,9372.517522138247,high
oracle,8507.035052924453,8520.870944869741,high
oracle,8006.814507654179,8008.317071366308,high
oracle,8791.720959148128,8814.935891739799,high
oracle,10191.291751645093,10210.80086527857,high
oracle,9475.056430776556,9528.17928186867,high
oracle,8851.551636417194,8871.40330306161,high
oracle,7566.196918158189,7586.022285508263,high
oracle,9005.189764959343,9029.07535334033,high
oracle,10010.045957643448,10074.865479171247,high
oracle,9336.59997057804,9340.719585727833,high
oracle,9184.993796806413,9198.320200705779,high
oracle,7685.949991925015,7693.122711377,high
oracle,8658.896971852882,8677.160494082931,high
oracle,10303.941735261647,10343.482298986528,high
oracle,9477.130511179566,9509.16255328391,high
oracle,8532.334414043868,8542.03281162975,high
oracle,7969.5074039945885,8005.933478059756,high
oracle,8696.07620009539,8725.440932305108,high
oracle,10555.182014981601,10582.983476303425,high
oracle,9588.56197478122,9597.067540773885,high
oracle,8892.155422713533,8910.221625938302,high
oracle,7475.937316228399,7557.531689876571,high
oracle,9008.01656360325,9031.305933806369,high
oracle,10337.357700903764,10423.03791599897,high
oracle,9166.61526338152,9234.979366384738,high
oracle,9188.108529764886,9246.528353012516,high
oracle,7533.794211885318,7556.034994977817,high
oracle,8570.184452558084,8620.246614258009,high
oracle,10383.865674267561,10471.70476019822,high
oracle,9266.107355127455,9276.359861647637,high
oracle,8498.062420595637,8512.650204784244,high
oracle,7782.93558765458,7795.397890451703,high
oracle,8634.936340474893,8671.013342776863,high
oracle,10493.66631113095,10641.359845234449,high
oracle,9665.002278922551,9677.548835696027,high
oracle,8889.511310538039,8914.584234786005,high
oracle,7546.430077883343,7638.695154692635,high
oracle,8907.026340230956,8936.159678031081,high
oracle,10313.339610504256,10322.47921347533,high
oracle,9136.992477953281,9164.391651979991,high
oracle,9164.600431398896,9169.68279598657,high
oracle,7649.173162299179,7670.377703646904,high
oracle,8522.960826965758,8539.482576047329,high
oracle,10420.41639356602,10502.201522173182,high
oracle,9363.265297119748,9374.19799508777,high
oracle,8561.023206690841,8589.60513327158,high
oracle,7943.983208089167,7977.730267138582,high
oracle,8717.967677589708,8725.684260396883,high
oracle,10194.753331266833,10349.048173301297,high
oracle,9897.191051765876,9901.669235155297,high
oracle,8861.369976159005,8887.942050253669,high
oracle,7558.869188691559,7573.6452347882005,high
oracle,8891.796070498262,8920.616379327455,high
oracle,9913.178166249569,9990.892152358985,high
oracle,9144.357786559578,9168.468464106965,high
oracle,9128.537019336009,9134.74577683388,high
oracle,7645.635540639647,7692.230130760425,high
oracle,8577.98874255539,8603.92835167242,high
oracle,10846.41168432482,10935.05971620831,high
oracle,9420.626480400553,9439.538347867905,high
oracle,8584.18652394543,8585.99264733367,high
oracle,7941.524358815597,7957.656826002427,high
oracle,8869.759942385937,8914.200577300784,high
oracle,10437.361872848072,10453.4456731697,high
oracle,9768.059680969985,9807.886937487914,high
oracle,8918.835155492847,8929.638815325306,high
oracle,7562.259046058118,7585.669218176539,high
oracle,8891.649940409581,8901.957722564428,high
oracle,10534.815656834226,10543.934873048187,high
oracle,9091.159822017402,9096.418478501648,high
oracle,9132.362939830982,9180.522777865564,high
oracle,7608.845379196594,7639.931200874908,high
oracle,8589.450076010688,8599.120446983312,high
oracle,10641.259512973935,10724.91353914166,high
oracle,9331.240419493173,9341.70707256062,high
oracle,8514.761387898983,8525.438850185077,high
SIT-safe,10337.500216212944,10363.507101446236,saturation
SIT-safe,11260.912733169782,11274.51147068027,saturation
SIT-safe,13592.377352447576,13643.523634866027,saturation
SIT-safe,12486.51606961389,12497.626098234061,saturation
SIT-safe,11321.576457271378,11331.849498587535,saturation
SIT-safe,10415.038705688221,10484.053371912116,saturation
SIT-safe,11518.387786458707,11534.559083855493,saturation
SIT-safe,13015.6677218075,13024.334437449359,saturation
SIT-safe,12610.634638275125,12663.10705871995,saturation
SIT-safe,11742.135179798248,11745.938145837497,saturation
SIT-safe,10074.525868239949,10107.212086551279,saturation
SIT-safe,11981.045991855977,12001.926659549094,saturation
SIT-safe,13792.496220552397,13801.938773795644,saturation
SIT-safe,12086.76630003038,12112.262439289618,saturation
SIT-safe,12163.030598514102,12190.217174103858,saturation
SIT-safe,10266.0370267905,10279.52783096645,saturation
SIT-safe,11213.50765790416,11234.260988574315,saturation
SIT-safe,13473.368622037224,13493.716080587441,saturation
SIT-safe,12512.353208975212,12536.955588616014,saturation
SIT-safe,11249.77795228247,11272.069211660106,saturation
SIT-safe,10383.03036388779,10405.728829814285,saturation
SIT-safe,11589.183985102805,11598.720901796964,saturation
SIT-safe,13444.600001952467,13518.234871728295,saturation
SIT-safe,13002.17212557588,13015.151203076904,saturation
SIT-safe,11685.634770535751,11689.917979523378,saturation
SIT-safe,9899.697383647503,9938.186594145445,saturation
SIT-safe,11811.898412881468,11832.5596853416,saturation
SIT-safe,13186.713199206552,13204.20439550334,saturation
SIT-safe,12145.671060137049,12173.372767141584,saturation
SIT-safe,12198.86793506741,12226.808035338156,saturation
SIT-safe,10257.565131297695,10303.959652921818,saturation
SIT-safe,11299.461767492885,11326.255635821666,saturation
SIT-safe,13592.886133333397,13623.747841311526,saturation
SIT-safe,12365.384505769542,12373.979022739266,saturation
SIT-safe,11294.602860003662,11302.076471730947,saturation
SIT-safe,10538.024399046064,10579.493175563523,saturation
SIT-safe,11536.621986682272,11573.590162117394,saturation
SIT-safe,13112.055900021584,13232.54269303919,saturation
SIT-safe,12784.095493419754,12868.579657386243,saturation
SIT-safe,11734.981006543978,11746.868559856302,saturation
SIT-safe,9913.7126427865,9964.356360529662,saturation
SIT-safe,11952.104278444549,11965.803982087727,saturation
SIT-safe,13383.201235648565,13423.644016923967,saturation
SIT-safe,12074.823460520158,12083.17638572185,saturation
SIT-safe,12189.731344819811,12198.093531536451,saturation
SIT-safe,10150.631352096014,10156.92213133804,saturation
SIT-safe,11197.212083382468,11228.55131148156,saturation
SIT-safe,13972.187821241036,14014.560766263727,saturation
SIT-safe,12470.923998501466,12517.24988299715,saturation
SIT-safe,11265.283475948803,11268.423198024278,saturation
SIT-safe,10267.920919189484,10286.172051514903,saturation
SIT-safe,11543.661571562661,11553.68210325181,saturation
SIT-safe,13429.103751844365,13485.884511973585,saturation
SIT-safe,12748.834380556344,12754.606923942658,saturation
SIT-safe,11766.354750924089,11787.280127924336,saturation
SIT-safe,10054.111006845145,10106.200798645154,saturation
SIT-safe,11833.78659061684,11845.549153493495,saturation
SIT-safe,13279.828355316326,13284.55208929019,saturation
SIT-safe,12130.204722891658,12209.864365459078,saturation
SIT-safe,12207.994296456049,12209.918630397518,saturation
SIT-safe,10079.903414764161,10108.71346374981,saturation
SIT-safe,11256.325884221793,11273.7993359842,saturation
SIT-safe,13958.58981316977,13998.500000245302,saturation
SIT-safe,12436.616956341357,12459.346712098126,saturation
SIT-safe,11303.85387322883,11307.253723075348,saturation
SIT-safe,10536.414228807884,10582.310098807893,saturation
SIT-safe,11575.885740537678,11584.833164094918,saturation
SIT-safe,13475.98036679154,13646.88835358978,saturation
SIT-safe,12660.085892011804,12713.194943342978,saturation
SIT-safe,11727.401596504038,11739.580704930351,saturation
SIT-safe,9863.695717585844,9887.723782748977,saturation
SIT-safe,11942.471913253214,11980.26895308989,saturation
SIT-safe,13226.962694540218,13246.175771745617,saturation
SIT-safe,12339.045533406299,12351.475395687616,saturation
SIT-safe,12257.869701241421,12275.066583229975,saturation
SIT-safe,10212.83999784269,10319.275903740132,saturation
SIT-safe,11348.929755804926,11384.993379063457,saturation
SIT-safe,13875.193593279077,13890.9349985663,saturation
SIT-safe,12299.088285867838,12313.418114774031,saturation
SIT-safe,11356.177370705282,11361.441603438197,saturation
SIT-safe,10373.658350634594,10394.022141303813,saturation
SIT-safe,11716.576580441139,11733.659591894826,saturation
SIT-safe,13515.729122587658,13629.66480314554,saturation
SIT-safe,12718.356509843421,12751.935710919199,saturation
SIT-safe,11806.07065970819,11814.553007304097,saturation
SIT-safe,9858.902951102695,9862.575483435916,saturation
SIT-safe,11892.449350478897,11918.649546162482,saturation
SIT-safe,13193.880545203654,13244.557764850795,saturation
SIT-safe,12063.923556082656,12091.050822208701,saturation
SIT-safe,12205.938207954816,12210.622545068914,saturation
SIT-safe,10208.876476169766,10223.540265582858,saturation
SIT-safe,11186.607664324454,11193.395819517194,saturation
SIT-safe,13671.536047722528,13687.268396892916,saturation
SIT-safe,12387.07799380761,12397.604871688594,saturation
SIT-safe,11276.553386184396,11293.23931227711,saturation
SIT-safe,10587.779012583263,10601.284758920781,saturation
SIT-safe,11549.14371662804,11568.681166315095,saturation
SIT-safe,13377.387153845882,13394.117619927129,saturation
SIT-safe,12590.685310838384,12621.170188096017,saturation
SIT-safe,11856.254319241089,11860.980027974947,saturation
SIT-safe,9957.672228031719,9972.08334649018,saturation
SIT-safe,11967.921733128445,11980.940178557226,saturation
SIT-safe,13272.617381154963,13407.851474896655,saturation
SIT-safe,12061.507513486285,12072.909740199313,saturation
SIT-safe,12146.106615117897,12147.508474227747,saturation
SIT-safe,10096.07794700509,10107.557120779737,saturation
SIT-safe,11249.046553456907,11278.063803780806,saturation
SIT-safe,13520.852633630979,13578.976652341378,saturation
SIT-safe,12391.694682691776,12405.915755084305,saturation
SIT-safe,11337.199581609464,11359.820217749511,saturation
SIT-safe,10425.529265987596,10432.87894250833,saturation
SIT-safe,11635.959352348516,11686.839839564253,saturation
SIT-safe,13692.256906238434,13723.408232976464,saturation
SIT-safe,12627.003888414185,12663.533483838346,saturation
SIT-safe,11772.663295980896,11781.466656518802,saturation
SIT-safe,9919.250261297866,9952.077853082093,saturation
SIT-safe,11898.163770301546,11907.851433269254,saturation
SIT-safe,13500.495547242735,13653.99419471668,saturation
SIT-safe,12149.910768719874,12155.361371956642,saturation
SIT-safe,12170.30979479319,12209.471942575128,saturation
SIT-safe,10225.896199006658,10235.945906678298,saturation
SIT-safe,11216.086380758137,11226.757214530502,saturation
SIT-safe,13547.181999741222,13585.56440670733,saturation
SIT-safe,12290.947577731764,12305.573053453547,saturation
SIT-safe,11304.476138587946,11309.054074439982,saturation
SIT-safe,10719.392242121905,10733.539441229295,saturation
SIT-safe,11581.651383561939,11587.852190307118,saturation
SIT-safe,13211.98967415815,13256.908331389044,saturation
SIT-safe,12771.674589725724,12797.115462221482,saturation
SIT-safe,11799.700379783386,11823.369682843033,saturation
SIT-safe,9933.88120457046,9944.09821852353,saturation
SIT-safe,11923.659292268496,11955.669918914038,saturation
SIT-safe,13338.177571438542,13343.91354828677,saturation
SIT-safe,12161.136978949073,12211.213109951474,saturation
SIT-safe,12288.473560785184,12299.539656847846,saturation
SIT-safe,10135.311701771603,10156.783419535313,saturation
SIT-safe,11262.570019259485,11278.117571002851,saturation
SIT-safe,13475.196874053918,13529.452960723076,saturation
SIT-safe,12289.687484139498,12316.758995189317,saturation
SIT-safe,11284.237390493152,11312.0068875385,saturation
SIT-safe,10651.887053798511,10673.241662922199,saturation
SIT-safe,11634.426448823042,11656.791351838783,saturation
SIT-safe,13622.039506907842,13672.50020797395,saturation
SIT-safe,12675.552472875595,12742.875051036217,saturation
SIT-safe,11848.937319603816,11864.595583497892,saturation
SIT-safe,9852.026211532062,9945.469899060787,saturation
SIT-safe,11933.370771665732,11955.483455908521,saturation
SIT-safe,13705.22491947344,13762.415158566142,saturation
SIT-safe,12221.732674383058,12238.499710414839,saturation
SIT-safe,12141.99172609614,12150.413865006636,saturation
SIT-safe,10086.878130251773,10115.934584259923,saturation
SIT-safe,11319.723475963236,11333.091547687058,saturation
SIT-safe,14004.705493623069,14069.983731160457,saturation
SIT-safe,12331.938430892205,12366.30408950474,saturation
SIT-safe,11295.663369824264,11304.278946354689,saturation
SIT-safe,10389.18478782292,10400.053193872118,saturation
SIT-safe,11508.536382387561,11521.286972031981,saturation
SIT-safe,13398.14659203316,13538.610862230431,saturation
SIT-safe,12631.897715661,12666.92925924157,saturation
SIT-safe,11781.731439059575,11795.280998933422,saturation
SIT-safe,9823.221743925533,9858.405046079177,saturation
SIT-safe,11839.843245544498,11883.301150211752,saturation
SIT-safe,13332.693095529528,13371.246566989568,saturation
SIT-safe,12216.396925737406,12265.402748259905,saturation
SIT-safe,12202.33429059428,12208.29716379086,saturation
SIT-safe,10161.670623857062,10185.377192616845,saturation
SIT-safe,11283.949591322305,11295.180729384598,saturation
SIT-safe,13550.947394080864,13580.131055703318,saturation
SIT-safe,12430.349852097272,12494.762229576323,saturation
SIT-safe,11293.8681986014,11300.758279821792,saturation
SIT-safe,10404.598928252848,10428.426797773602,saturation
SIT-safe,11684.776257460897,11696.35193939211,saturation
SIT-safe,13562.737162748215,13642.833234443839,saturation
SIT-safe,12789.13396824639,12858.231264074386,saturation
SIT-safe,11703.487590442173,11709.000557631673,saturation
SIT-safe,10049.16276740815,10082.205864653313,saturation
SIT-safe,11709.958073002956,11730.38981544352,saturation
SIT-safe,13491.60911352767,13589.144037023274,saturation
SIT-safe,12196.753177118446,12246.600537947596,saturation
SIT-safe,12177.167719254805,12201.31167422453,saturation
SIT-safe,10258.267573532909,10271.023661808154,saturation
SIT-safe,11256.308559884175,11262.81001461836,saturation
SIT-safe,13607.277751323845,13617.115789794687,saturation
SIT-safe,12352.691768941468,12362.125598713652,saturation
SIT-safe,11340.405752588862,11365.698060101024,saturation
SIT-safe,10456.661415281611,10473.169195322153,saturation
SIT-safe,11463.715972656095,11474.152535444126,saturation
SIT-safe,13389.332597099043,13466.689121481642,saturation
SIT-safe,12706.54424672796,12727.98555967807,saturation
SIT-safe,11776.014337468954,11811.50408898195,saturation
SIT-safe,9983.334940683326,10007.921154184522,saturation
SIT-safe,11889.996020610655,11909.073869016214,saturation
SIT-safe,13422.897513320106,13476.92964248298,saturation
SIT-safe,12193.39909188251,12201.246548236835,saturation
SIT-safe,12223.14465683245,12233.276827222871,saturation
SIT-safe,10041.059595482882,10090.599243284487,saturation
SIT-safe,11279.29488210113,11290.438604369028,saturation
SIT-safe,13638.946269632599,13690.596192516494,saturation
SIT-safe,12448.304879209927,12496.856208659068,saturation
SIT-safe,11369.635553293932,11374.33708619174,saturation
partition,3349.230341629889,3364.5269045667674,saturation
partition,4037.5592181802986,4047.0535258561436,saturation
partition,7325.048671370784,7345.012778639451,saturation
partition,4337.250766198658,4377.502949238824,saturation
partition,3072.493217999508,3098.2453808081195,saturation
partition,3203.3263654363045,3223.737545699472,saturation
partition,4136.971540032584,4213.487354800099,saturation
partition,7408.694519424621,7441.383798624336,saturation
partition,4292.788771354807,4320.092163641427,saturation
partition,3091.8025932664336,3096.7590556019377,saturation
partition,3407.8279572583165,3416.3957866225646,saturation
partition,4135.688137327712,4180.624633401316,saturation
partition,7677.384064716496,7729.676688508371,saturation
partition,4424.179735688162,4432.107238423929,saturation
partition,3088.7558349745987,3120.308337746642,saturation
partition,3164.6190869559277,3168.8561415777885,saturation
partition,4010.776266859407,4044.784387855938,saturation
partition,7443.175579501389,7499.079072696108,saturation
partition,4356.628860009652,4399.92981491121,saturation
partition,3074.4345408993936,3082.2084782932307,saturation
partition,3199.1170062210285,3218.05730771433,saturation
partition,4136.358318057914,4209.047307421981,saturation
partition,7654.132917165401,7678.196645733655,saturation
partition,4119.880884317113,4133.880433253612,saturation
partition,3123.779793095627,3136.484766493051,saturation
partition,3083.677621910048,3117.262664642657,saturation
partition,4020.547301527641,4070.302153962331,saturation
partition,7243.455223245868,7330.048614944637,saturation
partition,4171.036204837214,4183.274608314923,saturation
partition,3041.019768766129,3051.6422985092026,saturation
partition,3267.3009746745543,3284.570917236598,saturation
partition,4314.524574836271,4345.548441745924,saturation
partition,7614.0966542126025,7670.367910995008,saturation
partition,4241.336898536651,4247.413749875723,saturation
partition,3121.560235908856,3130.6422216322044,saturation
partition,3452.31229279804,3474.616653475715,saturation
partition,4169.841843401121,4206.3288031285265,saturation
partition,7465.788096215264,7499.48625355032,saturation
partition,4297.708316658321,4321.392299263138,saturation
partition,2981.7063016464767,2986.425380287749,saturation
partition,3181.7124739271076,3198.7420273467906,saturation
partition,4199.76250654827,4241.4202106403245,saturation
partition,7393.609138281327,7426.784980914319,saturation
partition,4321.524986794216,4424.123385919669,saturation
partition,3034.040302577762,3041.7484459227107,saturation
partition,3163.183499575345,3196.75873534824,saturation
partition,4170.055203055113,4191.3622915985525,saturation
partition,7145.028194601952,7217.917302876329,saturation
partition,4379.856029058976,4391.13235191807,saturation
partition,3085.1350453749446,3089.427021311414,saturation
partition,3253.6276833136735,3284.098564705014,saturation
partition,4132.943275948152,4153.305013198433,saturation
partition,7462.703272082942,7536.548680765785,saturation
partition,4366.775686519885,4393.017478091679,saturation
partition,3106.5366443347198,3140.678617988462,saturation
partition,3273.8805677360538,3321.5449998347085,saturation
partition,4243.480158424362,4246.613793997713,saturation
partition,7711.208102929385,7783.092721051225,saturation
partition,4369.561554629997,4379.08190130336,saturation
partition,3058.3152546301326,3077.98410485546,saturation
partition,3086.787795422124,3098.41776960928,saturation
partition,4190.890053295914,4229.854647019772,saturation
partition,7469.200095608196,7483.5197312648725,saturation
partition,4378.671288405257,4400.155179347383,saturation
partition,3298.1772036142265,3312.127078063078,saturation
partition,3272.3230745005635,3301.9503124126777,saturation
partition,4223.284093128245,4243.5727250310665,saturation
partition,7402.280802762421,7429.381384072967,saturation
partition,4462.933632834461,4500.549015552029,saturation
partition,3004.0059317252862,3010.8808582813945,saturation
partition,3302.2812933544546,3325.196038613004,saturation
partition,4106.405612747758,4121.439678871194,saturation
partition,7666.820214225227,7693.399339180971,saturation
partition,4350.759162495216,4423.614214674364,saturation
partition,3116.2211169314587,3169.870772598718,saturation
partition,3349.8410622203432,3405.174257150541,saturation
partition,4144.936053228014,4168.713401920149,saturation
partition,7619.036430078822,7645.00980627122,saturation
partition,4298.737846285048,4318.0991588540455,saturation
partition,3025.474993396651,3038.4891807392623,saturation
partition,3176.0619327197523,3214.67026160571,saturation
partition,4106.040080695969,4117.95520687639,saturation
partition,7453.1995659609165,7477.83314042987,saturation
partition,4301.652125600422,4334.295044417278,saturation
partition,2981.3816071647852,3012.7344097608793,saturation
partition,3312.7027958461367,3344.5258904886628,saturation
partition,4206.724879110529,4233.432414134596,saturation
partition,7530.500094612801,7568.907519370055,saturation
partition,4538.770073289205,4554.416395091225,saturation
partition,3183.0806114127045,3214.2593609424625,saturation
partition,3187.910868397224,3232.4065757816606,saturation
partition,4194.170983165788,4203.87528332056,saturation
partition,7439.065262298647,7540.122654501871,saturation
partition,4300.673624680524,4314.016152673012,saturation
partition,3138.679397756075,3142.5926997418655,saturation
partition,3197.2605660494473,3216.6174496862945,saturation
partition,4148.1156746578245,4169.471406877583,saturation
partition,7890.172614296083,7890.398654084187,saturation
partition,4326.535513735865,4347.789447760951,saturation
partition,3062.3908001455616,3069.391252899249,saturation
partition,3241.3357354293835,3262.215849347344,saturation
partition,4112.411352779241,4137.553345693237,saturation
partition,7605.219380662857,7626.810656082,saturation
partition,4341.78305478899,4364.390097320827,saturation
partition,3098.6160403037857,3108.8349002343275,saturation
partition,3333.9245987719755,3360.284452929722,saturation
partition,4058.0581246883858,4076.171853298775,saturation
partition,7548.779683042317,7652.886987261185,saturation
partition,4334.990361610362,4344.301409791444,saturation
partition,2998.3519673421833,3007.747221265454,saturation
partition,3288.5534618168113,3307.617819728212,saturation
partition,4124.02434976815,4136.948183742788,saturation
partition,7390.02545897317,7407.710543688807,saturation
partition,4204.589228717473,4242.800654477191,saturation
partition,3121.188099709591,3138.971711937298,saturation
partition,3311.8228269862593,3397.167914218362,saturation
partition,4233.752466015047,4263.434511194482,saturation
partition,7404.0551190523665,7425.6349853042275,saturation
partition,4450.244671588184,4492.901966901429,saturation
partition,3143.7331192829697,3165.792405176546,saturation
partition,3158.1247051820583,3178.769560215317,saturation
partition,4195.880133569428,4203.977008395777,saturation
partition,7778.879768592397,7807.330019358331,saturation
partition,4334.739152866589,4363.600339924362,saturation
partition,3120.7312261617517,3136.862318579012,saturation
partition,3352.849355604677,3391.6519026410783,saturation
partition,4155.015521413694,4174.686447623064,saturation
partition,7852.783704626922,7916.805137589144,saturation
partition,4368.454031940685,4383.541676676368,saturation
partition,3037.319657696004,3039.494119159826,saturation
partition,3561.4681374147435,3586.947273771312,saturation
partition,4085.95424077689,4098.053896550569,saturation
partition,7489.414888193794,7552.107530785629,saturation
partition,4477.898549974736,4489.358531597303,saturation
partition,3089.5177439597605,3099.0377126582944,saturation
partition,3246.4778397705277,3260.8471292635977,saturation
partition,4419.687765622577,4450.371159668579,saturation
partition,7767.7274257810195,7847.25689233019,saturation
partition,4273.2155311468705,4286.286098970808,saturation
partition,3113.381789117286,3128.0072006289547,saturation
partition,3302.322871487551,3344.9425903135584,saturation
partition,4284.505077956726,4358.21921725073,saturation
partition,7305.957547474742,7325.946404699902,saturation
partition,4306.966301704122,4339.621350585361,saturation
partition,3139.147223902944,3153.5452111672016,saturation
partition,3384.6528804635454,3425.342688218523,saturation
partition,4064.312408880728,4083.9568021858704,saturation
partition,7647.779037098041,7689.455683724738,saturation
partition,4229.513946062856,4267.718069384441,saturation
partition,3013.240061493946,3019.868131835444,saturation
partition,3242.7356284475118,3256.9264528626127,saturation
partition,4072.5225558476245,4080.4973506198403,saturation
partition,7726.030967024449,7741.677264670758,saturation
partition,4329.166222372765,4341.393924589342,saturation
partition,2958.824129681419,2961.035039627637,saturation
partition,3163.105016944356,3167.3237615717144,saturation
partition,4208.166337064414,4225.161619897372,saturation
partition,7922.227735733376,7997.689866431088,saturation
partition,4267.494022534648,4274.849078109173,saturation
partition,3069.9587801835164,3079.0666716924106,saturation
partition,3114.6050668541584,3127.7729704003373,saturation
partition,4221.1199286911105,4253.2416935599485,saturation
partition,7725.641828892165,7737.596912703511,saturation
partition,4507.762939894938,4536.792789339659,saturation
partition,3167.435471100669,3179.112141545466,saturation
partition,3184.249142338738,3216.1516007755927,saturation
partition,4363.022139830326,4396.0910866227805,saturation
partition,7603.28859099008,7639.325440876382,saturation
partition,4329.840685597244,4350.655620288416,saturation
partition,3020.5695407683447,3024.3170798598367,saturation
partition,3192.4184704722343,3196.538840161591,saturation
partition,4184.737225682729,4227.568602145713,saturation
partition,7392.949976503792,7406.764113276224,saturation
partition,4537.413362757927,4554.763625083404,saturation
partition,3083.8853860894524,3098.339645734898,saturation
partition,3270.142939326133,3273.326492901113,saturation
partition,4103.6204172148455,4108.656899746677,saturation
partition,7736.713854969188,7763.026541970514,saturation
partition,4254.030792364972,4270.6580860935155,saturation
partition,3199.6248270029723,3221.344316773599,saturation
partition,3228.2795787386303,3254.97768834373,saturation
partition,4093.594073344887,4116.1658607193585,saturation
partition,7582.745182851636,7639.977226115222,saturation
partition,4631.530708644418,4637.200732383155,saturation
partition,3011.2911490625015,3032.4995136603316,saturation
partition,3165.0520227641855,3196.9847892389776,saturation
partition,4342.004124950929,4350.87743455755,saturation
partition,7531.858185206405,7602.185318988257,saturation
partition,4588.738109383528,4597.732834052671,saturation
partition,3075.225126116884,3090.951776419429,saturation
partition,3297.3055897657136,3311.500065774124,saturation
partition,4079.2383915158916,4092.209827185265,saturation
partition,7744.001311348737,7764.862579672443,saturation
partition,4311.222567680252,4315.770685333223,saturation
partition,3010.9193385145136,3015.7879009159633,saturation
partition,3350.1709379721533,3379.5948507296116,saturation
partition,4244.147502781771,4262.931733251342,saturation
partition,7268.713557630649,7285.2660936270495,saturation
partition,4302.622136446835,4349.060879982421,saturation
partition,3028.808796807466,3031.2120572502595,saturation
random,16339.617028049903,16348.733415342793,saturation
random,12306.149708060568,12312.922053715016,saturation
random,19868.46231311823,20003.374242589707,saturation
random,20178.214974120947,20199.92753759576,saturation
random,15789.838992623123,15805.332058851734,saturation
random,16471.209456238008,16488.064329709094,saturation
random,16502.1004248274,16529.059053232697,saturation
random,21302.79513077072,21317.29369003407,saturation
random,20202.354503947976,20207.847870380872,saturation
random,20989.066482987113,21009.17682821174,saturation
random,18849.33387700371,18868.913189670562,saturation
random,29739.06061845603,29745.953940620995,saturation
random,22402.085510846726,22520.42140311777,saturation
random,18561.881513597622,18587.10893784145,saturation
random,23127.710922313858,23132.78502511057,saturation
random,16195.727711363106,16205.390405489437,saturation
random,17840.434516659632,17878.65280872096,saturation
random,20899.162221888793,20956.657680219192,saturation
random,20584.4580802237,20601.300099349297,saturation
random,18933.178455328958,18952.252885317474,saturation
random,14913.3479877699,14923.5164027986,saturation
random,13671.328480678114,13699.217395647818,saturation
random,20399.866977330094,20469.61315350693,saturation
random,22599.571259203756,22622.745783934566,saturation
random,22532.543017627228,22545.707519281095,saturation
random,17340.800496933105,17376.33899967361,saturation
random,17414.300863222077,17436.85364279434,saturation
random,14128.283780869919,14141.86600650716,saturation
random,16835.445577198578,16860.731825427385,saturation
random,22044.1373370725,22057.195373949748,saturation
random,15800.763717855672,15815.829894971763,saturation
random,17504.714751486943,17519.267358195342,saturation
random,21510.897721565554,21546.302236278396,saturation
random,14994.445505976933,15029.585337933873,saturation
random,17291.69092487475,17310.078497974726,saturation
random,15071.067851461952,15090.811016212614,saturation
random,20140.307932847845,20149.760861335766,saturation
random,19487.10927530638,19636.873049474154,saturation
random,15809.311398928266,15858.205077174294,saturation
random,25569.93809750226,25580.698386818374,saturation
random,13268.93746391975,13302.25663536961,saturation
random,29753.8705528082,29775.477961663826,saturation
random,20893.650275505177,20945.199636399295,saturation
random,22819.263190536516,22868.950220731153,saturation
random,18959.49447188058,18964.494681533768,saturation
random,19702.055942105235,19711.43892087023,saturation
random,27126.222816030375,27158.89176476506,saturation
random,22682.664710791923,22796.18034713832,saturation
random,22545.778014912015,22568.596857092063,saturation
random,18118.630015482304,18122.610492147014,saturation
random,17811.761791571887,17888.71600860184,saturation
random,16777.207054841703,16805.424122307028,saturation
random,21063.982734785564,21182.507262753657,saturation
random,22015.015149389732,22031.956539886567,saturation
random,20682.964936389093,20709.288309727897,saturation
random,15997.820048233323,16018.502327261995,saturation
random,20718.089135238013,20749.054373798062,saturation
random,23444.612926122034,23490.821751883155,saturation
random,17849.455508175448,17891.168304574887,saturation
random,20023.22114827549,20034.641082420745,saturation
random,17919.774983642645,17939.395716762752,saturation
random,25266.524988757163,25277.245026861023,saturation
random,25212.178842024947,25399.484157491188,saturation
random,17937.898288191238,17967.10104788727,saturation
random,17094.414191346947,17129.964432783003,saturation
random,22347.346378059632,22402.691535704696,saturation
random,17098.593666454737,17116.01095619081,saturation
random,25283.63566853489,25426.03737729881,saturation
random,27956.123641956096,27983.395815693933,saturation
random,22312.08839509458,22315.29817722612,saturation
random,13060.615020137677,13069.527930554046,saturation
random,16858.544742466678,16883.622398395546,saturation
random,18548.366979212453,18659.454861498714,saturation
random,19603.96038325852,19633.590916666944,saturation
random,20709.533743267548,20730.60117507159,saturation
random,16417.315611354443,16472.59714271414,saturation
random,23883.758671727242,23891.064479269204,saturation
random,18315.24101344598,18350.83331579502,saturation
random,15280.195268526362,15303.300866506968,saturation
random,19569.60004639795,19587.135739781217,saturation
random,18978.314751941874,19019.670198252104,saturation
random,14987.70791193627,15048.529228004038,saturation
random,21840.09637433397,21883.310634162095,saturation
random,19622.25612309464,19643.60626431132,saturation
random,15011.08405862795,15017.503811282157,saturation
random,15796.276140894157,15806.08580999052,saturation
random,21843.56511677421,21864.619240169035,saturation
random,19998.744289313217,20094.714858470797,saturation
random,22105.407023124488,22127.45140616249,saturation
random,16146.479609783837,16148.568233608952,saturation
random,13052.513065570285,13063.737241570167,saturation
random,19556.456632670044,19561.537225464177,saturation
random,20123.038767573413,20231.659095587558,saturation
random,23340.884995843393,23342.28535758811,saturation
random,18883.246318277525,18886.27348758359,saturation
random,17764.929976897984,17770.508563659656,saturation
random,11808.972835410206,11830.808464164402,saturation
random,20187.607954487466,20198.294054525926,saturation
random,21828.98940988933,21848.10571234719,saturation
random,24135.639236318097,24158.423217196294,saturation
random,15675.791069028839,15681.913204203363,saturation
random,16122.48722160707,16126.746584188182,saturation
random,19660.631587893116,19729.30703584035,saturation
random,19686.42262451076,19709.863578781056,saturation
random,18189.71328193865,18207.88466569669,saturation
random,16269.869611027765,16279.816236422223,saturation
random,24759.71460239866,24765.332890343914,saturation
random,20129.251902949396,20158.684234837667,saturation
random,18987.664962575862,19008.63668731409,saturation
random,19738.858076624914,19758.052550811968,saturation
random,15224.664746989434,15235.533701565495,saturation
random,16505.650678601898,16570.606263421003,saturation
random,23512.84119951427,23603.682184518162,saturation
random,17547.120819278665,17564.11384032605,saturation
random,14623.872835145732,14632.522023788839,saturation
random,17776.905923874467,17795.70300066707,saturation
random,21072.48234674073,21111.311859573703,saturation
random,18199.768119300068,18217.779367852287,saturation
random,21339.8200846598,21374.242450963204,saturation
random,17227.494499869605,17246.789661450173,saturation
random,16311.10952800544,16322.936243347554,saturation
random,16644.993044232804,16688.553372716393,saturation
random,23620.11975570979,23721.379502360927,saturation
random,19487.32719770189,19508.522959901064,saturation
random,20719.370379417276,20737.248861203218,saturation
random,14669.641577782693,14685.368362027144,saturation
random,20998.466461944638,21029.917478895994,saturation
random,20634.702900998993,20669.153356504947,saturation
random,19557.196939280413,19579.699072566575,saturation
random,25633.49447597419,25649.87861657994,saturation
random,14017.6508955469,14026.043939935687,saturation
random,15609.879890416856,15632.567159100086,saturation
random,22086.64804558117,22093.476196544398,saturation
random,20599.681262127793,20607.528411574334,saturation
random,14776.397153556296,14782.273809701874,saturation
random,14527.985571541409,14533.589611350395,saturation
random,16262.767858627363,16268.265470054966,saturation
random,15569.155276430016,15586.770400425477,saturation
random,18809.05718045027,18818.604974618764,saturation
random,18221.883931429027,18231.251290515553,saturation
random,17162.40077147542,17185.509977572532,saturation
random,25214.000937917197,25234.704855062606,saturation
random,22270.814559461927,22276.469637802584,saturation
random,21511.703095666675,21530.93768976222,saturation
random,25124.589151167533,25148.78334491155,saturation
random,16992.217776950405,17008.535758596423,saturation
random,21653.3439993671,21665.67401204983,saturation
random,20936.28586051719,21011.56196243217,saturation
random,18196.5212274739,18234.314088741507,saturation
random,22828.21469145449,22834.321773672462,saturation
random,15914.035249313836,15942.682703961369,saturation
random,20626.68718532388,20655.266926088705,saturation
random,18082.073462432403,18093.99975048688,saturation
random,26935.49418890654,26965.02698918657,saturation
random,18758.739204803882,18780.843453152436,saturation
random,15716.780783304657,15754.271419238179,saturation
random,25684.651739161174,25728.01180985228,saturation
random,24419.503552005604,24514.74688196886,saturation
random,21533.08395771129,21538.837250407916,saturation
random,20965.607665315958,20983.239438552737,saturation
random,12985.046299420275,12991.935479855747,saturation
random,20881.35032582487,20913.263302259704,saturation
random,18422.44619865405,18463.089449920233,saturation
random,19963.270313389352,19969.19574710694,saturation
random,25464.06852993736,25486.326226037818,saturation
random,17801.491488325035,17828.2249018715,saturation
random,23399.914492226057,23422.183101407965,saturation
random,18115.270931977015,18242.193148978222,saturation
random,17378.826033879268,17397.530030829876,saturation
random,18276.597065033955,18290.392970976613,saturation
random,16471.97457011027,16496.870606734818,saturation
random,22150.720982855048,22222.50201705948,saturation
random,22212.01027547742,22250.406772642345,saturation
random,23530.087888526115,23568.174865836423,saturation
random,19135.944690517725,19154.4514503456,saturation
random,17373.829068121904,17397.1451384657,saturation
random,17891.001452929537,17906.376339228937,saturation
random,24722.996273031815,24796.881916819155,saturation
random,19214.9278349422,19274.230011708598,saturation
random,18741.418184665727,18749.141966985546,saturation
random,13930.993202371614,13961.260400910307,saturation
random,16196.25496720846,16218.365387602124,saturation
random,17854.338709017655,17871.88913405654,saturation
random,17623.514653268398,17664.27894331901,saturation
random,13838.21778168239,13841.177007110833,saturation
random,16976.374455390855,16982.425827312192,saturation
random,25294.993033151964,25333.792533976244,saturation
random,20272.229511182784,20293.742124504613,saturation
random,18366.223686283654,18373.608179030627,saturation
random,24289.996619149664,24303.41143346639,saturation
random,19964.249170196283,19969.143332584354,saturation
random,29117.148757254407,29139.157139333787,saturation
random,19993.730293030498,20180.962565048656,saturation
random,19422.826846682303,19437.454623212427,saturation
random,20203.512771055568,20220.809680189064,saturation
random,13568.310444172988,13615.963276327466,saturation
random,18314.335831737677,18347.58378905362,saturation
random,17848.395642540527,17867.342096326793,saturation
random,18328.06047170605,18330.336878665395,saturation
random,19307.244870092483,19318.638177913937,saturation
oracle,10016.755794412968,10088.973642294746,saturation
oracle,11407.689957088234,11438.8971753919,saturation
oracle,13533.4685124669,13591.449288141433,saturation
oracle,12388.955482087164,12395.2972042875,saturation
oracle,11372.503371847331,11377.80323153,saturation
oracle,10330.239505531124,10345.758467832988,saturation
oracle,11531.776109817842,11549.801865744865,saturation
oracle,13746.423897413904,13811.318640975134,saturation
oracle,12757.111284373443,12769.891512444054,saturation
oracle,11813.402240657275,11820.648340596155,saturation
oracle,10141.766692573263,10157.620443135387,saturation
oracle,11850.1708785901,11889.695490821636,saturation
oracle,13272.781824197702,13323.186787315259,saturation
oracle,12158.16298535638,12182.614013866987,saturation
oracle,12176.562229391706,12188.720540789844,saturation
oracle,10391.412823878425,10416.80769948962,saturation
oracle,11144.805802610168,11165.395785939752,saturation
oracle,13539.252599107262,13597.481961792135,saturation
oracle,12465.04409748713,12474.555709575097,saturation
oracle,11352.993928556134,11373.5977702212,saturation
oracle,10406.14354749399,10416.539523876632,saturation
oracle,11669.95657339779,11674.394117809483,saturation
oracle,13507.432271045707,13535.837130130207,saturation
oracle,12640.884761430318,12653.75209760811,saturation
oracle,11745.35868687314,11748.14829352912,saturation
oracle,9926.691093948666,9967.037454956913,saturation
oracle,11909.814275815274,11923.563470734867,saturation
oracle,13422.757588444132,13458.297737752928,saturation
oracle,12353.486516994804,12372.443818452302,saturation
oracle,12162.468290062321,12164.905300123386,saturation
oracle,10013.52976310765,10043.396061336647,saturation
oracle,11266.33973033491,11276.910052177038,saturation
oracle,13422.254293124739,13439.674120620253,saturation
oracle,12536.547630500305,12569.048889640386,saturation
oracle,11290.694906532342,11314.899529039349,saturation
oracle,10378.035192592055,10391.423175041895,saturation
oracle,11756.856168228616,11803.299714084362,saturation
oracle,13388.184788612027,13530.825760442112,saturation
oracle,12710.48210317679,12720.063007911976,saturation
oracle,11759.704809646079,11791.793747663554,saturation
oracle,9983.940686198326,9999.437765127917,saturation
oracle,11833.874958786226,11840.214706020572,saturation
oracle,13539.768302678136,13604.663094980975,saturation
oracle,12108.813179557685,12137.97772208496,saturation
oracle,12168.040040985947,12170.19317267014,saturation
oracle,10205.689329841665,10214.379855716017,saturation
oracle,11246.280116283602,11273.226932192974,saturation
oracle,13778.498305482794,13870.877223520863,saturation
oracle,12436.963113218571,12472.076688869842,saturation
oracle,11313.165501810357,11330.353534888565,saturation
oracle,10620.119247120738,10658.050592347015,saturation
oracle,11638.23919375149,11675.691337718392,saturation
oracle,13523.132281961864,13570.810995383432,saturation
oracle,12645.739970784229,12679.813145486298,saturation
oracle,11755.83290316171,11769.608792707533,saturation
oracle,9811.891304262052,9830.593042055982,saturation
oracle,11780.884023381705,11792.168776039287,saturation
oracle,13709.490169283845,13768.299585551447,saturation
oracle,12058.704743677541,12067.965649721536,saturation
oracle,12212.768436123402,12238.74489930613,saturation
oracle,10093.436645353622,10106.099682942378,saturation
oracle,11340.321760571473,11383.074294592341,saturation
oracle,13854.88341819987,14091.304908215778,saturation
oracle,12400.02480429774,12436.900167198775,saturation
oracle,11340.299132093394,11350.239242580634,saturation
oracle,10145.790083965587,10159.163559000412,saturation
oracle,11660.133451495305,11696.879486636575,saturation
oracle,13359.214965931951,13394.034135200176,saturation
oracle,12821.183584192077,12839.171826789165,saturation
oracle,11765.975248739005,11795.179322341475,saturation
oracle,9915.54278599238,9925.882538266796,saturation
oracle,11943.201055845071,11964.350595313164,saturation
oracle,13344.160144742644,13360.376008831385,saturation
oracle,12043.431692051756,12067.036043766842,saturation
oracle,12181.47680683061,12186.496470098878,saturation
oracle,10283.296956529222,10298.911346110908,saturation
oracle,11209.11288039754,11217.117048359247,saturation
oracle,13342.066286729445,13365.630893765407,saturation
oracle,12465.094783489089,12484.627748699191,saturation
oracle,11279.263463426661,11281.372240330791,saturation
oracle,10384.683285127425,10427.692237617903,saturation
oracle,11498.556483932436,11520.201332027027,saturation
oracle,13493.436272900808,13609.445972094618,saturation
oracle,12707.445046251027,12763.361494351248,saturation
oracle,11759.69226455391,11774.144254371002,saturation
oracle,9982.77053285907,10014.823374463138,saturation
oracle,11948.739510687963,11959.26871386937,saturation
oracle,13246.518974785731,13304.952274240783,saturation
oracle,12125.145103138328,12148.385979537588,saturation
oracle,12185.20134651689,12222.843792141604,saturation
oracle,10087.18238953504,10091.598492711164,saturation
oracle,11465.86111344338,11474.28067867865,saturation
oracle,13817.661003706808,13887.62341484294,saturation
oracle,12375.03747047386,12383.260213902726,saturation
oracle,11319.660209794289,11354.272082197047,saturation
oracle,10594.107622266545,10670.946963818986,saturation
oracle,11623.706489016324,11646.185480035228,saturation
oracle,13791.748495457152,13834.538780426261,saturation
oracle,12690.83681216604,12708.095273379324,saturation
oracle,11886.464019498319,11908.083276638892,saturation
oracle,9979.16479802129,10009.449824279545,saturation
oracle,11907.335022212563,11933.261243827576,saturation
oracle,13219.40961464656,13238.565480284964,saturation
oracle,12358.022746979761,12383.406318441594,saturation
oracle,12372.202964354005,12394.643396496089,saturation
oracle,10005.850720277002,10016.910839962384,saturation
oracle,11206.400506463953,11234.345866106705,saturation
oracle,14040.715959325495,14106.950900055588,saturation
oracle,12499.680154138317,12517.40997786749,saturation
oracle,11345.56767135313,11357.170108230694,saturation
oracle,10431.92737980028,10474.910404418704,saturation
oracle,11625.511911247782,11678.339301505406,saturation
oracle,13343.739723234206,13416.040632152275,saturation
oracle,12737.575671831773,12747.325402106551,saturation
oracle,11819.956727753784,11828.83105772698,saturation
oracle,9984.758890053161,10043.54914050431,saturation
oracle,12006.114920440708,12019.120038908783,saturation
oracle,13909.576312983723,13924.407384507158,saturation
oracle,12223.672601608108,12232.578813073567,saturation
oracle,12209.9754891424,12225.318408136827,saturation
oracle,10133.637050472109,10155.289509917093,saturation
oracle,11282.496708647743,11305.569286089456,saturation
oracle,13664.274264953492,13743.147309027152,saturation
oracle,12392.618535258285,12399.327977137053,saturation
oracle,11332.588889783165,11341.425543373638,saturation
oracle,10454.968482256718,10464.171569428909,saturation
oracle,11508.511784917328,11510.291195793336,saturation
oracle,13319.255684147098,13344.17873034233,saturation
oracle,12659.627189386745,12695.155809252119,saturation
oracle,11817.60889071206,11831.815328698762,saturation
oracle,9963.89732546403,9972.43925597955,saturation
oracle,11803.153552759346,11816.193093019881,saturation
oracle,13314.180212838904,13394.911297292016,saturation
oracle,12107.89532081983,12114.338957676835,saturation
oracle,12175.081219346539,12201.11823686756,saturation
oracle,10178.949336286038,10224.495294996797,saturation
oracle,11317.568549810696,11346.469493305663,saturation
oracle,13876.454885462112,13969.79350547917,saturation
oracle,12257.10653478813,12273.29050012082,saturation
oracle,11292.233296123293,11308.491066819934,saturation
oracle,10451.065566124016,10486.536655335527,saturation
oracle,11712.515201503105,11744.610466400365,saturation
oracle,13496.150815389152,13551.157372228869,saturation
oracle,12661.812527488999,12668.695717814198,saturation
oracle,11700.991613757285,11725.554514316917,saturation
oracle,9885.658949737252,9941.964267481473,saturation
oracle,11998.303589355919,12034.771103479681,saturation
oracle,13550.906422533966,13584.82733085205,saturation
oracle,12299.502901745502,12332.289307859151,saturation
oracle,12160.75626705626,12181.095219582363,saturation
oracle,10242.50056071022,10270.660910663217,saturation
oracle,11318.895894585963,11338.131709122652,saturation
oracle,13704.34724400923,13782.027231168686,saturation
oracle,12531.720517010217,12605.631938188162,saturation
oracle,11292.771150757533,11298.995757907474,saturation
oracle,10347.569060104843,10380.591794696395,saturation
oracle,11495.836411105905,11525.361262574945,saturation
oracle,13947.53786609703,14160.169006898162,saturation
oracle,12736.296925650004,12739.488780078133,saturation
oracle,11739.049106071878,11749.446185890134,saturation
oracle,9886.325244880913,9914.799038913116,saturation
oracle,11948.133247746324,11968.857023437027,saturation
oracle,13382.660436525543,13386.274722353812,saturation
oracle,12226.666797893156,12243.450936655829,saturation
oracle,12230.733432977444,12234.074875723261,saturation
oracle,9982.06922581559,10054.905883348947,saturation
oracle,11278.5997925185,11285.363341245651,saturation
oracle,13687.027851430137,13706.780082342138,saturation
oracle,12379.953353227515,12386.914415734696,saturation
oracle,11321.590260341434,11331.616003019462,saturation
oracle,10348.295370096223,10358.342139175114,saturation
oracle,11691.489944955241,11698.433052406559,saturation
oracle,13249.989565942335,13300.086254553386,saturation
oracle,12586.58263335891,12600.525887322696,saturation
oracle,11787.537720890366,11792.392466550173,saturation
oracle,10075.93370270909,10128.633305257863,saturation
oracle,11791.410123812344,11825.671179737263,saturation
oracle,13811.761568252663,13823.77697806721,saturation
oracle,11978.222237866114,11997.436079982583,saturation
oracle,12103.812398226646,12111.585409411924,saturation
oracle,10123.35589547574,10139.275221023552,saturation
oracle,11327.273345469723,11339.724571122286,saturation
oracle,13880.37473842767,13948.810091899373,saturation
oracle,12477.844334552356,12496.928586173792,saturation
oracle,11320.307320066097,11326.777907669019,saturation
oracle,10400.601450120877,10416.813799644759,saturation
oracle,11533.456095260348,11552.159504955554,saturation
oracle,13322.279944816866,13400.656750180628,saturation
oracle,12658.560825337372,12664.900800077256,saturation
oracle,11773.724096508826,11829.622194581954,saturation
oracle,9910.93631898713,10003.645135603014,saturation
oracle,11825.67081127873,11854.851600358114,saturation
oracle,13555.10709774898,13656.389840628213,saturation
oracle,12260.078685127866,12311.867495854818,saturation
oracle,12162.225910840412,12177.399629677922,saturation
oracle,10268.862549914104,10308.396031185304,saturation
oracle,11189.311177878179,11204.802318216156,saturation
oracle,14257.24357275234,14318.335845118687,saturation
oracle,12526.761886922362,12542.748731413962,saturation
oracle,11301.826664962678,11314.26158510448,saturation
SIT-safe,2625.2597121954223,2679.149364071399,low
SIT-safe,3149.308321041324,3150.0798388662324,low
SIT-safe,4288.618027676119,4312.245926221194,low
SIT-safe,3050.1527683229633,3065.711576628797,low
SIT-safe,2196.0633850227105,2208.76274554286,low
SIT-safe,2788.7353206450994,2828.1453631161676,low
SIT-safe,3097.677028042649,3117.493607147996,low
SIT-safe,3984.5678258083904,4033.907568706381,low
SIT-safe,3211.975658392459,3233.024898499622,low
SIT-safe,2290.3646312215424,2301.5778741287486,low
SIT-safe,2625.9580934048977,2654.543548381701,low
SIT-safe,3186.121509978596,3194.4829596830996,low
SIT-safe,4008.2943867083227,4089.0549003549777,low
SIT-safe,3043.3812705406044,3069.003056949234,low
SIT-safe,2379.262901974789,2404.9347136541173,low
SIT-safe,2737.3674802697096,2823.1265606088805,low
SIT-safe,3143.007700498792,3150.061371026187,low
SIT-safe,3950.5895975335366,3983.9710929991224,low
SIT-safe,3114.21899404523,3152.772781102639,low
SIT-safe,2188.3972419869797,2201.6162160073386,low
SIT-safe,2763.982895558561,2782.248793730364,low
SIT-safe,3153.3630922575658,3158.659278989662,low
SIT-safe,4274.530276515857,4399.922445458562,low
SIT-safe,3331.1417115962217,3387.440889155534,low
SIT-safe,2287.247467440715,2293.472337169017,low
SIT-safe,2617.6658116751687,2697.5457556265474,low
SIT-safe,3276.285469657774,3305.7792044093144,low
SIT-safe,4205.589923313369,4241.2107822943435,low
SIT-safe,2961.1773013972,2985.2825516887383,low
SIT-safe,2321.2568050239784,2331.0668592358898,low
SIT-safe,2686.4994345678424,2725.6918270859574,low
SIT-safe,3183.556013433789,3198.8536070825485,low
SIT-safe,4019.9492522630126,4045.3212693191235,low
SIT-safe,3081.1718092600263,3106.049744532807,low
SIT-safe,2179.28085950436,2180.3127544735544,low
SIT-safe,2695.6544439539507,2699.6082968850124,low
SIT-safe,3281.7345550611512,3305.2046841952883,low
SIT-safe,4070.3808591733427,4106.762560562331,low
SIT-safe,3258.10238749155,3289.013711657507,low
SIT-safe,2235.496861310537,2257.236519732466,low
SIT-safe,2559.8755948015278,2564.255341242819,low
SIT-safe,3272.812599845204,3276.521467242385,low
SIT-safe,4052.415499980764,4077.6695905500756,low
SIT-safe,2963.508064295388,2970.711529296712,low
SIT-safe,2348.369848473004,2355.849591485463,low
SIT-safe,2644.088236158025,2686.42632286207,low
SIT-safe,3162.48822698195,3237.325845888819,low
SIT-safe,3930.111889389341,3993.9125477265166,low
SIT-safe,3106.107222343141,3143.7803685530607,low
SIT-safe,2167.128513850362,2198.7723162836373,low
SIT-safe,2707.2030138875316,2723.848726453616,low
SIT-safe,3110.797968412609,3125.4119772474805,low
SIT-safe,4053.2263104596204,4129.381979375218,low
SIT-safe,3181.981703696118,3223.208345842854,low
SIT-safe,2259.486664236988,2284.4138846987935,low
SIT-safe,2599.565731253634,2620.2989625248506,low
SIT-safe,3227.885927455863,3263.752246721634,low
SIT-safe,4090.2209596287407,4115.9062375902595,low
SIT-safe,3000.9392465893047,3005.0780387025043,low
SIT-safe,2337.8837718200034,2352.9953199129222,low
SIT-safe,2690.0281606480553,2749.0192461813253,low
SIT-safe,3108.9648820863026,3129.324243577399,low
SIT-safe,4228.328478006417,4318.048567771768,low
SIT-safe,3119.3415638043457,3129.4577663310047,low
SIT-safe,2235.988769826453,2251.9639729264245,low
SIT-safe,2698.322310832309,2761.454264526711,low
SIT-safe,3155.1514639122697,3180.2780557697633,low
SIT-safe,3966.8835093472703,4113.695922101467,low
SIT-safe,3232.0535885407858,3256.4150503353508,low
SIT-safe,2278.331626209119,2320.756637012544,low
SIT-safe,2726.1549549912015,2757.495930152889,low
SIT-safe,3194.5596672241677,3204.3952551611173,low
SIT-safe,3976.8739781668155,4039.960734691841,low
SIT-safe,3176.857827562206,3211.607801259348,low
SIT-safe,2363.6386375471097,2388.783445838453,low
SIT-safe,2618.73591074333,2643.1984424945595,low
SIT-safe,3115.524652719382,3147.0437599712805,low
SIT-safe,4065.1997911051994,4160.104418511411,low
SIT-safe,3096.916898525676,3123.514298273006,low
SIT-safe,2190.3961142017433,2201.6416715681376,low
SIT-safe,2729.6541898223213,2743.4315171876915,low
SIT-safe,3126.0014798361617,3128.721909300113,low
SIT-safe,3969.502238730679,4193.49268324187,low
SIT-safe,3208.085333714264,3274.623431157462,low
SIT-safe,2288.635395638404,2311.252806921323,low
SIT-safe,2594.1931430745617,2619.3018003289344,low
SIT-safe,3226.4433240812837,3265.138811129418,low
SIT-safe,3986.1379733231947,4023.8990222420643,low
SIT-safe,2990.596458916522,3023.088018356158,low
SIT-safe,2341.8052759810807,2359.6606802938545,low
SIT-safe,2564.0549909876127,2571.104954547897,low
SIT-safe,3145.097363469292,3164.125267613482,low
SIT-safe,3980.4957640027383,4022.1675265448403,low
SIT-safe,3108.0372822096474,3118.1744868486767,low
SIT-safe,2215.3431871261623,2243.3858988694255,low
SIT-safe,2666.567373153783,2720.4852111867876,low
SIT-safe,3167.359983376934,3175.9785981940367,low
SIT-safe,4118.092622372201,4205.065844351829,low
SIT-safe,3252.59657101246,3267.3943960004444,low
SIT-safe,2258.7011144662793,2276.591563823539,low
SIT-safe,2673.153217897882,2757.614349550235,low
SIT-safe,3218.5105286899197,3244.457102800592,low
SIT-safe,4151.867871280246,4183.146185095657,low
SIT-safe,3113.0508810471533,3132.6073455131905,low
SIT-safe,2327.196441884092,2355.2451157223277,low
SIT-safe,2640.835227809958,2700.1586896114713,low
SIT-safe,3160.4575336652797,3164.265086976491,low
SIT-safe,4196.415719086373,4262.123029899029,low
SIT-safe,3086.4079444894887,3152.702508515585,low
SIT-safe,2222.726282362956,2230.1482225934215,low
SIT-safe,2896.1787637669154,2923.366104704311,low
SIT-safe,3148.068696873514,3166.093117125688,low
SIT-safe,3943.546151019972,3963.178288848393,low
SIT-safe,3277.7809162687745,3308.763798027323,low
SIT-safe,2374.4068712950802,2384.0626212723764,low
SIT-safe,2637.75815093585,2646.301317046924,low
SIT-safe,3271.7117741086963,3273.2094150522144,low
SIT-safe,3909.2770438820075,3958.292263910568,low
SIT-safe,3081.3011588135823,3104.7619974737263,low
SIT-safe,2312.5741698929482,2318.1232557507783,low
SIT-safe,2674.5768345915176,2713.597767335813,low
SIT-safe,3192.8225079742247,3210.193259418319,low
SIT-safe,4058.5139938728416,4101.150849013521,low
SIT-safe,3075.94165583449,3082.0283550250597,low
SIT-safe,2165.494257455281,2176.1373826807476,low
SIT-safe,2805.0037611858497,2842.9676601981328,low
SIT-safe,3126.1932618738047,3152.014835127826,low
SIT-safe,4035.3436815258974,4052.333437220867,low
SIT-safe,3147.4494772730945,3181.8841935327087,low
SIT-safe,2281.5371923767198,2296.059540101791,low
SIT-safe,2691.093375371883,2732.9516273301588,low
SIT-safe,3182.058431687396,3188.2517940042085,low
SIT-safe,3969.4540091844433,4027.0597997589134,low
SIT-safe,3037.070303592088,3046.7770585311077,low
SIT-safe,2324.4031130422873,2342.4150140296106,low
SIT-safe,2721.7741528162087,2753.9198568045513,low
SIT-safe,3163.8992728209923,3185.334012542263,low
SIT-safe,4294.487580477944,4384.27633947846,low
SIT-safe,3147.211026917316,3183.4926275378903,low
SIT-safe,2159.407640942675,2196.701455554851,low
SIT-safe,2747.366744301069,2783.618016173282,low
SIT-safe,3127.6785899301813,3146.749732036621,low
SIT-safe,4013.747307312777,4028.6631881269495,low
SIT-safe,3306.039575307389,3319.406068814983,low
SIT-safe,2287.624649959738,2299.0251977264757,low
SIT-safe,2582.997000194751,2597.232934617657,low
SIT-safe,3201.604314885074,3220.7356959098643,low
SIT-safe,3963.1854317658212,4036.2414660348804,low
SIT-safe,3078.3525706874498,3097.024247313422,low
SIT-safe,2347.7814684994464,2365.2959093616905,low
SIT-safe,2677.419996555551,2710.125922227635,low
SIT-safe,3188.413368306302,3257.5561588315104,low
SIT-safe,4018.172965314163,4111.852677027254,low
SIT-safe,3125.596664287399,3157.0670597319477,low
SIT-safe,2202.188519996238,2210.0032478625453,low
SIT-safe,2689.0554283881984,2773.730424069837,low
SIT-safe,3201.8451338699674,3211.8198763578284,low
SIT-safe,4034.0830733801185,4078.931432671398,low
SIT-safe,3222.331085233241,3255.7276926006853,low
SIT-safe,2264.2004891166316,2306.3760631179484,low
SIT-safe,2722.3711357416564,2781.1166592523373,low
SIT-safe,3230.1306340184633,3248.8489429781193,low
SIT-safe,3998.533037588481,4166.711478613566,low
SIT-safe,3040.8574644605283,3079.252830775563,low
SIT-safe,2371.100792334165,2391.667777776972,low
SIT-safe,2643.9152381154468,2715.7597689617523,low
SIT-safe,3152.307064831529,3164.513716972259,low
SIT-safe,3956.8203609732914,4003.1743608818797,low
SIT-safe,3154.2752453408016,3205.8328214521707,low
SIT-safe,2213.9263077382925,2222.261572943752,low
SIT-safe,2668.078603328457,2703.624825643813,low
SIT-safe,3186.170158675932,3212.450894056196,low
SIT-safe,3962.7726179680294,4002.051970357121,low
SIT-safe,3193.409218238002,3202.5744029023826,low
SIT-safe,2250.0087068579915,2271.846494071535,low
SIT-safe,2652.4830425922937,2700.226468582658,low
SIT-safe,3211.7588238392436,3227.4150925351623,low
SIT-safe,3894.0648232107737,3916.412809465805,low
SIT-safe,3149.5025862722296,3216.588436902107,low
SIT-safe,2325.779231201014,2340.4563002847767,low
SIT-safe,2636.0427527058328,2671.522549282429,low
SIT-safe,3159.119419641387,3170.048672379428,low
SIT-safe,4002.33200050205,4046.882930957214,low
SIT-safe,3096.849167249342,3100.2690821454817,low
SIT-safe,2161.510226043505,2182.4533899225507,low
SIT-safe,2695.0517463270976,2696.1514919620913,low
SIT-safe,3139.3591909828456,3142.5013910211455,low
SIT-safe,3938.9550750510316,4016.910752014113,low
SIT-safe,3239.5658441868536,3252.865738473103,low
SIT-safe,2258.361068080719,2275.746645167046,low
SIT-safe,2572.0002307770046,2587.783615422509,low
SIT-safe,3260.8320638679725,3294.7053577107245,low
SIT-safe,3798.527570095128,3838.918175543832,low
SIT-safe,3007.7805391303605,3018.560139602481,low
SIT-safe,2313.6803898932612,2320.9054976669245,low
SIT-safe,2672.563223593014,2687.2468792727054,low
SIT-safe,3097.7358058857294,3112.0155191372214,low
SIT-safe,4105.892601549586,4138.2918389127135,low
SIT-safe,3306.114306297154,3325.886574419147,low
SIT-safe,2157.909688687389,2174.988951829428,low
partition,914.9968487101316,930.9391415419697,low
partition,1164.878897233212,1210.6549629905116,low
partition,2266.2040693973677,2278.2168721623016,low
partition,1215.5982178792708,1278.6863701536922,low
partition,785.8162816090706,794.524047616284,low
partition,965.8803279006271,975.2463213450566,low
partition,1101.7232999294981,1111.2257143448314,low
partition,2177.01172847278,2329.9150806240464,low
partition,1193.1280861525638,1245.318895670152,low
partition,754.195744335863,776.2152770218072,low
partition,950.6961530345249,971.9210958442782,low
partition,1121.3774265494055,1129.3428111885962,low
partition,2343.1595541970705,2358.1565280303735,low
partition,1237.8613751883581,1260.5447320386543,low
partition,825.6615413696309,838.3837084209345,low
partition,892.352725979635,905.7792237710125,low
partition,1040.2428416403104,1051.9036341663866,low
partition,2198.8134712702335,2229.920589187762,low
partition,1166.1651909717546,1183.5714573385958,low
partition,810.3061147828577,818.4893184592606,low
partition,932.6735296828632,958.8026635375155,low
partition,1106.6501271062648,1123.1492731578287,low
partition,2320.030967872676,2373.4354823026742,low
partition,1147.442967369924,1180.552535489725,low
partition,789.6105958410566,813.2359979724433,low
partition,908.7597690139843,937.252169418217,low
partition,1062.8609745538502,1081.3612402394,low
partition,2242.4047003447185,2266.1053972074583,low
partition,1230.6465008611763,1245.1586073877884,low
partition,775.9879512026478,785.9563676537912,low
partition,1006.5294872412668,1053.9889148973439,low
partition,1059.5862095745867,1068.8727010301272,low
partition,2153.4583136653127,2337.0002847131746,low
partition,1196.3356714553058,1222.6189090996636,low
partition,744.2937378481678,748.4938528488949,low
partition,890.92271876625,899.1893747150248,low
partition,1102.7521217863687,1120.6502178067585,low
partition,2178.2572844792094,2221.3689944248,low
partition,1262.5034099588722,1379.8306833943502,low
partition,782.5876118328123,811.7666270128839,low
partition,956.782709249076,1037.2230465589987,low
partition,1124.4962065468494,1151.0128757892562,low
partition,2268.540590429372,2307.522025240186,low
partition,1183.2327797294645,1194.6284394044335,low
partition,769.9925424548719,783.7252955432291,low
partition,912.8128115690819,928.407970370838,low
partition,1076.625664670877,1084.0574181111317,low
partition,2395.2589941873052,2504.1985660678806,low
partition,1155.1392815881984,1182.585970706471,low
partition,836.5382487302325,853.7607196703921,low
partition,964.2540235859935,969.8686280183044,low
partition,1138.2989118841679,1172.684748809312,low
partition,2624.910610051729,2696.2499464062485,low
partition,1177.9256041301783,1221.4446155254705,low
partition,794.3528727702566,800.6526829473398,low
partition,967.7639867706783,1007.8124434659624,low
partition,1063.72338107898,1137.8531745073728,low
partition,2118.034269307667,2174.8120407487568,low
partition,1173.6310448218553,1197.389424663275,low
partition,791.6875226580878,845.148081559744,low
partition,891.4450085650647,982.716448330387,low
partition,1065.4099964422278,1104.1907896740465,low
partition,2350.556403790913,2476.2092395054733,low
partition,1153.2171734306323,1181.2741349953899,low
partition,777.8476754746575,800.1807451748227,low
partition,920.8692658841467,953.3500935912849,low
partition,1063.9713055245181,1079.1744775210504,low
partition,2287.2780152139344,2299.0440639709204,low
partition,1226.9912619847728,1233.6150524557813,low
partition,775.1317379553127,793.9808326685309,low
partition,940.0968230938272,962.1803787452891,low
partition,1087.7842655073764,1115.5870039137951,low
partition,2245.3414715584536,2255.15525702196,low
partition,1239.9227634030067,1280.0066901881473,low
partition,801.8141512876819,811.1063106101069,low
partition,923.4201906289483,954.8247214020889,low
partition,1126.1448904490182,1174.7568789815252,low
partition,2294.0973225453345,2333.7759952771635,low
partition,1231.9237552310633,1254.392439681493,low
partition,792.9255587958063,802.9899422105651,low
partition,880.0457981868122,886.1114141753332,low
partition,1082.3122143869318,1117.2972100927113,low
partition,2483.2240900450533,2558.3558031753437,low
partition,1158.9580971539165,1165.1444918978123,low
partition,820.2151476268248,858.5754410247584,low
partition,908.9613312806822,1016.3954666923382,low
partition,1054.6917632942336,1072.9793238647567,low
partition,2428.539707581718,2453.030749138714,low
partition,1227.0920129742576,1247.0753080418117,low
partition,820.2465834856912,825.0009926018658,low
partition,928.785036154148,981.4435251667026,low
partition,1063.798175262896,1069.6420203377882,low
partition,2377.1122742186994,2415.8213974786177,low
partition,1180.9783772613998,1205.9487114554854,low
partition,779.9430920072598,785.2379072017796,low
partition,1029.0979625572813,1094.0131548574668,low
partition,1037.1173829699992,1063.5358000742926,low
partition,2260.429621965332,2288.599336152344,low
partition,1196.1998263170058,1255.9046680331526,low
partition,802.0321476959554,808.3986988296167,low
partition,945.1687865333823,974.1923754216795,low
partition,1119.0569264077799,1146.6078822620493,low
partition,2338.550305589986,2398.2366597733444,low
partition,1275.4379113154532,1301.9778098906081,low
partition,803.7687512382352,811.9113735654659,low
partition,979.4786111418463,993.6884090063211,low
partition,1157.6981018453184,1194.2815158479743,low
partition,2053.1683320726374,2112.5120339841824,low
partition,1221.1735478731175,1228.7642489231598,low
partition,803.9209737808467,832.2397500478304,low
partition,991.5855269831679,1033.4324147111201,low
partition,1066.0774355630583,1069.6931942235392,low
partition,2136.0913507867244,2182.424878546744,low
partition,1177.2017189776222,1199.2575200123322,low
partition,835.9182949157008,879.2749615630696,low
partition,994.2166436043369,1125.7799189918417,low
partition,1108.4116420757803,1120.6166586010195,low
partition,2491.3508015354537,2528.344518835283,low
partition,1215.8279454123556,1240.833959725387,low
partition,757.3190780016657,769.5787513238336,low
partition,899.334832739921,929.1091869175993,low
partition,1068.8010305326563,1091.6374989523965,low
partition,2068.5401784118826,2086.902129381876,low
partition,1158.7624344998094,1191.336267063785,low
partition,743.6999851087613,760.8469550367415,low
partition,1078.0912306661687,1098.0391249566226,low
partition,1156.70326519325,1168.3407438527115,low
partition,2248.4770830129128,2424.5509655712162,low
partition,1207.5118581876775,1228.783721728315,low
partition,762.0774391521579,787.514062680011,low
partition,924.7719958067117,999.1379616562954,low
partition,1136.9425971284104,1158.2557640823163,low
partition,2214.563711947639,2278.832080259487,low
partition,1201.8461186949203,1269.6333188425015,low
partition,789.6606742905441,813.3120426105727,low
partition,941.1111789385461,1009.7952576309715,low
partition,1141.6698713317658,1153.4415837800516,low
partition,2283.96812254415,2368.337716435739,low
partition,1182.6087676033512,1185.98211345455,low
partition,767.9128928407953,774.2756189560557,low
partition,867.806886919623,872.9299502681566,low
partition,1054.1994742149172,1102.281679394068,low
partition,2207.1353719783974,2262.768383588376,low
partition,1170.7276226043998,1186.5256645814961,low
partition,769.554919123407,778.9362048083409,low
partition,891.8141615620333,926.0995896971494,low
partition,1076.0850305738609,1081.605490533805,low
partition,2231.4988681780264,2266.213961142202,low
partition,1176.1571032028694,1209.2285875288937,low
partition,787.6377869331269,799.908109524593,low
partition,944.3327402421169,974.4254719869057,low
partition,1096.8871754796503,1110.8915845085155,low
partition,2281.8902199044255,2302.030632435598,low
partition,1287.287308272962,1299.7508217860554,low
partition,777.6644722602196,789.4935821353063,low
partition,937.1225694090086,954.679592182432,low
partition,1091.7562568387123,1116.725791411213,low
partition,2278.98342328094,2293.459762123338,low
partition,1224.283892106549,1282.8436321993026,low
partition,754.8804411539209,762.570811027321,low
partition,890.7906860319333,921.8755578808891,low
partition,1151.973100373312,1175.3815734379637,low
partition,2314.2396526145953,2381.688608172317,low
partition,1155.0080367724368,1175.7033377909866,low
partition,792.9641367178668,795.8219708255922,low
partition,1078.140688329849,1081.2909306977617,low
partition,1093.4264222752033,1124.332197353452,low
partition,2077.4649327512907,2124.5070661072596,low
partition,1206.4201144166975,1257.6693257733077,low
partition,779.2874779236573,791.4880385287702,low
partition,914.9444590231514,937.8529597251083,low
partition,1131.3537697964623,1166.0979786193477,low
partition,2371.0021186123686,2381.4387502783375,low
partition,1144.8984949866,1160.3490014230665,low
partition,756.2503800362491,763.4018195646835,low
partition,938.2770901245491,949.8327731241836,low
partition,1086.7462685705968,1100.7540406266048,low
partition,2205.4318727012173,2340.699773513229,low
partition,1154.7989499521364,1158.0585617930637,low
partition,803.476547851845,834.8295119332276,low
partition,987.539788186286,1019.9864746105809,low
partition,1160.6814808061786,1185.93477570906,low
partition,2301.0633121445558,2373.528934932912,low
partition,1240.0506529606166,1262.719274374509,low
partition,759.1516844621528,783.681101461618,low
partition,940.0504798325653,960.3753061160266,low
partition,1094.1640572865547,1102.629599780411,low
partition,2456.6192233662955,2458.885941369157,low
partition,1122.782616728153,1135.084254643772,low
partition,802.9438712472099,839.2019807248348,low
partition,892.2656282039442,907.980356405953,low
partition,1055.2100531482986,1075.0850284259527,low
partition,2292.746536659684,2314.090688227903,low
partition,1155.233019359273,1170.268850988773,low
partition,800.8307974909645,805.4637452467143,low
partition,925.1868175602034,943.2765627518457,low
partition,1092.2983577721384,1123.1979549582506,low
partition,2110.044974070954,2171.3743633618606,low
partition,1189.7287288341558,1202.3090000277743,low
partition,779.8401141624712,786.2719408298286,low
random,4729.578893323547,4753.681194662497,low
random,4295.448238520199,4308.36657076198,low
random,5743.249800719782,5861.149649403625,low
random,5306.020728580534,5428.649731448562,low
random,7283.162658083913,7299.80321525713,low
random,5220.489962237918,5235.563901703277,low
random,5721.716292906873,5737.335046889151,low
random,5889.103025024136,6042.513768693041,low
random,5229.0211130771,5285.389798641718,low
random,4977.051268374641,4983.994709626302,low
random,4910.753955671724,4921.896791878326,low
random,4586.421172146547,4610.155933125645,low
random,5975.1184180788905,6062.366653768328,low
random,5286.787983600701,5302.642553550176,low
random,6131.204397864424,6150.143183334354,low
random,4192.141811153086,4221.6063070630335,low
random,5449.128114176649,5505.908638084989,low
random,4907.854468038603,4973.064718973653,low
random,4474.783691376513,4495.185299009909,low
random,6372.896141833777,6379.80973194599,low
random,4301.752304702024,4334.724525689995,low
random,5095.300066101949,5127.406160701736,low
random,6826.590068151938,6862.3170497401225,low
random,5089.002571343768,5100.656209863097,low
random,5769.763190028639,5775.4384403064905,low
random,5129.1377359700755,5137.019666647082,low
random,5147.551238131493,5166.2773116425815,low
random,5272.449869930832,5405.751433287442,low
random,5376.469653477124,5403.231486816245,low
random,5344.512305353501,5365.10177922082,low
random,6056.230467246516,6075.201189436415,low
random,4736.167937147494,4758.127044702619,low
random,5608.930445889266,5638.57235641094,low
random,4564.106637795402,4594.956757454144,low
random,4088.182507649445,4131.247016768395,low
random,4921.883954937376,4943.8282018897635,low
random,5752.584770859973,5782.608156409697,low
random,6332.885022358577,6419.619374216675,low
random,3489.260716141604,3530.856429684056,low
random,4725.240374263619,4730.108427585453,low
random,3603.10353553452,3619.885214826202,low
random,6394.900616682793,6395.505048970303,low
random,5504.5747458800715,5553.448048293229,low
random,5019.333629933244,5066.183161167077,low
random,6609.055646559792,6632.519449185311,low
random,4200.485821584616,4253.207259026967,low
random,5613.705330410785,5616.538549535238,low
random,4514.44265738866,4546.502308953675,low
random,4942.29571624631,4954.048434365646,low
random,6409.33484860647,6423.454713646564,low
random,4356.43141209481,4421.197839173973,low
random,3982.5520181543184,4009.8771124412115,low
random,5784.03164747321,5804.66272145899,low
random,4543.145913910256,4561.536507970892,low
random,5352.844008087356,5361.858402841521,low
random,3594.434434617086,3662.5097152548133,low
random,4620.042473781952,4627.382563165324,low
random,6041.78999435835,6183.563446141989,low
random,5058.320143340658,5065.142761658901,low
random,4321.295762293907,4328.964090452804,low
random,4173.704187392908,4174.81531495371,low
random,5273.496079178082,5280.377844473973,low
random,5812.595862508146,5874.983233244689,low
random,5237.357515121583,5261.961076073635,low
random,9060.850046871936,9068.739927504228,low
random,3678.2711076500136,3784.611672897417,low
random,3992.3927989335507,3999.202317525692,low
random,6141.373154896784,6157.734909651772,low
random,5046.60289155005,5088.322236893449,low
random,9755.929427327106,9819.50349765945,low
random,5667.311904510272,5761.1597246164565,low
random,4300.716462649235,4338.8339146939215,low
random,4770.120446238734,4785.77388769504,low
random,5044.870654925015,5051.981849093067,low
random,4395.857765023558,4409.370052890725,low
random,4586.504120843373,4598.925867546737,low
random,3495.002870381848,3524.0510337028572,low
random,6148.6210514116565,6190.938324210676,low
random,4906.2127600608765,4906.523888032731,low
random,4727.399105411571,4748.0755655915,low
random,5165.605170142656,5196.1533554516955,low
random,5436.682600468725,5437.554122174788,low
random,6772.390691362379,6806.82857329911,low
random,5577.728409029094,5612.6636176842985,low
random,10284.379116472748,10321.015098757263,low
random,4489.878849504375,4496.759040197272,low
random,6197.809765759429,6213.901741782562,low
random,6586.780845287502,6693.814146782867,low
random,5272.818334955026,5338.447320523155,low
random,4975.104351684163,4982.247030215596,low
random,3702.9604098748628,3713.922569886772,low
random,5949.461344657802,5988.008777886003,low
random,4562.092696980491,4602.619158268343,low
random,5354.475239559599,5444.293038034388,low
random,6956.191844287946,6961.1445213999905,low
random,4033.9551292853002,4042.659544260705,low
random,5412.596868167271,5483.297716283543,low
random,5165.699524027992,5180.480111830531,low
random,5290.9734024992285,5305.3740230163,low
random,9505.356454037645,9527.138623406598,low
random,3687.6600268157786,3740.152418831872,low
random,5488.444169635843,5518.5958274537725,low
random,5247.786295855649,5304.1640670043125,low
random,4667.433496701964,4730.033752707175,low
random,12216.185910928538,12255.252713488815,low
random,4290.830042034379,4312.62710818306,low
random,6440.308297848161,6473.951544788949,low
random,6021.30117909541,6029.346104882705,low
random,4595.227382773453,4618.441206893373,low
random,6199.1103738328675,6209.332600235815,low
random,4135.259423460056,4153.762787401206,low
random,4458.232990836154,4478.8690917711665,low
random,5555.514278328937,5615.680770104479,low
random,5386.164640883941,5404.957301701166,low
random,5294.970494561659,5307.032661390891,low
random,4222.106795787462,4237.544027898176,low
random,5162.787870114279,5212.684670887686,low
random,6314.563425005025,6405.228666911015,low
random,4846.705037314837,4899.862038440528,low
random,4366.376196795677,4384.322271355691,low
random,4609.242374313001,4628.987195151897,low
random,4979.74790209854,4988.959330263158,low
random,5949.451471459989,6010.319251501554,low
random,4283.096534205678,4302.294625247869,low
random,4598.076905246883,4619.752830104839,low
random,3511.6288401973165,3519.011623677825,low
random,5767.186085307732,5806.350924663222,low
random,6240.737360584908,6328.055184125449,low
random,6378.272598798484,6392.056549083929,low
random,10482.430432484327,10525.52058962439,low
random,4751.412384211326,4771.209181846276,low
random,5465.690229591098,5489.702157233934,low
random,6190.0361402179315,6220.580759848024,low
random,3861.89642314972,3885.279382636517,low
random,6515.553759238289,6579.419887005115,low
random,3507.2164275030154,3514.953595006117,low
random,6719.70509358666,6755.956582636921,low
random,5729.589347655544,5809.468182041062,low
random,4750.639619821939,4790.758452208156,low
random,4193.801618582183,4218.314594262361,low
random,3814.691271104099,3830.015523740617,low
random,3994.609298135412,4006.375888031769,low
random,6245.70235756622,6297.76778741151,low
random,4480.947355028162,4539.605797669634,low
random,4849.031250558473,4881.474266322457,low
random,5564.052513354734,5580.518896669144,low
random,3494.9958738146393,3534.200335036336,low
random,6044.317096607701,6081.416037528267,low
random,5309.137345683804,5337.749918479619,low
random,6651.231992583955,6665.333512814739,low
random,3652.6784562364896,3701.1338483116697,low
random,5488.340122426901,5536.074000227338,low
random,5539.4595591147345,5584.930663682901,low
random,5377.367768269108,5391.576171664748,low
random,4183.77982040154,4194.389088291247,low
random,5619.777677203111,5625.632615453064,low
random,6431.031433600001,6463.26861252067,low
random,6620.668753760539,6647.75735991413,low
random,4984.926347215954,5002.9402273617125,low
random,3954.39035617928,3960.847996023498,low
random,6837.719139779225,6874.177051307407,low
random,5560.058751529524,5599.427299220677,low
random,5996.303413808899,6050.3348638535235,low
random,4748.357240766181,4790.1779561140775,low
random,10340.136089561516,10376.653197170728,low
random,3728.5543491706067,3754.8648261870376,low
random,7086.40891750308,7093.271653424399,low
random,6691.507634029649,6722.916915069969,low
random,5875.579502584074,5943.9216973912735,low
random,5305.666051480993,5323.86410757637,low
random,4826.002739263139,4845.319502391218,low
random,5754.93575073953,5768.2770250827625,low
random,5722.606091239775,5763.107728222814,low
random,4368.329666029437,4413.003846665244,low
random,4765.943439999722,4802.406217095139,low
random,4753.609225865292,4821.481567799576,low
random,5793.443398445153,5814.2727154896465,low
random,5582.6562324678835,5605.7236361879,low
random,4149.6750280228325,4158.258464404206,low
random,5415.076059766098,5427.266981988129,low
random,3368.2872653896584,3391.213976421747,low
random,4897.151702564483,4924.260667766212,low
random,5683.449005387318,5749.598361354703,low
random,4661.841738031138,4674.068409545065,low
random,4382.502033612125,4405.506259107153,low
random,5154.194582745914,5176.399057268734,low
random,5540.659083691255,5584.32181916895,low
random,5227.848719212924,5284.194307729866,low
random,4754.941231614433,4773.682737108129,low
random,6853.738028733147,6858.211492557381,low
random,5430.777190948996,5462.298179807405,low
random,5179.015997651447,5195.449966766553,low
random,6175.880190559487,6185.629837818929,low
random,4002.456960819369,4100.472960219318,low
random,5765.15538921349,5773.245279799572,low
random,4731.493332701477,4785.230898304058,low
random,4599.050462158657,4620.074956425869,low
random,5381.288216102503,5401.684999124554,low
random,3929.103843111494,3971.411613209729,low
random,5904.750112562289,5912.588994482414,low
oracle,2623.8504066130895,2644.2629134016433,low
oracle,3168.297389904076,3177.2785245784544,low
oracle,4220.013681667572,4289.054775561182,low
oracle,3161.4193302840936,3202.7047794059313,low
oracle,3058.264417899241,3066.615360931043,low
oracle,2702.570799803208,2769.074321522704,low
oracle,3173.248799575845,3189.9106493257395,low
oracle,4203.806946319134,4253.894157578287,low
oracle,3172.8809953707473,3203.5833559877606,low
oracle,3129.795992636786,3147.2153165830405,low
oracle,2742.338750497063,2836.017770826268,low
oracle,3231.418328335997,3266.3741787617464,low
oracle,3987.948157167495,4045.3109647112155,low
oracle,3001.593108707011,3034.632794479402,low
oracle,3316.623884884632,3331.7252573827545,low
oracle,2644.4003757319983,2712.661990957835,low
oracle,3197.081279305516,3249.126154191856,low
oracle,4049.234488488627,4120.118412548352,low
oracle,3139.739269537398,3198.412832046988,low
oracle,3114.9034786509646,3134.112965160067,low
oracle,2777.3453110552546,2803.0415613969067,low
oracle,3147.1121295277844,3159.673755099445,low
oracle,3945.1129159043285,4046.647215428205,low
oracle,3184.2011141734074,3222.4913081058094,low
oracle,3131.463123276849,3135.943323223973,low
oracle,2685.8924751278623,2734.4545009609546,low
oracle,3225.3958500770727,3255.2534638906336,low
oracle,3912.5820190246186,3961.908649024923,low
oracle,3044.1861795246746,3060.0739292794133,low
oracle,3327.469973923792,3368.010590648053,low
oracle,2652.2929452762405,2673.1114279646945,low
oracle,3100.291894886459,3141.072062279181,low
oracle,4363.69046175152,4417.221698362772,low
oracle,3065.4424111215117,3087.357985937001,low
oracle,3083.300001854266,3095.7582908143486,low
oracle,2823.2384268685687,2838.577205984217,low
oracle,3190.835879676309,3195.605862926408,low
oracle,4184.603601882726,4234.812268468886,low
oracle,3256.0627815317694,3293.239258836852,low
oracle,3124.3531140976766,3128.0996082923766,low
oracle,2563.859122283034,2606.8473542586526,low
oracle,3186.4715294951598,3211.0616382370235,low
oracle,4004.404793026608,4065.3330576702956,low
oracle,3066.3510634413237,3090.0624961749236,low
oracle,3290.4159646498224,3296.4885510141958,low
oracle,2596.294929308146,2613.363354275073,low
oracle,3123.284427473451,3133.5733078318835,low
oracle,4132.830050736205,4251.183684376278,low
oracle,3126.106369639145,3174.4098653619294,low
oracle,3071.6354127424593,3078.3059419292676,low
oracle,2814.5453150533485,2851.197467998908,low
oracle,3181.891963536688,3238.501345828291,low
oracle,4229.667167956829,4389.818562854065,low
oracle,3153.111921728464,3176.3974280972106,low
oracle,3183.7991539790096,3197.990778225836,low
oracle,2584.0247577668006,2636.167470275172,low
oracle,3229.5818639661575,3281.7325508268596,low
oracle,4036.749543852396,4138.83934338441,low
oracle,2981.5577836133157,3021.3288018477115,low
oracle,3325.35870718374,3336.382418095159,low
oracle,2678.4709068827365,2711.185007345328,low
oracle,3142.0024160083267,3157.2033116313187,low
oracle,4026.5721401736073,4089.6363889387194,low
oracle,3232.001926677179,3253.0916859075314,low
oracle,3100.782123406688,3112.3611184153956,low
oracle,2721.169459820848,2803.1391052432,low
oracle,3142.1222398574473,3152.9102074651732,low
oracle,4195.595731807273,4216.9824515082255,low
oracle,3215.945782277985,3221.6504048735915,low
oracle,3209.3452318832083,3230.994972603052,low
oracle,2653.1847947451897,2676.994243265332,low
oracle,3221.8306149485165,3247.5344275445113,low
oracle,3953.853487653616,3966.8850902395598,low
oracle,2969.3643039538597,3014.8584072693398,low
oracle,3318.007733246449,3344.3604998113015,low
oracle,2681.7249639809293,2759.309466410368,low
oracle,3140.3873990752227,3169.5579207796472,low
oracle,4179.102444959077,4320.603206241386,low
oracle,3141.876787908754,3165.5325131223417,low
oracle,3111.04152203999,3132.1638125304235,low
oracle,2702.90456100662,2738.03516115724,low
oracle,3130.6153272050706,3138.383574645354,low
oracle,3990.293539775063,4277.525218680688,low
oracle,3353.638530540013,3396.5466864048826,low
oracle,3193.793447156303,3204.412120830678,low
oracle,2621.2396532190196,2640.870876349417,low
oracle,3297.884223219627,3322.367639897639,low
oracle,4265.4552522251315,4302.707086972772,low
oracle,2979.1943919095665,3031.7149862620754,low
oracle,3333.5966915927115,3338.991309045273,low
oracle,2714.833862949071,2729.6690954352407,low
oracle,3140.9995756103576,3163.4169801676144,low
oracle,4146.234655806777,4219.568317420357,low
oracle,3112.7453007399113,3144.9226237655753,low
oracle,3073.0012049032093,3082.061344302716,low
oracle,2734.1907031195346,2749.233424320364,low
oracle,3127.7495554437123,3144.0698291021336,low
oracle,4068.5734469974122,4197.041794941411,low
oracle,3320.387416706474,3363.7525767982697,low
oracle,3167.1301071056982,3174.3999753649414,low
oracle,2559.8227548729114,2590.1669225874407,low
oracle,3219.2864031592717,3249.770294293168,low
oracle,4229.934922478145,4373.240574879346,low
oracle,3032.2219964317496,3066.267999077176,low
oracle,3280.4937636458503,3284.754540480598,low
oracle,2648.0489609363563,2687.6683378388207,low
oracle,3167.276381139744,3179.305161239491,low
oracle,3988.614386904923,4037.0682686820496,low
oracle,3097.0350639571025,3150.3255317374133,low
oracle,3161.9774974389693,3187.2129547076097,low
oracle,2830.1527380761936,2855.734867726484,low
oracle,3154.673318007494,3175.872931086713,low
oracle,3825.0823660620904,3872.667295709225,low
oracle,3182.550609110499,3184.921533048994,low
oracle,3166.9134256105926,3178.812360904267,low
oracle,2573.3995427224945,2604.0244819905474,low
oracle,3258.686285729124,3274.7293824995177,low
oracle,3939.6533618085177,3943.9603201251653,low
oracle,3062.0805985156317,3116.3058238780345,low
oracle,3302.5036136527547,3326.37140164869,low
oracle,2669.358533705424,2706.3659105976744,low
oracle,3149.683257353961,3161.7019596665823,low
oracle,4369.609788428854,4445.733001785636,low
oracle,3042.579446206376,3139.3219876279254,low
oracle,3083.2598020675,3098.4465788881344,low
oracle,2795.9118472954337,2890.461868421178,low
oracle,3177.2174217351217,3181.9838304409814,low
oracle,4139.247482556227,4249.990090799904,low
oracle,3228.8357115376043,3256.5470636475548,low
oracle,3196.207031347657,3210.5916206851707,low
oracle,2609.2218467714647,2647.0683950155035,low
oracle,3253.1601423848388,3258.6254334452915,low
oracle,3977.3641516041253,3998.146991199295,low
oracle,3007.1623063739125,3036.8216334349445,low
oracle,3276.3644983608856,3307.9547766959836,low
oracle,2638.745586769716,2691.661514022344,low
oracle,3157.252650415204,3188.5732772415195,low
oracle,4055.3053801958467,4162.847925311929,low
oracle,3120.584264758733,3146.017202623124,low
oracle,3067.5121227866366,3087.9886245829175,low
oracle,2686.3579054630245,2710.6594911115026,low
oracle,3191.4320706447916,3195.8835759003296,low
oracle,3941.805698552423,4019.092127316813,low
oracle,3241.521416350187,3259.225410754886,low
oracle,3138.5101396286395,3146.886487587518,low
oracle,2737.861633774358,2745.9060248740752,low
oracle,3226.6189038169005,3236.5435128768663,low
oracle,4362.920979074774,4433.023133798385,low
oracle,3060.9936725773314,3073.5620825709393,low
oracle,3311.9561068071775,3327.5653931056004,low
oracle,2661.478959673478,2668.21646515911,low
oracle,3244.171972993028,3282.002755278978,low
oracle,3997.7609448741837,4086.8990009638374,low
oracle,3053.046273255895,3075.592380495558,low
oracle,3075.7260095625743,3092.3107098044597,low
oracle,2726.034559943052,2753.512664599554,low
oracle,3148.260443314943,3178.7402170955647,low
oracle,4079.4237959860943,4099.452869012837,low
oracle,3270.218027045081,3298.5059319794273,low
oracle,3148.630256635201,3155.623196856577,low
oracle,2616.8225855333076,2620.2227717483256,low
oracle,3243.325774323866,3283.4795480880134,low
oracle,3880.372527868848,3905.9412754125487,low
oracle,2995.2460528097135,3016.9037686257952,low
oracle,3282.1516024038506,3293.823244445542,low
oracle,2661.4262794955853,2713.553533546677,low
oracle,3190.6010190330326,3204.117664800872,low
oracle,3889.6191504782146,3939.740179013314,low
oracle,3120.6768218679654,3193.4017730640912,low
oracle,3121.0644034783004,3133.4580330322183,low
oracle,2709.198313584627,2715.4006158636157,low
oracle,3186.1755886976807,3203.945363420314,low
oracle,3997.2237456246153,4008.4682164299174,low
oracle,3182.6024331569406,3199.1554818955037,low
oracle,3158.7473871941006,3177.439101179464,low
oracle,2548.758979559532,2600.1106462888806,low
oracle,3281.157689344239,3312.481259781893,low
oracle,4137.170341180955,4166.16608509499,low
oracle,3007.446182539866,3030.8205140361906,low
oracle,3330.4989429084553,3361.140664788294,low
oracle,2676.861608715888,2688.8926558667636,low
oracle,3151.3753552104426,3169.314364117582,low
oracle,3918.1150487205455,3970.9549470189395,low
oracle,3210.533801186892,3272.1984036811054,low
oracle,3111.6371146199426,3125.1584649686974,low
oracle,2728.662392289707,2761.7701682785723,low
oracle,3174.7284716315403,3191.6228886916047,low
oracle,3996.8550848668124,4094.9626807229033,low
oracle,3229.330999087943,3261.4490307107644,low
oracle,3187.2423861437005,3189.648405279405,low
oracle,2685.201401913823,2710.721712019257,low
oracle,3214.8915021534717,3238.3725523245275,low
oracle,3948.3414266145733,3988.1714775709565,low
oracle,3058.9555678766824,3099.8323671461926,low
oracle,3286.5842856172308,3288.8662859453807,low
oracle,2768.3700304671743,2809.7258138526586,low
oracle,3138.045067488517,3159.003506567,low
oracle,4137.330332086151,4162.4204648092855,low
oracle,3224.0300454334088,3257.015639916135,low
oracle,3104.7456822037607,3142.948111180455,low
SIT-safe,5302.275593028407,5333.507643389416,medium
SIT-safe,6239.387779333581,6252.2668569050875,medium
SIT-safe,7789.307576514752,7832.645193347871,medium
SIT-safe,6167.6276431982515,6192.119875764443,medium
SIT-safe,4460.070622831112,4527.909834328753,medium
SIT-safe,5284.183883930499,5292.165005571446,medium
SIT-safe,6325.234478539402,6356.310654260832,medium
SIT-safe,7556.698431062363,7588.1849399527055,medium
SIT-safe,6294.567885614702,6325.840087520381,medium
SIT-safe,4534.71246128524,4547.394609923005,medium
SIT-safe,5013.173196309737,5057.6071454515695,medium
SIT-safe,6414.271515879215,6424.631894108235,medium
SIT-safe,7741.837382111001,7777.196324529287,medium
SIT-safe,5877.182018749546,5908.445316425248,medium
SIT-safe,4701.342671544779,4712.613349885527,medium
SIT-safe,5206.641600419162,5218.288911753547,medium
SIT-safe,6256.916772533945,6268.4252294696425,medium
SIT-safe,7740.077945236013,7767.215120233819,medium
SIT-safe,6242.435209805097,6304.048476915193,medium
SIT-safe,4390.280174111249,4405.706325633426,medium
SIT-safe,5316.628343510692,5380.836470541884,medium
SIT-safe,6176.736314123227,6186.863344033465,medium
SIT-safe,7572.902510651441,7610.694158830537,medium
SIT-safe,6300.091171635666,6308.239078720865,medium
SIT-safe,4517.661296937564,4528.978020738039,medium
SIT-safe,5133.937886604106,5223.901238143484,medium
SIT-safe,6379.976479014747,6396.077246274212,medium
SIT-safe,7483.300248066386,7532.1287973647395,medium
SIT-safe,5968.951613143833,6000.096158482971,medium
SIT-safe,4676.595851305432,4683.928245562832,medium
SIT-safe,5277.665932203607,5307.08724974884,medium
SIT-safe,6242.713371614841,6257.93277820709,medium
SIT-safe,7741.98979624417,7801.674298160077,medium
SIT-safe,6172.793339952565,6205.308132227743,medium
SIT-safe,4377.088984291013,4402.858541533471,medium
SIT-safe,5325.358307754933,5338.8490445238685,medium
SIT-safe,6328.749085711213,6408.316530721599,medium
SIT-safe,7395.618507053589,7510.951438865415,medium
SIT-safe,6482.053347142505,6540.000750107838,medium
SIT-safe,4509.859759392868,4512.827799394738,medium
SIT-safe,5092.231911508753,5138.941068001352,medium
SIT-safe,6433.7805929105,6457.646664515647,medium
SIT-safe,7908.420585665167,7982.107891023636,medium
SIT-safe,6033.54743915734,6074.51666223626,medium
SIT-safe,4682.814223902328,4699.10621042108,medium
SIT-safe,5123.321223540541,5154.241567177292,medium
SIT-safe,6251.293896426657,6254.4206680607,medium
SIT-safe,7709.612284356472,7776.7601657300365,medium
SIT-safe,6259.235894038668,6289.99183375426,medium
SIT-safe,4355.16818079469,4366.739007411145,medium
SIT-safe,5319.121275609181,5340.368481796066,medium
SIT-safe,6280.009640088146,6303.761665289411,medium
SIT-safe,7582.704095869656,7682.516170949855,medium
SIT-safe,6321.144461610267,6322.43743514548,medium
SIT-safe,4544.916065438847,4552.332131458499,medium
SIT-safe,5031.790594137901,5069.37712973598,medium
SIT-safe,6350.742966480112,6371.127375859621,medium
SIT-safe,7629.263638316374,7663.431432055599,medium
SIT-safe,6105.725511638362,6163.326957004036,medium
SIT-safe,4743.8412640632105,4752.853797522446,medium
SIT-safe,5137.401386856265,5149.8600024626085,medium
SIT-safe,6209.29999539588,6216.041227114463,medium
SIT-safe,7488.177038068755,7571.9841464616375,medium
SIT-safe,6005.4813594227335,6023.892601370885,medium
SIT-safe,4382.2045246073785,4397.585268196404,medium
SIT-safe,5310.128857766475,5316.83216699928,medium
SIT-safe,6217.547929559416,6232.780556236356,medium
SIT-safe,7786.771803998483,7908.478353769286,medium
SIT-safe,6252.46683339174,6304.244013191074,medium
SIT-safe,4547.633422962024,4558.461793683622,medium
SIT-safe,5017.6784441755435,5046.938267928921,medium
SIT-safe,6271.2722177444275,6330.029573631682,medium
SIT-safe,7556.566735959997,7699.350444645103,medium
SIT-safe,5896.556579318762,5908.835916013584,medium
SIT-safe,4696.997360451303,4725.004784111242,medium
SIT-safe,5272.22292734307,5312.512883338444,medium
SIT-safe,6398.189352296424,6437.301164811068,medium
SIT-safe,7933.15730340195,7960.439633519355,medium
SIT-safe,6079.450568584995,6118.672321701057,medium
SIT-safe,4413.660014913985,4450.089700893197,medium
SIT-safe,5308.037635989858,5359.623647439586,medium
SIT-safe,6231.756469740425,6244.076806931573,medium
SIT-safe,7592.736260241409,7599.57803077674,medium
SIT-safe,6329.905963746885,6364.796037847436,medium
SIT-safe,4519.276676649307,4534.312293845727,medium
SIT-safe,5086.195065227756,5130.470798746854,medium
SIT-safe,6481.482486414118,6510.331440548552,medium
SIT-safe,7448.6033183817635,7521.2521837058,medium
SIT-safe,5981.312595072239,5992.925418445452,medium
SIT-safe,4699.200140137033,4705.637814363698,medium
SIT-safe,5136.853889819788,5182.877174126818,medium
SIT-safe,6229.275369227042,6265.03680453947,medium
SIT-safe,7756.1752785721565,7796.496301276069,medium
SIT-safe,6118.813989243423,6219.289377293444,medium
SIT-safe,4341.248213417677,4343.160262871284,medium
SIT-safe,5392.671964304581,5524.101933964833,medium
SIT-safe,6262.165056917014,6290.932606674041,medium
SIT-safe,7456.106076825921,7509.570536205085,medium
SIT-safe,6377.616211757801,6397.659272932025,medium
SIT-safe,4569.711260658213,4581.027402402493,medium
SIT-safe,5040.12022569428,5055.934630491552,medium
SIT-safe,6407.734978089838,6437.579195015129,medium
SIT-safe,7890.569539861616,8003.745147510972,medium
SIT-safe,6116.739681295946,6123.5788930262825,medium
SIT-safe,4685.401182892847,4689.200339213313,medium
SIT-safe,5189.37045261717,5205.627310873981,medium
SIT-safe,6189.594039415564,6191.272860172448,medium
SIT-safe,7952.704838102604,8034.770059747483,medium
SIT-safe,6085.694910067795,6106.66663419494,medium
SIT-safe,4366.658658190096,4379.569600704766,medium
SIT-safe,5313.428770103332,5351.389936855212,medium
SIT-safe,6210.9888728135875,6237.5022443302305,medium
SIT-safe,7820.262466488853,7851.950559037197,medium
SIT-safe,6255.7951259614265,6295.016676122166,medium
SIT-safe,4533.259781422528,4545.30381621853,medium
SIT-safe,5025.905558296258,5034.5189831780135,medium
SIT-safe,6443.774681748107,6460.332164641214,medium
SIT-safe,7590.81211284754,7627.313268405198,medium
SIT-safe,5916.678213975883,5958.36144936877,medium
SIT-safe,4664.995788919329,4668.508400247549,medium
SIT-safe,5198.696637599545,5268.990753617751,medium
SIT-safe,6224.668152502807,6260.96672152449,medium
SIT-safe,7839.966617594061,7933.726423432228,medium
SIT-safe,6072.904304110741,6109.418534351051,medium
SIT-safe,4351.548679064366,4357.239066098649,medium
SIT-safe,5399.945389728097,5417.709732011166,medium
SIT-safe,6280.758298500306,6300.72188082178,medium
SIT-safe,7650.579138978021,7742.9976972748445,medium
SIT-safe,6220.706604395757,6256.329804946313,medium
SIT-safe,4600.846009167157,4606.21094108721,medium
SIT-safe,5155.334473198233,5182.600162145109,medium
SIT-safe,6435.058399330318,6461.785078850081,medium
SIT-safe,7525.100080199676,7586.049880071463,medium
SIT-safe,5897.890615785274,5929.474002995656,medium
SIT-safe,4746.655322461903,4748.252679866138,medium
SIT-safe,5246.156414158922,5272.124187539639,medium
SIT-safe,6356.5545192390455,6367.749959514589,medium
SIT-safe,7630.978869648147,7741.322676131081,medium
SIT-safe,6056.394694086828,6086.402734603254,medium
SIT-safe,4335.907916041991,4341.551231792069,medium
SIT-safe,5310.534909439028,5435.764666711717,medium
SIT-safe,6259.169650240777,6265.040892031432,medium
SIT-safe,7513.364777659618,7536.728301443957,medium
SIT-safe,6325.35942357613,6338.772189207326,medium
SIT-safe,4525.985116781534,4556.481841975364,medium
SIT-safe,5151.701674586584,5166.363173464053,medium
SIT-safe,6482.947131766406,6492.137736066771,medium
SIT-safe,7642.407386836496,7823.7540482745,medium
SIT-safe,6029.403484475778,6048.519693658632,medium
SIT-safe,4668.703445758912,4675.414489528836,medium
SIT-safe,5228.5612703305505,5232.258037709926,medium
SIT-safe,6295.576965886056,6301.829130743301,medium
SIT-safe,7608.7769652112265,7638.493743273721,medium
SIT-safe,6079.081678255987,6131.17818010578,medium
SIT-safe,4424.115656051093,4435.592453595595,medium
SIT-safe,5365.659653902867,5373.316312976518,medium
SIT-safe,6298.490533171285,6304.569057810255,medium
SIT-safe,7512.5730287789775,7522.747040619497,medium
SIT-safe,6299.7650513230465,6302.738497889812,medium
SIT-safe,4552.444884134695,4569.163151787745,medium
SIT-safe,5152.871947700783,5197.000447920339,medium
SIT-safe,6492.130310018903,6518.137173514306,medium
SIT-safe,7999.276876845308,8018.948582337154,medium
SIT-safe,5935.397283324565,5949.314490997628,medium
SIT-safe,4777.631935045794,4787.083467895442,medium
SIT-safe,5202.265772997914,5258.873500588052,medium
SIT-safe,6315.421606669384,6326.998488466586,medium
SIT-safe,7703.279590230068,7728.6262327781205,medium
SIT-safe,6107.603832170443,6143.402375250034,medium
SIT-safe,4360.968053909593,4414.275553625563,medium
SIT-safe,5404.952494714991,5420.015358389776,medium
SIT-safe,6329.869214816178,6341.953102442146,medium
SIT-safe,7641.744329392034,7695.793608255284,medium
SIT-safe,6344.773737024059,6362.058747579968,medium
SIT-safe,4605.883938331234,4623.424675064643,medium
SIT-safe,5004.686024418135,5021.686353183718,medium
SIT-safe,6323.4864722541015,6353.866852671162,medium
SIT-safe,7498.473346356089,7589.147104647091,medium
SIT-safe,5909.895727148704,5933.511811394861,medium
SIT-safe,4696.655123195757,4706.435904231752,medium
SIT-safe,5308.187893811343,5337.523534107393,medium
SIT-safe,6232.097725598546,6247.938204923504,medium
SIT-safe,7505.8266508592515,7582.753498565247,medium
SIT-safe,6126.262479757661,6158.361853781702,medium
SIT-safe,4317.803592337513,4330.93681324512,medium
SIT-safe,5291.487263119707,5299.499405216331,medium
SIT-safe,6247.935727281158,6262.758152681533,medium
SIT-safe,7644.465902293706,7766.464287040402,medium
SIT-safe,6311.382121160649,6320.026910383257,medium
SIT-safe,4540.774774482662,4546.28925632105,medium
SIT-safe,5037.4499861200175,5053.511015817554,medium
SIT-safe,6370.426736452211,6398.369072671359,medium
SIT-safe,7467.105507733368,7520.998610552791,medium
SIT-safe,6028.589925810396,6035.550488924613,medium
SIT-safe,4723.1643225144435,4730.123127763602,medium
SIT-safe,5241.613610654649,5330.969310196568,medium
SIT-safe,6286.191383230433,6293.969110608684,medium
SIT-safe,7683.084362893787,7721.990420518658,medium
SIT-safe,6238.663908237659,6277.783149998194,medium
SIT-safe,4362.755567247915,4375.086449865852,medium
partition,1802.1859633843455,1804.923680573868,medium
partition,2191.2579408343395,2227.0782056868907,medium
partition,4072.8450343877917,4146.263980867863,medium
partition,2281.7769432836662,2306.29918036854,medium
partition,1581.2827167070036,1588.7249018429675,medium
partition,1749.8220758554999,1774.3358094607447,medium
partition,2219.414560900623,2248.812359086079,medium
partition,4014.71255629009,4034.465294848549,medium
partition,2190.9443215084043,2211.0072398806124,medium
partition,1583.7696654217464,1588.5656462940037,medium
partition,1808.5045916015383,1848.7183758675023,medium
partition,2183.2310859639156,2186.228680257179,medium
partition,3963.6266848484806,4016.7884092986287,medium
partition,2389.5294831129486,2417.6030529397785,medium
partition,1574.310358745499,1579.253392578301,medium
partition,1787.8618605184818,1815.6827728744238,medium
partition,2163.0237917458476,2177.9710625755647,medium
partition,4214.764196303303,4322.859174330082,medium
partition,2289.192483444339,2305.536160889835,medium
partition,1565.5282440447365,1579.1037361488197,medium
partition,1805.0659551935423,1824.9766559147745,medium
partition,2170.8583695755487,2207.6869069489517,medium
partition,4043.1807460995446,4118.846242619073,medium
partition,2217.776944572013,2262.8005716319103,medium
partition,1594.2246296882668,1615.366212996681,medium
partition,1652.1320474613585,1666.360132980966,medium
partition,2231.6239263863085,2277.3003335059398,medium
partition,4053.6739632607387,4077.1381872010397,medium
partition,2320.3865916280956,2339.5603959367854,medium
partition,1648.6869049934696,1678.7578537086551,medium
partition,2025.9631679448962,2033.867696982375,medium
partition,2196.0201716805295,2211.1998054397545,medium
partition,3921.607381350521,4002.7883989615666,medium
partition,2277.7166022905067,2278.6462761049165,medium
partition,1566.3414724895797,1577.9102527557088,medium
partition,1767.1858061087346,1780.526509987948,medium
partition,2304.5789899772253,2349.3451654659953,medium
partition,4194.4295560488135,4298.729869148708,medium
partition,2427.593313726433,2455.8043685200582,medium
partition,1640.5371296253609,1663.2327039865768,medium
partition,1911.3010029539037,1920.3133109969485,medium
partition,2138.6878217168805,2182.75492713095,medium
partition,4072.3959180908273,4101.938733383071,medium
partition,2326.243925775153,2341.5230581934047,medium
partition,1571.0066390320642,1589.944915071797,medium
partition,1821.8610845564642,1855.7616952063158,medium
partition,2190.611543659443,2205.68518254442,medium
partition,4015.3614893590216,4129.468305061867,medium
partition,2290.86219112759,2308.410629758641,medium
partition,1548.5037300331396,1573.832463884547,medium
partition,1747.9461522910406,1781.5890935562784,medium
partition,2133.4709974787584,2143.8728484942876,medium
partition,4082.180938180679,4119.084056360296,medium
partition,2368.4559123386134,2412.7420165043045,medium
partition,1582.8533344424097,1589.2873345944013,medium
partition,1806.1079510930588,1847.997993512927,medium
partition,2156.5286081746435,2164.8361375782147,medium
partition,4123.524718935521,4167.169839268017,medium
partition,2274.27847061162,2322.120403333272,medium
partition,1589.5296768692986,1620.8910624478278,medium
partition,1802.3128605988168,1806.1335629549312,medium
partition,2112.2668732401607,2125.1249773092823,medium
partition,4282.323919233583,4330.55872521098,medium
partition,2247.373018050515,2268.4067806918565,medium
partition,1576.944868273962,1581.5836099023427,medium
partition,1852.266510159342,1880.5642432922493,medium
partition,2232.530255671247,2256.503178809733,medium
partition,4029.9591902648053,4063.3820948466628,medium
partition,2432.4688195252725,2437.715070337589,medium
partition,1575.289400826491,1594.0235232267562,medium
partition,1699.7513210274751,1722.9244296991455,medium
partition,2099.4854110039214,2112.530217200883,medium
partition,4212.980174451088,4231.2899784981455,medium
partition,2297.756143287867,2321.6623627531217,medium
partition,1518.038363732401,1540.5336865031122,medium
partition,1802.6416985592205,1858.6686583254605,medium
partition,2148.8799421953076,2152.5113364151835,medium
partition,4261.947844621387,4264.023309025589,medium
partition,2189.628705385971,2198.4029452706145,medium
partition,1626.2084502103198,1648.3626109016063,medium
partition,1825.5585784561356,1846.8830814902121,medium
partition,2156.1075158983003,2159.610026946325,medium
partition,4211.21227891599,4285.52816111205,medium
partition,2271.5687561700165,2305.6149794210405,medium
partition,1590.9883547737643,1596.8731938758947,medium
partition,1839.3571364092124,1850.557460287292,medium
partition,2098.118934632989,2145.3295249030407,medium
partition,4028.1781005687126,4094.3505814873442,medium
partition,2302.19446994314,2325.043114144636,medium
partition,1612.6692194574748,1620.3150407978187,medium
partition,1780.9208201627926,1820.4233765133743,medium
partition,2122.43502747495,2131.7145978936146,medium
partition,4067.508147310543,4085.0538008553194,medium
partition,2267.040506882766,2283.1571926983574,medium
partition,1598.8326924980931,1602.5324171886177,medium
partition,1741.8115270005403,1777.4195312358288,medium
partition,2253.4312535763866,2283.761835440544,medium
partition,4008.8413596007063,4044.8136875787695,medium
partition,2393.951638602872,2436.604213356807,medium
partition,1609.3404402184356,1648.4787313868874,medium
partition,1694.957023258883,1716.9606997431374,medium
partition,2244.5588557858555,2256.2921665593212,medium
partition,4145.560796766614,4187.791065271009,medium
partition,2317.4999669883327,2365.7442856318885,medium
partition,1680.6651675603173,1686.2706238788428,medium
partition,1646.0046414095655,1696.6948742171378,medium
partition,2192.443760776482,2198.3252328775543,medium
partition,4185.778266149966,4217.756993951643,medium
partition,2240.0056769194903,2250.7792709503738,medium
partition,1569.5363202695996,1587.5356389341027,medium
partition,1709.4201884159013,1723.2894707234057,medium
partition,2215.0873334119137,2230.809249429303,medium
partition,4203.490713654377,4230.29306311905,medium
partition,2235.746747808633,2277.685874152853,medium
partition,1575.5871171315828,1600.1618470195272,medium
partition,1669.529708210955,1674.6262856593194,medium
partition,2245.8256364396934,2263.165537907753,medium
partition,3923.9846666727053,4023.033246652115,medium
partition,2344.2015777223974,2357.864403891276,medium
partition,1578.1696228320957,1604.5184437473076,medium
partition,1833.4690805179036,1879.9677838210114,medium
partition,2151.9176764371437,2167.1680185217633,medium
partition,4060.026780988084,4068.386566130909,medium
partition,2328.8038146993877,2351.5392091661342,medium
partition,1645.378863755822,1685.0111627177391,medium
partition,1769.7460891074443,1934.7051170931854,medium
partition,2134.0183454160165,2151.6387916402,medium
partition,4057.5457508934405,4090.765672652943,medium
partition,2361.9394664494193,2364.687809305122,medium
partition,1556.1159555364,1603.57172951252,medium
partition,1868.008813820362,1913.8026528801943,medium
partition,2157.9053224887834,2197.7970414542415,medium
partition,3977.782578940812,4066.214382816796,medium
partition,2259.00991809445,2309.3008376225757,medium
partition,1565.3658231420081,1584.1369500324604,medium
partition,1786.834682510114,1811.6969903106592,medium
partition,2114.1449573099603,2147.7157021805233,medium
partition,4001.454538639248,4138.051253696251,medium
partition,2150.953590097967,2168.559741251667,medium
partition,1619.816153463275,1638.512126647714,medium
partition,1780.3935861193831,1797.8405726589717,medium
partition,2102.655176055473,2120.4114152771963,medium
partition,4140.084098314177,4190.469600476176,medium
partition,2337.2716758989745,2369.8018928337124,medium
partition,1514.632544288834,1527.3160383279678,medium
partition,1656.5887956214467,1682.0681405879598,medium
partition,2224.0627151161457,2234.6269873718516,medium
partition,4144.525540265459,4202.534387146579,medium
partition,2272.5846515697563,2291.1056581960684,medium
partition,1653.8870520621044,1662.6283662216497,medium
partition,1757.4206579333907,1795.0359856429968,medium
partition,2271.1856904240108,2280.7163584501486,medium
partition,4068.4189246745746,4093.1574683634312,medium
partition,2234.048190421194,2280.7212926275593,medium
partition,1558.232407795231,1588.312541658151,medium
partition,1690.966193906965,1714.4160116769572,medium
partition,2161.4238949255646,2166.3537248159855,medium
partition,4069.743011326347,4124.801757821884,medium
partition,2214.8393100733065,2223.0253457509516,medium
partition,1582.6482757424487,1601.4166345804451,medium
partition,1821.7593391144505,1846.2859815204934,medium
partition,2134.440798441806,2141.591459921625,medium
partition,3940.201120134821,4098.333004584446,medium
partition,2250.684188099785,2269.515171774259,medium
partition,1571.5387202110962,1594.0917917096292,medium
partition,1818.466021033778,1822.2460513505323,medium
partition,2238.496097050448,2251.948679842445,medium
partition,4061.4807142836407,4081.0098748725477,medium
partition,2317.078413053302,2443.2002595000667,medium
partition,1540.997280939175,1549.6305890516555,medium
partition,1781.1271945081055,1802.5234971957725,medium
partition,2204.7830391387406,2231.2650067733994,medium
partition,4210.168158467517,4255.0312358314095,medium
partition,2315.4565526841297,2391.8570431346207,medium
partition,1675.9505876227352,1687.995359854994,medium
partition,1930.194666024739,1954.1806323963242,medium
partition,2128.518307860222,2136.5112645739428,medium
partition,3895.1012841466795,3953.988608429317,medium
partition,2290.6681508185793,2304.1165539297663,medium
partition,1571.121231370008,1583.3999204332126,medium
partition,1843.3467382175415,1862.276149452537,medium
partition,2149.3253368756127,2179.2437462939174,medium
partition,3968.497222961457,4014.183561328803,medium
partition,2312.8346613654167,2350.0593754445545,medium
partition,1577.4833279325755,1591.018877709764,medium
partition,1828.7291791867585,1855.2034897631738,medium
partition,2160.0379378121766,2190.704396017938,medium
partition,4076.1687231268797,4148.02140228879,medium
partition,2268.7888271394345,2278.103832186595,medium
partition,1639.7562451478686,1645.6449522119367,medium
partition,1776.036508384131,1835.6993129064724,medium
partition,2190.2100246053124,2208.698646317831,medium
partition,4473.175674274385,4508.110600851502,medium
partition,2331.660378496529,2378.230794966651,medium
partition,1614.132088030431,1620.5913048164894,medium
partition,1878.5037396014613,1906.6012254613197,medium
partition,2158.4482693253526,2187.337302125744,medium
partition,3961.621316603654,4000.177183780127,medium
partition,2348.677961349604,2388.677820964675,medium
partition,1599.9185593851823,1609.7878655406776,medium
random,6011.981169567062,6014.0114544750195,medium
random,13131.7547785344,13142.785819940138,medium
random,11823.11106808177,11890.271650937651,medium
random,10206.198019691543,10210.47166477219,medium
random,8365.196613488213,8373.593120321422,medium
random,9518.73301879495,9527.902647610912,medium
random,9501.052175657509,9514.419033475566,medium
random,13134.867612475655,13153.671153460073,medium
random,11344.683927014456,11373.399835165625,medium
random,10728.088113886279,10764.06085099044,medium
random,11184.900749840432,11208.614532689702,medium
random,11182.148933352204,11231.530468945042,medium
random,11432.448595821957,11622.104551189128,medium
random,10605.71328179284,10627.433981572318,medium
random,7113.6925334443995,7123.167870084226,medium
random,8835.506329041196,8841.704876209124,medium
random,9430.74748662944,9445.615257884438,medium
random,13017.249112473997,13156.208954743,medium
random,11004.702314158663,11028.444038569394,medium
random,11467.866768434182,11475.606427971823,medium
random,8819.78711699931,8840.83239896004,medium
random,9494.301787525255,9508.732788372225,medium
random,13145.247346564065,13294.4250143711,medium
random,10523.85029098403,10547.971383014583,medium
random,10039.020823799452,10048.546497653502,medium
random,8203.14952524117,8235.807866239269,medium
random,9181.075551138982,9202.626652318419,medium
random,11224.218213230117,11260.804216481676,medium
random,10338.475016781686,10364.996134528446,medium
random,13934.77283460399,13952.82441415635,medium
random,9547.0295895814,9568.51500850632,medium
random,12099.867963395413,12114.977991070627,medium
random,13433.833510332217,13447.30476859515,medium
random,9844.706291584656,9929.702671434234,medium
random,12062.484839029728,12071.09941704246,medium
random,10317.92013956064,10404.013345592175,medium
random,13144.171678886001,13164.85406492349,medium
random,10344.886210494074,10399.34008733059,medium
random,10950.83948172488,10961.57934686849,medium
random,19454.81644207171,19501.78775561324,medium
random,8349.613047183502,8377.329454887735,medium
random,13383.553964191944,13411.499142437704,medium
random,11923.08439719438,11969.503273641183,medium
random,11281.101031071346,11291.463264702097,medium
random,11058.546537215054,11085.848452890139,medium
random,11227.937853987409,11260.689427353964,medium
random,9035.50828389575,9072.85510122532,medium
random,12129.962531947946,12279.070626118093,medium
random,11042.642191798197,11194.737479108393,medium
random,10986.832891403688,10991.972907230815,medium
random,12436.865579404988,12473.633721705395,medium
random,8222.288335069396,8238.316185668871,medium
random,12281.490253338918,12316.46093660743,medium
random,10055.505569915176,10067.610463679452,medium
random,13270.902097245942,13300.08376885972,medium
random,7778.425715189474,7819.6332597751825,medium
random,12932.643801508766,12969.35514113223,medium
random,12349.19539401282,12550.393773141823,medium
random,10751.418327676001,10774.991634650745,medium
random,13189.362439243765,13197.114083695,medium
random,9024.389668050135,9045.822191423895,medium
random,11374.463134823256,11379.805414273775,medium
random,10235.972620412056,10315.903529526848,medium
random,8563.557170403068,8584.422729413518,medium
random,10646.712980611717,10657.791133788089,medium
random,7865.601255069079,7929.766307805565,medium
random,10195.609670267104,10218.377900471492,medium
random,11046.602573135919,11095.305275947223,medium
random,8307.71189462702,8316.21711854196,medium
random,11993.740088814731,12022.115156961789,medium
random,12653.62600915653,12673.963730464933,medium
random,10521.922915406574,10544.985027809515,medium
random,10473.88561232078,10526.175172147912,medium
random,9129.617302700035,9139.325840914618,medium
random,9503.634407358266,9545.758482765788,medium
random,7908.977165745905,7931.636208187527,medium
random,9936.372953720802,9979.486494748257,medium
random,10781.38524075799,10852.164980663925,medium
random,6504.20773097042,6512.80825224969,medium
random,7759.801388363014,7773.53869311945,medium
random,5492.788061404335,5543.09948634197,medium
random,14210.791440506402,14218.633845913628,medium
random,11340.244096516739,11418.750856432627,medium
random,9292.666430318059,9315.892998324694,medium
random,13182.350142339616,13222.12345022672,medium
random,8043.030165953554,8054.820739490432,medium
random,8774.54104013443,8782.28640453213,medium
random,12238.074080449032,12295.0535498089,medium
random,8927.717948500745,8964.353154971992,medium
random,9535.487165885188,9559.885280766517,medium
random,8258.412599315578,8287.072659949981,medium
random,11442.519313301036,11464.82193088299,medium
random,10474.847296321874,10659.820329609414,medium
random,10600.666723836219,10622.229312543792,medium
random,11126.480216053733,11144.8652328383,medium
random,6893.919980318015,6903.371411808453,medium
random,11724.2572459116,11743.318382035148,medium
random,10534.001503305852,10570.570225885283,medium
random,10429.89995268639,10441.746510835195,medium
random,13484.070430284886,13488.50543498139,medium
random,9220.422958408728,9222.132205293332,medium
random,11275.822384340303,11285.990609618257,medium
random,10145.320083928846,10231.125878275983,medium
random,9593.551800778872,9628.119530403897,medium
random,11656.464230424708,11689.405085137647,medium
random,8893.876084957043,8922.068163221673,medium
random,11324.65335163938,11332.265872949913,medium
random,10814.29168776474,10881.211858531617,medium
random,8935.563692173322,8957.792939267574,medium
random,11772.952655867388,11790.316702927765,medium
random,6683.565752980589,6709.667946893016,medium
random,11678.286074038928,11725.17507950281,medium
random,10812.011155972632,10922.272030652903,medium
random,8857.001467243266,8891.758131926268,medium
random,11172.113679789754,11207.42019748826,medium
random,8773.38384705994,8805.005330598317,medium
random,10115.178050061028,10130.78755662017,medium
random,12316.923347844031,12393.011890448302,medium
random,8962.887957334762,8979.432328516566,medium
random,13401.164502073005,13460.443585679956,medium
random,8416.251628758908,8434.860443995278,medium
random,10927.104553734842,10985.139474707747,medium
random,11558.493521658054,11596.178134719845,medium
random,9820.043246577266,9855.771416067422,medium
random,8657.912152753688,8703.487124553962,medium
random,9938.350422064193,9942.835102043466,medium
random,11137.706502686227,11166.727276403642,medium
random,10666.926955582521,10722.540084548993,medium
random,10137.837940136065,10173.887725950744,medium
random,7578.997760217623,7587.226170342486,medium
random,7671.6866206549685,7702.17039298108,medium
random,8113.727064642919,8122.295668644612,medium
random,11067.458965690099,11190.09740985717,medium
random,8513.598704652963,8538.905818597399,medium
random,10292.481202801524,10314.471273340809,medium
random,11014.337840369259,11017.946278228148,medium
random,9590.771472166314,9602.577235939632,medium
random,13766.238760303,13814.93688173178,medium
random,8165.850260725767,8178.123097567552,medium
random,13570.40529139183,13576.000338144942,medium
random,9154.379044908683,9188.692904180873,medium
random,10382.56679364576,10390.633881261778,medium
random,11200.311100538493,11312.332709820057,medium
random,9949.660891829286,10011.70611189296,medium
random,14773.77227196099,14784.150411618486,medium
random,9281.374424644217,9332.410756007275,medium
random,11145.808310655651,11181.53032603478,medium
random,11017.0420939127,11048.9615300234,medium
random,8853.586658428834,8902.44087286326,medium
random,22276.988673950334,22319.796443006086,medium
random,13109.118731200217,13117.047232893088,medium
random,9996.634900561963,10031.569648164555,medium
random,11058.044894136237,11088.202586974527,medium
random,10586.80009273082,10630.999693803722,medium
random,9856.948689131616,9887.019029150979,medium
random,8919.250016766999,8982.20643320953,medium
random,10226.048572039494,10299.8430418022,medium
random,11839.772564591645,11922.96098474965,medium
random,9850.398964958084,9891.603186429775,medium
random,10316.059134092116,10341.559021516881,medium
random,10534.122572438246,10546.023592233849,medium
random,10022.253214615304,10037.579040298991,medium
random,13475.407848647914,13507.631498565032,medium
random,11675.13397361811,11702.498763331158,medium
random,11945.281061945017,11960.511593596126,medium
random,8838.540552762053,8872.209489386303,medium
random,12635.200111681504,12654.514397215142,medium
random,11185.89357248406,11200.365106683319,medium
random,10524.543276390968,10555.00871494527,medium
random,15269.634490095086,15278.88823196779,medium
random,9849.279056650545,9860.112639723342,medium
random,8360.992306130376,8388.199304658381,medium
random,12546.621133026181,12595.677070224197,medium
random,7440.711718398698,7469.158114604441,medium
random,15004.437803094732,15009.957134470142,medium
random,9650.786034678988,9665.722953799603,medium
random,9498.057723415004,9506.875334496313,medium
random,12032.49101410392,12079.357065158656,medium
random,8023.100506925148,8093.169729131114,medium
random,10994.199541732167,11010.593690153903,medium
random,10107.440042440658,10127.341097154671,medium
random,10267.776756334912,10309.56572920428,medium
random,11116.948017004126,11176.383569055106,medium
random,9696.248318627244,9712.93115538231,medium
random,13825.140608430473,13858.483350558934,medium
random,8395.394632042266,8405.693890122828,medium
random,8012.539944205349,8040.330719551025,medium
random,9869.742068047026,9943.270792935367,medium
random,9888.539341338483,9951.842559875167,medium
random,13772.534016276972,13786.49606002734,medium
random,9122.479117087021,9153.359927254302,medium
random,9789.470245653167,9805.150175155502,medium
random,11699.008523958038,11752.211294379045,medium
random,9889.135279916572,9898.458474543393,medium
random,12664.616171592685,12675.757260128406,medium
random,9669.237512567875,9679.757414871892,medium
random,10316.599749293819,10350.605490090644,medium
random,10682.432279741586,10787.916878701613,medium
random,9955.398215501558,9962.431814519152,medium
random,9824.363194417021,9829.628058584101,medium
oracle,5146.672758135487,5156.710149252064,medium
oracle,6251.246642869847,6312.996734167158,medium
oracle,7740.633593322374,7835.688890641053,medium
oracle,6090.141589160398,6093.215668607618,medium
oracle,6217.0716852174755,6257.526561814604,medium
oracle,5316.304629522658,5360.984365249946,medium
oracle,6309.576824577329,6315.220856913068,medium
oracle,7687.323459559861,7809.052269807369,medium
oracle,6381.322130773469,6420.225618152891,medium
oracle,6340.013974719453,6360.925818114126,medium
oracle,5091.509257684984,5114.979997123766,medium
oracle,6416.616507038862,6440.079465410636,medium
oracle,7707.731994611857,7720.615708002246,medium
oracle,5979.827304977322,6008.264936417353,medium
oracle,6606.251480091264,6616.364456676416,medium
oracle,5138.733211819034,5154.665705528505,medium
oracle,6181.953090164813,6192.059491531234,medium
oracle,7518.162153194687,7604.482808509392,medium
oracle,6219.370093553151,6253.569844294937,medium
oracle,6180.180451953229,6214.828852311748,medium
oracle,5270.468468119665,5292.480193448104,medium
oracle,6270.9875020168365,6278.602440266366,medium
oracle,7734.123764582299,7838.551871177859,medium
oracle,6335.956149377307,6386.028249872893,medium
oracle,6309.047217140571,6311.723982561509,medium
oracle,5298.886601040322,5409.741471047069,medium
oracle,6411.0987727867505,6421.885440791248,medium
oracle,7792.149546162991,7888.3249020190415,medium
oracle,5974.835627643267,5991.291836787783,medium
oracle,6590.103724299688,6596.078071505295,medium
oracle,5459.108131797243,5486.601238637671,medium
oracle,6256.451053956996,6258.452445222424,medium
oracle,7668.282788795496,7750.373752029196,medium
oracle,6191.65117707121,6237.174981465717,medium
oracle,6175.615603809351,6189.306695817948,medium
oracle,5312.115526321818,5323.0327548408895,medium
oracle,6280.2433365299885,6294.3330414522825,medium
oracle,7678.654917672141,7726.26186932693,medium
oracle,6326.465506374265,6350.975855133309,medium
oracle,6311.706878876102,6318.222132592422,medium
oracle,4954.109701979052,4966.8949551005535,medium
oracle,6488.469859433961,6515.17224551401,medium
oracle,7643.298296209405,7671.24204299522,medium
oracle,5931.629920962648,5951.953608488779,medium
oracle,6589.8319406173805,6624.470734115146,medium
oracle,5189.446074832181,5243.2805241498145,medium
oracle,6238.109649845135,6243.573764793094,medium
oracle,7715.014209168377,7813.071904562861,medium
oracle,6087.517304737734,6129.0692896009,medium
oracle,6186.224812883864,6193.752207625133,medium
oracle,5324.327304735241,5330.740358053039,medium
oracle,6272.536600706575,6288.737103132909,medium
oracle,7538.225372229606,7606.476630758963,medium
oracle,6246.744870894282,6284.636027537613,medium
oracle,6452.824391459437,6470.066022778565,medium
oracle,5053.419766422779,5083.384118426271,medium
oracle,6529.068914670628,6548.2450758365585,medium
oracle,7441.943658216769,7534.197474897643,medium
oracle,6040.6686660203495,6050.958322544733,medium
oracle,6615.822925399477,6637.990436118474,medium
oracle,5306.032055925374,5321.450426907155,medium
oracle,6211.417026806932,6249.913491530902,medium
oracle,7594.098123951939,7610.26964979067,medium
oracle,6145.433172804048,6174.627287218829,medium
oracle,6173.896637936629,6176.987793979757,medium
oracle,5255.56928038523,5300.010846907837,medium
oracle,6272.904499435827,6279.265981173307,medium
oracle,7584.266647167421,7629.556093976353,medium
oracle,6266.038899909556,6272.220731875596,medium
oracle,6302.1941886165205,6322.213439810328,medium
oracle,5060.149887737072,5083.987547010656,medium
oracle,6483.218052790848,6506.95352387028,medium
oracle,7780.930200101177,7899.90418180167,medium
oracle,5940.227723377976,5967.256764402629,medium
oracle,6616.151853121317,6632.168812165302,medium
oracle,5237.6897937640215,5258.764153969403,medium
oracle,6301.235143516981,6331.814904882481,medium
oracle,8023.8561198909965,8081.160440852656,medium
oracle,6194.524209645399,6226.610455425896,medium
oracle,6213.253745778358,6217.314130426869,medium
oracle,5341.497434405789,5396.011212584157,medium
oracle,6309.467126479744,6320.530168623361,medium
oracle,7706.595362510859,7744.994046666972,medium
oracle,6277.9741684437695,6318.4859437995265,medium
oracle,6318.8692083555015,6327.93395350783,medium
oracle,5115.062247766304,5145.575545362333,medium
oracle,6395.790835335694,6426.158043314354,medium
oracle,7657.535062775872,7741.433045832404,medium
oracle,6094.382843692836,6117.249140674161,medium
oracle,6686.657529144793,6689.335924061381,medium
oracle,5276.500784402299,5297.26573059148,medium
oracle,6266.377175382357,6287.617117113488,medium
oracle,7844.679074351787,7887.2540362369145,medium
oracle,6071.89226767683,6102.093801814721,medium
oracle,6156.824049949145,6167.2994801251725,medium
oracle,5310.672265424506,5368.857169895103,medium
oracle,6246.010375141158,6254.575578383303,medium
oracle,7332.797424626687,7364.231910939539,medium
oracle,6406.668663014274,6455.187300727657,medium
oracle,6300.42179666076,6321.596008992381,medium
oracle,5140.331871658949,5174.514171425343,medium
oracle,6370.3486848609,6406.296539125811,medium
oracle,7468.4332799452,7555.291397749815,medium
oracle,5985.835828547208,5997.964495919425,medium
oracle,6628.67517932826,6646.936282398054,medium
oracle,5168.702850824339,5191.58008820191,medium
oracle,6369.062027909583,6377.212095010672,medium
oracle,7648.251181914687,7733.2087601848625,medium
oracle,6131.588220475725,6150.773520492432,medium
oracle,6117.819291848323,6136.2346024227845,medium
oracle,5301.455692251879,5324.913424370396,medium
oracle,6200.180873065521,6205.442582372565,medium
oracle,7884.513820429339,8043.49318194005,medium
oracle,6279.604608240636,6295.196707548967,medium
oracle,6316.265160660735,6341.629116972868,medium
oracle,5173.753446987624,5197.6862275671865,medium
oracle,6418.226177636761,6439.025332443189,medium
oracle,7858.062225435713,7891.029012523627,medium
oracle,6008.728217173689,6013.726418907999,medium
oracle,6568.390973543251,6569.094104944293,medium
oracle,5248.299564676241,5268.428270669445,medium
oracle,6212.8167277567445,6225.907591796398,medium
oracle,7659.1933200737785,7689.5174528927655,medium
oracle,6072.082057482884,6111.174616129374,medium
oracle,6157.740210867657,6181.865390215056,medium
oracle,5444.295164459701,5485.4978773701705,medium
oracle,6261.4386079596325,6270.160220962386,medium
oracle,7536.844220277035,7600.3819037776575,medium
oracle,6241.299572669284,6261.664979903424,medium
oracle,6321.59274096522,6375.470393729321,medium
oracle,5067.650828131939,5085.516114170941,medium
oracle,6307.763209236338,6316.680652871331,medium
oracle,7424.852145077002,7503.719078845614,medium
oracle,5933.810755129532,5960.541210210022,medium
oracle,6613.108732140007,6626.080214415841,medium
oracle,5226.998943985586,5280.147580522249,medium
oracle,6230.7707075285925,6240.169207441424,medium
oracle,7621.672411169929,7657.463541183147,medium
oracle,6066.925775810947,6076.181904525882,medium
oracle,6157.675713391829,6173.694711992887,medium
oracle,5370.561095750809,5402.298315821113,medium
oracle,6274.947750171826,6279.228869868541,medium
oracle,7416.8551556770235,7453.18640542921,medium
oracle,6345.608737820906,6385.028254189012,medium
oracle,6307.34750435404,6329.390700929696,medium
oracle,5109.202455458334,5127.708253301379,medium
oracle,6381.267314750265,6389.218466990636,medium
oracle,7593.797188186651,7671.30098779334,medium
oracle,6038.729820293043,6061.258356616265,medium
oracle,6569.712767648567,6577.260764091861,medium
oracle,5148.371276802359,5195.38709216578,medium
oracle,6192.516552284527,6220.609188545309,medium
oracle,7560.197375516495,7590.335204075647,medium
oracle,6034.105779322848,6043.9283509654815,medium
oracle,6160.748730381266,6179.234854976774,medium
oracle,5406.334420950957,5420.169528848941,medium
oracle,6254.57849899802,6286.230829993223,medium
oracle,7434.256778135534,7469.565119106623,medium
oracle,6351.434994715418,6380.22943146248,medium
oracle,6347.094690046622,6357.221546547087,medium
oracle,5247.818634132169,5281.77266506144,medium
oracle,6367.706526772617,6381.040067574336,medium
oracle,7515.072653344142,7541.208278628012,medium
oracle,5942.994441222131,5959.905047862616,medium
oracle,6605.44053966713,6619.066629870271,medium
oracle,5225.715914073262,5313.883493970062,medium
oracle,6245.42014057011,6276.977098683346,medium
oracle,7637.538336112134,7699.59437796909,medium
oracle,6049.572842651648,6087.775007679605,medium
oracle,6197.906576887095,6208.686242333752,medium
oracle,5296.951942596368,5314.463851093542,medium
oracle,6257.240871759482,6272.992530837157,medium
oracle,7468.095398973904,7503.7439596918175,medium
oracle,6271.733783757172,6286.594195407648,medium
oracle,6353.707006787405,6357.226099622938,medium
oracle,5108.73940101583,5128.437225957195,medium
oracle,6444.915012614398,6481.3450040861735,medium
oracle,7712.20164421292,7765.355082620783,medium
oracle,6042.53978285837,6092.494620579069,medium
oracle,6630.1721043669795,6646.023193495976,medium
oracle,5225.4853040139415,5253.46456806425,medium
oracle,6259.560670806648,6286.554854872851,medium
oracle,7643.490536207109,7666.842619279975,medium
oracle,6184.814160053442,6195.528824706729,medium
oracle,6141.571950241105,6147.251930890552,medium
oracle,5287.82113173765,5294.489988651836,medium
oracle,6352.48896635301,6368.0120301335355,medium
oracle,7478.280576672978,7529.022639342623,medium
oracle,6287.895795264469,6302.313812026856,medium
oracle,6343.837382813229,6352.625441494377,medium
oracle,5019.097583430791,5055.336705619178,medium
oracle,6423.930020806267,6461.753281708939,medium
oracle,7568.143311286936,7606.685557044742,medium
oracle,5979.207800155967,6047.631964239517,medium
oracle,6583.815560705541,6592.920915725891,medium
oracle,5290.737328532151,5300.986627527873,medium
oracle,6237.567789475883,6245.066560028377,medium
oracle,7533.269564448455,7555.8282653379165,medium
oracle,6120.152594316468,6155.058652619064,medium
oracle,6147.118779253634,6148.949419891449,medium
SIT-safe,7740.28582043094,7749.804649049005,high
SIT-safe,9310.966893236357,9382.451684890957,high
SIT-safe,11310.99899828732,11343.151793788244,high
SIT-safe,9058.18752780575,9104.380647583623,high
SIT-safe,6469.107540372085,6489.0434616486755,high
SIT-safe,8010.181913088817,8012.253151545858,high
SIT-safe,9272.851046545324,9294.150582708837,high
SIT-safe,10911.454381886055,10936.224952688068,high
SIT-safe,9317.51675919307,9325.03943376684,high
SIT-safe,6873.496755475674,6888.251259107035,high
SIT-safe,7663.063184730029,7671.376351179124,high
SIT-safe,9543.55041959815,9551.308187813625,high
SIT-safe,11640.79714950532,11738.056226262352,high
SIT-safe,8901.619788434298,8952.930173577595,high
SIT-safe,6999.693647725731,7028.962986933348,high
SIT-safe,7877.365444595837,7895.0685415588505,high
SIT-safe,9223.771102688012,9251.791446805119,high
SIT-safe,11370.233854063394,11415.140251117838,high
SIT-safe,9085.510193689086,9091.352449506801,high
SIT-safe,6464.44485960658,6489.820978503165,high
SIT-safe,7764.061590643323,7784.926680754308,high
SIT-safe,9317.33194222454,9347.460343819926,high
SIT-safe,11351.70205385372,11356.686701555147,high
SIT-safe,9336.56183478962,9355.799161889976,high
SIT-safe,6787.543376058425,6791.43200357135,high
SIT-safe,7435.166483358558,7469.875078080102,high
SIT-safe,9497.76618384076,9512.731999267558,high
SIT-safe,11005.980341251632,11045.56491925375,high
SIT-safe,8819.298749911699,8827.013117909133,high
SIT-safe,7070.233940311676,7087.303416732582,high
SIT-safe,7787.463586275285,7789.226142564723,high
SIT-safe,9265.786114600907,9300.821507442048,high
SIT-safe,11177.955695609644,11257.621409824776,high
SIT-safe,9009.96374327636,9024.041014701623,high
SIT-safe,6529.677424629223,6544.810253105659,high
SIT-safe,8110.779634851241,8131.8085352654125,high
SIT-safe,9379.28019725128,9401.571964097493,high
SIT-safe,11160.075076686368,11270.681464475638,high
SIT-safe,9294.82576914565,9298.329281339487,high
SIT-safe,6881.5532641765685,6898.754064133354,high
SIT-safe,7576.01555803205,7617.793119800406,high
SIT-safe,9502.92458025573,9527.776879971145,high
SIT-safe,11078.39476916543,11159.35055012986,high
SIT-safe,8953.125438616096,9020.748064854677,high
SIT-safe,7008.420626654997,7020.894944308934,high
SIT-safe,7666.957048543824,7705.822888842633,high
SIT-safe,9363.465510219276,9366.502290447599,high
SIT-safe,11569.150921126364,11611.240911360765,high
SIT-safe,9125.48378441854,9155.37670882681,high
SIT-safe,6460.483951829593,6471.974240039361,high
SIT-safe,7736.268492918022,7770.614242966706,high
SIT-safe,9272.762330565774,9313.522454050973,high
SIT-safe,11114.816602218722,11131.944552288373,high
SIT-safe,9330.318278945097,9341.426036524095,high
SIT-safe,6772.847350877185,6790.5822267781505,high
SIT-safe,7535.464097756183,7572.707083467541,high
SIT-safe,9614.942901830382,9617.978499200071,high
SIT-safe,10825.08874631807,10885.032817407686,high
SIT-safe,8905.527331670091,8930.25641419458,high
SIT-safe,7041.6755208634795,7057.550125444973,high
SIT-safe,7828.228619970221,7838.18340103562,high
SIT-safe,9232.275007932201,9242.686757322008,high
SIT-safe,11015.96432201684,11035.568936695781,high
SIT-safe,9106.397662575193,9150.160910817094,high
SIT-safe,6506.542411398213,6535.126347176123,high
SIT-safe,7920.138489245647,7974.73577454352,high
SIT-safe,9393.852409671985,9433.469492822882,high
SIT-safe,11821.431668210826,11872.361701339833,high
SIT-safe,9418.599157552104,9432.252353819218,high
SIT-safe,6814.834710102986,6823.335267992966,high
SIT-safe,7528.855815899192,7549.321730923832,high
SIT-safe,9597.583594080686,9633.480832659623,high
SIT-safe,11436.606420819571,11515.351129957056,high
SIT-safe,8836.021572041578,8860.51601197847,high
SIT-safe,6986.304986431054,7006.5682111715905,high
SIT-safe,7797.293750679257,7822.672299880609,high
SIT-safe,9255.598278045061,9258.181072865142,high
SIT-safe,11020.874982125211,11102.531116430087,high
SIT-safe,9057.898804091334,9105.803839567336,high
SIT-safe,6581.72143042867,6594.142363772745,high
SIT-safe,7799.141577224175,7808.411778408312,high
SIT-safe,9281.814926388717,9287.355919008049,high
SIT-safe,11024.847172157322,11106.708148716218,high
SIT-safe,9254.764747073508,9265.662195733947,high
SIT-safe,6861.876613363098,6879.909740949091,high
SIT-safe,7558.721700042565,7596.314382380158,high
SIT-safe,9622.530967906949,9635.21750826894,high
SIT-safe,10870.058822026556,10885.744693657954,high
SIT-safe,8761.275209117954,8788.996314364551,high
SIT-safe,7021.002044045359,7035.289035240778,high
SIT-safe,7739.431315297452,7751.269182398861,high
SIT-safe,9297.087483889485,9310.098707606367,high
SIT-safe,11162.964671985415,11210.118070193672,high
SIT-safe,9070.181324372701,9115.897313701049,high
SIT-safe,6493.145984016689,6504.433141131334,high
SIT-safe,7801.203392283479,7814.161433578381,high
SIT-safe,9388.046910272704,9400.849701882176,high
SIT-safe,11392.136963393672,11436.495136390464,high
SIT-safe,9337.713949891035,9388.286031416588,high
SIT-safe,6759.273149634812,6770.824842826023,high
SIT-safe,7434.499130659326,7468.0030271627975,high
SIT-safe,9509.824302902703,9529.907207434182,high
SIT-safe,11233.750143361194,11318.96729399413,high
SIT-safe,8818.66014938022,8851.852902349568,high
SIT-safe,7080.238970975576,7095.12978035551,high
SIT-safe,7591.92250067888,7614.2080747402815,high
SIT-safe,9325.454152345248,9351.051980783202,high
SIT-safe,11210.700036009079,11226.329843824107,high
SIT-safe,9111.204480862354,9122.712817113845,high
SIT-safe,6484.950987667295,6511.961842734097,high
SIT-safe,7864.754380529086,7921.363191757313,high
SIT-safe,9413.244705317109,9414.905242700945,high
SIT-safe,11156.774118402744,11233.359467909271,high
SIT-safe,9315.808474731612,9351.724119966962,high
SIT-safe,6761.339222769835,6768.136897222514,high
SIT-safe,7522.166055744468,7525.0414889186895,high
SIT-safe,9489.307322945202,9513.737766273072,high
SIT-safe,11095.80637194228,11142.319496305521,high
SIT-safe,8918.434089112956,8924.525797812501,high
SIT-safe,7050.242601872133,7065.939071140134,high
SIT-safe,7606.299108618547,7615.325894036446,high
SIT-safe,9348.36231530646,9352.573401061998,high
SIT-safe,11437.727253959973,11487.245360101211,high
SIT-safe,9064.712731070165,9090.65215161798,high
SIT-safe,6523.810005992435,6555.959523292066,high
SIT-safe,7867.222980545007,7914.946701670406,high
SIT-safe,9272.770859490147,9284.085069854511,high
SIT-safe,11022.779912923868,11070.732344022794,high
SIT-safe,9371.37711763177,9395.811501904842,high
SIT-safe,6826.666168574844,6831.896660647995,high
SIT-safe,7801.640703231716,7822.33547488235,high
SIT-safe,9507.646685882955,9548.154071414396,high
SIT-safe,11234.199358682163,11290.922719886285,high
SIT-safe,8737.153594738185,8738.357174264132,high
SIT-safe,7034.116782986656,7046.351250681551,high
SIT-safe,7716.893120524,7741.82023895634,high
SIT-safe,9288.909594507339,9298.873005668194,high
SIT-safe,10983.168471228708,11077.95741669587,high
SIT-safe,9128.152072737606,9167.490210966964,high
SIT-safe,6479.50221470836,6480.740736318578,high
SIT-safe,7912.988523171641,7941.051132288452,high
SIT-safe,9293.21862271842,9311.684264035357,high
SIT-safe,11037.300180987479,11071.661700018223,high
SIT-safe,9420.539980303325,9440.565255399248,high
SIT-safe,6799.305106607132,6812.699443569672,high
SIT-safe,7464.58038925075,7471.657156656169,high
SIT-safe,9516.15139337415,9525.774536620758,high
SIT-safe,11159.49803074143,11247.398701686721,high
SIT-safe,8821.16783783992,8826.172389007876,high
SIT-safe,7011.923143552314,7014.1420059722805,high
SIT-safe,7662.6468863495575,7666.596206243767,high
SIT-safe,9290.309079142346,9307.935802908209,high
SIT-safe,11046.205422924753,11155.534492046325,high
SIT-safe,9149.734082992392,9185.339847452426,high
SIT-safe,6491.027092433666,6513.72829472222,high
SIT-safe,7857.811162833713,7885.231231535941,high
SIT-safe,9296.25179326623,9327.588918717207,high
SIT-safe,10979.926314773915,11000.855169266513,high
SIT-safe,9412.890155036564,9427.176629849695,high
SIT-safe,6775.367142442319,6791.166522780648,high
SIT-safe,7515.720319941809,7559.92828924645,high
SIT-safe,9493.271016112383,9508.215491890154,high
SIT-safe,11144.816178828989,11209.056846018299,high
SIT-safe,8794.959284511153,8824.267886527752,high
SIT-safe,6939.795338938367,6950.374797715888,high
SIT-safe,7751.388881583819,7829.791081025709,high
SIT-safe,9335.888312340829,9344.85287938431,high
SIT-safe,11344.159447003372,11391.5079831548,high
SIT-safe,9086.89827928719,9097.157488925704,high
SIT-safe,6506.61051812852,6510.819353055809,high
SIT-safe,7911.406037911327,8049.393361180547,high
SIT-safe,9395.20383180855,9440.737811755127,high
SIT-safe,10918.11564772126,10937.83188092108,high
SIT-safe,9263.039880805976,9288.387015748089,high
SIT-safe,6795.146340031733,6797.774823804607,high
SIT-safe,7488.798881430687,7509.748719930278,high
SIT-safe,9549.404515042306,9616.039279572502,high
SIT-safe,11209.02226627712,11327.246801798075,high
SIT-safe,8769.783547596246,8826.617875721397,high
SIT-safe,6999.840404697187,7002.67431933333,high
SIT-safe,7650.585380033866,7693.680454409576,high
SIT-safe,9310.081888395276,9340.27121518527,high
SIT-safe,12087.141709116055,12265.479768184017,high
SIT-safe,9050.323572092528,9060.532292967004,high
SIT-safe,6506.190360233761,6521.5638225767125,high
SIT-safe,7736.427689915416,7742.328455114568,high
SIT-safe,9322.967868501168,9328.519158417133,high
SIT-safe,11543.958292126277,11605.040096252349,high
SIT-safe,9384.622392959247,9398.052524468247,high
SIT-safe,6766.68719151523,6776.19813840041,high
SIT-safe,7523.427713173967,7544.965688814339,high
SIT-safe,9547.629162701875,9578.48853149272,high
SIT-safe,11134.19337419398,11230.14092953008,high
SIT-safe,8778.101458347564,8811.452590070818,high
SIT-safe,7028.931058592798,7037.112026093149,high
SIT-safe,7570.987020984457,7578.6083230411605,high
SIT-safe,9334.9232813672,9344.440352042537,high
SIT-safe,11225.709803009888,11246.860584562293,high
SIT-safe,9044.870607410174,9101.61703802221,high
SIT-safe,6489.830410523453,6498.907402450284,high
partition,2510.696216333425,2529.1355130780203,high
partition,3227.0052614125834,3240.7311609661365,high
partition,5822.135086850752,5892.160282503624,high
partition,3214.3445330952677,3248.822834182073,high
partition,2365.5438559234813,2393.717272035316,high
partition,2551.2424377736847,2564.674562354774,high
partition,3292.6441422708094,3396.7655833374934,high
partition,5799.921382574875,5827.027337555641,high
partition,3269.7116018136826,3305.5921818421693,high
partition,2365.642742522162,2368.613728800981,high
partition,2542.38966975649,2548.0965075726526,high
partition,3443.3021884600885,3478.8135142818687,high
partition,5912.420366863484,5918.057328969075,high
partition,3390.930327843374,3421.527747767489,high
partition,2236.155025715644,2243.174099469,high
partition,2529.0821944298236,2546.764077965795,high
partition,3173.9302926113032,3198.558336909035,high
partition,5776.989779883151,5812.247572775552,high
partition,3338.3170805416653,3354.564090068879,high
partition,2389.7033386569483,2396.016880322131,high
partition,2415.7508486983,2421.841632712607,high
partition,3229.9297524458893,3257.9429848097825,high
partition,5661.056953760531,5698.608340259059,high
partition,3355.288494200863,3373.3176888802236,high
partition,2423.5470536453786,2429.414746042444,high
partition,2483.1552784447667,2560.35552543601,high
partition,3181.6012428947074,3189.1735726477314,high
partition,5876.74663271089,5918.213875713395,high
partition,3430.7744209910684,3461.5842360889696,high
partition,2323.4215152465963,2344.7906426933114,high
partition,2433.8815278711486,2479.5997466602694,high
partition,3128.617766911785,3163.12614908535,high
partition,5865.306973270718,5891.504876199536,high
partition,3315.3019455599087,3334.1151344776285,high
partition,2292.434988228908,2304.325458443038,high
partition,2485.161600247254,2515.3737685514843,high
partition,3168.317599652836,3231.267066300109,high
partition,5912.944620002725,5940.9232531952075,high
partition,3247.3862081394905,3265.3963670288795,high
partition,2282.2747706826194,2288.9677757789023,high
partition,2456.468724539968,2466.642171936349,high
partition,3156.9980864811982,3211.8519594735735,high
partition,5851.242368757324,5862.235813628373,high
partition,3543.515151743045,3574.6648865577645,high
partition,2270.482410403767,2281.8314221628493,high
partition,2555.7877385582015,2587.9627173575127,high
partition,3212.902530516125,3238.199528461406,high
partition,5938.28981524841,6016.01897629946,high
partition,3361.2424230035945,3369.007664795802,high
partition,2332.6242301252964,2358.3097904787064,high
partition,2467.492399744874,2498.270669963321,high
partition,3171.7346232078607,3191.847716603359,high
partition,5923.1981161008425,5956.289160143766,high
partition,3467.587749442165,3495.0369254263487,high
partition,2432.2465753312317,2442.3663205969315,high
partition,2569.0090475821175,2654.652090646044,high
partition,3159.4614337427693,3167.3757016460377,high
partition,6120.0479629339325,6139.291398555805,high
partition,3363.394411050185,3375.6387546866554,high
partition,2417.797614295263,2445.937560537239,high
partition,2465.533368116436,2495.862682660514,high
partition,3158.797923835812,3175.2516985133852,high
partition,5720.226895879572,5797.2616609446895,high
partition,3305.5735059912554,3322.592882902237,high
partition,2351.668486172957,2369.383116243399,high
partition,2666.2070165742266,2707.663774779364,high
partition,3192.6347091883813,3221.2604064199795,high
partition,5973.311259783472,5996.075257821314,high
partition,3475.107149561175,3513.8282242638634,high
partition,2290.3416517389883,2297.5150673369712,high
partition,2578.089431083848,2631.8742307756947,high
partition,3179.167512107278,3182.67226774171,high
partition,5947.676928372561,5999.875195297702,high
partition,3285.0652913563954,3314.528006598725,high
partition,2282.9416769328427,2296.591915853334,high
partition,2451.3505955979936,2457.39785169916,high
partition,3134.815904182981,3157.5767253788817,high
partition,6361.3472978982445,6556.0325163866155,high
partition,3278.9057726087785,3290.201674213513,high
partition,2314.9870704982854,2318.138494618198,high
partition,2446.8286444180326,2490.03257719172,high
partition,3189.4105221928753,3195.6042493903087,high
partition,5709.237936756067,5740.184809828712,high
partition,3316.355975824113,3333.809040222111,high
partition,2281.7462520231234,2301.587423983171,high
partition,2534.202549477298,2542.7316307864676,high
partition,3300.074591604349,3309.955342080268,high
partition,5759.533798211896,5762.070939603036,high
partition,3233.392464846701,3263.5867254700506,high
partition,2303.4719669169285,2313.1006031992583,high
partition,2476.5067579348542,2510.1148052228227,high
partition,3184.3421348886695,3201.8129175502827,high
partition,5852.987148426204,5930.529116215574,high
partition,3423.8733779931613,3445.62261342884,high
partition,2260.9604290500447,2272.1160856153524,high
partition,2594.4605715628527,2614.3539055535202,high
partition,3123.8537581419077,3141.1534680977734,high
partition,5810.575191740477,5846.197305851341,high
partition,3278.1692286309317,3312.922518832159,high
partition,2324.2781084643048,2333.700471939031,high
partition,2571.0004028282538,2613.2984901868367,high
partition,3116.7580427928,3141.594430985484,high
partition,5824.352512108034,5901.91787110148,high
partition,3250.894038991636,3265.9887984661764,high
partition,2378.7632700862723,2394.9741031425287,high
partition,2497.917927779249,2505.564030545238,high
partition,3229.157938566881,3260.0639204552003,high
partition,6076.549698623821,6117.668327032742,high
partition,3381.364570037456,3439.9498966663696,high
partition,2344.5348798245504,2352.4968042091787,high
partition,2610.659354968747,2624.661700156149,high
partition,3087.6833616366243,3095.432498140732,high
partition,6025.639763488298,6058.8229557570485,high
partition,3265.6033286605502,3299.1367464855284,high
partition,2277.590193885952,2317.4485873407343,high
partition,2358.9789807027123,2398.9425441351377,high
partition,3084.116453244137,3112.115551657176,high
partition,6018.198982560882,6051.055853690668,high
partition,3237.645184911769,3293.3356608687827,high
partition,2288.2904600143634,2308.894753797037,high
partition,2659.5115767650145,2675.3251973718016,high
partition,3113.7164472566483,3124.1580634304473,high
partition,5854.898113265189,5962.398143787541,high
partition,3329.9219981768606,3337.7199029120147,high
partition,2394.0957539365227,2409.7385484546157,high
partition,2487.195588478453,2494.3832032182254,high
partition,3160.3738809289875,3173.8947176275087,high
partition,6210.374393102916,6357.110632724746,high
partition,3453.7022984716123,3471.198893844612,high
partition,2299.7905645479295,2301.515613439467,high
partition,2614.4276791352727,2628.29047794116,high
partition,3177.5089466439226,3204.730457028959,high
partition,5589.7859526314205,5608.852076033652,high
partition,3244.9403623654107,3264.8510130102577,high
partition,2406.415016861153,2422.4064599430085,high
partition,2639.3025390942257,2652.4162589588154,high
partition,3087.712695991098,3090.189643555637,high
partition,5685.951725625141,5709.645063071766,high
partition,3355.998481598976,3390.0184178667078,high
partition,2396.6488227095947,2438.1259451064348,high
partition,2695.396897552568,2713.3296629315555,high
partition,3158.637150425623,3168.36261797358,high
partition,5975.390929926099,5994.251160644662,high
partition,3325.3130147319825,3340.094390613417,high
partition,2363.0934325439202,2374.2783674290904,high
partition,2417.7691102089466,2453.465881053381,high
partition,3223.8374915025947,3268.964422129543,high
partition,5540.69393742281,5549.87098941208,high
partition,3324.426475507531,3345.0663650935276,high
partition,2317.105917825605,2340.5610062725236,high
partition,2487.16428253042,2512.5866461974447,high
partition,3210.4269111011563,3241.454017730965,high
partition,5595.8785146138525,5654.3329375587255,high
partition,3449.658491287287,3451.3619470481076,high
partition,2480.9218924941397,2484.9750350031854,high
partition,2503.9336553796466,2513.3276680507774,high
partition,3156.0292094967026,3169.697017034445,high
partition,5960.472671432218,6006.882073661149,high
partition,3271.6949429775564,3292.944336354013,high
partition,2382.143400334206,2398.104173668269,high
partition,2582.752505780505,2607.006533154853,high
partition,3180.5713833604646,3190.8640738090644,high
partition,5966.100791647984,5987.30361207829,high
partition,3303.5454783426144,3349.147351587774,high
partition,2363.2038672252934,2391.7542227789963,high
partition,2587.0804819217797,2624.877257921616,high
partition,3104.5242900270314,3108.568544639263,high
partition,5972.006891201436,6032.050945261826,high
partition,3274.8300634305906,3382.7395424323213,high
partition,2420.54898854647,2436.646730401101,high
partition,2615.304363060231,2633.278245346357,high
partition,3175.838567653841,3206.0784674862393,high
partition,5706.270030552268,5732.8966323679015,high
partition,3253.9196982395247,3284.967321883919,high
partition,2317.7054190496765,2343.2344400979764,high
partition,2408.057084447707,2444.290879167931,high
partition,3131.339747406783,3142.070967980965,high
partition,5768.669534145808,5870.292882434904,high
partition,3435.480820592183,3453.6165410801696,high
partition,2243.1607514750076,2249.9655232180576,high
partition,2434.193885113647,2449.5950374121717,high
partition,3224.7509661964036,3278.753166086284,high
partition,5794.277474051252,5848.431561737863,high
partition,3321.609313968961,3335.3466939246464,high
partition,2305.6451391278633,2331.3200615232436,high
partition,2581.683122219531,2589.870814437726,high
partition,3168.732557133335,3185.0749572923537,high
partition,5723.217114497846,5771.384663272138,high
partition,3419.1483917774676,3464.0715355185375,high
partition,2288.172096751609,2310.0829112734905,high
partition,2432.0526310512187,2456.3209942069634,high
partition,3127.774942585682,3148.1865624525362,high
partition,5640.67304947903,5697.4898876089255,high
partition,3353.7568103532717,3392.2813278644912,high
partition,2319.93065812283,2332.5825141117293,high
partition,2487.402931164638,2499.3917653631456,high
partition,3153.608129927433,3161.1272586796226,high
partition,6220.4048617470235,6238.36611418085,high
partition,3284.823214982978,3308.634053162681,high
partition,2411.005564079842,2431.119691507069,high
random,13500.936365002339,13513.40190928377,high
random,18177.141015473393,18212.714844008427,high
random,16393.27086358134,16512.10957110363,high
random,12577.014457965557,12579.791631491318,high
random,16972.453544555035,16983.16106727667,high
random,10815.061310683366,10841.633790505177,high
random,13152.979468870804,13229.344020383967,high
random,19889.464651717233,19914.942883113323,high
random,13194.53271248032,13241.742450036367,high
random,18337.032521075696,18358.442204219966,high
random,11989.956273507385,12029.335664431195,high
random,20986.48921899559,21030.068336408734,high
random,16025.61903721344,16038.185951198833,high
random,16017.009573177922,16026.438841137988,high
random,16804.193401041306,16849.99939179529,high
random,13866.113673887274,13891.163532004233,high
random,18483.053717946194,18500.554445926544,high
random,16025.426970116354,16040.566950888893,high
random,13786.687198395224,13794.306635708228,high
random,15061.98009957205,15075.999836945193,high
random,9572.367471213174,9589.369457364986,high
random,17263.168800786603,17281.13218968267,high
random,17724.650933079574,17808.791199128435,high
random,16121.792262137862,16146.160384886356,high
random,20496.5229542015,20528.58876560765,high
random,14505.789318349245,14531.828727181335,high
random,19714.193182845313,19765.372165524623,high
random,16921.004625711543,16955.254300172288,high
random,15223.364195028409,15253.340998383555,high
random,10744.25797477713,10793.655934972183,high
random,15801.25658333601,15825.255985775804,high
random,17427.61125832614,17455.690109288065,high
random,13169.306562165586,13271.036352221614,high
random,14099.975753783267,14118.774313444936,high
random,16915.05995943606,16925.138717951304,high
random,19364.23531392083,19370.098621210418,high
random,15954.184519190927,15985.557687910848,high
random,14630.689784035312,14662.95283111279,high
random,17105.653215487357,17157.589575298338,high
random,22451.405989440067,22458.917996246513,high
random,13248.421434850714,13263.995056149928,high
random,13571.736496852314,13590.86817206403,high
random,14524.652417648484,14584.081184963012,high
random,12015.538598461957,12040.463440159943,high
random,22526.597597521155,22535.243364943402,high
random,15045.923224036196,15069.714134790165,high
random,16504.19453090102,16528.8194839189,high
random,17583.158520637084,17673.341758381488,high
random,16146.871721957108,16150.187038825736,high
random,20164.644925993965,20183.049457409346,high
random,17764.7517679484,17779.11699763719,high
random,16350.59481019918,16362.832910687772,high
random,12112.147374850307,12223.010872916084,high
random,12457.964705570594,12510.474491613224,high
random,19210.16192015298,19248.894542071474,high
random,15166.311945024881,15173.821881551614,high
random,17772.709763322873,17798.73049674634,high
random,16555.001557944335,16586.789014413516,high
random,16183.116469579709,16194.094184153031,high
random,18031.29152901072,18039.67406904172,high
random,12695.272274446032,12739.051255847895,high
random,16041.63725652449,16053.176921663491,high
random,20612.015932067494,20720.24859785191,high
random,13218.782325787324,13240.389917519788,high
random,13751.422094748605,13769.98449632563,high
random,14621.774006867634,14652.744921973343,high
random,21340.126690223282,21345.855061830436,high
random,16113.913422724927,16240.820181046416,high
random,14515.25247270744,14530.298162765606,high
random,27895.290950315553,27900.830539110448,high
random,9830.38749868285,9854.077578674145,high
random,13740.061749751598,13760.742470715215,high
random,15026.744411187728,15132.62289075293,high
random,15916.20268927514,15936.015508942588,high
random,19295.650174636805,19348.145489720857,high
random,13398.487964429361,13428.61875560672,high
random,14429.63132786246,14477.79807413145,high
random,17971.338092745547,18015.160101910184,high
random,11424.18093505244,11434.09959004818,high
random,14901.473257296651,14915.972891016252,high
random,11317.404688226656,11325.510222203819,high
random,15049.80519216929,15082.073543073766,high
random,16036.836042088007,16067.475094454392,high
random,13429.619491578249,13454.506210614989,high
random,32699.465398080087,32729.40607572108,high
random,13592.32424011234,13643.717285901434,high
random,19486.51834750556,19529.559637016013,high
random,16300.756537167548,16376.686094921555,high
random,12474.453420326003,12518.976792008474,high
random,17619.378240055805,17643.03104913688,high
random,12999.031285885796,13020.517381871317,high
random,14732.18313150583,14758.136154196029,high
random,18435.55292766054,18453.130788239658,high
random,13806.190383962045,13838.547220693388,high
random,18892.516824274757,18917.97370067492,high
random,10889.2316691153,10932.94274266786,high
random,11918.138821374538,11942.156241939243,high
random,15905.155533236752,15936.75203023367,high
random,13713.68813888197,13721.09208327849,high
random,14398.693062576513,14406.309546349254,high
random,11852.577696884146,11883.077153828945,high
random,18266.405110033156,18295.999349907594,high
random,14631.400139888889,14649.024392766049,high
random,13213.120347363907,13248.558708745337,high
random,18076.992279819973,18082.65982689017,high
random,16693.173290009705,16724.132314912,high
random,13718.54009571926,13725.59400541681,high
random,17411.0875019179,17523.739814216395,high
random,14959.33729452358,15014.347473940186,high
random,18082.630860355388,18086.287853640402,high
random,14927.063094337835,14937.856192698846,high
random,15517.129356029838,15537.816208967928,high
random,17202.90296898564,17306.80253989383,high
random,13006.822424534283,13028.063574154188,high
random,16209.576245810542,16218.599100665091,high
random,10656.003519665146,10700.555824457799,high
random,18470.384834008837,18493.566468667916,high
random,17031.880995110376,17095.69155889617,high
random,12351.052325286582,12375.623609362166,high
random,30732.582665762133,30757.657003750483,high
random,9601.547171406242,9613.985557406759,high
random,18763.297884765714,18810.278901526217,high
random,16293.304192394437,16380.943206248054,high
random,14407.75606563628,14418.190340673324,high
random,18880.35856002892,18885.605925505995,high
random,11671.154028256138,11676.682651413288,high
random,18834.559900374938,18839.668507220304,high
random,14144.93378024126,14190.991823498001,high
random,11985.072252503993,12005.608310946376,high
random,16480.720874185525,16520.865615589784,high
random,11430.47407524756,11471.83907441755,high
random,19223.15993942172,19269.69369926236,high
random,15689.043552964577,15696.273077542452,high
random,15889.22860240419,15915.629670252862,high
random,20689.244803392303,20693.445244481994,high
random,13811.731928848572,13823.99054322222,high
random,13782.960581688098,13791.261817633997,high
random,16841.966294434875,16897.58723827936,high
random,10826.1644444718,10848.559783516599,high
random,13348.759089822403,13365.532206121694,high
random,14818.637301110586,14834.377225081327,high
random,10475.759162279775,10508.64087922245,high
random,17473.217065065703,17511.73830069428,high
random,13290.666942735908,13311.436539074106,high
random,13268.953373400887,13275.897592278436,high
random,18081.416185706446,18114.406932860496,high
random,12638.882580178311,12643.226179832613,high
random,12745.959721636444,12802.509263294158,high
random,11499.323557647887,11595.346514566505,high
random,12661.224324767738,12670.361436550698,high
random,13744.578766485905,13770.989049637536,high
random,18960.657594344422,18968.869918561955,high
random,15102.982527650454,15123.686664243342,high
random,12929.222846405324,12943.372788697514,high
random,22556.71540016051,22566.18357442351,high
random,19976.405711544296,19993.62730122837,high
random,14976.138423696098,14993.248022951717,high
random,12095.702736729649,12145.859210178296,high
random,11803.648579717974,11816.256683745574,high
random,12510.536420009441,12540.63761341108,high
random,12797.048123620974,12864.149983420362,high
random,15152.12085877967,15229.096238714947,high
random,18012.33640132244,18057.1654910386,high
random,14598.918652389499,14605.283191059672,high
random,13401.828230429055,13416.406811718294,high
random,12984.090411980496,13022.975119621027,high
random,18465.925186720033,18511.381595092378,high
random,18333.76885181988,18390.02367453142,high
random,14681.816498535454,14703.007421066155,high
random,28178.705405028846,28217.70418406134,high
random,12280.391478224099,12343.717237386369,high
random,18242.349648032297,18273.6048290077,high
random,16783.41882819223,16799.584541018718,high
random,16232.459906822405,16272.279669056348,high
random,13645.447825769037,13690.131450035084,high
random,14320.813404108967,14354.85076255033,high
random,19203.04061127804,19243.238762527006,high
random,14731.907059707974,14801.419915864037,high
random,16041.605322339828,16054.87688874959,high
random,13376.78106448995,13380.55302366018,high
random,14011.527108667324,14031.600642842,high
random,20441.857770951297,20474.489277527464,high
random,15192.096182183896,15292.359548454582,high
random,18027.12317693748,18050.262626906544,high
random,9739.062527913842,9744.969843228671,high
random,14067.408898361313,14089.710549433425,high
random,16873.802947453325,16919.87516637285,high
random,16485.992524344896,16530.722216834627,high
random,15272.057003904927,15309.892456572912,high
random,30023.628669140642,30047.134368249142,high
random,12374.16981399259,12400.876889810937,high
random,14825.717702814598,14836.660564260752,high
random,16379.019278596985,16467.94107151709,high
random,15515.828579246203,15560.094082229407,high
random,17813.798320805334,17819.917207952836,high
random,13937.325805369275,13961.142311295525,high
random,10310.11446543519,10313.009938949726,high
random,18164.540127365246,18263.975829175295,high
random,13343.664946369197,13354.98772206072,high
random,15570.094076859978,15585.338394778617,high
oracle,7823.702495794403,7829.277398112097,high
oracle,9332.70591471701,9344.11388423554,high
oracle,11440.766277998266,11479.201954089314,high
oracle,8969.862136483134,8983.857261733188,high
oracle,9189.435571227204,9199.69111092125,high
oracle,7858.168583987151,7899.286086924692,high
oracle,9262.145196454956,9293.863543072795,high
oracle,11477.31159370694,11527.703228793496,high
oracle,9400.037069985483,9422.931610980097,high
oracle,9494.705895839716,9509.519453897035,high
oracle,7519.77820169075,7533.957066780378,high
oracle,9472.641925151047,9509.232510629481,high
oracle,11071.051370869991,11114.772841978518,high
oracle,8885.447319493227,8914.035271923241,high
oracle,9841.554626392728,9867.548972529165,high
oracle,7597.070181458961,7609.235514764388,high
oracle,9299.915548654426,9357.124383185863,high
oracle,11555.964386101605,11604.834832003966,high
oracle,8969.426618193884,8986.34231160094,high
oracle,9161.336510784566,9178.58079143902,high
oracle,7821.873445688626,7825.725016974022,high
oracle,9310.088466247176,9337.965617564769,high
oracle,10924.101370762759,10968.796263754475,high
oracle,9284.14849723284,9297.321766331283,high
oracle,9516.548214306024,9528.522690936305,high
oracle,7399.238512978682,7455.341043555665,high
oracle,9464.409864246687,9499.823833344031,high
oracle,11307.498944919414,11371.295481704317,high
oracle,8850.96878983158,8932.022629660252,high
oracle,9849.834038383502,9873.595296972595,high
oracle,7684.4702856314825,7702.978764463638,high
oracle,9296.852977991077,9302.93138363076,high
oracle,11147.681405684283,11162.219780240737,high
oracle,9054.206662788529,9075.013649307584,high
oracle,9177.910191579536,9191.079880932888,high
oracle,7977.007970880817,7989.900004146446,high
oracle,9281.785840037004,9283.213633773088,high
oracle,10987.43856474205,11021.960523800704,high
oracle,9321.20906707829,9383.68671392298,high
oracle,9473.028916450861,9481.389451269639,high
oracle,7496.327619099448,7524.682219506806,high
oracle,9477.916896789216,9508.962844199621,high
oracle,10971.935687466323,11024.124842653317,high
oracle,8900.76402334064,8918.320345802169,high
oracle,9831.621844745498,9857.484702139884,high
oracle,7763.243686779168,7814.931699694483,high
oracle,9294.870061268106,9320.755344678915,high
oracle,11006.298863865566,11044.344712802935,high
oracle,9053.506910072496,9074.517149141724,high
oracle,9193.973733287945,9198.754178197833,high
oracle,7965.24801838291,7987.826541300705,high
oracle,9318.19441661659,9381.103215614265,high
oracle,11104.3127623349,11160.234374088439,high
oracle,9401.674992197497,9432.66820093855,high
oracle,9498.451330788028,9541.151811940155,high
oracle,7644.726121540422,7669.135249276185,high
oracle,9669.989595340621,9691.254829610594,high
oracle,11014.971829668859,11047.759763890677,high
oracle,8854.13903940509,8889.35080433886,high
oracle,9895.818232120591,9919.057079878743,high
oracle,7963.851492880537,7971.841771900276,high
oracle,9305.474233852183,9322.924818045738,high
oracle,11650.433349521896,11682.497859448064,high
oracle,9008.973462831906,9013.054711947543,high
oracle,9195.418508810266,9228.70005734856,high
oracle,7893.920328109352,7900.647853052857,high
oracle,9271.693898325995,9279.932672639245,high
oracle,11010.612214545383,11144.427269102516,high
oracle,9308.668654006835,9328.670970552155,high
oracle,9490.430503888547,9505.043786350045,high
oracle,7644.8791871854255,7656.7364065871425,high
oracle,9654.492552341088,9667.084297442201,high
oracle,10947.996807019077,11010.624331360308,high
oracle,8833.217727181356,8847.548885040884,high
oracle,9851.322236764645,9855.972761141475,high
oracle,7684.545595526636,7738.170731655409,high
oracle,9283.054004849611,9322.25858274173,high
oracle,11136.565593609337,11247.527386673872,high
oracle,9161.297283293552,9184.882256893381,high
oracle,9222.19308655801,9227.69833256547,high
oracle,7929.476119412714,7933.571994952211,high
oracle,9351.210144618859,9416.487045187056,high
oracle,11215.47435971695,11305.378828834357,high
oracle,9368.805018499084,9385.145352591562,high
oracle,9483.566283689419,9516.825385809701,high
oracle,7606.7911199294595,7661.598460934,high
oracle,9525.117497870515,9540.509010332666,high
oracle,11240.894676461361,11305.830201130728,high
oracle,8845.417532659298,8866.077616448247,high
oracle,9961.043127400017,9965.009321240097,high
oracle,7697.45966224823,7716.932221429452,high
oracle,9525.874734959549,9555.203562493814,high
oracle,11428.567223683005,11512.635640310857,high
oracle,8959.66318511161,8985.289982332397,high
oracle,9244.93241776201,9263.875550299552,high
oracle,8181.6990394699405,8235.195720930966,high
oracle,9340.095123757123,9355.828367832752,high
oracle,11070.670086050166,11099.225215733013,high
oracle,9259.859365283872,9295.987836105578,high
oracle,9435.5741749393,9438.630535202778,high
oracle,7505.861934887951,7510.051257241019,high
oracle,9517.437441184988,9533.170327074964,high
oracle,11452.227419687099,11500.855232188544,high
oracle,8947.59085177132,8987.082343728369,high
oracle,9849.620126316055,9874.07145551984,high
oracle,7780.902059855155,7824.467966779073,high
oracle,9298.625160472673,9340.025743981209,high
oracle,11254.405662956431,11318.074597023508,high
oracle,8997.104558028113,9014.320748886916,high
oracle,9187.180978562268,9198.343202475624,high
oracle,7884.194110623611,7886.527770220741,high
oracle,9255.629803530168,9271.15420626129,high
oracle,11022.746923700675,11082.803230346126,high
oracle,9497.220341701657,9515.75982754531,high
oracle,9446.393260119265,9450.117535246742,high
oracle,7644.126896770985,7668.040044272915,high
oracle,9514.491856766705,9521.181297023591,high
oracle,11142.856809276289,11168.602259872132,high
oracle,8771.588019263885,8779.247798891138,high
oracle,10004.916923825987,10029.373852845243,high
oracle,7618.928445965472,7687.583306780793,high
oracle,9247.468735065911,9255.192036873686,high
oracle,11165.665779476654,11284.069944652565,high
oracle,8950.783429140785,8968.09896740938,high
oracle,9198.175461416973,9210.55818404041,high
oracle,8014.698209914466,8022.625332001508,high
oracle,9298.629021471168,9326.950274422821,high
oracle,11196.723383292581,11255.94640013668,high
oracle,9330.10269874435,9338.666119509817,high
oracle,9502.433415144404,9509.877914086588,high
oracle,7606.914658935586,7672.0192091913395,high
oracle,9508.658183117308,9524.804545657338,high
oracle,10965.124971720425,11020.85563510309,high
oracle,8786.639774175397,8794.380447535079,high
oracle,9892.189872352401,9904.320533607213,high
oracle,7646.917508661058,7667.231331763118,high
oracle,9281.53872626027,9289.80195479203,high
oracle,10923.284215252448,10949.663637063668,high
oracle,9048.646990976922,9062.739650219173,high
oracle,9258.89699781051,9285.546259890274,high
oracle,7763.871245398645,7768.812247591115,high
oracle,9391.195807592374,9398.999776958117,high
oracle,11072.543483854497,11159.605789542315,high
oracle,9312.327020584955,9363.213594565816,high
oracle,9468.249531001691,9491.474245847916,high
oracle,7577.010109476935,7590.667142932189,high
oracle,9567.922364034284,9587.623256768453,high
oracle,10999.07908584862,11037.09643828014,high
oracle,8789.840931096403,8828.565978286588,high
oracle,9888.851354461429,9894.247885830413,high
oracle,7660.355893366185,7670.5940892269255,high
oracle,9408.504432608785,9422.306246320291,high
oracle,11375.480526772104,11401.655672119512,high
oracle,8984.103227072419,8996.46753383922,high
oracle,9149.58202343794,9154.343274572035,high
oracle,7740.289049847295,7828.55004386178,high
oracle,9361.445550582717,9381.04767832388,high
oracle,11083.681559531125,11143.317477685403,high
oracle,9497.636357766658,9515.788465060206,high
oracle,9461.174843058645,9468.375268301212,high
oracle,7402.6165269029325,7405.267981099274,high
oracle,9462.457194477642,9466.727105420741,high
oracle,11560.168898093541,11581.498377464153,high
oracle,9040.835823401649,9057.922444485004,high
oracle,9915.274173024542,9923.014338290806,high
oracle,7676.721710086694,7708.793320293733,high
oracle,9288.502644522958,9294.851825602222,high
oracle,11644.983586316164,11779.823793604548,high
oracle,8946.388324936976,8953.278122361284,high
oracle,9152.48576321115,9160.25446605048,high
oracle,7857.156484487154,7871.174819412401,high
oracle,9294.078710551306,9318.750361979095,high
oracle,11395.85990401297,11439.327008865417,high
oracle,9548.72351112628,9559.673190091733,high
oracle,9454.730773215899,9484.414806003619,high
oracle,7500.640741312161,7550.365153923942,high
oracle,9551.236318510595,9556.008052780973,high
oracle,11003.840142460122,11101.001918264463,high
oracle,8868.99972902049,8881.229425696709,high
oracle,9854.108271939876,9856.960939888624,high
oracle,7680.501484977296,7717.1109103933395,high
oracle,9317.654398079452,9330.727958825737,high
oracle,11356.448859832939,11407.579527372518,high
oracle,9118.346381682863,9164.082766666515,high
oracle,9271.900702723622,9322.099066052682,high
oracle,7965.293909712184,7988.12856787582,high
oracle,9340.723194054039,9385.08196397754,high
oracle,11148.720585307614,11174.989031247667,high
oracle,9316.11300808058,9345.918137123654,high
oracle,9478.049097118108,9491.014172991843,high
oracle,7518.393558643769,7550.431173109089,high
oracle,9610.746525772218,9693.527411025603,high
oracle,11097.387817540292,11130.024611026305,high
oracle,8883.601986771551,8891.346732605547,high
oracle,9944.492393581246,9967.57481757808,high
oracle,7685.061853945158,7714.602489823824,high
oracle,9280.832504490721,9289.94176104521,high
oracle,11044.432314179767,11089.161723406869,high
oracle,9081.970338788216,9093.37814862662,high
oracle,9212.429428850637,9246.147297727968,high
SIT-safe,10355.418424773668,10408.997651190246,saturation
SIT-safe,12347.004585094686,12372.018027141059,saturation
SIT-safe,14844.609601979693,14855.165184805355,saturation
SIT-safe,12066.438190899587,12089.40241432623,saturation
SIT-safe,8651.733708890673,8675.574277315573,saturation
SIT-safe,10458.55257988914,10528.459739817376,saturation
SIT-safe,12455.0661478478,12469.230573017494,saturation
SIT-safe,14673.059408359064,14686.234964949159,saturation
SIT-safe,12470.310545106704,12484.827760904123,saturation
SIT-safe,8955.513210627929,8963.096319622206,saturation
SIT-safe,9974.43151566633,9995.542814567125,saturation
SIT-safe,12577.3724379986,12612.671391587372,saturation
SIT-safe,14441.924434903676,14516.88074968489,saturation
SIT-safe,11694.704227925355,11723.566664192429,saturation
SIT-safe,9296.587202059185,9319.465152353725,saturation
SIT-safe,10499.96243032889,10565.56171066467,saturation
SIT-safe,12396.871178991503,12439.655176154698,saturation
SIT-safe,14579.324352120077,14614.198870228149,saturation
SIT-safe,11866.16532770194,11869.730489549303,saturation
SIT-safe,8666.536547763955,8728.014576318077,saturation
SIT-safe,10440.884514289228,10495.877091801005,saturation
SIT-safe,12464.849148441248,12482.074685151983,saturation
SIT-safe,14524.627721074392,14594.382225932459,saturation
SIT-safe,12558.709235350258,12579.003853003978,saturation
SIT-safe,8963.338473035896,8966.396335810203,saturation
SIT-safe,9885.478169788925,9906.796133293354,saturation
SIT-safe,12565.069848155705,12569.653855996661,saturation
SIT-safe,14319.794866034219,14358.428224583606,saturation
SIT-safe,11756.860830624431,11763.888454602078,saturation
SIT-safe,9262.190074171971,9273.407302291182,saturation
SIT-safe,9993.908323364372,10035.86556700588,saturation
SIT-safe,12309.196665321011,12319.433769329105,saturation
SIT-safe,14762.963076670825,14792.804477094032,saturation
SIT-safe,11972.672705866764,11987.272432370642,saturation
SIT-safe,8617.808140619853,8632.899550694021,saturation
SIT-safe,10326.171740033305,10363.660784282925,saturation
SIT-safe,12397.527450276946,12423.662067397045,saturation
SIT-safe,14672.002988680726,14779.102895298425,saturation
SIT-safe,12357.79695747972,12380.971085947205,saturation
SIT-safe,9008.560368072343,9018.196996679533,saturation
SIT-safe,9900.6005907714,9962.83821710883,saturation
SIT-safe,12693.417995180518,12710.050438417857,saturation
SIT-safe,14456.377847026817,14465.086486398097,saturation
SIT-safe,11641.76007493773,11684.827231222596,saturation
SIT-safe,9309.459844048124,9322.642818412896,saturation
SIT-safe,10071.625049677548,10091.170481042156,saturation
SIT-safe,12363.953838768364,12404.816353627994,saturation
SIT-safe,15014.967440708475,15233.602980386615,saturation
SIT-safe,12019.608607079677,12025.535565911217,saturation
SIT-safe,8765.89308333534,8794.775132434026,saturation
SIT-safe,10544.354161426065,10569.67402889488,saturation
SIT-safe,12529.280146446055,12598.766034889428,saturation
SIT-safe,14515.864644874979,14556.731775826722,saturation
SIT-safe,12507.568571079923,12568.267121009234,saturation
SIT-safe,8958.567343676885,8963.52315852405,saturation
SIT-safe,9944.434087519607,9965.704903365811,saturation
SIT-safe,12621.502517899677,12684.178069492747,saturation
SIT-safe,14788.316364734354,14819.168822836238,saturation
SIT-safe,11631.580199684453,11647.600807190727,saturation
SIT-safe,9330.760269027489,9339.2586001223,saturation
SIT-safe,10287.117044412977,10291.88166593605,saturation
SIT-safe,12435.56453349792,12466.232353629419,saturation
SIT-safe,14683.426395331197,14755.33775301851,saturation
SIT-safe,12213.960719380988,12267.875283981615,saturation
SIT-safe,8586.860122717046,8603.892612700449,saturation
SIT-safe,10324.501767675483,10367.585694139794,saturation
SIT-safe,12400.315525139531,12410.51129812105,saturation
SIT-safe,14469.704927514547,14487.61633565478,saturation
SIT-safe,12358.594462676945,12367.532411136097,saturation
SIT-safe,8992.65226284014,9003.100520056525,saturation
SIT-safe,9949.073957827908,10006.217837781991,saturation
SIT-safe,12580.054222889854,12591.411616471978,saturation
SIT-safe,14512.64902143233,14600.67278572061,saturation
SIT-safe,11539.025846657494,11551.337952599268,saturation
SIT-safe,9326.049008311904,9343.186860897229,saturation
SIT-safe,10031.227915908963,10037.876504427091,saturation
SIT-safe,12347.407037488432,12376.072339053575,saturation
SIT-safe,14834.277125705203,14941.842757339971,saturation
SIT-safe,11883.829872274584,11909.590234840121,saturation
SIT-safe,8617.245386974448,8634.574152425834,saturation
SIT-safe,10478.645029854897,10552.132080446672,saturation
SIT-safe,12365.941121041797,12390.010375144944,saturation
SIT-safe,14779.34981739637,14820.316589578815,saturation
SIT-safe,12323.723941059046,12347.578420275051,saturation
SIT-safe,8988.131591919586,8996.612205855425,saturation
SIT-safe,9967.936470261422,10007.938753254057,saturation
SIT-safe,12643.958580776303,12647.30099774434,saturation
SIT-safe,14408.308607488727,14493.94143573524,saturation
SIT-safe,11723.156045580286,11766.214328588798,saturation
SIT-safe,9300.270781800571,9302.851271048119,saturation
SIT-safe,10239.112787097778,10262.161495020864,saturation
SIT-safe,12367.352445352071,12385.330597620032,saturation
SIT-safe,14873.236228855136,14902.09666310661,saturation
SIT-safe,11925.619333545423,11983.901787734962,saturation
SIT-safe,8708.055570676463,8728.684340738633,saturation
SIT-safe,10452.169075071553,10521.22696792129,saturation
SIT-safe,12427.939228732106,12436.922781531968,saturation
SIT-safe,14566.261411338659,14591.795383756404,saturation
SIT-safe,12556.116788836744,12560.783244023196,saturation
SIT-safe,8931.79021309813,8942.2295265549,saturation
SIT-safe,9943.804668650755,9974.10001431836,saturation
SIT-safe,12537.426961548466,12546.539285001349,saturation
SIT-safe,14359.289549088733,14385.49574108973,saturation
SIT-safe,11641.118411147512,11713.575439988714,saturation
SIT-safe,9332.990530688081,9338.620120684383,saturation
SIT-safe,10033.868857526331,10044.35654160926,saturation
SIT-safe,12322.243323867016,12345.199217300138,saturation
SIT-safe,14647.531388553949,14712.693464525943,saturation
SIT-safe,12030.175211537951,12061.462240630688,saturation
SIT-safe,8708.606994964262,8734.611261445876,saturation
SIT-safe,10527.613596986714,10553.422507685937,saturation
SIT-safe,12336.725042594577,12351.94905265127,saturation
SIT-safe,14522.257503635079,14596.115041913297,saturation
SIT-safe,12428.95981674775,12463.210585776586,saturation
SIT-safe,9050.032647113978,9062.993420200655,saturation
SIT-safe,9903.064999574133,9928.58868035566,saturation
SIT-safe,12691.334078011134,12699.28190094066,saturation
SIT-safe,14590.51387277916,14729.387578647493,saturation
SIT-safe,11636.389206778438,11650.02217885107,saturation
SIT-safe,9293.183050574982,9296.334314601718,saturation
SIT-safe,10060.672148916055,10076.029659320377,saturation
SIT-safe,12297.6384811388,12304.318289246788,saturation
SIT-safe,14616.596342048091,14649.875109151551,saturation
SIT-safe,12187.040446510975,12239.40973160369,saturation
SIT-safe,8582.172990929232,8611.415335757256,saturation
SIT-safe,10343.191015557695,10394.152130216138,saturation
SIT-safe,12335.872630916208,12372.978749651445,saturation
SIT-safe,14716.611297277906,14765.336318461832,saturation
SIT-safe,12278.665185037946,12303.133694667686,saturation
SIT-safe,9044.647047057972,9053.607598516726,saturation
SIT-safe,9941.118428891094,9946.244727201916,saturation
SIT-safe,12735.70351903381,12742.65176967721,saturation
SIT-safe,14469.472418832689,14563.113098512826,saturation
SIT-safe,11575.716570348355,11610.436714064468,saturation
SIT-safe,9369.803245858038,9393.751101786136,saturation
SIT-safe,10272.029351154055,10321.250209847787,saturation
SIT-safe,12374.920659804371,12410.015557483715,saturation
SIT-safe,14693.839060923474,14739.153579378171,saturation
SIT-safe,11896.22672959481,11933.634622228046,saturation
SIT-safe,8619.493376477842,8624.657283512583,saturation
SIT-safe,10380.164018627056,10387.02564632729,saturation
SIT-safe,12449.472982678244,12463.533997416765,saturation
SIT-safe,14460.737288719063,14537.543154676943,saturation
SIT-safe,12386.801384291,12390.30050234591,saturation
SIT-safe,9049.471081111142,9066.54753314942,saturation
SIT-safe,9905.567055391533,9922.882385300421,saturation
SIT-safe,12665.291723924696,12697.592383986346,saturation
SIT-safe,14359.975881935534,14443.533635855396,saturation
SIT-safe,11880.613499545416,11901.888582670217,saturation
SIT-safe,9289.01767151009,9307.006787058748,saturation
SIT-safe,10195.751219874379,10203.06063458773,saturation
SIT-safe,12307.584707411168,12336.474106982572,saturation
SIT-safe,14924.388794463666,15006.114659436898,saturation
SIT-safe,12103.725821517932,12128.015619342765,saturation
SIT-safe,8545.472947629281,8563.542371701407,saturation
SIT-safe,10438.047172527944,10454.058221482002,saturation
SIT-safe,12563.831253433535,12567.300376708961,saturation
SIT-safe,14353.758377388582,14521.602073206252,saturation
SIT-safe,12393.651984575703,12437.983661075774,saturation
SIT-safe,9044.528031668022,9067.203272415885,saturation
SIT-safe,9956.678656347289,9996.475638397555,saturation
SIT-safe,12729.40304971225,12755.450856489117,saturation
SIT-safe,14476.007946006997,14521.244635954918,saturation
SIT-safe,11837.271736568988,11867.386977701011,saturation
SIT-safe,9318.584191293328,9326.52406035817,saturation
SIT-safe,9982.52584651103,10001.728130263084,saturation
SIT-safe,12376.684425296358,12384.62723775534,saturation
SIT-safe,14853.43555012793,14891.682765191346,saturation
SIT-safe,11953.976025283093,11976.515469526517,saturation
SIT-safe,8534.14838605985,8545.471364710435,saturation
SIT-safe,10313.133097533477,10364.830657969913,saturation
SIT-safe,12287.605800178748,12292.984440663073,saturation
SIT-safe,14557.314713539568,14596.075173353494,saturation
SIT-safe,12360.851590757622,12406.163446011076,saturation
SIT-safe,9066.516530064739,9071.633659586756,saturation
SIT-safe,9883.049380418784,9889.97941094117,saturation
SIT-safe,12650.837188337426,12659.341741017983,saturation
SIT-safe,14693.952780664926,14826.283356902699,saturation
SIT-safe,11557.57157870577,11561.384877607361,saturation
SIT-safe,9328.178161326445,9339.68892480815,saturation
SIT-safe,10085.48838782909,10099.681460028507,saturation
SIT-safe,12316.142235263247,12340.334125374118,saturation
SIT-safe,14792.664270777082,14810.775469228694,saturation
SIT-safe,12186.500367170853,12206.486673824049,saturation
SIT-safe,8591.086806858711,8600.179020764414,saturation
SIT-safe,10417.042330802966,10428.169761778794,saturation
SIT-safe,12585.886227727031,12602.45147197332,saturation
SIT-safe,14739.356090931646,14869.785495630797,saturation
SIT-safe,12349.85625758059,12421.860996119198,saturation
SIT-safe,8995.532677023668,9025.242016817094,saturation
SIT-safe,9884.292700707916,9888.72218276017,saturation
SIT-safe,12615.521299985465,12640.789220248476,saturation
SIT-safe,14609.696958362698,14639.495331926737,saturation
SIT-safe,11726.122164836435,11762.558679892021,saturation
SIT-safe,9377.408207007227,9391.51060298095,saturation
SIT-safe,10221.311057777777,10251.5623073553,saturation
SIT-safe,12510.627477941574,12523.393443069845,saturation
SIT-safe,14829.546273947148,14957.619059245022,saturation
SIT-safe,11949.542068623612,11967.262798139893,saturation
SIT-safe,8736.446273401214,8776.717495250541,saturation
partition,3164.1346722882463,3217.837098120329,saturation
partition,4184.207769567293,4190.438095383023,saturation
partition,7790.308912448883,7829.396144000084,saturation
partition,4407.827064719744,4444.591244165822,saturation
partition,3026.5628486980513,3032.063677579151,saturation
partition,3279.5510927096925,3285.0469319269037,saturation
partition,4325.267878642135,4338.789098591436,saturation
partition,7825.4296443721605,7861.05884835349,saturation
partition,4390.474412111157,4396.631353054947,saturation
partition,3060.826104060201,3082.2630243286985,saturation
partition,3311.0588464043753,3339.6264535308956,saturation
partition,4230.578320888137,4257.154155599412,saturation
partition,7337.5532547891735,7371.348894856013,saturation
partition,4351.268502736898,4379.0854024752725,saturation
partition,3118.258129293908,3140.9736948898335,saturation
partition,3084.2537628103883,3109.296255967669,saturation
partition,4256.2711675098535,4292.390101308756,saturation
partition,7170.504174205053,7283.671260436735,saturation
partition,4522.2824513065725,4574.784530051471,saturation
partition,3013.574783789499,3034.2427202341714,saturation
partition,3203.0356455611654,3217.899886067429,saturation
partition,4202.736876843015,4230.820189725117,saturation
partition,7357.280569759058,7434.991532254844,saturation
partition,4267.497034986472,4320.604601145984,saturation
partition,3065.6709411458814,3088.730799192681,saturation
partition,3176.7898508483104,3194.4541225466237,saturation
partition,4212.310394270974,4227.031343319923,saturation
partition,7318.583330582827,7382.029567046851,saturation
partition,4415.9182585869985,4434.4270425110435,saturation
partition,3071.4377957401157,3072.8978471865744,saturation
partition,3103.260675274545,3117.722040003324,saturation
partition,4151.864276927337,4165.32388954064,saturation
partition,7655.574366453593,7718.37970691673,saturation
partition,4261.928941306175,4274.693274926122,saturation
partition,3092.5955508337083,3112.367926644625,saturation
partition,3167.787545738529,3196.701651979193,saturation
partition,4091.357228571446,4118.224360318141,saturation
partition,7559.833209418034,7593.998968558963,saturation
partition,4423.890084968686,4439.69036471708,saturation
partition,3016.619372977644,3024.6353759419603,saturation
partition,3416.673260656292,3423.118549413611,saturation
partition,4289.359705064523,4295.076001330959,saturation
partition,7491.604695629051,7504.449052686828,saturation
partition,4391.412364403657,4398.974334187153,saturation
partition,3037.211795376309,3051.9537187205938,saturation
partition,3244.937737062417,3310.633005610749,saturation
partition,4199.020450739228,4228.370979686641,saturation
partition,7531.087747343745,7577.059264870056,saturation
partition,4376.667398096318,4381.974650607148,saturation
partition,3080.87406209207,3088.743149085318,saturation
partition,3254.509718074296,3264.723722911617,saturation
partition,4074.7474090430237,4085.3291691509885,saturation
partition,7981.334154121787,8068.729053145154,saturation
partition,4261.686343796795,4300.066764253606,saturation
partition,3077.0189967058777,3088.3836628868457,saturation
partition,3199.3971190459088,3225.1526635858877,saturation
partition,4087.330622346514,4097.403395823182,saturation
partition,7390.160138609455,7434.332909139468,saturation
partition,4693.139858403387,4720.56772719527,saturation
partition,3043.9044361801043,3053.1224053374017,saturation
partition,3207.095999569752,3222.1762255924114,saturation
partition,4090.5883219225593,4108.0408139053725,saturation
partition,7629.160190037173,7693.140761865881,saturation
partition,4514.524184409457,4557.446967222574,saturation
partition,3089.9590189877513,3112.223356484759,saturation
partition,3191.9218209475957,3220.967048980813,saturation
partition,4067.3195269611015,4078.697183027937,saturation
partition,7136.701480212243,7150.737361931275,saturation
partition,4412.984772156901,4418.693252799394,saturation
partition,3007.639341053745,3010.694687348532,saturation
partition,3325.2639456758698,3382.6582502675274,saturation
partition,4154.784282904496,4189.602506005536,saturation
partition,7632.104012157489,7690.803585741867,saturation
partition,4245.085286705749,4266.188724082361,saturation
partition,3121.1284513562246,3131.2076997559843,saturation
partition,3146.079041292209,3182.782123557402,saturation
partition,4089.2717547007514,4103.750676078556,saturation
partition,7706.664400514985,7770.355441601891,saturation
partition,4438.259308419334,4465.825322082967,saturation
partition,3035.8066425095026,3052.378236471567,saturation
partition,3244.227806233485,3277.7827523986352,saturation
partition,4464.5453803668415,4486.212932259345,saturation
partition,7568.571831257041,7609.066170691367,saturation
partition,4226.851998564071,4253.848776450865,saturation
partition,3119.8453314335234,3133.788737428226,saturation
partition,3267.316615419141,3365.7038795206877,saturation
partition,4122.111871486589,4131.295626902936,saturation
partition,7419.879010715151,7456.591267875244,saturation
partition,4402.42459609318,4436.097760217651,saturation
partition,3087.7051977538144,3099.0428051920107,saturation
partition,3146.409287815422,3160.4917741038325,saturation
partition,4007.8351785900886,4033.942775414885,saturation
partition,7834.920370236711,7853.696473860794,saturation
partition,4485.268631398522,4512.576969299195,saturation
partition,3107.738400208484,3147.4889678241643,saturation
partition,3093.4737515923794,3107.915046845045,saturation
partition,4557.767584440703,4601.404338065905,saturation
partition,7630.057089920703,7738.409657304505,saturation
partition,4252.546751387763,4277.056001663261,saturation
partition,3027.061486631951,3030.4100153120125,saturation
partition,3310.0526965018666,3331.9902475722447,saturation
partition,4265.492720033752,4271.311320010664,saturation
partition,7466.689027505461,7472.135960168933,saturation
partition,4534.634982118266,4556.4969875086845,saturation
partition,3080.826221901288,3099.759703331032,saturation
partition,3093.650252413614,3111.6705157255165,saturation
partition,4235.519552370328,4277.4139117621835,saturation
partition,7221.95380157587,7270.697398276658,saturation
partition,4288.169123830951,4333.620002456938,saturation
partition,3060.1582308817988,3084.8427176282516,saturation
partition,3384.517769626824,3397.512242204824,saturation
partition,4093.3131823111835,4135.073964299463,saturation
partition,7995.952175459259,8026.242139059054,saturation
partition,4310.04183215096,4365.152309924271,saturation
partition,3039.871317918945,3054.071290641694,saturation
partition,3451.2602508177106,3527.617881011977,saturation
partition,4130.152902615286,4130.776181578387,saturation
partition,7550.2726877546165,7602.770222614488,saturation
partition,4422.451820476355,4444.303471833146,saturation
partition,3005.2752195990743,3027.0941936557583,saturation
partition,3233.3577649737394,3245.218590956992,saturation
partition,4192.947924831298,4212.469047628787,saturation
partition,7627.696607645775,7740.3160819500235,saturation
partition,4247.583053728035,4287.287826631295,saturation
partition,3040.9342555213857,3058.869031535547,saturation
partition,3121.97649698737,3147.472131007579,saturation
partition,4111.052702501208,4124.523480799314,saturation
partition,7556.164406003559,7634.542265589369,saturation
partition,4325.759412309194,4331.464967229947,saturation
partition,2988.318598049962,3032.225476318663,saturation
partition,3273.7121695024584,3297.9548980887457,saturation
partition,4363.832102627144,4393.854541654549,saturation
partition,7743.874535575172,7801.125955896376,saturation
partition,4263.776625910253,4284.584042124883,saturation
partition,3096.013673870513,3100.599579915245,saturation
partition,3128.2558746444724,3164.7412096403323,saturation
partition,4143.511742728958,4145.917109096312,saturation
partition,7221.341152641253,7251.322889392292,saturation
partition,4288.14909552958,4290.136821389073,saturation
partition,3028.5499774398554,3044.1019860624156,saturation
partition,3354.4792123609286,3361.3826972404268,saturation
partition,4134.78106549634,4143.250245974407,saturation
partition,7706.0604635838945,7726.533086489728,saturation
partition,4455.31015586616,4462.1785479013815,saturation
partition,2983.6702129628957,2990.2437489774984,saturation
partition,3255.127634632685,3267.9644168304985,saturation
partition,4141.582369879117,4145.060364224904,saturation
partition,7637.2227371729705,7718.173397224986,saturation
partition,4305.214461894121,4322.916105552358,saturation
partition,3076.065959621655,3097.101321106232,saturation
partition,3193.211856018936,3224.3533822136333,saturation
partition,4222.17858606295,4253.918315768384,saturation
partition,7751.420843459645,7840.250349580781,saturation
partition,4231.764267501074,4237.393068597774,saturation
partition,3125.7644126888054,3133.244093547983,saturation
partition,3275.8145543374176,3282.920649390182,saturation
partition,4179.435650052337,4207.955152988245,saturation
partition,7586.15483025219,7607.921710890381,saturation
partition,4453.641123057208,4470.12363110888,saturation
partition,3088.7629678298454,3094.7213901359387,saturation
partition,3318.76674153325,3341.231251873531,saturation
partition,4133.7607737566,4135.736912454343,saturation
partition,7267.749091236331,7314.220328622676,saturation
partition,4348.941743882893,4382.156791769297,saturation
partition,3096.951612776915,3109.245532770593,saturation
partition,3133.397583574347,3159.373532341323,saturation
partition,4124.527545421965,4151.374908326119,saturation
partition,7421.383675594262,7453.715949295587,saturation
partition,4270.468494459285,4282.59844282296,saturation
partition,3058.8515863518696,3061.413840015664,saturation
partition,3211.5507082462937,3233.1961955300676,saturation
partition,4115.40134345804,4139.913405239527,saturation
partition,7328.1319406569455,7347.094531585071,saturation
partition,4325.061260057582,4345.096701776242,saturation
partition,3056.341894584766,3061.9155153010342,saturation
partition,3622.9550235909614,3666.669118469228,saturation
partition,4204.773984947054,4226.493586011236,saturation
partition,7304.20521243198,7337.714350006826,saturation
partition,4266.144066405937,4363.530278647845,saturation
partition,3098.0576015018783,3126.6146682640683,saturation
partition,3297.5586098885815,3330.235637862638,saturation
partition,4285.123096932537,4346.423388817648,saturation
partition,7541.806909642746,7659.914800102709,saturation
partition,4350.300547020605,4377.61570008972,saturation
partition,3308.1491884178126,3314.0158879401124,saturation
partition,3327.953080814347,3340.7291767571246,saturation
partition,4208.708075037039,4229.208177438317,saturation
partition,7798.621488040799,7892.705686737886,saturation
partition,4282.463761979707,4290.522324046131,saturation
partition,3172.3078790005147,3199.10295395033,saturation
partition,3082.039685583109,3092.837546845286,saturation
partition,4256.34919731807,4276.205046360352,saturation
partition,7530.847568974755,7545.121181581044,saturation
partition,4423.1385912525875,4450.216639429262,saturation
partition,3005.359469225107,3013.3928614110864,saturation
partition,3271.672908281178,3285.876919877278,saturation
partition,4208.716298168729,4232.356199387828,saturation
partition,7811.84781690043,7911.235065684343,saturation
partition,4200.917930426628,4225.395091530927,saturation
partition,3122.01181956774,3170.966424172649,saturation
random,20980.582347414827,20996.827589819157,saturation
random,19127.543724059993,19140.330421881947,saturation
random,21825.97126373253,21959.92694374948,saturation
random,23968.578057305196,23976.236374799082,saturation
random,18383.728115710117,18396.082913777573,saturation
random,26690.2410983625,26701.74039883921,saturation
random,22242.38672089277,22263.786643544336,saturation
random,21703.151491658988,21724.413618755774,saturation
random,17522.794222076453,17544.935919528423,saturation
random,20493.008347338473,20520.595033185113,saturation
random,16820.61584236445,16842.123892598014,saturation
random,25251.67897181251,25260.386978911723,saturation
random,17112.840647171586,17177.123780522274,saturation
random,18385.675141137086,18408.87991843335,saturation
random,28921.818678449512,28936.476525708575,saturation
random,18662.901685342844,18693.64420787373,saturation
random,18429.764012812142,18439.402545372308,saturation
random,16810.290562079077,16904.514637512482,saturation
random,18586.36383379525,18609.82640385998,saturation
random,25984.837902418985,25996.039637137786,saturation
random,21488.364894164093,21515.315237596697,saturation
random,22229.508981924057,22252.533393934227,saturation
random,23896.539608751802,24053.05291348473,saturation
random,21481.45782058778,21531.443926615495,saturation
random,20323.380327575967,20333.097603671846,saturation
random,18207.776071120243,18254.284661151585,saturation
random,20816.428863164998,20851.401008197427,saturation
random,17000.64553292999,17012.79212093135,saturation
random,14042.040223311911,14049.58675155483,saturation
random,20603.59199725497,20610.24853238804,saturation
random,18171.22035365719,18225.31937011367,saturation
random,16737.2317370151,16746.84331801817,saturation
random,21346.95896045428,21373.461513855425,saturation
random,17010.321280123295,17024.095508700135,saturation
random,26961.2028138203,26971.84965655671,saturation
random,16344.070710138734,16404.04970963026,saturation
random,17180.13499242169,17200.361804858418,saturation
random,21895.872819162658,21904.30120268565,saturation
random,19678.40755440746,19751.394283397058,saturation
random,29664.3850730095,29688.327938371673,saturation
random,17775.956718042373,17811.84085112592,saturation
random,22385.454492183617,22411.9155854725,saturation
random,24849.64587854305,24948.56248245074,saturation
random,14086.68158643997,14157.988242994626,saturation
random,19008.192543860627,19032.715077187484,saturation
random,15993.0962858448,16006.111156466028,saturation
random,21376.01024010851,21420.1119554259,saturation
random,18435.994775883504,18463.108285037837,saturation
random,19578.12904940467,19619.93382923575,saturation
random,24788.549163129515,24795.614780528347,saturation
random,18555.99793339015,18618.154968529027,saturation
random,19772.87217305322,19793.59969480149,saturation
random,22031.97839425339,22097.615215206642,saturation
random,17747.940040794554,17749.880048637977,saturation
random,24742.338106238418,24747.189471600715,saturation
random,18477.927963122438,18533.406298857433,saturation
random,26019.25344394743,26024.985440437973,saturation
random,16642.393833097674,16687.29966386593,saturation
random,22154.87614868648,22168.20497705567,saturation
random,20849.225008422116,20857.947757971735,saturation
random,15847.771986020884,15887.930056009554,saturation
random,15141.13223456665,15149.720449493318,saturation
random,25086.94659213341,25195.66529572293,saturation
random,16861.044780513366,16868.012407664195,saturation
random,17417.55828341739,17430.816677714814,saturation
random,15317.662815891454,15342.013056321011,saturation
random,25021.813659438605,25038.347276816727,saturation
random,21659.309418615532,21717.521679459864,saturation
random,20845.765104511083,20870.32966087226,saturation
random,21447.762670397402,21470.07778640101,saturation
random,20681.54447800156,20729.403272495863,saturation
random,20085.29272004547,20134.525808630824,saturation
random,21360.615300457597,21486.623933480194,saturation
random,14234.802234181348,14270.982764414312,saturation
random,26949.738980855785,26957.42564634555,saturation
random,18517.818086216255,18543.954662343123,saturation
random,25084.694048409445,25096.93216937488,saturation
random,26331.341769840146,26367.3149716126,saturation
random,21087.926405532835,21095.011077506577,saturation
random,18199.80454743899,18224.626968965924,saturation
random,14638.282338795989,14658.496454298027,saturation
random,15214.70373177896,15240.562761202762,saturation
random,26187.817943041922,26190.339668280038,saturation
random,20914.81908178291,20920.526582087987,saturation
random,22460.297641505593,22462.00814627912,saturation
random,17657.598938214975,17683.80340506309,saturation
random,20798.106553457183,20809.51465354944,saturation
random,25064.88322702722,25126.938822497454,saturation
random,21228.280221167046,21280.819350077734,saturation
random,42703.27919627525,42709.58960321331,saturation
random,15953.236608126601,15992.627269815664,saturation
random,17914.433463743535,18004.799811203462,saturation
random,27008.846605979816,27016.62525003216,saturation
random,22411.6486670247,22421.56070346106,saturation
random,37834.26617678406,37843.27528993836,saturation
random,19261.35537810935,19347.384339886536,saturation
random,17078.487010310026,17098.48875512244,saturation
random,20729.518073273735,20767.26063265655,saturation
random,22879.842228980353,22900.481032479103,saturation
random,26872.888842981247,26884.180253544204,saturation
random,19294.053062381754,19338.209403329216,saturation
random,26309.193602491625,26327.479701202865,saturation
random,20038.643573868536,20115.034234111954,saturation
random,21649.48950391584,21669.069039907885,saturation
random,21569.36748146845,21576.45705023173,saturation
random,20685.152215341066,20704.966742742752,saturation
random,25492.808630544107,25535.39501760832,saturation
random,18154.122705822494,18311.312265121458,saturation
random,14356.712417797738,14376.354014990507,saturation
random,39745.84405695703,39757.511221844696,saturation
random,16753.9406522222,16779.867787742496,saturation
random,27187.37168804563,27200.36452837231,saturation
random,18502.856963026275,18558.898346282713,saturation
random,18198.45634984261,18212.443944171835,saturation
random,17600.516284632165,17610.27670312373,saturation
random,16544.35603949888,16596.366980666953,saturation
random,18166.855598436443,18196.16915742284,saturation
random,23478.672969144296,23507.44056132048,saturation
random,19107.97274622347,19130.793570742855,saturation
random,29092.260246028607,29108.38858354339,saturation
random,27075.31766551572,27118.449041669162,saturation
random,18595.867940158518,18622.22374151837,saturation
random,21007.01108503008,21093.564784514623,saturation
random,19591.070692520698,19610.91917255926,saturation
random,23342.839825517436,23343.3616758016,saturation
random,12079.546299817423,12098.095001838808,saturation
random,19551.275927627717,19569.95647400101,saturation
random,18462.702213656295,18546.17032015424,saturation
random,19204.835065916544,19238.976007560348,saturation
random,20650.710436820267,20673.572079949183,saturation
random,16070.112376007652,16120.488946446572,saturation
random,12893.321060478313,12922.791446601921,saturation
random,17994.051173950287,18032.877371841456,saturation
random,18195.799080578094,18240.068758682908,saturation
random,30819.252565156534,30830.681474546036,saturation
random,21932.34457858742,21943.836781712973,saturation
random,23837.471822858206,23879.936120087074,saturation
random,25185.387108194387,25204.946704908376,saturation
random,14829.367119341412,14838.511290982835,saturation
random,35774.335043686115,35780.91004991493,saturation
random,20621.295323444163,20649.30914950605,saturation
random,17522.57270404931,17566.91902712093,saturation
random,21436.861528664816,21509.666095595167,saturation
random,21503.699810429556,21518.37245122534,saturation
random,30786.415704387975,30800.714919803933,saturation
random,19764.582443546948,19789.799643990096,saturation
random,22217.795712347655,22239.07432437857,saturation
random,21214.486936211168,21281.4801996904,saturation
random,15752.934855446738,15775.123788599425,saturation
random,15116.91997272281,15129.908711166056,saturation
random,11850.598752381202,11854.561679180091,saturation
random,23315.015969229833,23357.993720448525,saturation
random,25274.738232678836,25309.4012406893,saturation
random,19409.06543053993,19437.61449191581,saturation
random,20100.028003922922,20120.498839604625,saturation
random,15665.998785075912,15706.122658469492,saturation
random,24768.510133786756,24780.726231029606,saturation
random,21174.8423934213,21226.782635936703,saturation
random,17383.58161757591,17391.100024010426,saturation
random,26400.53369334398,26406.279221337587,saturation
random,18563.352895198354,18589.265995966714,saturation
random,16518.83215909425,16533.84826463119,saturation
random,23291.853703164576,23317.315670057065,saturation
random,17187.110185543374,17208.446329039944,saturation
random,23176.577328135205,23186.365837456353,saturation
random,19835.603607574452,19856.401694893433,saturation
random,22173.078256539444,22205.915178511772,saturation
random,19207.017436742346,19270.78007155483,saturation
random,19121.714186466892,19125.999722198445,saturation
random,19604.02364940766,19624.921609984463,saturation
random,19062.68689082079,19066.728109952346,saturation
random,26087.922477675686,26097.95960189319,saturation
random,24081.988361795862,24132.547395698777,saturation
random,18638.805612038082,18673.2312877011,saturation
random,18354.38188683389,18372.791021753517,saturation
random,19895.261202985177,19909.113997993038,saturation
random,19921.78708291504,19926.513228554635,saturation
random,24551.791629842963,24588.253268485387,saturation
random,20353.294753750994,20366.71747943022,saturation
random,17661.974901334557,17701.99163455001,saturation
random,27264.45900287448,27269.74559543415,saturation
random,28556.537527742843,28585.250823554336,saturation
random,21259.05560660988,21337.354944398532,saturation
random,18667.16748271735,18684.305584799375,saturation
random,18774.32702130377,18795.791508713333,saturation
random,13996.438683273007,14026.672622715785,saturation
random,23943.592657308203,23952.987777428014,saturation
random,19496.666357210124,19544.150424129082,saturation
random,15254.9593943038,15259.84358532885,saturation
random,13951.852735933726,13954.565776332738,saturation
random,16004.143572028495,16049.248824713048,saturation
random,20041.8859136713,20049.378805028966,saturation
random,23902.915602828314,24008.00377772913,saturation
random,16320.506779860132,16342.885195981638,saturation
random,30796.383947346003,30807.572731952838,saturation
random,15420.555945939403,15444.715737119364,saturation
random,22058.74916985693,22069.434228236103,saturation
random,18200.873068745237,18233.851491226334,saturation
random,17656.300750859675,17674.871777150787,saturation
random,21013.128858583903,21033.756550675273,saturation
oracle,10017.418326923145,10027.176606863779,saturation
oracle,12378.990160645737,12394.70124978073,saturation
oracle,14708.771549940555,14750.966453865985,saturation
oracle,12003.01692475286,12015.914244357722,saturation
oracle,12227.281194434494,12253.536042163389,saturation
oracle,10527.363814631699,10605.604512261287,saturation
oracle,12395.290662462066,12420.762965316717,saturation
oracle,14317.676391074156,14341.38810050908,saturation
oracle,12479.709611905393,12504.688748392233,saturation
oracle,12564.800339082267,12587.476366361623,saturation
oracle,9884.76830734855,9898.275560222075,saturation
oracle,12605.457053913371,12607.031817026711,saturation
oracle,15168.626480727586,15199.194968356533,saturation
oracle,11661.403752466296,11679.901388177535,saturation
oracle,13026.349345084762,13074.049937679127,saturation
oracle,10192.230214625708,10212.973568759551,saturation
oracle,12324.173498906652,12335.040700148034,saturation
oracle,14693.198826310463,14752.731084512689,saturation
oracle,12103.686606524097,12129.14214784639,saturation
oracle,12386.192900854445,12391.46007645736,saturation
oracle,10428.072489276366,10430.582914838473,saturation
oracle,12273.057500674104,12309.656972055851,saturation
oracle,14714.362762710254,14795.379670411043,saturation
oracle,12452.745876903877,12485.466100616912,saturation
oracle,12643.887843053584,12676.120005083792,saturation
oracle,10021.626755058398,10074.999806736982,saturation
oracle,12594.711188121764,12611.125041083615,saturation
oracle,14719.8031667269,14767.937072277438,saturation
oracle,11665.087879600966,11677.405997715185,saturation
oracle,13132.195969448225,13139.340340009152,saturation
oracle,10191.20786275597,10204.151941604032,saturation
oracle,12362.659498569541,12366.561734329898,saturation
oracle,15042.443682965522,15091.919017724658,saturation
oracle,11956.531289080225,11968.680453372563,saturation
oracle,12235.903816316462,12257.115796226031,saturation
oracle,10490.385562673191,10510.698077612364,saturation
oracle,12300.118539443187,12303.399887523618,saturation
oracle,14439.549076931575,14494.428420410068,saturation
oracle,12472.241175142943,12476.899875483796,saturation
oracle,12526.191935004346,12531.18035544368,saturation
oracle,10092.572246135269,10101.8045302627,saturation
oracle,12724.45665554086,12784.588357384913,saturation
oracle,15125.549836284688,15192.505417981065,saturation
oracle,11853.147210973573,11879.929187672828,saturation
oracle,13088.695106542653,13093.410423152684,saturation
oracle,10092.778704078757,10137.655049446063,saturation
oracle,12434.04771274369,12493.850912599743,saturation
oracle,14798.238149335515,14890.078510014177,saturation
oracle,11831.89543938056,11840.560832886986,saturation
oracle,12233.420524801355,12243.427604916513,saturation
oracle,10390.37511661175,10422.56017885963,saturation
oracle,12467.211536555273,12491.66959011092,saturation
oracle,14629.473455114989,14783.88402835745,saturation
oracle,12399.563304123554,12424.857666452344,saturation
oracle,12571.348491481978,12576.617783486443,saturation
oracle,10101.124401623607,10109.52308765474,saturation
oracle,12560.170156333448,12602.464968668688,saturation
oracle,14970.304215836235,15038.172809314157,saturation
oracle,11665.036776418598,11688.631271358869,saturation
oracle,13129.56725331186,13136.050194026953,saturation
oracle,10062.945681450563,10162.376465098178,saturation
oracle,12310.988552090419,12314.582295307966,saturation
oracle,15184.371129346297,15233.157721055184,saturation
oracle,11872.063459879912,11892.97066193513,saturation
oracle,12239.089641550103,12251.312559416987,saturation
oracle,10652.582510875149,10726.03724520457,saturation
oracle,12515.717845981368,12591.138012857598,saturation
oracle,14719.922446389624,14780.254351307323,saturation
oracle,12464.706186050556,12506.730871766496,saturation
oracle,12551.846546641298,12581.55090638898,saturation
oracle,9974.914357130798,9992.373480193706,saturation
oracle,12664.221726039688,12691.9229134882,saturation
oracle,14389.311231516238,14463.8160417433,saturation
oracle,11612.166281710442,11616.657964490409,saturation
oracle,13141.987561327507,13184.285569824398,saturation
oracle,10154.171919268003,10205.773218955492,saturation
oracle,12247.580823175122,12277.319420399741,saturation
oracle,15157.032209334046,15254.495866241845,saturation
oracle,12013.584338530683,12031.851028078425,saturation
oracle,12241.133128881382,12273.580921190649,saturation
oracle,10370.905734730592,10413.599229074007,saturation
oracle,12348.341169201536,12388.8010400881,saturation
oracle,14404.835139198838,14421.326423154213,saturation
oracle,12512.5126194648,12520.298270792202,saturation
oracle,12612.369202277723,12633.83996284646,saturation
oracle,9772.246265990223,9820.539157174187,saturation
oracle,12608.291671043997,12612.815867571018,saturation
oracle,14405.514614208765,14423.450015424432,saturation
oracle,11595.867782904621,11636.32601841498,saturation
oracle,13112.19498535268,13130.38076844631,saturation
oracle,10545.417951903315,10561.258561943941,saturation
oracle,12374.382714179177,12389.548805033039,saturation
oracle,14676.468910995274,14699.487975500964,saturation
oracle,11976.123512693814,12012.70650306689,saturation
oracle,12282.642007972578,12315.145424490962,saturation
oracle,10332.848911066249,10346.414373284446,saturation
oracle,12415.77955138294,12423.307206761074,saturation
oracle,14629.818663415319,14693.079273385512,saturation
oracle,12475.254172592211,12529.33994891533,saturation
oracle,12530.367190917732,12534.642335831193,saturation
oracle,10202.85418407686,10217.484921842373,saturation
oracle,12570.874622655063,12590.256007422087,saturation
oracle,14887.72610156111,14942.316443024796,saturation
oracle,11691.9089427617,11749.383914102369,saturation
oracle,13166.458804435488,13233.389572543852,saturation
oracle,10155.742940360191,10167.751656275022,saturation
oracle,12359.282759296731,12392.731239306506,saturation
oracle,15150.032955527533,15172.181079289127,saturation
oracle,12173.526849367541,12178.85377094257,saturation
oracle,12193.893284819029,12198.771073226868,saturation
oracle,10388.301703317613,10425.713063685824,saturation
oracle,12436.137503726606,12464.418626566756,saturation
oracle,14478.892175221776,14515.075331817865,saturation
oracle,12182.728298041304,12188.09791454424,saturation
oracle,12602.779677586192,12619.325214832113,saturation
oracle,9933.797213288262,9952.46403799694,saturation
oracle,12539.575541464068,12556.960360616165,saturation
oracle,14365.166626930468,14521.580460126002,saturation
oracle,11612.729710243226,11657.913496308183,saturation
oracle,13077.66345807802,13092.172706052264,saturation
oracle,10292.514643318475,10312.548026566656,saturation
oracle,12325.155051904789,12344.724320526882,saturation
oracle,15464.868872305804,15578.242407150126,saturation
oracle,11957.037350408156,11979.981522093727,saturation
oracle,12211.788658954038,12215.907185139722,saturation
oracle,10275.426867459742,10286.197338234559,saturation
oracle,12302.338863631627,12319.613842804076,saturation
oracle,14665.79990204461,14767.195101739486,saturation
oracle,12429.60347245088,12463.660610178747,saturation
oracle,12560.18740632049,12595.223699606788,saturation
oracle,9885.169236510981,9927.63314990449,saturation
oracle,12688.811053316054,12708.568738958707,saturation
oracle,14705.755792423834,14768.456542724502,saturation
oracle,11633.192908669227,11679.050487075987,saturation
oracle,13153.62435531917,13176.487079362909,saturation
oracle,10114.78641639197,10139.601102518664,saturation
oracle,12354.574766329097,12416.86959996842,saturation
oracle,14658.726410855515,14714.540334837246,saturation
oracle,11917.977447243205,11949.815905560337,saturation
oracle,12189.065659810134,12206.206445642252,saturation
oracle,10345.310935734971,10365.350881901402,saturation
oracle,12392.29412377718,12412.16881343941,saturation
oracle,14546.365159068668,14613.485077116064,saturation
oracle,12394.84938232722,12437.09886194145,saturation
oracle,12554.9797809829,12576.960351245401,saturation
oracle,9940.034649932264,9946.877472187241,saturation
oracle,12563.69965681229,12570.95697061956,saturation
oracle,14503.00367687526,14547.74753615952,saturation
oracle,11571.361737470748,11611.688139351354,saturation
oracle,13146.67460891674,13195.516243317395,saturation
oracle,10166.515229104132,10217.04475764423,saturation
oracle,12195.267058530493,12225.54985928837,saturation
oracle,14590.764877503701,14679.587378244929,saturation
oracle,12108.15489095892,12137.083754264499,saturation
oracle,12168.690329941064,12178.08677544801,saturation
oracle,10411.26451741825,10427.91446478658,saturation
oracle,12360.164410188283,12373.287692131333,saturation
oracle,14597.151832819418,14622.551400075596,saturation
oracle,12335.136950942719,12393.511734073196,saturation
oracle,12646.250788773403,12676.497436153748,saturation
oracle,9957.24596665759,9998.58448616545,saturation
oracle,12575.045783909802,12588.892107726124,saturation
oracle,14724.484040289935,14815.622924594329,saturation
oracle,12007.921576887256,12028.72663876873,saturation
oracle,13207.096775625805,13221.344048312067,saturation
oracle,10042.503818117486,10061.994515918006,saturation
oracle,12302.031595320936,12318.334716109212,saturation
oracle,14796.430291815714,14848.02984858349,saturation
oracle,11950.568859465711,11990.796853976197,saturation
oracle,12417.550159241919,12430.210104533066,saturation
oracle,10427.756077804715,10442.241730560012,saturation
oracle,12425.704077648355,12447.03690286579,saturation
oracle,14962.148948307808,15006.351989751423,saturation
oracle,12408.330911113806,12436.691522074447,saturation
oracle,12525.912612774762,12534.834606880864,saturation
oracle,9911.663709317207,9919.780875820643,saturation
oracle,12595.783787534112,12632.170100401112,saturation
oracle,14946.740988904565,14969.569986396771,saturation
oracle,11945.513482754663,11949.406646567446,saturation
oracle,13174.38972400842,13184.269112674303,saturation
oracle,10057.359432982545,10076.43591244655,saturation
oracle,12352.978888558198,12385.708516812934,saturation
oracle,14626.544778678475,14713.43098525297,saturation
oracle,12140.851426418041,12153.593924318964,saturation
oracle,12190.83747751451,12214.669241705884,saturation
oracle,10552.412346885878,10593.19180891212,saturation
oracle,12295.986511094994,12318.294553873193,saturation
oracle,14489.304943660687,14531.332086664854,saturation
oracle,12343.888399634887,12356.590483551698,saturation
oracle,12572.312939494332,12581.944697561163,saturation
oracle,9853.30363731181,9888.10596956117,saturation
oracle,12770.090408961012,12785.833731558623,saturation
oracle,14282.238080858091,14350.007740757395,saturation
oracle,11674.04936951294,11688.516096961037,saturation
oracle,13215.943044546819,13224.32861642274,saturation
oracle,10127.768349388589,10187.938934050475,saturation
oracle,12396.812710955903,12417.550458676676,saturation
oracle,14729.288622506443,14790.666101568033,saturation
oracle,12003.427329784428,12018.38696816464,saturation
oracle,12206.72718724525,12221.31906396399,saturation
SIT-safe,486387.15555597923,486433.8373384865,low
SIT-safe,281329.8568414203,281378.97222521994,low
SIT-safe,88498.55401547095,88678.1919361892,low
SIT-safe,71820.51926391397,71841.83771922754,low
SIT-safe,89912.52486942569,89931.31942997337,low
SIT-safe,191193.38857719858,191262.11597917223,low
SIT-safe,148985.7053141373,148990.86139971108,low
SIT-safe,220115.5500349716,220183.70840289653,low
SIT-safe,83276.69180519578,83305.74218903153,low
SIT-safe,228952.81113093902,228985.9258927471,low
SIT-safe,427469.7422784357,427523.02956361184,low
SIT-safe,99374.52651148166,99388.46637519312,low
SIT-safe,49150.37435569461,49328.98839538178,low
SIT-safe,36125.78110117352,36200.703410514354,low
SIT-safe,39628.702289781126,39639.770589351436,low
SIT-safe,59051.01656776207,59062.46876633265,low
SIT-safe,167392.1848661497,167445.37092239666,low
SIT-safe,154001.07614299588,154032.90970541327,low
SIT-safe,305742.3061724349,305750.39339959633,low
SIT-safe,125746.09671250383,125769.85585690045,low
SIT-safe,71861.91367800123,71896.43111162345,low
SIT-safe,203895.97123698675,203915.10230989906,low
SIT-safe,70929.21862331829,70987.02998772357,low
SIT-safe,47253.875341320745,47295.528962219294,low
SIT-safe,112946.21042939257,112969.74606020274,low
SIT-safe,295616.8265186606,295640.32674879977,low
SIT-safe,60064.98324564349,60100.719466380106,low
SIT-safe,180289.53635812295,180384.22532087832,low
SIT-safe,1346568.4474292565,1346587.8096558424,low
SIT-safe,40526.64886699613,40559.057428836015,low
SIT-safe,89051.40654743754,89130.0401357053,low
SIT-safe,781683.8392816483,781715.5469789964,low
SIT-safe,73771.55625755436,73795.07832025774,low
SIT-safe,69831.28873850261,69854.14804922965,low
SIT-safe,289790.8533555746,289832.0020979338,low
SIT-safe,588344.3807163246,588397.068768786,low
SIT-safe,115961.17153708468,115981.66714281257,low
SIT-safe,132864.40666703292,133026.6481315028,low
SIT-safe,264496.0493348432,264561.03076150356,low
SIT-safe,66012.3310916135,66053.5693949719,low
SIT-safe,214419.46357696806,214428.4703727834,low
SIT-safe,256219.38526251545,282887.641331308,low
SIT-safe,42332.27343086148,42413.7294270687,low
SIT-safe,61967.87778460198,61999.372005702804,low
SIT-safe,21905.395610609474,21912.482731517,low
SIT-safe,119948.86587658574,120064.99996451987,low
SIT-safe,61645.84395768665,61680.59014964687,low
SIT-safe,91070.18330434563,91210.6111446504,low
SIT-safe,68540.07518123413,68585.92365028153,low
SIT-safe,39142.767233326005,39169.959428574155,low
SIT-safe,53454.774320298624,53509.98810691193,low
SIT-safe,163582.83230917066,163606.05225857283,low
SIT-safe,168739.58309869916,168748.7157873545,low
SIT-safe,15494.818695807171,15564.644120763784,low
SIT-safe,173109.80930009333,173174.81687374186,low
SIT-safe,138903.3408787584,139012.07661327656,low
SIT-safe,36338.834474676325,36418.90391055537,low
SIT-safe,86439.03390694282,86539.56426476338,low
SIT-safe,149695.32926906494,149718.40192973742,low
SIT-safe,108416.04967094396,108503.10225880324,low
SIT-safe,67153.5097289124,67199.07138358647,low
SIT-safe,203148.84692783203,203189.1389682938,low
SIT-safe,115327.4883686478,115329.35249147436,low
SIT-safe,37674.41387778469,58366.266920786395,low
SIT-safe,61384.331948497864,61401.80217470548,low
SIT-safe,47358.83325483357,52473.8904614208,low
SIT-safe,66531.00160887421,66568.71606763307,low
SIT-safe,76309.63936026511,76353.06669714121,low
SIT-safe,37148.76187791459,37181.25829230176,low
SIT-safe,63954.465055029796,63967.44375455215,low
SIT-safe,53068.08982990027,53130.56994982678,low
SIT-safe,21000.704937001603,21039.54679784327,low
SIT-safe,259248.36178015868,259295.53025601822,low
SIT-safe,182819.81552798927,182865.5110834256,low
SIT-safe,33929.57499484716,33932.21055269292,low
SIT-safe,178901.8090245849,178940.96733147767,low
SIT-safe,70643.01557575248,70659.05577051308,low
SIT-safe,34837.07561538795,34856.52137540632,low
SIT-safe,3645512.5103111323,3645566.58902614,low
SIT-safe,187908.73864310666,187931.17248704575,low
SIT-safe,63650.97596840017,63681.169201447825,low
SIT-safe,55715.28466819747,55756.113778323794,low
SIT-safe,136026.7687024527,136111.26443232378,low
SIT-safe,102235.96000061606,102248.86645780061,low
SIT-safe,84969.83406472676,84980.36815947352,low
SIT-safe,35753.957456441756,35779.95750299646,low
SIT-safe,94286.77257558753,94317.6810054889,low
SIT-safe,94713.07386050806,94876.22490629429,low
SIT-safe,30387.80937321377,30447.494886419343,low
SIT-safe,77197.38444306506,77226.3629461492,low
SIT-safe,429203.58201104216,429219.81408528326,low
SIT-safe,134618.40069200893,134632.50994778195,low
SIT-safe,173405.03218823252,173418.46174291184,low
SIT-safe,74403.37143417996,74410.53713243415,low
SIT-safe,37130.86178317255,37136.87250753853,low
SIT-safe,101847.85706784712,101876.4174523325,low
SIT-safe,388104.9590336293,388126.2116000504,low
SIT-safe,62483.438606102725,62496.46171431309,low
SIT-safe,74658.27420131977,74700.4213024976,low
SIT-safe,52864.35910172073,62999.89173397879,low
SIT-safe,92058.71125334015,92079.85591342815,low
SIT-safe,101083.8450406373,101101.20151187526,low
SIT-safe,97280.47664785276,97364.23307423537,low
SIT-safe,108137.57705946022,108156.29072007132,low
SIT-safe,57506.57268927455,57524.61278548477,low
SIT-safe,86827.44515638152,86846.28883546282,low
SIT-safe,44392.40169905865,44409.25765625523,low
SIT-safe,39642.6256474268,39663.58933167831,low
SIT-safe,273575.2711743722,273699.5865488406,low
SIT-safe,163136.9920710158,163156.7793045318,low
SIT-safe,60061.70621802395,60138.61311865755,low
SIT-safe,75657.25557666674,75730.22884100713,low
SIT-safe,33020.63696162389,33034.98309707548,low
SIT-safe,34885.95977469673,34959.820033286975,low
SIT-safe,22132.45549261644,22160.329204291193,low
SIT-safe,33134.475606968605,33162.01859043604,low
SIT-safe,49989.62901037719,50031.82258116394,low
SIT-safe,117890.5079617926,117986.16418028898,low
SIT-safe,233149.14756541583,233182.35168308904,low
SIT-safe,1220214.6470391094,1220250.8337299305,low
SIT-safe,141108.97637994547,141175.47647890396,low
SIT-safe,135633.60327353957,135651.41392525926,low
SIT-safe,46305.398451784175,61608.3741896985,low
SIT-safe,32794.67778643935,32842.76255946363,low
SIT-safe,211707.83212022673,211738.777102597,low
SIT-safe,236764.41910384587,236846.0953084429,low
SIT-safe,81237.37534443042,81313.7015457616,low
SIT-safe,91426.07962733903,91462.98508417488,low
SIT-safe,456664.9252554384,456668.3887846251,low
SIT-safe,305999.90502999176,306023.6881624452,low
SIT-safe,48905.47757412049,48918.61149917616,low
SIT-safe,142609.71320312048,142747.84420198516,low
SIT-safe,204031.21782552378,204075.15571322732,low
SIT-safe,218708.41345088492,218719.38569114273,low
SIT-safe,71542.60329230806,71573.39765967632,low
SIT-safe,392204.23763118073,392239.37784996425,low
SIT-safe,284030.5149766386,284083.04846519884,low
SIT-safe,45633.58329547133,45766.42193530002,low
SIT-safe,158336.11120922747,158377.59771691717,low
SIT-safe,184592.74721885356,184632.41635836495,low
SIT-safe,331006.31588635116,331029.92838134174,low
SIT-safe,73234.72738088388,73260.90314694666,low
SIT-safe,189991.5100589871,190019.03011009042,low
SIT-safe,73481.90771404684,73528.9783302247,low
SIT-safe,19400.667813250333,19417.101173946394,low
SIT-safe,213788.80145437346,213817.164777869,low
SIT-safe,77316.9256625471,77327.50530256265,low
SIT-safe,30582.935538701924,30656.649124769276,low
SIT-safe,47825.37116235607,47847.176085509825,low
SIT-safe,356262.46158231085,356271.5221702396,low
SIT-safe,141860.02111118444,141894.1203167984,low
SIT-safe,48310.85240410172,48339.94085238536,low
SIT-safe,60801.96365827729,60869.13258658492,low
SIT-safe,39129.31849916898,39142.992056493225,low
SIT-safe,54233.106657680335,54251.062159584384,low
SIT-safe,151533.64629561597,151589.84505700512,low
SIT-safe,52479.55970662719,52493.80681218746,low
SIT-safe,44920.183201010004,44968.124776988945,low
SIT-safe,53319.005933809196,53342.067126383816,low
SIT-safe,205357.11326581426,205364.82603288378,low
SIT-safe,330788.8693895713,330852.47934389126,low
SIT-safe,29728.526297847246,29738.660959998684,low
SIT-safe,79075.29837074869,79143.70628193411,low
SIT-safe,92139.50728119529,92174.2084177247,low
SIT-safe,25821.481106426694,25829.355340319853,low
SIT-safe,66682.21809623374,66721.9745446509,low
SIT-safe,89761.21496934978,89780.62315626859,low
SIT-safe,72049.12861597093,72110.37542754943,low
SIT-safe,71724.7445037811,71768.48939567717,low
SIT-safe,38998.82987439949,39010.593468746214,low
SIT-safe,121040.81129413008,121061.71507118785,low
SIT-safe,97396.19789306642,97449.53421337673,low
SIT-safe,78907.7864456831,78926.78488935,low
SIT-safe,32377.97001993094,32397.41028644429,low
SIT-safe,468832.3841591569,468849.6812874216,low
SIT-safe,119490.69979653321,119532.32001014063,low
SIT-safe,30825.866599989346,30853.205421275405,low
SIT-safe,239397.76379356402,239509.46621144773,low
SIT-safe,160043.42423157737,160081.14904795605,low
SIT-safe,32176.58388668497,32188.980226221567,low
SIT-safe,50827.85001386451,50861.269985877334,low
SIT-safe,90249.22741796257,90257.91363312065,low
SIT-safe,63813.10073497365,63863.79305660675,low
SIT-safe,345144.5697175248,345152.5202545044,low
SIT-safe,57072.53391152732,57110.37781769292,low
SIT-safe,161020.82749870876,161040.70492745395,low
SIT-safe,166748.7675083803,166775.0673089497,low
SIT-safe,86976.33506831426,87046.89504596737,low
SIT-safe,93926.88943123845,93961.77360107427,low
SIT-safe,85140.88404866202,85169.62785120794,low
SIT-safe,54370.893496811135,54434.58263546611,low
SIT-safe,114747.57893840909,114780.7080166706,low
SIT-safe,49759.8108310789,49793.47023719246,low
SIT-safe,114785.991374915,114819.0350597146,low
SIT-safe,147699.43404575862,147704.88202522945,low
SIT-safe,252411.81153892307,252434.9610876008,low
SIT-safe,56000.688911303434,56045.98469454114,low
SIT-safe,102180.45129371337,102315.73419213635,low
SIT-safe,157058.52495004275,157067.83035949315,low
SIT-safe,80310.5038566184,80342.59379258487,low
partition,51642.60550977708,51664.57577836018,low
partition,36996.381692183764,37011.93960092781,low
partition,107490.59307181388,107503.9019810932,low
partition,1757546.2875084025,1757571.564106129,low
partition,52937.03192381458,52945.98161723212,low
partition,81105.90006738386,81159.91904655943,low
partition,144175.9139437431,144251.2963819842,low
partition,128657.65578507482,128742.34470806134,low
partition,45859.042551771614,45966.48197627503,low
partition,141412.68964468874,141436.75046535995,low
partition,59102.01457787204,59126.34335869121,low
partition,42237.885600081194,42289.95589726665,low
partition,45507.49137956332,45682.662718509455,low
partition,257630.84808931968,257664.8177351083,low
partition,27521.25657028483,27532.484558778946,low
partition,97293.91879125431,97335.46255776327,low
partition,470963.55809579114,471069.78611075063,low
partition,63526.626240011676,63613.647351033986,low
partition,51094.971387445425,51128.352040420745,low
partition,63433.92254164404,63466.47491434843,low
partition,102596.62530366324,102648.20074959645,low
partition,249897.22119667134,250007.43072980974,low
partition,41886.414781399704,42026.05238543046,low
partition,51926.70446119564,51977.772965833145,low
partition,160575.0303668164,160607.2765504275,low
partition,99562.38287379353,99578.98460074596,low
partition,55176.06403558309,55205.9639842203,low
partition,138989.38797847021,139112.36342336226,low
partition,690872.7898786961,690900.3328513771,low
partition,56085.22631402662,56106.02939317809,low
partition,62339.23376789318,62350.75843473703,low
partition,643521.9741757901,643541.8710635053,low
partition,37825.57588141826,37848.925689903816,low
partition,41364.79764428634,41401.316912909606,low
partition,201980.25723980958,202003.5293329896,low
partition,137442.00560992456,137466.00497355367,low
partition,180035.96828654734,180077.55655950028,low
partition,27871.42834146773,28043.85788543896,low
partition,182549.1137151657,182577.38040916857,low
partition,64135.8174905692,64163.72523305866,low
partition,436224.849884382,436241.05823051615,low
partition,140555.13001366865,140562.58058312885,low
partition,255598.529004529,255736.31445505557,low
partition,35206.310394394386,35266.30422850906,low
partition,32848.704220944375,32879.67271343651,low
partition,145282.85982077717,145309.71622586704,low
partition,91797.16116825311,91805.59950174805,low
partition,273727.12042592815,276680.16842547647,low
partition,1234489.823412838,1234561.2713504657,low
partition,25972.17689053834,26006.636906915068,low
partition,126701.80880597312,126720.58777331491,low
partition,90335.26569789238,90372.7320646758,low
partition,185602.812618852,185637.3282731776,low
partition,43295.31445420063,43302.228470133006,low
partition,38211.7960738589,38260.14467760656,low
partition,39433.508229903346,39438.73554387542,low
partition,59500.457326671545,63994.59414546253,low
partition,296962.219968131,297012.0551283244,low
partition,172528.1626116214,172581.4079752699,low
partition,190109.65551189717,190158.2936037538,low
partition,103167.04654973462,103189.72617457694,low
partition,45194.108724756945,45213.773580771776,low
partition,86522.20123159693,86676.77102284337,low
partition,220187.0414481109,220308.7862835973,low
partition,124841.34074392798,124863.02243977538,low
partition,104941.90043922057,104999.49491106452,low
partition,61485.75459609745,61508.810957167676,low
partition,57800.66705966599,57839.99267664879,low
partition,21097.19909169601,21109.874608381233,low
partition,37854.022339734125,37873.93143400758,low
partition,46784.16867237511,46800.70741202374,low
partition,106494.8073139055,106499.5538983267,low
partition,580729.319513969,580797.4931300989,low
partition,149320.32676678943,149357.90620231925,low
partition,18352.087345929038,18385.160472202733,low
partition,166016.49678098745,166052.5710102484,low
partition,219895.27532084504,219924.856108542,low
partition,96637.05456145984,96776.72415942351,low
partition,140588.1386857102,140661.6761987888,low
partition,82908.38917991605,82940.93662634213,low
partition,31552.283305236095,31571.360565651237,low
partition,23094.345526944573,23136.940923029222,low
partition,83542.56024342537,83641.81930988506,low
partition,40842.388459847694,40860.49458788859,low
partition,144407.5419423152,144452.89770762122,low
partition,24066.05076642886,24131.560206875532,low
partition,184322.09427238654,184342.85588253074,low
partition,25506.075776529477,25533.981976764982,low
partition,61086.53168560544,61209.50636746036,low
partition,338335.53664942866,338369.11308174836,low
partition,183704.70293786074,183757.01439005163,low
partition,56646.19625461816,56660.70442624929,low
partition,29004.132551340954,29049.768167084614,low
partition,90885.12432365351,90919.5840598113,low
partition,32711.081468141118,37341.21498840053,low
partition,118170.23528131585,127465.01697587396,low
partition,60777.490341078104,60806.20035324097,low
partition,271223.2055316567,271327.54999777663,low
partition,23752.31782947131,23794.398139928417,low
partition,312134.36173000274,312152.82929150865,low
partition,64308.16047505232,64315.787870848915,low
partition,75942.43232506388,75981.16008959513,low
partition,296654.1752498506,296732.05060178874,low
partition,165056.6506574131,165099.73920663516,low
partition,70156.75346099705,70176.04546940842,low
partition,126767.81326011206,126875.87270547515,low
partition,78937.96507088593,78986.01561058321,low
partition,100975.31209980656,101256.53664120605,low
partition,56726.350839044775,56748.89347032401,low
partition,69167.27860935527,69202.92443700318,low
partition,43127.08491756662,43134.52695948299,low
partition,37394.36322822909,37433.55738963694,low
partition,31551.709367213945,31690.622423991237,low
partition,95175.52475979322,95204.60602093721,low
partition,257701.51921147227,257716.69166299593,low
partition,77267.89683913378,78623.61771826074,low
partition,39996.79592174701,49317.09681299041,low
partition,1812425.931602831,1812441.3499011523,low
partition,76844.42835706547,76856.05272825592,low
partition,48522.38558039314,48619.472252729145,low
partition,24433.47902972948,24451.963530990535,low
partition,56414.02953630193,56425.616818531096,low
partition,52855.124587070364,52935.88546629713,low
partition,91051.73311666206,91081.27300297447,low
partition,61606.233321789216,61630.646215675966,low
partition,168325.29707964318,168375.1567659502,low
partition,62672.27088852051,62687.44111361807,low
partition,142598.23447118033,142627.5749442979,low
partition,56971.05800163393,56985.267673573944,low
partition,743984.2811891986,746314.8541197395,low
partition,224411.60515301372,224466.84237767349,low
partition,65110.69630767184,65151.641125591814,low
partition,37045.96304585999,37068.563298147055,low
partition,92046.20555687555,92071.81291109443,low
partition,102588.49333828717,102613.89027554088,low
partition,95757.30491574723,95788.97926172201,low
partition,19231.338473707834,19263.940654793812,low
partition,48893.58699308723,48906.318036204444,low
partition,108978.92229706854,112663.79925238562,low
partition,343076.8344018083,343099.31240424427,low
partition,78780.23910245704,78818.55788288853,low
partition,127190.86478292212,127215.75862164093,low
partition,31364.44089955948,31562.520714769176,low
partition,71260.1788268612,71289.83308710152,low
partition,153498.24897502855,155701.2397403167,low
partition,327514.4784183786,327563.2102601665,low
partition,127246.53901973857,127306.60338708787,low
partition,56479.33606601115,56517.50260653923,low
partition,64592.342789603485,64613.2216008034,low
partition,61645.17334555318,61662.40318082859,low
partition,117566.40903361731,117568.7024385909,low
partition,53666.67917466518,53769.98051633555,low
partition,57221.353513190756,57248.88433404555,low
partition,164822.10905519317,164881.8014155078,low
partition,63755.45573831908,63799.433835997464,low
partition,83319.06019314457,83431.86645503993,low
partition,524705.6946014751,524755.2087539509,low
partition,144732.93582502703,144765.0958704268,low
partition,25578.59450599635,25604.96881765797,low
partition,74251.00455035102,74264.84167472483,low
partition,272308.7896458535,272349.4023503432,low
partition,69095.7432344693,69154.64542076574,low
partition,249304.09451512416,249430.30164046792,low
partition,108262.99097494424,108302.43244819136,low
partition,54755.65241961334,54772.0532801747,low
partition,51870.83579253132,51895.58499069663,low
partition,58503.57603906135,58510.69633857685,low
partition,125124.71206711231,133998.1216088201,low
partition,100122.83097494187,100159.09528445438,low
partition,78340.31019293242,78365.56156677917,low
partition,67265.31975723366,67272.01643361207,low
partition,397343.6444270858,397356.31753598654,low
partition,338561.4936710023,338613.4928156964,low
partition,278891.54443238466,278950.9206449231,low
partition,39102.726356998486,39118.2793425643,low
partition,189655.46782786003,189679.9277274498,low
partition,93296.90668770381,93334.78278646043,low
partition,1273861.8361562907,1273962.3394137542,low
partition,450887.5576152164,450915.69936645485,low
partition,36401.6160946604,36424.976903991774,low
partition,219449.36294103443,219479.15974115237,low
partition,33792.83647004082,33835.224296199405,low
partition,56320.42214638668,56331.428973069924,low
partition,53645.93703601237,53723.277088399045,low
partition,30207.798991459178,30223.55184869983,low
partition,62276.46304994879,62296.809031087934,low
partition,118947.10995924646,118994.01990802996,low
partition,55881.92281660495,55936.78488372623,low
partition,82004.40601875541,82048.86050992589,low
partition,64672.12333093569,64727.61654080534,low
partition,160660.12832577658,160674.29451027984,low
partition,564543.276820032,564562.2106835725,low
partition,123237.93771444469,123358.33722949322,low
partition,56275.66842548592,56309.751052543375,low
partition,20282.380332717494,20286.196431354583,low
partition,20883.38154919718,20937.062237002305,low
partition,40747.56515422612,40799.87923443268,low
partition,74501.46028812573,74683.2509196032,low
partition,219428.35469991248,219441.25676041137,low
partition,48480.18507589188,48500.37307443115,low
random,73002.23089050704,73028.05015940276,low
random,89486.18885855192,89513.60439107183,low
random,47458.93893342667,47700.015139682466,low
random,168689.98776179823,168703.90065623564,low
random,84519.81790025308,84534.16954534617,low
random,41664.38951016489,41687.087520864814,low
random,280476.18564788514,280489.5568736497,low
random,52726.30067745755,52770.802227738444,low
random,37049.629775708054,37097.07956283566,low
random,329112.32059004274,329882.5795687991,low
random,259335.57948903617,259383.11152337515,low
random,38849.830659451254,43327.154747061606,low
random,59276.74222456413,59303.757453259415,low
random,82747.01716344529,82756.98235788447,low
random,31658.212971275338,31688.00081449587,low
random,115204.65124585408,115224.42400591902,low
random,177089.77795878542,177624.96172671646,low
random,100771.13501673013,100810.139165108,low
random,97575.22454147505,97586.075392,low
random,69942.65370884561,69988.2173262703,low
random,81628.94851345102,81707.47642443818,low
random,126534.45861878949,126564.90829089565,low
random,79734.28491009565,79760.41058822033,low
random,37780.90554273949,37794.25617907234,low
random,88328.51391023965,88342.14932961066,low
random,82866.29720959578,82871.81996973118,low
random,106250.97672263642,106275.19383712334,low
random,94311.03829285849,94344.09761889835,low
random,95383.26684389514,95409.19388796776,low
random,79461.97847284628,79477.76963039851,low
random,201296.2746779979,201328.14591559587,low
random,66678.14218824865,66707.47331142111,low
random,91513.83834984098,91620.72459679362,low
random,98370.22142625692,98482.75510590742,low
random,111513.97189510278,111544.32529204417,low
random,214035.2598538507,214050.73041213458,low
random,111543.46727276765,111566.20169300796,low
random,68185.63695166179,68191.6154098108,low
random,73156.57911699761,73174.90271389924,low
random,54318.07998620837,54330.03291782111,low
random,238957.63564946206,238985.7739185911,low
random,43304.35219741192,43349.85268249946,low
random,34029.42375993682,34149.16293319127,low
random,248428.57931240872,248453.51213464426,low
random,197905.96179524204,197915.19064471143,low
random,113949.35614692183,113974.61657334672,low
random,249225.35939884782,249279.45428481098,low
random,264973.42915260326,265191.29375544144,low
random,146369.26101055788,146419.3039386421,low
random,51016.7803884545,51035.84707165508,low
random,142994.62508652316,143069.48415740737,low
random,118641.08244081608,118677.40056842782,low
random,28594.655648197237,28668.633382978114,low
random,98786.76050986526,98832.78198497677,low
random,78001.70522693302,78011.65307650261,low
random,84772.07006924126,84824.34321263607,low
random,114487.86597480511,114589.6086753876,low
random,112615.45356375507,112768.40290672873,low
random,84027.27085157254,84065.40273824884,low
random,102894.54919012582,102899.18706349368,low
random,28194.978182882707,28223.30695391113,low
random,331307.1879021169,331311.8552391769,low
random,90886.09520194132,96479.47511082768,low
random,64634.92133387842,64641.23406920476,low
random,522906.1075104901,522918.1546830294,low
random,95101.24243655047,95145.6011890879,low
random,559972.1620089152,560021.1979703727,low
random,45288.83674791381,45325.28507510452,low
random,162290.53482727302,162405.99699453218,low
random,80334.66260791042,80373.96528594472,low
random,193447.27683388,193458.32079566678,low
random,26891.568873060092,26900.152569126614,low
random,183870.23949512327,183895.3396117501,low
random,427359.7655096679,427388.31710316427,low
random,45999.26483712513,46019.716187155675,low
random,38463.04529215011,38465.38392437078,low
random,216887.64680367653,216941.82873192115,low
random,30682.644789138743,30689.44528088226,low
random,126117.32369171928,126196.03689801728,low
random,56490.32794140775,56505.233869982774,low
random,120661.70813486466,120771.96024625201,low
random,204702.8058006393,204775.51314064348,low
random,56288.501480930754,56296.42384009363,low
random,119779.60157894775,119794.48154381606,low
random,48126.58516556075,48154.66352750112,low
random,257174.57097073438,279852.5420054238,low
random,122056.08977696704,122131.13020249036,low
random,146872.71731786052,147108.9037696567,low
random,549861.3170413496,549907.6350378548,low
random,77120.67463197173,77129.88193121616,low
random,20653.352969920565,20683.798388007934,low
random,38430.76012569021,38453.461953527236,low
random,80817.04057593002,80876.42903272469,low
random,120646.02059709621,120688.56126669807,low
random,360497.63065796235,360544.25989320775,low
random,41698.74033089234,41731.86229471903,low
random,925580.1172858411,925651.651342921,low
random,42717.579085727506,42764.88585933183,low
random,54702.74475145351,54747.203566260694,low
random,31917.74738331507,31956.602900383725,low
random,278904.25241371413,278936.8176020846,low
random,42129.00778192814,42157.494696985465,low
random,135587.4132021302,154519.3608105239,low
random,104018.86283478157,104055.6110286268,low
random,43033.52838197336,43034.60103174682,low
random,70581.27796550692,70630.52018476669,low
random,61111.70669684367,61128.74084158041,low
random,37014.36509398618,37125.854358840945,low
random,40627.74716271885,40650.102032293034,low
random,67018.87192399742,67029.68748822747,low
random,33126.065755310854,33154.99992729304,low
random,466631.4719647922,466643.28991059714,low
random,42578.94857412752,42605.22605013048,low
random,558696.0743728661,558713.182683809,low
random,67571.8391767534,67604.58459691187,low
random,51430.06302233509,51460.1176321982,low
random,98198.8338225273,98210.19919447086,low
random,171787.63120972988,171817.33229449927,low
random,127465.92010952308,127564.00751121095,low
random,419284.985943556,419294.73388926755,low
random,142157.64714590268,142172.90615049872,low
random,81193.05994804544,81222.24822048873,low
random,41857.26862120885,41908.76609734092,low
random,34845.183716072585,34855.45670193806,low
random,52029.71478275508,52087.04150504901,low
random,32443.52954681258,32478.87550134336,low
random,114008.77324719065,114030.46531924681,low
random,287843.53913735866,287953.4303647159,low
random,62954.234160828084,62971.81814939515,low
random,263242.41763089964,263270.80879484955,low
random,54022.984129170094,54062.00475527997,low
random,80291.73288210091,80293.55097197491,low
random,62752.09326756742,62810.78973513459,low
random,104880.98854967205,104907.44150003554,low
random,111648.47091905733,111668.46530930937,low
random,139245.08377359645,139280.59964843272,low
random,4010233.4001755873,4010246.2872253996,low
random,131617.45141788558,131661.62618876854,low
random,225534.90661019614,225536.5978224328,low
random,108373.28363949833,108378.65379938732,low
random,386888.7099236968,386961.5988919152,low
random,149136.42119497844,149169.28543948205,low
random,90353.02662777521,90387.98154340306,low
random,97809.22020223235,97826.3221193788,low
random,113415.00933076143,113422.74850121341,low
random,102743.422819027,102773.56299717956,low
random,60780.105691956574,60815.45542555055,low
random,190200.98632697438,190222.43143131008,low
random,83018.73522904183,83050.77395636465,low
random,122317.1815415067,122322.8340080801,low
random,93528.63153773372,93578.02420758444,low
random,133053.26623935296,133061.7310751561,low
random,87444.00437408313,87498.35422916395,low
random,73282.11921889409,73302.27655389169,low
random,80362.97373162206,80376.3136849533,low
random,44617.05633847939,44698.347602501846,low
random,58211.734079500355,64370.34146521931,low
random,1059328.2603916582,1059401.055905892,low
random,301698.6929215686,301712.4960214144,low
random,63917.11487029969,63935.012244877864,low
random,76757.04778921019,76777.66945938524,low
random,85308.74071423005,85341.86053719887,low
random,81369.76506987412,81727.59248889991,low
random,76323.89039523504,76366.19869159971,low
random,49828.90551131647,49914.28592835209,low
random,55671.362321765075,55683.89826208638,low
random,44373.606779564754,44414.84347309833,low
random,145512.67306184085,159731.92387799604,low
random,63668.64112136112,63700.72900022488,low
random,380086.7268882588,380090.6038086169,low
random,202420.30363040612,202440.91723738844,low
random,212880.3409118157,212948.76336775528,low
random,49792.57099689489,49869.40473726916,low
random,164157.48377930338,164191.3635686741,low
random,30265.868450490034,30318.749368747965,low
random,368102.1403915441,368138.4113675143,low
random,137377.9619467591,137438.831500694,low
random,77547.45901144485,77671.35130476247,low
random,66893.28896977245,66943.13564118033,low
random,54589.59651727847,54631.3442117831,low
random,143695.94016291766,143713.79951538026,low
random,134733.99438894898,138041.87165696092,low
random,145160.5133885621,145292.1918547464,low
random,22207.63773609965,22270.71694246624,low
random,253206.82028348703,253210.8493899925,low
random,79353.08318262186,79420.50807546,low
random,39471.527865346696,39508.05650261055,low
random,68450.60395778935,68540.98059396347,low
random,51656.90946657915,51696.77596205332,low
random,292893.0325381648,292943.37667930295,low
random,130708.01412515483,130836.14340048985,low
random,43137.05236489653,43147.505106543846,low
random,452794.7358357529,452834.24368144356,low
random,93608.63268703391,93618.44905693195,low
random,118886.3877891523,118913.75364625914,low
random,28284.177554667458,28304.885468114455,low
random,102965.08698909689,102997.44108676627,low
random,49297.21293446083,49394.51572675459,low
random,162784.10380683708,162818.85657422896,low
random,69652.7520296184,69662.0667608484,low
oracle,49112.8093825671,49149.95020616317,low
oracle,53877.189533977566,53905.307811096434,low
oracle,76961.62881715741,77084.52485418698,low
oracle,175914.8920961336,175921.35634474584,low
oracle,47738.53602998463,53482.085607987225,low
oracle,196603.50983786516,196623.0906184796,low
oracle,40089.636660685894,40110.394908834496,low
oracle,88337.66762704233,88354.90949657661,low
oracle,31992.239398287085,32003.396337372636,low
oracle,123073.9520855226,123139.57847471783,low
oracle,60512.52773376054,60557.722935757214,low
oracle,19293.811587968237,23049.217569200817,low
oracle,100339.86529712575,100389.15088276422,low
oracle,89873.4108403516,89909.11773894259,low
oracle,264978.32347614545,264981.61265927576,low
oracle,34503.47483677437,34516.60576555545,low
oracle,30143.33219630657,30167.602135257424,low
oracle,110522.38695916935,110610.06213776453,low
oracle,416028.8333873236,416073.24735812243,low
oracle,67096.14212561962,67124.87841807355,low
oracle,89563.15604597966,89583.64094610221,low
oracle,365165.15411485144,365198.43421023403,low
oracle,50723.9347710934,50785.675826386214,low
oracle,408933.7503618358,408962.6526567535,low
oracle,95804.59511859516,95809.20216070788,low
oracle,98141.25016878033,98142.03438214958,low
oracle,142627.1910431813,142703.70600361773,low
oracle,58091.43994464991,58095.659510728736,low
oracle,88146.87269525534,88173.29309997679,low
oracle,77081.44660988604,77122.99653051558,low
oracle,103984.52478056721,104037.42886495142,low
oracle,436288.7651205519,436360.65985203977,low
oracle,87083.28008756682,87154.79584367818,low
oracle,38699.82041751377,38741.29934192805,low
oracle,210765.14749385702,210775.59221694723,low
oracle,99239.40837093488,99260.39157188058,low
oracle,26683.10174103424,26702.70424565501,low
oracle,64676.833690801875,64731.357555820665,low
oracle,38565.44598562581,38598.06144995518,low
oracle,40317.29198886908,40345.85329568568,low
oracle,105648.05876612358,105727.51272168891,low
oracle,232380.43360217006,232417.1603316923,low
oracle,160165.2135376411,160295.11203449813,low
oracle,76459.92142548025,76477.32727112979,low
oracle,433529.4772030699,433541.4015580769,low
oracle,445340.289272631,446108.1153050164,low
oracle,140812.59468513506,140848.18713913718,low
oracle,446910.89684724744,446972.70605779765,low
oracle,55791.77207347634,55806.53416089564,low
oracle,413960.5787714555,413972.9690337479,low
oracle,153108.89255834048,153110.78231008933,low
oracle,213717.21729616373,213743.70660002687,low
oracle,70443.74455129082,70514.40032684922,low
oracle,28406.587940612855,28471.143642481857,low
oracle,80587.80107174197,80597.92900198224,low
oracle,96024.47715625285,96045.50676347894,low
oracle,60450.348591880924,60490.3668411165,low
oracle,30931.641443940487,30999.465091118378,low
oracle,93748.44533757906,100312.89516736218,low
oracle,107210.86705445546,107224.92735063758,low
oracle,157287.61171283506,157303.02609527553,low
oracle,67238.1800380947,67328.33154303313,low
oracle,260197.74926203085,260283.50510567182,low
oracle,173792.25274847838,173805.41564009228,low
oracle,252540.59950763104,252549.19232574507,low
oracle,30855.20057924385,30880.101315603613,low
oracle,97481.67383472271,97504.00767800311,low
oracle,254622.94899730734,254733.60683158357,low
oracle,204104.30036625202,204124.52123135133,low
oracle,70851.25525933602,70862.02070200624,low
oracle,39015.86839200931,39039.43235763397,low
oracle,1103241.3578732603,1103273.9149576053,low
oracle,59050.10766052923,59163.22098385222,low
oracle,69112.71502305927,69148.68886463775,low
oracle,88022.70490047522,88030.89498526664,low
oracle,129734.31495517677,129741.44432943639,low
oracle,360080.12881489616,360103.7109823804,low
oracle,1280127.341777251,1280218.6774091339,low
oracle,370485.1711310626,370549.37424748554,low
oracle,74297.71124787934,74302.29874627199,low
oracle,91797.32731976616,91813.83837724228,low
oracle,199152.77845932468,199206.7001996136,low
oracle,129177.72111820844,129261.17545192558,low
oracle,139070.85530254935,139113.49684118072,low
oracle,82526.3118269332,82544.6948207522,low
oracle,54958.13794941425,54963.91204384618,low
oracle,2994983.4722977406,2995033.0747436923,low
oracle,23528.464709078693,23577.63295509276,low
oracle,78574.1043531906,78676.4096462995,low
oracle,19867.610249741203,19877.18946043147,low
oracle,56154.79249129535,60599.23459802552,low
oracle,1446580.4367762064,1446609.8837777567,low
oracle,933367.0071439225,933404.5943672989,low
oracle,94990.13884700937,95006.91491326319,low
oracle,98316.26068391891,98326.12994558661,low
oracle,126381.8903908689,126388.05385818945,low
oracle,381385.3338757107,381411.13867886935,low
oracle,36924.00346828033,37024.63253364826,low
oracle,166517.13162570982,166535.39819583928,low
oracle,52579.04474761844,52607.59709275294,low
oracle,102452.82609013897,105840.38005868178,low
oracle,34922.25667736193,34941.20064099538,low
oracle,36925.478510817964,38847.244489549936,low
oracle,43372.23142776837,43434.23752585834,low
oracle,44859.11549832035,44908.511922434416,low
oracle,81814.36093385449,81889.6461760843,low
oracle,146237.364695057,146253.61496887417,low
oracle,166527.37277037618,166592.59225138178,low
oracle,36877.19346244436,36909.472679087135,low
oracle,113467.58045471672,113489.4210970491,low
oracle,34957.819369017074,35013.17895824577,low
oracle,83974.26459660646,84085.83533665605,low
oracle,510339.9219514494,510384.4395466872,low
oracle,114401.85646643821,114458.55074106381,low
oracle,252696.68900093748,252709.96431035612,low
oracle,57261.32348401643,57302.857321628486,low
oracle,464778.22070159094,464794.20728379703,low
oracle,159043.47498261658,159091.7291385481,low
oracle,75925.02058715087,75951.50008888086,low
oracle,55086.924837916726,55097.370688688476,low
oracle,274185.3802334453,274218.2899718811,low
oracle,43129.71637464232,43145.17359026603,low
oracle,40999.85079955473,41229.33139712761,low
oracle,167600.99012462463,167723.97654365067,low
oracle,93232.45135178459,93269.7438212985,low
oracle,176549.278604133,176585.79121739542,low
oracle,115148.08560506703,115166.30890523904,low
oracle,176201.59998729933,176275.6819407069,low
oracle,66966.58970540127,66979.54162739344,low
oracle,123457.00708577305,123510.75169500345,low
oracle,289976.0190051764,290023.01429602655,low
oracle,49407.66189239153,49437.51959208409,low
oracle,130743.36929068818,130790.21477916246,low
oracle,133247.54202313014,133258.75593265382,low
oracle,146590.3129508353,146596.44155922765,low
oracle,191271.43927063086,191321.87144465942,low
oracle,83043.7240424338,83060.2254087893,low
oracle,39647.63233030864,39680.333253323915,low
oracle,150870.521701098,150944.53716803205,low
oracle,43186.8462332393,43207.76854018202,low
oracle,99878.92790246427,99965.42577732778,low
oracle,37054.71446467833,37086.20644131988,low
oracle,228280.97795347899,228332.16329419968,low
oracle,43247.22312189023,43254.38250595989,low
oracle,200239.8678587308,200256.11414676323,low
oracle,21391.35543021161,21407.239554763197,low
oracle,126035.98177311529,128200.2614759139,low
oracle,69913.76223251199,69986.65211280844,low
oracle,32404.698407405278,32437.854931720365,low
oracle,156517.51315217742,156520.275175468,low
oracle,39559.14172502754,41715.301752595435,low
oracle,53789.04975357779,53798.44846859925,low
oracle,424923.0495020307,424951.90028329636,low
oracle,227156.3842898766,227163.0060250939,low
oracle,30930.0612045466,30940.6712314097,low
oracle,144245.66819793163,144261.91454541116,low
oracle,60360.52881639275,60393.74090613605,low
oracle,228170.65283136335,228235.33469123533,low
oracle,35604.80501366935,35640.469264546075,low
oracle,44756.17298075581,44775.78291013451,low
oracle,55046.422415542096,55093.60324091655,low
oracle,80755.06649097514,80781.21992423366,low
oracle,37541.70105832274,50204.38528587762,low
oracle,56732.97337686664,56763.96255769544,low
oracle,34529.49504528974,34536.57164349953,low
oracle,117742.89263239766,117818.4918573146,low
oracle,138889.94414770167,163258.7372165622,low
oracle,446063.3971151762,446127.2589569327,low
oracle,74469.14202711772,74482.95471513152,low
oracle,29430.523532338924,29444.78819077599,low
oracle,181816.70404744204,181922.8479033304,low
oracle,385393.5896644658,385412.5185109704,low
oracle,44151.06332162953,44194.50029779851,low
oracle,168650.63041143198,168683.01031088002,low
oracle,14972.166070099074,14990.261133755681,low
oracle,127356.20462011367,127367.62468886987,low
oracle,24157.354863249708,24218.259662660654,low
oracle,138132.54977857773,138202.00736737752,low
oracle,86631.04669126178,86651.64071900642,low
oracle,64671.4544199623,64693.783385326955,low
oracle,27712.94402157671,27732.726839318162,low
oracle,49747.251034395165,49762.39012970906,low
oracle,76188.27067958606,76222.3561567793,low
oracle,45636.828833829764,45737.92762578578,low
oracle,52332.05393632131,52348.796132951116,low
oracle,39102.6636554465,39115.92135103497,low
oracle,69284.10685146731,69348.7734149081,low
oracle,43244.63754977442,43344.53599891017,low
oracle,27620.131454130475,27697.80812542543,low
oracle,318628.32321341266,318640.95870816184,low
oracle,63060.75564831929,63102.56000183701,low
oracle,122824.8352595279,122847.20631339995,low
oracle,318311.55652875255,318557.77257120446,low
oracle,64833.22339866777,64917.53443214072,low
oracle,170067.7936523806,170112.53994448812,low
oracle,55187.67520545541,55256.60022106231,low
oracle,39144.96098024039,39194.6000609525,low
oracle,35926.545868205285,36147.971651012456,low
oracle,66789.72344785348,66837.36487325717,low
oracle,205467.8029918974,205485.80858286092,low
SIT-safe,71877.50978900639,71910.30797111368,medium
SIT-safe,118292.13142698785,118326.529284422,medium
SIT-safe,220732.20520152352,220766.2788721483,medium
SIT-safe,80241.54228631828,80275.00821770716,medium
SIT-safe,375117.63362462935,375134.89142424567,medium
SIT-safe,105762.37150151594,105780.69542421112,medium
SIT-safe,51271.93560648054,51295.36312547674,medium
SIT-safe,110432.0443501001,110481.92615314046,medium
SIT-safe,87519.34784939737,88183.33224229647,medium
SIT-safe,65605.50899004436,65651.14152486555,medium
SIT-safe,49478.847922707224,49494.2690149326,medium
SIT-safe,230924.46863805052,230928.7288991186,medium
SIT-safe,83948.40241527335,84217.12927204953,medium
SIT-safe,42313.98468148407,42327.73657523022,medium
SIT-safe,409293.36346710013,409308.23355589726,medium
SIT-safe,82482.36489615656,82528.61650875423,medium
SIT-safe,2779139.3092347845,2779148.443886103,medium
SIT-safe,488066.06718323973,528018.8470994402,medium
SIT-safe,73981.1843880139,74039.78424607923,medium
SIT-safe,148728.45942407672,148784.14863430825,medium
SIT-safe,180025.58502550173,180061.87414479352,medium
SIT-safe,75767.17748234118,75776.7406012293,medium
SIT-safe,201754.1058514188,201802.51979803125,medium
SIT-safe,176201.8783865707,176243.52027098986,medium
SIT-safe,222305.40038521786,222325.8321246022,medium
SIT-safe,123706.89578182541,123717.95530639621,medium
SIT-safe,3634910.102126993,3634961.37047696,medium
SIT-safe,45311.21441139401,45357.73840483715,medium
SIT-safe,77337.38432783124,77383.07914263575,medium
SIT-safe,72347.8825623083,75416.05520064282,medium
SIT-safe,173062.24167849313,173074.65751729882,medium
SIT-safe,83330.72036359247,83345.7832916438,medium
SIT-safe,682081.7180749663,682196.1495646245,medium
SIT-safe,59566.065257587165,59616.91263167589,medium
SIT-safe,69818.67498839769,69864.14127627312,medium
SIT-safe,32767.78929450867,32790.91258959037,medium
SIT-safe,101881.3648525471,101916.21402916244,medium
SIT-safe,616606.9579388216,616847.7350536693,medium
SIT-safe,15576.955989006501,15610.502006582443,medium
SIT-safe,90383.20601226354,90444.74032987008,medium
SIT-safe,92328.04139254986,92386.42067065965,medium
SIT-safe,480424.8287809018,480473.0411296376,medium
SIT-safe,216969.12412541214,217044.54975289636,medium
SIT-safe,39234.93705525388,39258.58403212338,medium
SIT-safe,31932.829160977486,31939.721407867386,medium
SIT-safe,102357.77247715017,102380.33715806094,medium
SIT-safe,55768.066610876514,55800.18802359272,medium
SIT-safe,66000.81797488833,66043.930545488,medium
SIT-safe,75531.26737138019,75604.97433765761,medium
SIT-safe,136501.78348318546,136510.13882685005,medium
SIT-safe,76115.64465862706,76143.58974248846,medium
SIT-safe,48741.69883889635,48748.956017310105,medium
SIT-safe,117258.84842537613,117269.55338649695,medium
SIT-safe,339786.47214499477,339796.11100172065,medium
SIT-safe,89055.45187004562,90033.11879302323,medium
SIT-safe,42209.42014227298,42224.922960441865,medium
SIT-safe,46320.423705437395,46328.44348652092,medium
SIT-safe,80962.82239380766,81019.26757353437,medium
SIT-safe,169697.07329564355,169827.4252928699,medium
SIT-safe,2114534.2767811883,2114536.5939071462,medium
SIT-safe,28889.313577940702,28925.313026756594,medium
SIT-safe,58117.43487747067,58159.704427399425,medium
SIT-safe,59211.38959544111,59427.4205919822,medium
SIT-safe,67277.02122595407,67302.65267762572,medium
SIT-safe,127778.46784156683,127794.5232966652,medium
SIT-safe,184944.0080807289,184983.75585842633,medium
SIT-safe,42135.03053880095,42158.77136525893,medium
SIT-safe,31994.73462406432,32042.588748334474,medium
SIT-safe,73429.97458973562,73455.10927157229,medium
SIT-safe,88448.79538577348,88470.19167994658,medium
SIT-safe,15461.868778216509,15485.569950094517,medium
SIT-safe,2841173.4142740616,2841235.9277710244,medium
SIT-safe,43807.303095383606,43830.609863422666,medium
SIT-safe,224574.02721482498,224611.16921911016,medium
SIT-safe,293421.60366020654,293489.20420913503,medium
SIT-safe,31211.810102140844,31218.752101874838,medium
SIT-safe,49814.13396206885,49834.29380005835,medium
SIT-safe,22658.091827811408,22718.958957282444,medium
SIT-safe,51705.74329635656,51707.51798083064,medium
SIT-safe,174665.18561248016,174697.74273197414,medium
SIT-safe,58878.1566862001,58913.346845567714,medium
SIT-safe,84465.9587801531,84580.60370986414,medium
SIT-safe,182756.4805285712,182832.1226365111,medium
SIT-safe,319909.37233655644,319920.40011781803,medium
SIT-safe,266087.91922724794,266140.4398935082,medium
SIT-safe,63628.78572146521,63674.909586805734,medium
SIT-safe,59390.41673534958,59409.33189028718,medium
SIT-safe,532165.599471115,532166.8408455257,medium
SIT-safe,35371.49568794457,35378.63167148856,medium
SIT-safe,98943.36974559752,98972.01473333644,medium
SIT-safe,153602.45675509883,153614.38662083552,medium
SIT-safe,70272.33562550534,70319.02193744396,medium
SIT-safe,37001.37198678354,37167.37728242399,medium
SIT-safe,286161.6931766595,286188.7625003728,medium
SIT-safe,37745.649153577346,37752.865045886254,medium
SIT-safe,37204.23998353652,37262.221192550176,medium
SIT-safe,65314.03442888524,65316.82097298495,medium
SIT-safe,22416.072641191207,24407.719142791444,medium
SIT-safe,226474.8352435125,281955.4776085479,medium
SIT-safe,247206.6408818099,247212.76008667448,medium
SIT-safe,124330.39829048591,124346.70627795364,medium
SIT-safe,97713.34466792911,97737.85327479044,medium
SIT-safe,52663.605695524806,52737.773631083524,medium
SIT-safe,98325.98267506939,98377.51517953015,medium
SIT-safe,26235.723766268686,26245.9319963245,medium
SIT-safe,61694.03872564444,61708.86725671033,medium
SIT-safe,142022.43372514492,142047.46853144135,medium
SIT-safe,255052.1173314146,255109.85714051445,medium
SIT-safe,53077.93279802007,53107.48306066649,medium
SIT-safe,31000.243437391622,31006.471211159536,medium
SIT-safe,81405.5356894704,81423.67564395789,medium
SIT-safe,95932.58994056571,95949.46310201022,medium
SIT-safe,672586.919248655,672645.1614380528,medium
SIT-safe,78576.9814438522,78620.1361870039,medium
SIT-safe,100905.73067783732,100930.49770651144,medium
SIT-safe,104863.49529043841,104881.65032298822,medium
SIT-safe,163591.94729159525,163611.35567314032,medium
SIT-safe,89693.06210642746,89694.58416360476,medium
SIT-safe,37339.76770969178,37389.214722135745,medium
SIT-safe,64675.774352942884,64686.00399623322,medium
SIT-safe,41746.383400416664,43044.697803800285,medium
SIT-safe,44312.34948717009,44338.2762903001,medium
SIT-safe,40587.55216905893,40665.90282786161,medium
SIT-safe,130913.04769935049,130936.74053633811,medium
SIT-safe,93247.28305530125,93309.73417442915,medium
SIT-safe,103747.63472502281,103789.87702791797,medium
SIT-safe,157799.120192076,157812.595938418,medium
SIT-safe,127936.3693243523,127960.01218505355,medium
SIT-safe,50263.481949771405,52171.76757721641,medium
SIT-safe,112631.9042684332,112638.1544234931,medium
SIT-safe,41546.70475065738,41572.62259230311,medium
SIT-safe,195076.18284395628,195117.5813155202,medium
SIT-safe,23672.699808491598,23749.62089112096,medium
SIT-safe,47657.187469358185,47695.081177407614,medium
SIT-safe,85544.98551054196,85552.4023719726,medium
SIT-safe,63803.65140355312,63806.70932372578,medium
SIT-safe,159915.1768419572,159932.86149729323,medium
SIT-safe,193473.9801238379,193519.08836849808,medium
SIT-safe,102169.63008669748,102176.57784414064,medium
SIT-safe,176331.44716310393,176348.97172040594,medium
SIT-safe,75437.79208351375,75474.73449883859,medium
SIT-safe,62645.760048132004,62660.84452812464,medium
SIT-safe,136301.88760020628,136324.0548362827,medium
SIT-safe,380085.3278340487,380119.45378390467,medium
SIT-safe,56377.26542036162,56389.65833325869,medium
SIT-safe,188760.94801415637,188784.58450905062,medium
SIT-safe,342239.61596334365,342247.605151928,medium
SIT-safe,534760.0704211871,534954.5300888668,medium
SIT-safe,129496.84541655643,129514.71323977676,medium
SIT-safe,116707.96065907474,116730.18361809541,medium
SIT-safe,35937.134917432304,36010.65942407163,medium
SIT-safe,95990.37034920037,96026.48281055613,medium
SIT-safe,68669.34882652224,68716.6369840523,medium
SIT-safe,98133.33180854132,98154.47387138379,medium
SIT-safe,392181.3830898599,392208.97002643865,medium
SIT-safe,444218.378864316,444286.0888511826,medium
SIT-safe,109354.33677531828,109373.64873258374,medium
SIT-safe,93726.21398964964,94762.60145531633,medium
SIT-safe,258769.8496105947,258788.91753852082,medium
SIT-safe,172891.27764353884,172917.03491179517,medium
SIT-safe,176865.85341964778,176890.33066463788,medium
SIT-safe,121694.538852935,121733.5339555807,medium
SIT-safe,92098.04921926718,92169.73963222138,medium
SIT-safe,291075.2022221849,291084.4038409902,medium
SIT-safe,30651.162141243603,30683.50976068004,medium
SIT-safe,53254.22179515632,53260.075476995786,medium
SIT-safe,357019.522750067,357110.284010931,medium
SIT-safe,147468.99044197632,147525.2214074469,medium
SIT-safe,61230.42739109703,61254.12017959441,medium
SIT-safe,188193.46431159627,188207.91516014742,medium
SIT-safe,69103.42282013557,69181.46958521125,medium
SIT-safe,155733.49681164528,155802.59167016286,medium
SIT-safe,335999.4180916168,336009.60602990026,medium
SIT-safe,269031.6351485107,269068.00573158497,medium
SIT-safe,43214.57657159824,43238.79961697705,medium
SIT-safe,588418.2913822115,588426.6513763634,medium
SIT-safe,34028.60026795699,34068.78658989619,medium
SIT-safe,55685.9481823178,55781.54110317807,medium
SIT-safe,147450.02445313308,147477.0061199179,medium
SIT-safe,194470.63576353402,194480.50059026433,medium
SIT-safe,50702.85111162939,50704.46589901194,medium
SIT-safe,46585.35508566554,46610.330716448516,medium
SIT-safe,88188.19445089017,88224.4136478476,medium
SIT-safe,43099.088819234865,43129.66309187989,medium
SIT-safe,29178.10767872002,29181.969944813893,medium
SIT-safe,75920.6612651372,75966.57380912971,medium
SIT-safe,91354.48045473678,91388.37842675924,medium
SIT-safe,123447.29298544694,123541.42250110138,medium
SIT-safe,83731.53971887307,83760.50238936771,medium
SIT-safe,78011.8613738998,78018.38602135156,medium
SIT-safe,53209.517671411515,53299.24474569537,medium
SIT-safe,42381.68080123531,42406.9781320554,medium
SIT-safe,101498.21497989411,101578.42537452381,medium
SIT-safe,67228.10743165857,67309.76865138681,medium
SIT-safe,54578.2591667843,54621.70499301027,medium
SIT-safe,177426.75620711345,177475.24752400134,medium
SIT-safe,78839.79813443939,78854.84245827646,medium
SIT-safe,162235.3119296036,162374.13184944494,medium
SIT-safe,343581.28541874705,343787.5996183198,medium
SIT-safe,145613.49902648188,145625.71824216738,medium
partition,187526.3305224754,187594.99847713293,medium
partition,255935.76517829383,257804.2427965229,medium
partition,161089.8217295823,161140.1289759259,medium
partition,33079.62576718363,33118.08980267441,medium
partition,138175.2878376682,139894.11046997533,medium
partition,119571.00161553199,119636.74084409606,medium
partition,57013.43799305371,57037.41858270507,medium
partition,61793.29149911659,61857.42136967319,medium
partition,54572.00322886914,54622.62382058197,medium
partition,60793.295422897296,60809.3472827225,medium
partition,208180.25294534068,208227.27639083882,medium
partition,37244.67734136776,37302.01744917695,medium
partition,79000.44746580084,79094.23382620278,medium
partition,246920.8973768813,246935.57521696255,medium
partition,328576.587890713,328593.36429030995,medium
partition,38038.60057520516,38100.93697584263,medium
partition,35081.15084070653,35099.84945563803,medium
partition,154514.1339993134,154578.14471128045,medium
partition,89207.31483107054,89236.98382955437,medium
partition,197320.43800633468,197325.25536957,medium
partition,113582.92096616578,113614.6536378588,medium
partition,104342.39106642087,104379.3568751502,medium
partition,54433.65937637673,54668.43879001324,medium
partition,27394.712248947435,27430.514587606325,medium
partition,72588.96693541465,72602.06958174445,medium
partition,474067.2298383247,474097.66889665765,medium
partition,39999.56644166965,40014.56610128739,medium
partition,38133.391066962235,38164.09630595523,medium
partition,152389.61343568913,152517.5290073307,medium
partition,54107.36617384154,54118.55163190994,medium
partition,46292.34240377775,46300.42895707152,medium
partition,408236.48879366514,408257.98755569186,medium
partition,61278.64020785341,61347.330631544086,medium
partition,62382.524427411736,62398.72543801915,medium
partition,253172.82554335825,253210.54951812062,medium
partition,48190.03279322526,48204.13818916383,medium
partition,44273.09939719584,44298.84472403759,medium
partition,64765.61411897616,64770.19358953807,medium
partition,40776.50073447238,40790.72714951849,medium
partition,198120.68402398218,198126.09847816612,medium
partition,64804.584376066065,64807.961844488425,medium
partition,53278.17513910189,53310.70372328947,medium
partition,69655.93298252672,69701.93967241235,medium
partition,56015.13372891001,56090.422267741546,medium
partition,429146.12475803006,429152.54988564446,medium
partition,55163.085313517855,55177.229530347555,medium
partition,29452.470800128893,29477.31504167911,medium
partition,239234.4153504809,239294.74804528302,medium
partition,50653.39392131523,50673.52213952493,medium
partition,267102.2436195109,267113.57186316245,medium
partition,167139.77893518293,167147.11176483537,medium
partition,32860.66641951834,32883.75243229674,medium
partition,574784.3664017837,574820.6286626246,medium
partition,33834.56007409115,33925.19265018758,medium
partition,42085.41267912329,42123.82449397723,medium
partition,26526.05350688447,26560.614292059705,medium
partition,199830.7013681795,199872.67151156996,medium
partition,83275.73302469146,83328.64654989418,medium
partition,79363.0964223237,79371.2719359616,medium
partition,130626.21558256222,130655.53090829264,medium
partition,33978.59692366079,34012.63623743902,medium
partition,128837.90498437316,128861.21841143901,medium
partition,116603.40099950017,116666.28981839374,medium
partition,100108.51833074981,100117.46705828267,medium
partition,59600.25782185197,59617.28822952886,medium
partition,113151.87229550345,113176.0687425758,medium
partition,163805.9066378257,163826.96124464506,medium
partition,39461.88543082314,39612.22014602269,medium
partition,273849.49150433805,273902.3185236259,medium
partition,53949.30764487504,54031.02105090761,medium
partition,151037.1546155428,151140.77998826094,medium
partition,34073.4670953697,34093.426132797846,medium
partition,77739.98119011582,77783.44156270637,medium
partition,25851.838475886507,25880.648573311835,medium
partition,94109.71724279072,94132.73946996866,medium
partition,86094.28204761335,86116.03366801719,medium
partition,38836.791603025245,38851.854948468565,medium
partition,54179.11564600115,54222.72494932578,medium
partition,181380.47987115796,181404.44372444856,medium
partition,26121.114465816474,26145.943555475544,medium
partition,278989.2806204579,279009.7027958376,medium
partition,233567.31360477506,235264.17739239405,medium
partition,35229.31725653636,35275.063808184015,medium
partition,51080.007675627836,51174.048996427715,medium
partition,65021.704439841225,65059.250332983356,medium
partition,95025.86101080185,95042.78476080913,medium
partition,77354.12235191611,77368.25312216312,medium
partition,129828.39753405695,129841.47357496427,medium
partition,59296.33917981642,59350.52369858633,medium
partition,77684.28643953307,77705.38550291181,medium
partition,38734.44926665243,38735.19061797169,medium
partition,388169.1877041563,388183.7708419104,medium
partition,53020.25681412011,53053.09145776429,medium
partition,55671.846231183576,55682.45515291729,medium
partition,108591.44721245383,108605.91945944374,medium
partition,219481.2394148929,219494.76410819765,medium
partition,48153.384872377304,48194.12680813178,medium
partition,52016.83156386394,52098.49195879996,medium
partition,57928.24197029417,61417.16974494839,medium
partition,139311.6014289146,139320.3423996978,medium
partition,122934.16212227495,122957.58918899519,medium
partition,50260.433067948296,50296.846891372516,medium
partition,57793.82466595497,57842.108384003055,medium
partition,147914.48646496187,147921.94543228403,medium
partition,75369.51976119436,75387.00255792755,medium
partition,92688.04919747217,92696.51717390446,medium
partition,49519.964283694346,49533.310749482414,medium
partition,27662.783077838667,27709.96498350283,medium
partition,72033.00315178982,72043.39460411148,medium
partition,206276.61645340497,206278.27126179473,medium
partition,383897.08848157607,383906.7741047618,medium
partition,345437.10676021193,345454.4958409528,medium
partition,108955.06536262772,109024.78049293949,medium
partition,116947.35316070986,117016.10742153003,medium
partition,146013.89780013,146025.85934488464,medium
partition,46433.44851428776,46440.82018054731,medium
partition,150333.99920248805,211055.72604062018,medium
partition,94315.65566757345,94392.19968232582,medium
partition,55954.34458684824,55992.68623250163,medium
partition,48149.705798672476,48169.517496628716,medium
partition,273021.85224663554,275915.62467463315,medium
partition,81053.14808486357,81072.31707596895,medium
partition,60914.250235348496,60961.009070142565,medium
partition,116308.02273279087,116331.22672410044,medium
partition,103357.25308173217,103365.8758394897,medium
partition,183287.8847232156,183310.92515223855,medium
partition,848150.2445581418,848163.5045460857,medium
partition,338268.869750732,338362.887617774,medium
partition,249240.75413994797,249270.21972711285,medium
partition,79881.78544338918,79893.5580182868,medium
partition,27807.775692946077,28040.150669824365,medium
partition,259545.1740551767,259562.70419833937,medium
partition,40386.286859376276,40411.283429613,medium
partition,80182.56188550254,80196.95555886027,medium
partition,52625.90568052569,52640.78983684533,medium
partition,1371410.3660622975,1371456.206699884,medium
partition,152289.47362001578,152335.6196296715,medium
partition,55754.46258746745,55780.09449685535,medium
partition,103034.42895292043,103214.31407328224,medium
partition,78597.82357432613,78664.80631148175,medium
partition,40632.87285434889,40930.51165131609,medium
partition,138867.7521624294,138893.88719412417,medium
partition,47802.48092646088,47834.68778938797,medium
partition,127254.42114829361,127299.67367234324,medium
partition,126062.73548427004,126067.96647668291,medium
partition,277476.2526229673,277584.22683525237,medium
partition,57345.99215476782,57423.89038856514,medium
partition,124916.90592181009,125010.8914151468,medium
partition,68177.28567399787,68216.83983697502,medium
partition,194584.18752910706,194611.8575086504,medium
partition,63423.204812958225,63429.978537626346,medium
partition,336284.85741263255,336310.04890237265,medium
partition,26271.793715856318,26322.347694954402,medium
partition,31069.22334681931,31108.879533274914,medium
partition,121466.72638888897,121480.48260563347,medium
partition,118297.90146477806,118323.46749442736,medium
partition,143142.9778406174,143158.1207325669,medium
partition,100727.22053681988,100759.39277198222,medium
partition,34205.20683612868,34250.29183110385,medium
partition,139016.77283166075,139036.58113308658,medium
partition,89218.65519752071,89319.27145027489,medium
partition,300831.7648178817,300838.93699805695,medium
partition,491243.7750155708,491349.84710297134,medium
partition,62444.575755774444,62489.848172943355,medium
partition,69194.82387600544,69199.81692761925,medium
partition,62535.22617904407,62585.742281245715,medium
partition,60227.3757845283,60246.73638284716,medium
partition,57126.95606721016,57181.58255797962,medium
partition,94341.13299243723,94382.82905401319,medium
partition,90971.04597998616,90998.63542588949,medium
partition,26317.587404490518,26329.810749735676,medium
partition,120077.65694247704,120123.63062285924,medium
partition,163113.3019437666,163178.1937881917,medium
partition,58812.63751150551,58856.13366899654,medium
partition,117795.90278695877,117814.67609250495,medium
partition,450334.38023713476,450354.3985143202,medium
partition,227490.36166864866,227506.48510505696,medium
partition,51064.31115313448,51124.60885114322,medium
partition,55390.95507975559,55466.95524012271,medium
partition,77158.67486374252,77183.58885077757,medium
partition,104117.2519675456,104130.70885051014,medium
partition,656982.8479398233,656999.2740692577,medium
partition,43215.17160376494,43231.658149842864,medium
partition,144505.94294754282,144509.2746156791,medium
partition,67633.60316111127,67651.67126680713,medium
partition,174538.33942822204,174592.0419469935,medium
partition,86072.2661735098,86219.2645641225,medium
partition,67916.38911834512,67970.59617700304,medium
partition,28449.43467824534,28463.46560274213,medium
partition,36192.13389807036,44167.77339831872,medium
partition,209911.18163390702,209932.41015309087,medium
partition,281831.66623845417,281855.0754830565,medium
partition,135481.02258838902,135513.88009795372,medium
partition,221855.7735439897,221858.91807347455,medium
partition,29049.73906402913,29063.25671443208,medium
partition,49744.589357644545,49801.26754989817,medium
partition,107809.39067463751,107854.80294151008,medium
partition,29022.999058315807,29094.228357996755,medium
partition,43407.94556845593,43445.18676457921,medium
partition,220849.7605835551,220861.97554072388,medium
random,69529.60713877527,69588.78872097921,medium
random,41416.641909584476,41473.424571012554,medium
random,36683.54348309834,36827.62684675454,medium
random,965173.9730559607,965224.1156101259,medium
random,676190.0781481251,676217.1562616387,medium
random,83636.68406490628,83647.30827525459,medium
random,434582.4716211012,434624.65860878455,medium
random,83884.70077623242,83923.39734089134,medium
random,59546.26323852866,59565.07796641921,medium
random,63599.323044576784,63622.689854363874,medium
random,72217.89730143188,72275.62352637472,medium
random,52778.94927496646,52821.67263234778,medium
random,73495.49989064442,73635.68273287338,medium
random,309206.02678294556,309226.23771754233,medium
random,126993.00035743676,133457.84418826108,medium
random,90835.55954917407,130884.59770293912,medium
random,74011.1427327323,74079.02590226132,medium
random,173503.47140231365,173519.65711569198,medium
random,504270.5815934433,504274.608920278,medium
random,34652.58109124409,34716.954687747304,medium
random,51515.89113557043,51547.68883654369,medium
random,518484.3027035339,518505.6134596014,medium
random,79919.88439403135,80005.45531922631,medium
random,160065.62912214993,160073.48518938286,medium
random,88941.92083865852,88950.31473453513,medium
random,67364.96828682881,67370.68683494508,medium
random,520220.65808509826,520240.6096599246,medium
random,119827.79504291713,119883.05623351474,medium
random,416708.11445920734,416806.9733998771,medium
random,46938.96312247512,46997.53300830299,medium
random,54806.57931080085,54814.67053499443,medium
random,174173.87142164266,174223.85128462815,medium
random,149310.87527345508,149322.43587116312,medium
random,106671.99708747241,106707.88139116502,medium
random,185356.4292413279,185367.32211832242,medium
random,553222.1884855198,553290.4388045738,medium
random,97687.40228558393,97704.91965421132,medium
random,288576.3138320429,288620.5558486435,medium
random,51449.53732613228,51454.83570058033,medium
random,453660.15813289065,453684.85208789544,medium
random,147006.05532992678,147060.68734571227,medium
random,79140.27383110326,79153.26093624979,medium
random,88734.6336574396,88853.54750730225,medium
random,480003.4512341044,480063.7096154961,medium
random,107906.34088449959,107950.50980043132,medium
random,32662.1347672443,32720.56667329358,medium
random,47686.1122252282,47697.881345663816,medium
random,81644.42397568785,81713.77590483999,medium
random,434377.28012508055,434474.32709523465,medium
random,306856.03623346525,306874.38430765737,medium
random,185089.79490720073,185166.03402666474,medium
random,116817.71163080214,116849.38242536358,medium
random,84621.66573100572,84714.42451938704,medium
random,83734.43794399707,83815.65292804356,medium
random,644856.0316790781,644890.6823244675,medium
random,152100.54874383943,152120.55764866818,medium
random,77885.36882808272,77895.57998824216,medium
random,137523.006545586,137589.92800461984,medium
random,129494.71518610786,129519.03690185759,medium
random,71874.91930850063,71884.42702433516,medium
random,76245.48726273452,76276.82356024624,medium
random,382954.04277853225,382965.75942302716,medium
random,145733.86943120236,145754.2392904666,medium
random,54528.65940859305,54572.33439226448,medium
random,112296.48917402564,112302.50726582919,medium
random,41480.38180054277,41520.927687910225,medium
random,52036.5457195907,52042.09078115979,medium
random,135102.65785133143,135161.98328754219,medium
random,111291.09501842999,111316.7641676219,medium
random,28396.339563215253,28419.718347669244,medium
random,119692.54992292603,119741.37273763565,medium
random,53042.95401297622,53155.98064485444,medium
random,111294.34712480588,111320.53176805106,medium
random,77171.98171298915,77181.66130822798,medium
random,53494.801085706524,59531.46015746594,medium
random,651890.3711569784,651992.5831603869,medium
random,139220.80163198485,139246.8919421836,medium
random,63936.71996024923,63978.36031595299,medium
random,418802.56571846385,418805.50121597643,medium
random,96678.56874462897,96686.05505726764,medium
random,240163.5239752198,240200.4853795857,medium
random,44316.27727441374,44328.70574150166,medium
random,45114.77723762415,45131.001222556864,medium
random,52613.60187466205,52631.30164896041,medium
random,25183.801083093997,25203.078758726246,medium
random,50274.604850439966,50327.95282918881,medium
random,566963.6454545159,567929.8792164401,medium
random,43250.39476330092,43310.36839719859,medium
random,33976.652454615716,33980.023549071724,medium
random,123918.44960707537,123922.60261555984,medium
random,63586.19085297187,63633.90561941841,medium
random,776073.9167467181,776110.6410801017,medium
random,83338.51725372726,83405.70869112245,medium
random,116295.32848035467,116380.23209886144,medium
random,45797.14723632041,45816.15588983828,medium
random,35921.85476742683,35971.143620764524,medium
random,39051.89792997315,39055.394140254466,medium
random,139577.20669082075,139726.9354336104,medium
random,100556.00350335374,100669.96990097547,medium
random,80555.34327290577,80574.29813770625,medium
random,132840.1248647236,132876.95640967728,medium
random,456627.5941251794,456660.30933592,medium
random,5325073.435113002,5325106.683081562,medium
random,97222.11215636197,97263.3691137214,medium
random,47698.529564658726,51168.35112617711,medium
random,30309.516976144594,30390.888619900423,medium
random,47899.717404394345,47905.45535295435,medium
random,408863.56605458976,408922.2059422786,medium
random,53384.44165142328,53453.11768838368,medium
random,155858.45337987272,155864.98461184077,medium
random,148813.75659619708,148833.5452466475,medium
random,78377.05916013847,78392.20074037404,medium
random,171649.20059147527,171707.50749699416,medium
random,106495.80642779918,106515.73882978465,medium
random,65901.02527891257,65920.04625861271,medium
random,260477.8161013946,260483.4192588601,medium
random,90997.84031199418,91025.99054741774,medium
random,177860.20552345194,177898.14186018516,medium
random,26234.219059923875,26240.46858521548,medium
random,130303.12624457272,130343.36714591036,medium
random,220711.71944627562,220756.1221032707,medium
random,1049849.1027572246,1049908.5346017887,medium
random,2450538.229062797,2450596.566906603,medium
random,232685.98587432117,232711.4895009896,medium
random,174593.83458308977,174634.1748208378,medium
random,168995.53671277035,169010.41916905955,medium
random,90531.00988577415,90539.58653659924,medium
random,56723.64777887883,56761.71507920067,medium
random,74752.31411150072,74782.88594561297,medium
random,341557.3043622058,341579.46913065447,medium
random,142823.55919055225,142886.53541171778,medium
random,455792.3942735257,455807.9358402408,medium
random,239875.58416199137,239900.22184874897,medium
random,142823.48946017044,142875.7044587817,medium
random,80268.68864679513,80286.03324581232,medium
random,283330.6149073966,283399.84800906375,medium
random,45832.61170400074,45848.186426493965,medium
random,56753.53737171537,56786.75078679286,medium
random,91516.39107705631,95762.74629505089,medium
random,48299.02536814806,48314.13390654559,medium
random,73378.96668672563,73423.12855218464,medium
random,31493.368108690014,31510.15564460102,medium
random,79902.53282220438,79920.22517826068,medium
random,246049.2795008023,246086.47403474507,medium
random,120611.33435765588,120636.9267086018,medium
random,857628.8779416642,857636.4305796357,medium
random,109682.78117929921,109741.0085347236,medium
random,92835.51978353794,92883.04349034964,medium
random,1168764.8816011597,1168772.251643207,medium
random,137976.86884498448,137996.8153026881,medium
random,776872.9370644205,776878.4436799362,medium
random,89683.88419135884,89698.81651889307,medium
random,87405.77138865687,130939.73653453361,medium
random,126438.45408820201,126488.68745379307,medium
random,46164.943874272,46169.00411754451,medium
random,356625.97264381364,356680.28531291743,medium
random,72898.55877497903,72929.24007277362,medium
random,50720.79509238459,50747.88983976624,medium
random,98371.96560402408,98379.2548827341,medium
random,103204.61632052234,103221.35994334093,medium
random,31864.631343244255,31884.760119027414,medium
random,88142.33722302105,88203.00310252528,medium
random,333963.1673321827,334124.7583683621,medium
random,105851.42746379325,105855.62029416439,medium
random,64086.53384584624,64107.32837452572,medium
random,43084.13037725788,43129.21673193642,medium
random,205866.6920492733,205900.13629883018,medium
random,70924.85012759919,70966.97981310327,medium
random,164694.80568531077,164764.99418987788,medium
random,47736.45060135126,47743.239951585165,medium
random,222174.5578003499,222188.28186495486,medium
random,37727.01328570545,37775.46107066018,medium
random,129433.95801348174,129607.98657586248,medium
random,41361.0622686581,41371.69346272856,medium
random,437247.2949883284,437255.0263623807,medium
random,171788.57131061904,171826.83431870348,medium
random,58258.61815524284,58309.953345605696,medium
random,37830.35568042684,37880.60973225686,medium
random,150197.87780670318,150231.9137821294,medium
random,39242.364129410314,39259.7736675332,medium
random,55121.33530195932,55174.88621691719,medium
random,47207.72954291883,47218.64902330065,medium
random,141801.04447317665,141816.76882401883,medium
random,93854.83929588359,93898.30793767906,medium
random,219145.0394255271,219179.2282407991,medium
random,137969.10711118876,138035.31289850397,medium
random,52104.37595560018,52114.91837441418,medium
random,80755.60288406216,80843.10640276928,medium
random,44094.40788739097,44110.03260063331,medium
random,38992.424937203315,39021.06305110421,medium
random,109135.77986482748,109153.2446129191,medium
random,49823.114218642586,49825.6157514502,medium
random,135009.78434659535,135082.60299628536,medium
random,60313.92181506564,60326.40235071145,medium
random,64088.72600042904,64097.36576309707,medium
random,169304.9783948411,169356.34406116072,medium
random,53700.905137593436,53725.65299368689,medium
random,105007.10113468586,105045.02216603159,medium
random,223906.85151419567,223948.78898726037,medium
random,205700.00049959339,205719.1638314369,medium
oracle,50374.585227785734,50402.10990557789,medium
oracle,74967.55822370645,74987.47338684468,medium
oracle,157692.1058378707,157811.45017289172,medium
oracle,41217.93083101669,41259.68805885904,medium
oracle,87677.08264821926,87686.09163590509,medium
oracle,117732.91169157944,117752.43850078026,medium
oracle,57567.109456997234,57593.703751095636,medium
oracle,57504.301019256025,57529.3539427995,medium
oracle,48995.22478804529,49042.7101861692,medium
oracle,165763.5412517565,165771.255540778,medium
oracle,206010.22574907096,206099.62612717203,medium
oracle,675384.375719063,675402.3920752006,medium
oracle,85484.73642159173,85545.09239151952,medium
oracle,365140.17650052777,365226.2624011989,medium
oracle,121922.63643070414,121930.29377590754,medium
oracle,219483.2327623845,219503.60906990012,medium
oracle,208319.3130325053,208321.55245147497,medium
oracle,119237.79357029626,119246.36947371555,medium
oracle,33699.36354850875,33724.84848109781,medium
oracle,305462.6165110941,305473.39982539194,medium
oracle,55822.81175257474,55868.97765239488,medium
oracle,71353.04501225332,71392.05965911673,medium
oracle,67780.47335349023,67800.1564383489,medium
oracle,231709.69853370302,231728.23281775342,medium
oracle,178306.29357864844,178318.17691169484,medium
oracle,198254.19208232945,198283.39332206966,medium
oracle,44815.13749385721,44841.55015427487,medium
oracle,59647.7785652119,59668.57681757998,medium
oracle,48209.15559920474,48228.44453085329,medium
oracle,391835.39785494877,391920.23051991814,medium
oracle,88451.15989890926,88471.70002459284,medium
oracle,140553.0573865337,140557.140273696,medium
oracle,77015.86138976,77035.72483559832,medium
oracle,212886.6957806868,212955.48937500222,medium
oracle,529197.3807737661,529205.2990041135,medium
oracle,30756.246684459737,30788.506042843983,medium
oracle,67698.00023361831,74607.29326243028,medium
oracle,71421.22633888983,71521.6308730366,medium
oracle,105275.59080158075,105434.32140683231,medium
oracle,49095.09594511821,49119.12792368368,medium
oracle,81969.56692240913,82008.01607816058,medium
oracle,46206.72067293884,46234.62021695872,medium
oracle,126748.73472099043,126763.6108372244,medium
oracle,223819.34159285665,223861.82714099495,medium
oracle,66644.72704791882,66699.70160079956,medium
oracle,117458.94011206468,117502.72022575172,medium
oracle,274271.3862898794,274285.2454616036,medium
oracle,89612.9801240057,89702.53905910774,medium
oracle,102467.9318435085,102484.17992191426,medium
oracle,29068.437483186568,29080.089255916937,medium
oracle,157261.505327943,162207.07567880378,medium
oracle,118183.77532870421,118217.17433396634,medium
oracle,399970.5594411428,400108.6902838355,medium
oracle,171175.7966466783,171193.27420715027,medium
oracle,87461.05904676068,87463.88924344719,medium
oracle,114149.27226348774,114179.07584737704,medium
oracle,83881.18203501817,83900.77478341616,medium
oracle,576552.0818456726,576599.7084977499,medium
oracle,32852.61065598232,32876.23624530264,medium
oracle,54980.45158824038,54990.71753544522,medium
oracle,72888.37435063899,72911.71896604609,medium
oracle,97084.1897369683,97105.3380709872,medium
oracle,56277.90364665306,56303.40573516124,medium
oracle,140355.4654329059,140382.87448450297,medium
oracle,65360.49273975461,65367.92136024526,medium
oracle,34477.654228186344,34493.6236278712,medium
oracle,57373.587715604604,57382.97958683187,medium
oracle,73667.90426428463,73952.29134380678,medium
oracle,304447.1235047413,310278.7799709783,medium
oracle,49890.49933354087,49918.10184651725,medium
oracle,25846.327174720016,25905.873221479,medium
oracle,40359.051829542084,40378.044344357455,medium
oracle,67025.8797250173,67054.7740126467,medium
oracle,119393.9167337875,119444.62678618479,medium
oracle,327060.33815431385,327137.45625802036,medium
oracle,120699.57771980068,120852.94836732271,medium
oracle,61511.87122662134,61530.95041052243,medium
oracle,42727.87226163171,42784.99327486132,medium
oracle,49784.05419795175,49825.625901798,medium
oracle,41042.80062324252,41207.29331795382,medium
oracle,244468.19095145777,244504.88967263926,medium
oracle,37219.76909678745,37221.79992885839,medium
oracle,136193.98440610743,136198.9851915962,medium
oracle,340780.21203659364,346974.0573538835,medium
oracle,162482.59971453794,162493.4039716702,medium
oracle,73091.57336807123,73111.98559513944,medium
oracle,49485.752989110646,49533.11133596573,medium
oracle,65934.40357236874,68421.12630500097,medium
oracle,44690.49646195327,44747.831806808725,medium
oracle,29132.134755632433,29151.24702102953,medium
oracle,88648.9214319643,88688.37081109217,medium
oracle,56940.29118978681,56950.1422050634,medium
oracle,117057.0532136685,117149.32611508586,medium
oracle,24399.378098133624,24959.019553257716,medium
oracle,483940.99941494514,483998.88997467485,medium
oracle,88361.98979866397,88384.07203483663,medium
oracle,50822.5708502729,50837.15033055523,medium
oracle,178797.37438705433,178846.26635425678,medium
oracle,146598.7574227393,146607.0784140369,medium
oracle,105145.43198145044,107417.6568180129,medium
oracle,146377.59114386764,146389.76255967846,medium
oracle,732333.4211054496,732351.6281303234,medium
oracle,159934.65935470996,159942.02487868886,medium
oracle,606388.844387281,606405.2909546269,medium
oracle,486527.9325668583,493289.7563987186,medium
oracle,48760.95252758865,48780.09028304553,medium
oracle,82607.92020453715,82630.3545492237,medium
oracle,89810.66338696222,89874.45657455131,medium
oracle,45551.61215853334,45579.44806266106,medium
oracle,117276.04930177989,117279.62851336527,medium
oracle,29935.504135675452,29997.627442876365,medium
oracle,95484.83488330399,95510.9954557863,medium
oracle,173509.61688045133,173583.8464293736,medium
oracle,40052.632709344114,40071.6538868148,medium
oracle,109706.83387486068,109716.06821915509,medium
oracle,48858.23178648321,48939.004753999034,medium
oracle,161014.8945487909,161041.4101330674,medium
oracle,96692.58966234063,96726.06414285122,medium
oracle,101953.67704302043,101978.24873835649,medium
oracle,21996.825859382312,22042.507393119602,medium
oracle,298399.4680683798,298432.56477771903,medium
oracle,122242.607258721,122298.30635201096,medium
oracle,230818.29057855246,230880.40526400803,medium
oracle,73757.70520659015,75405.4673957071,medium
oracle,27071.583194580213,27083.770896382957,medium
oracle,64461.53670032926,64476.8246140363,medium
oracle,82141.71091288023,82169.20357401665,medium
oracle,472686.0806597571,472721.5365155225,medium
oracle,25415.011446924935,25459.39298296145,medium
oracle,80792.62589095901,80820.58933895073,medium
oracle,48975.309503442004,49009.13291025663,medium
oracle,105582.50273544417,105643.22511261854,medium
oracle,148964.65433508647,149025.75510780496,medium
oracle,201640.49202545456,201677.33264889015,medium
oracle,53681.70481067223,53694.9564924329,medium
oracle,64111.6636497362,64134.6045947576,medium
oracle,58861.851645991446,58872.391477229336,medium
oracle,56376.16782039809,56403.411456430375,medium
oracle,210930.73132820945,211012.9708943077,medium
oracle,32759.23744271677,32807.52566892348,medium
oracle,58982.58349168071,59040.126207557885,medium
oracle,81852.66467554212,81883.42140072974,medium
oracle,169040.40208911302,169050.84824589864,medium
oracle,34621.02090106411,34709.41932671194,medium
oracle,582017.0091295626,582040.7870489314,medium
oracle,404473.2603679144,404502.057761617,medium
oracle,38131.33273633621,38165.63615792791,medium
oracle,124337.02113824671,124408.0748926833,medium
oracle,89350.76571606314,89367.25959256466,medium
oracle,49337.983023937224,49357.95828486662,medium
oracle,149091.70077638768,149122.78551407054,medium
oracle,127829.96152462142,127835.52070230717,medium
oracle,93175.91353972885,93273.5624810645,medium
oracle,101894.38561127978,101907.52477415494,medium
oracle,67580.33684498994,67610.01309381361,medium
oracle,47502.26504466442,47512.43285469471,medium
oracle,127319.38537267256,127399.38739487396,medium
oracle,337771.6812108782,337812.798778369,medium
oracle,22795.594911809047,22854.803758400187,medium
oracle,109536.83171408244,109554.90768883232,medium
oracle,214914.89823238738,214920.33482188932,medium
oracle,72966.36826632502,72982.62062982493,medium
oracle,275160.48100013717,275302.4286230396,medium
oracle,45214.875110046545,52290.00238671931,medium
oracle,78683.33579261652,78694.90272897037,medium
oracle,95657.48975667148,95672.44911184045,medium
oracle,203046.83896578947,203081.38338386378,medium
oracle,94102.72518285213,94169.29961171345,medium
oracle,81315.32433841574,81450.44976926014,medium
oracle,93719.94327423177,93730.1905168033,medium
oracle,163118.78716149618,163135.6510500992,medium
oracle,210218.2787264883,210303.3405646276,medium
oracle,34356.217867561674,35010.19919930969,medium
oracle,56422.57965070281,56438.86828343291,medium
oracle,79325.79871208739,79327.35695498632,medium
oracle,65601.66185697891,65617.12154622423,medium
oracle,209210.63424673292,209259.16256397733,medium
oracle,58467.570091571426,58495.40951770891,medium
oracle,59399.850171502214,59402.53319960231,medium
oracle,98741.52900634754,98766.9702812715,medium
oracle,48540.400317849235,48621.2669331511,medium
oracle,52997.12267178677,53062.30352709897,medium
oracle,70580.57439613606,70643.64157925668,medium
oracle,83289.87864543052,83298.03709463542,medium
oracle,21595.21869476933,21600.295709684935,medium
oracle,93816.08750054755,93824.33108443447,medium
oracle,83844.6252617491,83878.52106174268,medium
oracle,914690.9058608273,914761.3321893748,medium
oracle,76550.71621792924,76584.96549125016,medium
oracle,27272.79319262765,27298.124907597623,medium
oracle,37998.48444966938,38006.43821018176,medium
oracle,103290.17681341822,103317.10502169537,medium
oracle,34335.15248220717,34446.11538486497,medium
oracle,107654.88584336295,107726.78266736583,medium
oracle,51394.70780727043,51421.66378456217,medium
oracle,34879.79731487393,34917.04212632339,medium
oracle,184238.74271430666,184256.50467629824,medium
oracle,61717.66353253969,61741.2446238281,medium
oracle,150631.34036963093,150645.85714305326,medium
oracle,84467.49708483869,84476.667577571,medium
SIT-safe,25505.616890000416,25517.17465339846,high
SIT-safe,76956.88565470884,76991.31116012848,high
SIT-safe,238698.47417854145,238796.7957727399,high
SIT-safe,127752.75976176697,127789.730319116,high
SIT-safe,306440.1346473552,306444.7829017058,high
SIT-safe,34832.311475364004,34887.77970506923,high
SIT-safe,121644.73029330719,121671.75942669812,high
SIT-safe,39839.96645045047,39869.387704709356,high
SIT-safe,163042.64586430122,163060.0827829425,high
SIT-safe,52045.60553571446,52073.202579420715,high
SIT-safe,134171.96225086082,134221.46161730326,high
SIT-safe,59668.858689632936,59682.47544144132,high
SIT-safe,271928.80702384474,271988.16603814025,high
SIT-safe,81295.91148940833,81356.34437560695,high
SIT-safe,124266.89829479832,124286.57515945926,high
SIT-safe,92542.36207406213,92557.56047936337,high
SIT-safe,116771.15956205847,116789.04091060156,high
SIT-safe,315103.8507146738,315145.77805213514,high
SIT-safe,25500.45512021714,25560.462022780528,high
SIT-safe,44642.56545587881,44663.70653391311,high
SIT-safe,304348.3916040181,304379.729118742,high
SIT-safe,437024.1546455129,437059.2337347769,high
SIT-safe,206311.6819375139,206385.4628107047,high
SIT-safe,72286.9019791447,72297.40981626458,high
SIT-safe,458552.4466267338,458572.77212189673,high
SIT-safe,50653.320308527494,50668.205753370115,high
SIT-safe,64347.8666720684,64389.247571163025,high
SIT-safe,36769.462838602245,36905.047835073856,high
SIT-safe,41484.88331247559,41497.1086026861,high
SIT-safe,29979.565081696866,30013.944884429366,high
SIT-safe,209420.23258954482,209427.93807377748,high
SIT-safe,91548.17999849826,91572.59056721567,high
SIT-safe,278077.97173572675,278172.3080543837,high
SIT-safe,102805.50597773536,102826.08332447233,high
SIT-safe,66289.9193107615,66314.37470266434,high
SIT-safe,468858.47462197073,468884.86611094465,high
SIT-safe,140211.86377896587,140219.48843372217,high
SIT-safe,935298.8335808238,935330.8177027886,high
SIT-safe,94465.7304556123,94517.79392637975,high
SIT-safe,154514.01045274312,154537.7454786656,high
SIT-safe,71977.67073251827,71984.31431097661,high
SIT-safe,81414.47767871857,81437.07238933012,high
SIT-safe,146713.9302263734,146741.41607728403,high
SIT-safe,39776.40047322905,39795.99714735351,high
SIT-safe,130652.15041622153,130661.55685149952,high
SIT-safe,93483.7493615807,93525.71048950733,high
SIT-safe,68253.6951716434,68280.41958136664,high
SIT-safe,70825.130420837,70840.5622512446,high
SIT-safe,127440.86197479062,127494.55485762536,high
SIT-safe,1073113.032982188,1073135.4339619991,high
SIT-safe,64575.75605197132,64600.52074878797,high
SIT-safe,141729.09989391512,141747.0816863663,high
SIT-safe,58553.421523149416,58604.69918998754,high
SIT-safe,76957.13955854933,76983.48941858954,high
SIT-safe,662792.6455630977,662814.114313644,high
SIT-safe,44821.04946450992,44861.14133048672,high
SIT-safe,89873.75478106631,89891.24103751738,high
SIT-safe,64085.51345886037,64213.32826350646,high
SIT-safe,144505.45602105564,144526.4506150433,high
SIT-safe,58365.75000691658,58390.8447958367,high
SIT-safe,110364.82668329721,110371.68339541223,high
SIT-safe,76362.42409933356,76376.31638383256,high
SIT-safe,79496.48511714565,85391.64453301449,high
SIT-safe,93612.78478514114,93627.33842563427,high
SIT-safe,102846.26428868485,102858.68003348465,high
SIT-safe,173767.82941605215,173869.53112108645,high
SIT-safe,66726.8792194252,66750.74944532878,high
SIT-safe,172021.05384848843,172049.62132455385,high
SIT-safe,57776.771400336664,57796.1539767604,high
SIT-safe,58380.28586613345,58399.881743515696,high
SIT-safe,23142.57165203463,23176.740169410925,high
SIT-safe,284919.3914001821,284932.6113177292,high
SIT-safe,99021.03832466446,99045.54179593021,high
SIT-safe,316208.9888429366,320115.4625059881,high
SIT-safe,64234.07057219318,64281.323707933116,high
SIT-safe,161537.22187788662,161553.7268359574,high
SIT-safe,146535.56696189655,146571.973103096,high
SIT-safe,134037.12085888558,134078.59591149157,high
SIT-safe,111685.19126827194,111732.10434039556,high
SIT-safe,64020.14853509032,64028.10452366896,high
SIT-safe,58333.95527347113,58405.0736717073,high
SIT-safe,322897.1293816168,322986.82646419527,high
SIT-safe,47575.55217115689,47633.595444442064,high
SIT-safe,44797.304631595056,44855.91261981653,high
SIT-safe,221118.78834456965,221152.05639872537,high
SIT-safe,232068.90256395223,232105.81104696274,high
SIT-safe,92278.08483552508,92294.84549683271,high
SIT-safe,95822.40555086487,95875.37890925864,high
SIT-safe,216761.22096835502,216789.90774139488,high
SIT-safe,37814.98419479149,37835.93375841635,high
SIT-safe,356848.2302063576,356852.41737899056,high
SIT-safe,70305.12313588616,70349.97738809235,high
SIT-safe,91926.0269661845,92056.59261968828,high
SIT-safe,189077.77633689326,189099.87840985606,high
SIT-safe,119744.42867892388,119764.58706455349,high
SIT-safe,813128.370509097,813209.1862412046,high
SIT-safe,76685.72737862858,76716.7237815006,high
SIT-safe,119480.43865139081,119526.46791688268,high
SIT-safe,1413637.4053487815,1413678.6742958045,high
SIT-safe,204301.13850618238,204314.45482565637,high
SIT-safe,136216.0883739832,144836.27985527023,high
SIT-safe,76487.09191876999,76517.43740267969,high
SIT-safe,256806.82209597868,257024.85867476242,high
SIT-safe,45316.870743272135,45329.00143865584,high
SIT-safe,192342.33674104046,192372.57081779453,high
SIT-safe,194677.19893112776,194699.0875225918,high
SIT-safe,142041.05292808186,142058.3775449912,high
SIT-safe,59439.716382679355,59454.496652175454,high
SIT-safe,105799.34058770575,105846.22988842652,high
SIT-safe,40181.01021033076,40208.06041218099,high
SIT-safe,87232.88017529271,87239.94960224036,high
SIT-safe,48828.931140111774,48841.65491030412,high
SIT-safe,50452.47405002718,50491.37800991125,high
SIT-safe,62825.42155056562,62838.07072021664,high
SIT-safe,82087.89262754396,82104.59216505589,high
SIT-safe,64971.51053668914,64984.618220796154,high
SIT-safe,68935.37060475694,68956.69839477513,high
SIT-safe,76009.84608067303,76055.24438990366,high
SIT-safe,86456.41173745359,86500.6572102606,high
SIT-safe,60870.0837917477,60877.19301754206,high
SIT-safe,96593.10504037543,110202.7311372277,high
SIT-safe,43351.20253811773,43359.83153020953,high
SIT-safe,328401.64089708205,328453.62106147705,high
SIT-safe,73688.13979102853,73715.2126571693,high
SIT-safe,60541.014635514344,60549.0289580924,high
SIT-safe,52867.04782578232,52895.7637707925,high
SIT-safe,65301.21711835025,65407.909210916885,high
SIT-safe,56174.270515776196,56265.49154922262,high
SIT-safe,332441.2446480515,332474.72466204,high
SIT-safe,378200.9403330088,383126.30720385956,high
SIT-safe,442135.9097175626,442181.2486840348,high
SIT-safe,43221.015384632214,43256.76315987826,high
SIT-safe,557821.5279695019,557948.7395905829,high
SIT-safe,138406.65539740128,138433.59700187942,high
SIT-safe,67181.17986741377,67185.80347331605,high
SIT-safe,93937.2736518884,93962.84728504973,high
SIT-safe,63392.999797613025,63414.03343209303,high
SIT-safe,109923.94646965426,109961.57672570946,high
SIT-safe,59967.34615771464,59993.768185119785,high
SIT-safe,71232.57010166327,71252.79150205133,high
SIT-safe,588440.5810412035,588463.0863142237,high
SIT-safe,234978.17744308183,235000.31327292006,high
SIT-safe,29032.869302903848,29059.426139443003,high
SIT-safe,176667.9790890363,176693.32843797375,high
SIT-safe,114526.62428310314,114547.73170097434,high
SIT-safe,308091.0269772657,308107.55342274555,high
SIT-safe,52866.65086032102,52891.32800544065,high
SIT-safe,56293.83068933086,56335.81067286067,high
SIT-safe,113291.2365224456,113330.64127777913,high
SIT-safe,94388.29150799506,96327.93638267415,high
SIT-safe,64258.88126964915,64259.600843817316,high
SIT-safe,188486.6231003974,188499.06473282404,high
SIT-safe,70029.57739733762,70057.16193668835,high
SIT-safe,53001.672672198976,53023.540061498075,high
SIT-safe,52484.20947674914,52500.25186352028,high
SIT-safe,129582.59291819768,129655.66626953287,high
SIT-safe,174162.1399767147,174193.7464464429,high
SIT-safe,39245.67479928147,39263.526939899835,high
SIT-safe,61141.932261343514,61163.13119332201,high
SIT-safe,193128.62182927487,193131.61252807933,high
SIT-safe,154049.5433775287,154061.77352909042,high
SIT-safe,47751.01416811914,55527.65836589133,high
SIT-safe,85600.41251925913,85642.93774420102,high
SIT-safe,156766.25434349963,156785.50406376395,high
SIT-safe,133864.3950235611,133887.19396030932,high
SIT-safe,134870.80767496207,134897.3584195462,high
SIT-safe,113630.57602589906,113679.95546407031,high
SIT-safe,65839.39259173175,66078.77922215877,high
SIT-safe,35450.33952622604,35495.46274543952,high
SIT-safe,163487.72303049985,163570.3846010613,high
SIT-safe,368594.1170104616,368629.0586196996,high
SIT-safe,74364.21814577893,74378.73799127214,high
SIT-safe,69548.90187786716,69557.34754299933,high
SIT-safe,87926.01783693371,87938.40108037714,high
SIT-safe,213574.43953139734,213579.33273685607,high
SIT-safe,73258.793898954,73321.26898073603,high
SIT-safe,314132.7033676182,314219.57902042207,high
SIT-safe,48557.58262535525,50450.24815142969,high
SIT-safe,184798.05281173985,184812.49459328575,high
SIT-safe,104072.36736967195,104085.89803530711,high
SIT-safe,358188.11430107564,358191.5987568315,high
SIT-safe,77040.52471858573,77054.0498670692,high
SIT-safe,84265.51649851253,84281.99965973067,high
SIT-safe,190581.02572509472,190603.2826294398,high
SIT-safe,113338.57086977814,113355.63878902968,high
SIT-safe,79835.5623761015,79914.66536842387,high
SIT-safe,215119.88191926898,215120.4572764097,high
SIT-safe,92809.01261995129,92874.53348772328,high
SIT-safe,56747.994502935166,56821.01977122066,high
SIT-safe,232913.79952971582,232952.48223392724,high
SIT-safe,33077.896696179014,35378.54091749976,high
SIT-safe,178757.47524705625,178773.651693745,high
SIT-safe,113483.40281989945,113552.18427389397,high
SIT-safe,68887.56497808965,68905.23102342975,high
SIT-safe,96898.855347121,96917.39252398888,high
SIT-safe,92446.52462322792,92497.26105428,high
SIT-safe,20132.452908679534,20191.17679781536,high
SIT-safe,281170.09714796965,281199.3118748178,high
SIT-safe,31230.86239839352,31334.724852902324,high
SIT-safe,512437.64234113775,512481.15483633836,high
partition,41361.308911615146,41403.17032995169,high
partition,102112.47032183604,102136.29091926148,high
partition,59242.70080714046,59458.993811974506,high
partition,94127.05063323252,94155.3787983793,high
partition,295751.16403427796,295778.6467446252,high
partition,148508.39838218832,148544.30264862833,high
partition,23652.337552341236,29765.622811930174,high
partition,68653.64805726492,69476.09865216752,high
partition,72120.28980168767,72149.1153137298,high
partition,266924.8102859373,266933.40025816514,high
partition,39730.67587146278,39756.3130573603,high
partition,152998.72753392046,153021.28911306872,high
partition,61349.32870881092,61453.79233714065,high
partition,156088.69349333167,156111.8822639117,high
partition,50597.5315501368,50608.07577539839,high
partition,33330.66352264619,33375.24032622708,high
partition,601942.2150739622,601980.231708904,high
partition,70173.44584149877,70223.37595603828,high
partition,62957.87398928062,62980.733381466074,high
partition,27715.023750204058,27717.939109553387,high
partition,100187.73648138631,100194.04777562608,high
partition,184770.88409909068,187269.23031505116,high
partition,691163.0588343999,691179.2778835208,high
partition,49330.583202972884,49383.238541979124,high
partition,47836.986567048894,47851.95690237943,high
partition,189797.169002004,189871.30777693787,high
partition,42432.024646443875,42465.41560420719,high
partition,42014.958726835925,42069.74696846667,high
partition,236173.98252355543,236211.47663731614,high
partition,455643.0247523858,455663.74778634973,high
partition,156763.28585974636,156797.33576318674,high
partition,72602.05886732854,72609.63628450662,high
partition,194715.80727042997,194773.76266050173,high
partition,244407.0335576197,244427.43108801678,high
partition,78716.87171262357,78741.11996718404,high
partition,89436.88864494924,89448.58445485096,high
partition,165557.88120391674,165603.00995947898,high
partition,4155748.94677113,4155936.1113499766,high
partition,186176.4369700474,186366.0930905859,high
partition,75146.52255631097,75174.3698962208,high
partition,51474.51455240202,51519.11823145482,high
partition,158345.48403001198,158360.7616442185,high
partition,321297.73285643396,321333.1192168144,high
partition,27903.279810422904,27969.290902301946,high
partition,65166.58895087948,65178.781696871454,high
partition,127490.98289029802,127511.4433793768,high
partition,130228.03791133987,130263.80711109488,high
partition,126352.53920043618,126408.98190139655,high
partition,880744.7066160304,880823.78921022,high
partition,161002.4516287388,161027.49451858533,high
partition,86256.99676011117,86275.86044780078,high
partition,379788.9945706571,379794.6123486632,high
partition,99025.95359000929,99139.95563261537,high
partition,41963.26062279109,41989.963775959724,high
partition,59461.90858273195,59479.911974336406,high
partition,360927.7784537648,360939.92448244063,high
partition,69683.59118709288,69781.25123713531,high
partition,26803.631746024745,26881.320893973865,high
partition,122156.54660000393,122186.97806776616,high
partition,62299.85415985323,62327.53221232118,high
partition,83382.47582488866,83426.24254782035,high
partition,356651.46685808,356679.0828120601,high
partition,178387.61875465146,178457.71719974937,high
partition,75774.59324108246,75794.55615160282,high
partition,373597.681175127,373607.5769074347,high
partition,46015.18652659524,46052.42346895122,high
partition,157480.15181861984,157488.70107075205,high
partition,111911.71831074623,111928.75983375829,high
partition,37965.01136277387,37972.88553490431,high
partition,125807.53862834454,125822.58690084855,high
partition,267130.57593075465,267198.738724586,high
partition,719461.7975728379,719488.1309324352,high
partition,63598.92278815263,63630.46119199938,high
partition,127761.16029430457,127789.77928724256,high
partition,57295.2924480972,59434.067860170835,high
partition,94600.39584002507,94635.50415371591,high
partition,54228.89794917946,54238.262271846856,high
partition,629231.176757707,629282.473437966,high
partition,172525.99044020835,172538.33789404453,high
partition,71310.35970603215,71320.53611679816,high
partition,41625.47669460678,41655.108779358976,high
partition,98442.68432304107,100591.68501521858,high
partition,99603.20648283434,99694.68932827012,high
partition,497926.65217648086,497945.23370237555,high
partition,154744.07623293635,154749.24092321278,high
partition,171906.91691297904,171916.90123611328,high
partition,384284.9269911582,384320.8024734226,high
partition,63776.5541532162,63788.94406097336,high
partition,72827.22349716898,72956.2034701876,high
partition,74320.9304823908,74357.97133312,high
partition,30988.048520452674,31054.774478239342,high
partition,122558.24508019502,122672.5771613555,high
partition,184100.41578005624,184120.6971998451,high
partition,106655.82504911527,106679.71773955278,high
partition,245245.7729303203,245258.92876347288,high
partition,151191.29736030335,151197.53563642595,high
partition,48338.92252820134,48378.018128698735,high
partition,108823.37549070796,108962.88352173934,high
partition,66419.2671021401,66454.69331717244,high
partition,184163.391856416,184172.02267705192,high
partition,59530.42297502311,59548.82575753522,high
partition,217554.2481262827,217578.46201730857,high
partition,116032.90968091876,116083.53771783045,high
partition,97990.72461127998,98017.56912304374,high
partition,61316.659200753194,72315.21775836429,high
partition,72281.56409819527,72291.02360502077,high
partition,34742.49740395082,34743.19730217823,high
partition,91892.82251973936,92063.19768654346,high
partition,28841.915573180933,28883.412048408594,high
partition,161108.90055611593,161129.88573967048,high
partition,1627404.9056077856,1627451.7204328515,high
partition,89511.25891890939,89514.57643008085,high
partition,86228.77090980945,86277.38719988127,high
partition,79674.22247137579,79721.27548941234,high
partition,29712.614536355195,29729.73931825343,high
partition,38980.092547432694,39002.137307189114,high
partition,110711.01873527566,110731.36037481476,high
partition,64126.536135868075,64225.77088423807,high
partition,124327.05682263861,124331.90699069662,high
partition,66635.40497658329,66688.50637800829,high
partition,92469.82901251997,92484.22497665399,high
partition,76597.52318811984,76618.66982372245,high
partition,51625.39872602118,51655.09620164291,high
partition,45089.85928648201,45101.58463564327,high
partition,167692.9152635745,192108.98476056603,high
partition,3475532.18353179,3475545.2171484996,high
partition,152191.29717059166,152197.67950108624,high
partition,586059.7314488824,586080.4050846518,high
partition,56343.50751465893,56346.23853082482,high
partition,353221.7108743388,353240.914518127,high
partition,104506.85470831588,104522.96705065244,high
partition,79800.5217522494,79913.12609491774,high
partition,41544.28059256482,41615.9606421122,high
partition,96563.46599313368,96623.625703959,high
partition,132954.57329656158,132960.33996324404,high
partition,44264.72596262179,44283.878957232955,high
partition,137251.73169315656,137272.07226641855,high
partition,96480.00598507207,96566.40631333187,high
partition,114716.99097082035,114728.98620616703,high
partition,1466372.960840247,1466394.4485923606,high
partition,30194.1571846188,30257.273749300606,high
partition,76055.48558244028,76082.3601942008,high
partition,50126.28930449542,50193.87953399161,high
partition,51849.90882151997,51868.04086581306,high
partition,245106.34549299217,245124.97567028715,high
partition,207705.14737836894,207783.48841480375,high
partition,58465.88077444754,58490.79705891354,high
partition,518851.16780657246,518910.7524652835,high
partition,85387.23474834935,85398.74772026134,high
partition,80571.49332210109,80600.9664590084,high
partition,70954.07931222313,70970.93774456167,high
partition,72777.59666814776,72795.02854024475,high
partition,53554.86452221758,53578.77932975277,high
partition,33516.76732624372,33544.83412120887,high
partition,101844.87483348293,101857.96108380942,high
partition,45221.71799320439,45245.35281039268,high
partition,1701144.5877961663,1701155.5273124203,high
partition,84369.94945862301,84376.64491190834,high
partition,163274.815175567,163300.33316367236,high
partition,34353.84845477016,34367.80244666907,high
partition,49470.56495002265,49503.36164079446,high
partition,66818.65364650673,66857.22660899829,high
partition,68470.2672733528,68539.09179072788,high
partition,44695.685371366344,44726.092484963265,high
partition,36278.378471838776,36321.21850234797,high
partition,42917.318366809726,42919.00111715231,high
partition,114932.76674040375,114951.89587027085,high
partition,204207.02043812932,204285.30178691942,high
partition,93960.26470534746,93977.53917734642,high
partition,58686.671762978985,58710.10817591184,high
partition,205056.4671150493,205090.77700890356,high
partition,79087.94093611269,112530.13044167287,high
partition,283920.6221013259,284092.61502014357,high
partition,217731.47001048422,217752.40788612398,high
partition,107473.64309056048,107585.19744167238,high
partition,95939.4494562547,95953.50736715083,high
partition,98037.6162611761,98070.95230533069,high
partition,35965.83251777981,37500.98426299248,high
partition,62421.568194623906,62439.62870544583,high
partition,149465.3356468756,149474.65918413474,high
partition,45916.27684123305,45928.863840630496,high
partition,63391.547239954474,63404.99238302004,high
partition,45035.4979958132,45253.89432035817,high
partition,30917.95674197314,30967.08382655208,high
partition,110657.73889722269,110660.47396956214,high
partition,300177.4667654335,300212.4783593232,high
partition,110161.17919396976,110223.60564269748,high
partition,242077.06639383407,242085.44385841946,high
partition,41970.581309118614,41993.33619447336,high
partition,202330.05302309926,202342.39460651472,high
partition,58371.618660666776,58383.08345506631,high
partition,53256.60924917205,53291.912140946595,high
partition,72304.0896213454,85206.41203656746,high
partition,66600.53976905906,66657.6723030289,high
partition,120440.35869967232,120456.73041999283,high
partition,38575.21205295538,38604.05609340872,high
partition,187495.77979617144,187505.5316488523,high
partition,46131.33957875847,46257.596515178826,high
partition,435561.41902695515,435598.17524139705,high
partition,301566.9305974149,301575.87455648853,high
random,44324.088638043686,44333.622113840414,high
random,31918.896592040444,31939.749150988056,high
random,98468.48184989952,98543.90025861995,high
random,93456.30598205706,93511.39250239532,high
random,61783.29650561028,61799.82579479934,high
random,125993.51143494125,126007.77951747016,high
random,73953.79835931187,73976.67818207544,high
random,29196.56538281867,29226.10014858931,high
random,51350.76656382568,81024.10432214226,high
random,460967.09571147774,460977.5024965601,high
random,98742.400777366,98834.53575427664,high
random,115500.30986359113,115525.27383197355,high
random,82062.32254486442,82121.62361978347,high
random,107566.56971840422,107574.2844633802,high
random,233444.21531644618,233457.44969119638,high
random,342244.73281648447,342319.73765796225,high
random,73154.75461229487,73179.43940889464,high
random,77243.71401337419,77279.0981674068,high
random,530645.7335461397,530702.4506032924,high
random,227537.77991090604,227553.33286673186,high
random,521962.60305180994,522055.53670474974,high
random,80633.9857066089,80691.01595119704,high
random,63805.03550973195,64079.52062253385,high
random,139820.45642341056,139843.96857006446,high
random,124776.42106270113,124797.14787321052,high
random,73536.08598152274,73546.04808453203,high
random,75715.68935381448,75774.20955611391,high
random,84901.074325593,84956.86330893394,high
random,59538.59183809159,59556.45936616605,high
random,40543.727344075596,40553.03679163543,high
random,70206.69352896238,70254.93874300632,high
random,133192.71783783924,133206.62813752057,high
random,934578.7908666999,934782.7754253603,high
random,266290.86516438535,266300.98995098856,high
random,98234.02292493383,98243.24135595525,high
random,95858.96132844097,95893.13478719653,high
random,49936.055374591815,49944.54258055045,high
random,226925.04458809266,226942.72909829605,high
random,524989.4913827224,525007.0230448677,high
random,574371.8626993074,574380.8412909536,high
random,82945.30873563267,82970.67331031573,high
random,81063.40776093792,81098.35731578345,high
random,100884.60735456023,100909.18109139861,high
random,351711.81474935106,351741.0527122413,high
random,316861.39808004844,316867.37022080226,high
random,175315.1383688446,175342.6414367521,high
random,107865.333639745,107922.75563155425,high
random,57303.975737182715,57349.83181232648,high
random,89711.94689169046,89724.42302798145,high
random,56137.91863323342,56182.04978774913,high
random,39943.72908898647,40000.45457712814,high
random,347495.8819186356,347615.8750097462,high
random,51285.251987676944,51354.41894145573,high
random,110471.63227367771,110482.87464587727,high
random,48159.03941972791,48193.48606014544,high
random,68120.85690432222,68128.09170509892,high
random,1199048.2737121463,1199063.9005034363,high
random,62788.384934772344,62815.64262500406,high
random,121285.08381768322,121305.39563172881,high
random,103836.88578046618,103865.80342555026,high
random,356351.03423330025,356357.7687137796,high
random,77080.38400500324,77110.26412630294,high
random,101448.28880827413,101542.2237938941,high
random,88022.48361016392,88096.52129376525,high
random,101787.68467403998,101810.74047908484,high
random,137277.64575651608,137293.54472404608,high
random,666680.453077699,666696.9219184406,high
random,122859.28417823125,122899.41809093862,high
random,384748.2319558932,384788.22687068733,high
random,127585.62726360632,127656.83536666521,high
random,48157.29308775228,48188.74102582327,high
random,130135.44317589597,130207.08782044775,high
random,72101.50210562286,72126.68497782233,high
random,63843.54907553424,63859.58242654551,high
random,203058.42789565652,203082.15120707802,high
random,44936.28104755592,44952.07674934689,high
random,61051.17515329077,61087.30598548666,high
random,233420.9117036812,233440.7302083028,high
random,106848.88465860736,106908.37936678153,high
random,129130.08124016346,129155.04218657542,high
random,235914.3626100964,235941.74978437263,high
random,337745.6491299154,337758.05198737595,high
random,83989.77459661034,84074.39855352284,high
random,549915.1505238293,549931.7022480189,high
random,66194.25178931067,66212.02054522076,high
random,46250.05636465927,46256.54513450392,high
random,60426.39009878506,60438.988538437574,high
random,100612.17395763841,100728.1719675696,high
random,103634.74828013084,103685.81515995885,high
random,126830.06880728382,126865.20443702507,high
random,165467.99939081838,165485.5070525512,high
random,298945.84269464493,298974.3112772475,high
random,36248.33474592232,36355.06210853121,high
random,209304.55473827894,209320.6738564396,high
random,565680.4760427879,565702.4848048585,high
random,56548.04038267875,56575.17887650992,high
random,40831.672551163545,40850.03255515285,high
random,61016.615678277056,61131.51431077525,high
random,109054.57479707556,109115.16176824426,high
random,77704.1195316722,89670.81728997944,high
random,102903.03328778612,102934.76781410276,high
random,121757.00036022626,121801.29545008039,high
random,315089.38349367795,315164.39967317274,high
random,117650.49131716258,117676.67849088984,high
random,220081.9909671854,220130.48863279138,high
random,77031.62528851438,87756.11635209089,high
random,42247.07519784626,42257.25492298273,high
random,82630.9352306159,82691.53991394551,high
random,134029.99857251765,134069.26926222342,high
random,208096.36872046077,208111.3265671449,high
random,281369.7839697941,281422.73494115204,high
random,231261.74350860176,231307.46427450998,high
random,174741.51305981155,174753.23460075498,high
random,95542.76147010754,95677.56826607883,high
random,431555.6239418515,431566.82584627054,high
random,57273.03485058815,57315.51150307772,high
random,97017.73774678199,97101.6273764049,high
random,66025.99654887556,66135.08865998643,high
random,149309.6982703644,149328.75713736043,high
random,102593.06709353163,102599.2597650059,high
random,164334.73027813077,164349.07722664665,high
random,49080.42102691677,49099.23022602459,high
random,216196.4282612636,216282.42415479408,high
random,305328.0788282882,305386.9429471751,high
random,45621.18576888156,45693.420573108546,high
random,56633.511267847425,56668.69711413939,high
random,155746.31195627648,155769.48547725403,high
random,102414.83931524603,112218.4523612533,high
random,162614.33254853918,169459.58688666462,high
random,192366.26602267765,192368.07848507966,high
random,72288.43630420395,72313.48499637356,high
random,70497.55499392677,70515.25566013416,high
random,2704929.2359590093,2705052.913731866,high
random,58375.84577932863,58386.30078862,high
random,58371.75328328071,58405.75904285934,high
random,334241.727124442,334286.10293912236,high
random,69435.27513980049,69459.65353444757,high
random,252500.3689206065,252576.62291026465,high
random,203517.05783232834,203557.2900681401,high
random,89029.12025742215,89070.35812533037,high
random,294620.1058983102,295213.8405162903,high
random,73971.9448964724,75507.82261708626,high
random,50578.2572984539,50655.15423691069,high
random,193399.8230477484,193420.2798977513,high
random,265994.7279927849,266002.7859329837,high
random,234294.24691335938,234321.19653489447,high
random,249535.81498864974,249554.47893317114,high
random,150919.84825100616,151287.63267623037,high
random,132626.92536063804,132641.7044688296,high
random,93808.89446984773,93889.48216118102,high
random,103287.4212096617,106294.86273626567,high
random,183311.882889955,183317.4838141793,high
random,54507.24380725737,54514.99719117219,high
random,73941.40632543914,73984.70133022312,high
random,117050.8426536305,117090.83352973586,high
random,78885.34221869617,103860.94362735431,high
random,184976.43836186992,184994.39809136427,high
random,98562.63041646483,106891.95244897075,high
random,98756.19263651127,98789.86303225707,high
random,36948.23631941636,36969.28912122712,high
random,50901.19466185353,50941.45656966891,high
random,46094.09372569389,46135.61131800813,high
random,68552.79311901945,68617.54657633061,high
random,132511.30347037155,132538.51080579497,high
random,99313.97075189605,99346.1024314587,high
random,439517.2284841484,439595.97409966914,high
random,125084.05925445004,125093.38272044397,high
random,112287.770823629,112333.67259430015,high
random,190192.87418880136,190215.90306776896,high
random,158098.33452029907,158109.2940599647,high
random,42573.12342637312,42587.73720249714,high
random,193140.75423759985,193163.15901905383,high
random,886857.0103741979,886907.8893251593,high
random,53204.23089155522,53234.14878296297,high
random,287657.690996983,287670.00738793786,high
random,91731.36676899574,91754.10008766864,high
random,78321.52418383528,78347.93519569756,high
random,67551.44317206595,67599.7286036216,high
random,43127.53825744517,43144.67369514295,high
random,330688.25609775155,330736.8286911015,high
random,65243.66430409505,65277.06738253552,high
random,2486228.6740118777,2486245.362124993,high
random,79002.23686947588,79051.48088900404,high
random,74583.1167448086,74625.6765752703,high
random,175767.5262913812,175771.34374041914,high
random,28583.717449998538,28611.012075088234,high
random,108298.70860340232,108318.28871067468,high
random,137251.91476111155,137295.87007274778,high
random,68337.58594649791,68358.42250708207,high
random,74184.20615848668,74192.67073950247,high
random,65525.1473912319,65558.56687820432,high
random,45481.810089649654,45493.0864184004,high
random,65787.00567499305,65811.86358901966,high
random,186173.41419036267,186218.52819029897,high
random,116735.46888090005,116748.76598737345,high
random,664076.0437715341,664099.533684136,high
random,83941.4594309726,83943.79916344359,high
random,86241.86369289769,86312.97091046686,high
random,785262.8264051706,785282.9442522192,high
random,59903.22941728367,59915.745783677216,high
oracle,80816.54060391264,80846.29373359724,high
oracle,57698.913817736684,62352.85457039501,high
oracle,59775.89530680273,59820.62793327037,high
oracle,105372.53405030025,105383.05975637966,high
oracle,132398.59594680023,147386.14708115003,high
oracle,107204.77185470586,107225.11743854712,high
oracle,48590.76665272325,48603.52976099124,high
oracle,776683.7963654468,776688.8930630363,high
oracle,235823.22716352853,235878.0445750242,high
oracle,70947.19822771223,70955.00465302964,high
oracle,91799.35261927596,91812.39451046771,high
oracle,33579.36963528048,33591.06004130472,high
oracle,70846.60529401954,70990.20115180945,high
oracle,125198.81949777475,125220.87353438023,high
oracle,205318.91549959793,205332.11566027923,high
oracle,106102.96329254961,106111.57564535983,high
oracle,157157.2161570567,157233.60032718454,high
oracle,632228.1724771408,632300.0988202929,high
oracle,55463.50061581847,55479.05644474363,high
oracle,178977.03714399182,179003.77028864526,high
oracle,109009.63004461039,109051.67647639521,high
oracle,38974.00101201711,39001.565603256655,high
oracle,67059.23971392326,67088.99342503061,high
oracle,42263.57528965372,42287.56803195529,high
oracle,125142.91386530876,125183.19997088487,high
oracle,107534.80246504201,107553.45240322237,high
oracle,53460.41460285694,53493.248338312114,high
oracle,465485.45548370085,465519.3922908745,high
oracle,141161.19166303473,141166.18994379876,high
oracle,110189.15263260878,110191.20141793453,high
oracle,302169.2453993449,302184.2129804719,high
oracle,91599.11819584921,92922.14465940709,high
oracle,105334.16736322567,105382.94660598919,high
oracle,204322.11719555044,204336.05392980023,high
oracle,149067.20778551776,149090.2013850172,high
oracle,314080.9330136196,314099.4616237279,high
oracle,132814.2479885487,132838.5326363687,high
oracle,323259.5553521548,323272.79131660634,high
oracle,279958.3798190335,279993.5558302698,high
oracle,70067.11649057525,70075.3052965945,high
oracle,44933.90041621632,44938.34803320766,high
oracle,251119.8147816524,251128.1139326502,high
oracle,303703.5361064043,303748.6467431567,high
oracle,53638.929183520064,53656.66408086523,high
oracle,68825.05387885748,68850.80567919914,high
oracle,741299.0771835946,741308.8143229152,high
oracle,37700.090481275125,37757.56823084011,high
oracle,61788.15513464587,61841.11524285986,high
oracle,153414.90028937394,153435.88826909766,high
oracle,143792.60765065713,143832.86665515453,high
oracle,195336.6093002262,195354.1974554319,high
oracle,47505.64460027304,49598.5873455767,high
oracle,62838.12343567343,62862.20876946296,high
oracle,162507.29180289243,162575.52212847496,high
oracle,44368.892179080496,44389.076369881164,high
oracle,59553.019649865164,59573.28815959771,high
oracle,75723.82692991829,75750.02659580969,high
oracle,46318.02844457722,68409.95906612038,high
oracle,42210.26826476631,42236.210478409266,high
oracle,662399.7046980456,662436.8018586223,high
oracle,172286.58207008298,202729.22077245233,high
oracle,59728.41775706856,59743.17593306424,high
oracle,258596.16865252767,258608.5347528474,high
oracle,163435.83313777638,163449.9829035509,high
oracle,119516.80494282581,119529.68611201385,high
oracle,465704.3269724707,465738.162318539,high
oracle,27554.115652752953,27579.14381273295,high
oracle,85691.15607533073,85733.76430284006,high
oracle,173473.38494996633,173481.9414155925,high
oracle,74063.92067094365,74067.713923348,high
oracle,157346.86233904102,157363.7862432187,high
oracle,95948.34217566697,95970.43121740666,high
oracle,148837.38059833687,148916.53082845942,high
oracle,3765045.8574160566,3765095.7652168702,high
oracle,66819.45913531474,66854.12588138928,high
oracle,1128754.5109199572,1128776.3640319789,high
oracle,198415.6726729317,198421.70211860625,high
oracle,128738.44892047514,128818.31699861732,high
oracle,74480.59524085095,74537.20566547706,high
oracle,55170.81240280735,55214.06671353693,high
oracle,131731.42959676395,131752.63405058032,high
oracle,100291.92410247229,100308.73846380628,high
oracle,90620.47043836342,90694.06129483879,high
oracle,158464.29813400298,158466.85716687562,high
oracle,630802.3924787168,630832.4771448404,high
oracle,120254.69191912025,120320.89099050153,high
oracle,57315.125167167665,57338.97297245258,high
oracle,39793.3202919842,39827.24428809983,high
oracle,375076.0636657937,375101.38923397346,high
oracle,692301.5947411235,692341.0434687356,high
oracle,733415.8381882537,733430.6414503937,high
oracle,84437.30793527182,84450.1793875747,high
oracle,59368.3922747195,59450.9414945633,high
oracle,279040.2908074387,279076.6784519634,high
oracle,82819.89121404917,82856.79947740716,high
oracle,121770.81599390591,121780.84017852225,high
oracle,85448.35672446455,85453.30448600341,high
oracle,90455.71617389495,90519.33658856447,high
oracle,68624.27155466007,68644.9830961375,high
oracle,44936.12598382148,44961.50730270692,high
oracle,66447.10101847042,66475.08340110187,high
oracle,96483.30099147346,96558.97293435532,high
oracle,69815.62557561595,70154.7302349168,high
oracle,114090.91715681428,114165.31647875631,high
oracle,46551.663629623334,78319.77813750187,high
oracle,45637.234855372444,45648.04389444187,high
oracle,187851.80534506956,187861.87216153916,high
oracle,235696.7530292934,235740.83288913133,high
oracle,23619.294927487048,23686.838364975447,high
oracle,272994.7268739059,273011.5021332711,high
oracle,58343.54065918298,58446.11320144677,high
oracle,32070.332782709927,32087.029649833017,high
oracle,56706.79739105132,56725.32521274632,high
oracle,90904.24690498483,90960.74801413495,high
oracle,263079.16965886194,263089.9328217969,high
oracle,53516.1424654408,53556.48693836383,high
oracle,181266.73126326196,181289.4044997076,high
oracle,87840.89281892717,88002.3373063001,high
oracle,49879.61434223503,72505.89130845829,high
oracle,106864.36098809542,106880.93585300322,high
oracle,93005.88274373783,93073.1695253496,high
oracle,122240.1937514885,122257.4835169752,high
oracle,167653.12479430242,167714.8446839156,high
oracle,36412.5154595793,36425.94541246791,high
oracle,129580.78709691996,132555.775560689,high
oracle,55351.590805288295,55359.56277837197,high
oracle,61922.965214536904,61935.10163200795,high
oracle,170002.7714116346,170006.18212270923,high
oracle,86816.20243607972,86839.66874974224,high
oracle,218538.8447902844,218545.85402307793,high
oracle,127716.61049954788,127734.62483985639,high
oracle,80784.91389274115,80789.69074677624,high
oracle,56815.763132185384,56936.237166817766,high
oracle,60031.953100615145,60078.1719121754,high
oracle,49156.45260327882,49179.34370308759,high
oracle,570389.5545250501,570407.8902813485,high
oracle,341007.772839999,341052.77061493974,high
oracle,59052.378817308425,59083.298361363,high
oracle,88072.51010763222,88083.0723483381,high
oracle,87918.60464148423,87932.0537107535,high
oracle,150121.0917536304,150133.14091611071,high
oracle,84666.00581339562,84667.81742483086,high
oracle,53298.35553657274,53355.745085154296,high
oracle,1062858.3212688568,1062883.5090282601,high
oracle,66113.51374239234,66128.82871882434,high
oracle,70507.54307832892,70531.54706163611,high
oracle,118089.87995339067,118102.23425667782,high
oracle,36631.48595949157,36647.07328408954,high
oracle,37872.97355787308,37899.45764900663,high
oracle,45855.27568920453,45867.15216690199,high
oracle,77130.80205303211,77148.30177465772,high
oracle,80605.17086904688,80654.61725658504,high
oracle,109868.29773429966,109914.236964952,high
oracle,174627.87686452898,174643.26284437705,high
oracle,333026.5235962394,333553.36539600434,high
oracle,137173.9726984821,137194.04771108425,high
oracle,68443.93662944948,68456.82815796271,high
oracle,252376.39300443683,252451.95185069076,high
oracle,35026.29066172906,35034.927024823395,high
oracle,101334.79112769174,101354.1144645779,high
oracle,406374.8108277407,406387.60282275337,high
oracle,112870.76708010992,112893.28201608664,high
oracle,63975.806037274575,64135.61308493003,high
oracle,129149.6615216382,131680.66453693723,high
oracle,196185.37706216655,196218.1284247101,high
oracle,90794.85132893374,90809.3543741656,high
oracle,38089.341665700296,38102.511636855976,high
oracle,59044.73196835604,59139.60127488784,high
oracle,87533.82751820586,87578.13911792162,high
oracle,133420.41977688344,133439.2577245714,high
oracle,69562.47983307428,69584.44612281023,high
oracle,31975.09322377094,32021.314751205766,high
oracle,40160.29628295119,40193.17089195589,high
oracle,108189.59655247034,108222.72919689439,high
oracle,68479.32980535323,68490.77780512409,high
oracle,136641.8391728663,136653.09713116125,high
oracle,50588.39016472382,50616.00791137104,high
oracle,101708.09973927953,101730.14250149328,high
oracle,22995.896981386137,23027.320543595786,high
oracle,176533.36665716596,176567.5840265461,high
oracle,17465869.514909238,17465895.13667358,high
oracle,57051.60452940455,57091.39337669227,high
oracle,95062.1863762865,95253.2674356692,high
oracle,322321.13463562,322339.2576062756,high
oracle,95548.37433965149,95562.24560088688,high
oracle,74255.3401223312,74269.57606446731,high
oracle,149224.11343976296,149259.7847286913,high
oracle,104088.7428602847,104154.13083695454,high
oracle,181436.93428175396,181471.78402821958,high
oracle,117942.120011003,117978.82398103477,high
oracle,84560.4070317262,89057.64025174263,high
oracle,406776.7603415036,409835.54909038974,high
oracle,70509.42597100732,70671.14493803988,high
oracle,174881.011306271,174911.59811428434,high
oracle,146917.13880483544,146936.0701384371,high
oracle,82480.32892634849,82534.67816598574,high
oracle,47142.80149512017,47178.15774378828,high
oracle,34541.2082634399,34576.31792351688,high
oracle,41350.48486172689,41354.60461168055,high
oracle,59622.68605984905,59644.364280178605,high
SIT-safe,55461.02082879864,55474.11959555834,saturation
SIT-safe,316553.12173140474,316595.07335045934,saturation
SIT-safe,145132.51941422783,145214.5921812874,saturation
SIT-safe,61332.00626763348,61350.85958012867,saturation
SIT-safe,391777.7081659285,391779.72163224965,saturation
SIT-safe,52453.16991275335,52463.994897399985,saturation
SIT-safe,92051.12636250068,92086.63306664897,saturation
SIT-safe,89949.49665829053,90081.3929098044,saturation
SIT-safe,46015.333242829496,46031.66003118186,saturation
SIT-safe,1097533.0333940953,1097541.274374809,saturation
SIT-safe,625632.5145099155,625666.2624243231,saturation
SIT-safe,218783.8634726994,218797.38723346498,saturation
SIT-safe,723954.2630353663,724012.4734942131,saturation
SIT-safe,53092.35227209615,53196.511472989936,saturation
SIT-safe,281339.7114159253,281355.1269085804,saturation
SIT-safe,51901.0673161121,51931.146936111836,saturation
SIT-safe,40474.65297760027,40479.304720880864,saturation
SIT-safe,68173.74902789858,68244.90975965612,saturation
SIT-safe,40117.42477989026,40142.24869969722,saturation
SIT-safe,54685.55062324371,54689.68906114061,saturation
SIT-safe,111962.6881308942,111989.13232055234,saturation
SIT-safe,70981.36946395383,71013.23753547375,saturation
SIT-safe,100790.18324032049,100832.22947770156,saturation
SIT-safe,96242.61835126631,96280.44143159206,saturation
SIT-safe,48543.646763963356,48575.764868174534,saturation
SIT-safe,68215.17409177561,68234.36263221675,saturation
SIT-safe,542173.9931641894,542208.1795429606,saturation
SIT-safe,122110.64314830679,122173.55921650158,saturation
SIT-safe,47377.35905885561,47408.736271137794,saturation
SIT-safe,85817.03537958788,85843.97668801248,saturation
SIT-safe,176176.1313138329,176201.68095529306,saturation
SIT-safe,62525.58173465582,62554.39063157968,saturation
SIT-safe,152328.63919717525,152437.29538168828,saturation
SIT-safe,547411.1921573078,547423.7741043523,saturation
SIT-safe,149955.7719385643,149962.27367393515,saturation
SIT-safe,84259.78143779094,86805.79731796712,saturation
SIT-safe,50808.90626070866,50839.767794553605,saturation
SIT-safe,113833.78623981566,113935.067464013,saturation
SIT-safe,667993.6382102132,692364.7596653975,saturation
SIT-safe,89748.70925193037,89774.5393151372,saturation
SIT-safe,132626.3302310618,132651.43431151658,saturation
SIT-safe,77800.78258988625,77826.68289038862,saturation
SIT-safe,251235.81506433882,251402.87232174427,saturation
SIT-safe,513918.63097877166,513945.2180167712,saturation
SIT-safe,153595.28333088316,153599.2047117421,saturation
SIT-safe,81836.3483428961,81871.91458450042,saturation
SIT-safe,100358.7072495192,100366.28951337552,saturation
SIT-safe,338992.1884993128,339012.11964864226,saturation
SIT-safe,106882.08879981021,106898.76174001413,saturation
SIT-safe,415255.784181501,415258.890820032,saturation
SIT-safe,198077.8060997027,198127.778902873,saturation
SIT-safe,101907.36447852124,101917.72051125517,saturation
SIT-safe,50535.33968454482,50563.76490371204,saturation
SIT-safe,50357.321066327706,50416.176934211166,saturation
SIT-safe,370366.79430965555,370377.0722093539,saturation
SIT-safe,101916.26500756321,101927.50874553758,saturation
SIT-safe,50912.97580571747,50928.22152196019,saturation
SIT-safe,40450.30303448106,40575.676840999164,saturation
SIT-safe,179023.58934342134,179065.85434306652,saturation
SIT-safe,82693.05504389886,82705.48528770359,saturation
SIT-safe,86208.96443077401,86232.55986096869,saturation
SIT-safe,236196.2320318486,236205.3973766464,saturation
SIT-safe,77166.03371211096,77200.22010816354,saturation
SIT-safe,106252.95691150466,106288.89221797371,saturation
SIT-safe,54442.80718439571,54446.51327119689,saturation
SIT-safe,188250.15069141352,188269.0550553517,saturation
SIT-safe,54669.195371082606,54681.30516211921,saturation
SIT-safe,65433.527791087676,65625.39386403418,saturation
SIT-safe,192948.79902927385,192994.40261325604,saturation
SIT-safe,240255.8994174985,240264.35637872812,saturation
SIT-safe,163251.07982029967,163276.4684359869,saturation
SIT-safe,45462.32274327237,45477.80881968452,saturation
SIT-safe,62579.06310272035,62593.230044780255,saturation
SIT-safe,169574.02040856704,169594.6614170036,saturation
SIT-safe,299067.18742231344,299099.7075856206,saturation
SIT-safe,46630.64521890323,46652.06040059205,saturation
SIT-safe,117495.68210347611,117515.12551078429,saturation
SIT-safe,35383.669378567756,35401.86819172869,saturation
SIT-safe,76416.3344991516,76497.44046893969,saturation
SIT-safe,158184.4866791676,158192.31482290436,saturation
SIT-safe,147332.04934336522,147344.3616502026,saturation
SIT-safe,2653984.91362098,2654060.1749788243,saturation
SIT-safe,51207.86655323232,51269.854016734644,saturation
SIT-safe,427055.67020564404,427078.0422077401,saturation
SIT-safe,70911.89795875152,70929.2197733402,saturation
SIT-safe,71341.57766474766,71367.18461073577,saturation
SIT-safe,352091.43164677813,352152.29619817104,saturation
SIT-safe,43783.70996844028,43816.330613905724,saturation
SIT-safe,175576.75349146154,175600.45122061193,saturation
SIT-safe,55005.58884383659,55039.36834418212,saturation
SIT-safe,208005.8125321116,208035.06850785692,saturation
SIT-safe,84961.27245688842,84965.45357885028,saturation
SIT-safe,65778.16061548328,65800.70835841297,saturation
SIT-safe,131075.24507991443,131109.0948966277,saturation
SIT-safe,151348.10417064963,151368.97034493278,saturation
SIT-safe,124987.35990629766,125083.83421275642,saturation
SIT-safe,96505.02503188708,116348.58514020193,saturation
SIT-safe,255228.82137697184,255278.30609572594,saturation
SIT-safe,113259.13080320775,113272.25897162476,saturation
SIT-safe,34380.66832902749,34392.39731681446,saturation
SIT-safe,121695.77840676937,121709.20861478738,saturation
SIT-safe,35122.64623360275,35146.74929994621,saturation
SIT-safe,216095.03006100853,216133.32125807478,saturation
SIT-safe,55859.87317233552,55879.65066580912,saturation
SIT-safe,50103.495179216436,50136.63234928184,saturation
SIT-safe,585670.4218775975,585671.7466798627,saturation
SIT-safe,73203.05803955189,73223.91182653474,saturation
SIT-safe,64809.86958364903,68124.98487661504,saturation
SIT-safe,118293.20823685786,118329.3153210252,saturation
SIT-safe,99915.44466838217,99926.25858919026,saturation
SIT-safe,64157.03104094325,64242.21791953439,saturation
SIT-safe,96393.03569420612,96405.09673783404,saturation
SIT-safe,150413.01305890086,150473.21420174383,saturation
SIT-safe,283018.2495863614,283077.6248546103,saturation
SIT-safe,159787.77874283912,159795.76831901792,saturation
SIT-safe,74895.35702385324,74903.68729810396,saturation
SIT-safe,262377.69721589884,262420.8744699069,saturation
SIT-safe,333963.9647649336,334072.07821157266,saturation
SIT-safe,59690.4972231788,59711.0363189358,saturation
SIT-safe,123107.69320529304,123150.23312617635,saturation
SIT-safe,103490.58607873874,103497.78817107005,saturation
SIT-safe,34884.461291508014,34899.48240552314,saturation
SIT-safe,72206.08663232958,72278.26545051363,saturation
SIT-safe,64532.55996840242,64672.155396321876,saturation
SIT-safe,130022.504643805,130039.8792651752,saturation
SIT-safe,73422.65599404012,73476.97673914985,saturation
SIT-safe,80037.38430552067,80055.84850780171,saturation
SIT-safe,45424.850811571596,45500.08982374183,saturation
SIT-safe,45452.80546927936,45508.8271281536,saturation
SIT-safe,2091231.2774145426,2091234.8428574027,saturation
SIT-safe,103894.66057712365,103911.22320599473,saturation
SIT-safe,96137.35069270222,99998.94932085885,saturation
SIT-safe,55204.05217183682,57705.51984972283,saturation
SIT-safe,127121.28072014023,127173.74442034171,saturation
SIT-safe,118667.12912214092,118686.21558877587,saturation
SIT-safe,75094.72612147505,75398.03614998396,saturation
SIT-safe,119717.89373530094,119732.09099093237,saturation
SIT-safe,62795.17582186627,62904.256911542194,saturation
SIT-safe,81536.09993672704,81551.79779483716,saturation
SIT-safe,67645.14746911888,67651.87558809534,saturation
SIT-safe,52010.65937890891,52064.6602580912,saturation
SIT-safe,106580.55897157794,106628.53323167856,saturation
SIT-safe,192351.3567357859,192439.8840582667,saturation
SIT-safe,247405.8221430756,247423.58111082265,saturation
SIT-safe,41361.02553674725,41363.53678396034,saturation
SIT-safe,42595.168828472604,42597.77229819627,saturation
SIT-safe,49644.96551891685,49651.43347791443,saturation
SIT-safe,67596.42279989082,67698.75441781787,saturation
SIT-safe,187376.289885766,187395.1722428784,saturation
SIT-safe,65532.462032030206,65577.14772599933,saturation
SIT-safe,58034.47864667816,58086.849382361834,saturation
SIT-safe,40800.47149597042,40852.80976208645,saturation
SIT-safe,121538.56709567999,121580.24129291408,saturation
SIT-safe,118299.4454947768,118319.15440198335,saturation
SIT-safe,63091.39373607629,63121.469958043024,saturation
SIT-safe,147954.33759251836,147974.11087318358,saturation
SIT-safe,121992.94781158511,122031.08247940181,saturation
SIT-safe,118719.19338301502,118729.43592328849,saturation
SIT-safe,120991.93317099297,121011.27551452431,saturation
SIT-safe,499035.8195339271,499058.4567253389,saturation
SIT-safe,32945.94043841774,32962.112215877234,saturation
SIT-safe,367447.5905451982,367483.97808147315,saturation
SIT-safe,82127.57394314841,82154.18540746122,saturation
SIT-safe,91379.62837398869,91445.21407118978,saturation
SIT-safe,62457.88973097837,62464.94108369048,saturation
SIT-safe,42778.2255362966,42850.44216924542,saturation
SIT-safe,681508.2228047653,740866.8886403906,saturation
SIT-safe,443994.00109068083,444149.5999589893,saturation
SIT-safe,57000.01135090007,57014.098661062264,saturation
SIT-safe,56488.08706149737,56513.285963427144,saturation
SIT-safe,132007.5330199581,132017.85386359127,saturation
SIT-safe,162672.40858153717,162717.70779850945,saturation
SIT-safe,121368.01555275627,121384.31126458634,saturation
SIT-safe,185597.54592104073,185606.01944561722,saturation
SIT-safe,62001.145358377114,62044.120018491776,saturation
SIT-safe,168827.77117267135,168844.02965646356,saturation
SIT-safe,131809.48728211978,131811.24083652603,saturation
SIT-safe,153778.91232505345,153853.37032813608,saturation
SIT-safe,130779.90896336726,130799.97045474664,saturation
SIT-safe,64434.530414108376,64454.935068493076,saturation
SIT-safe,43639.89723376546,43689.74135623504,saturation
SIT-safe,80453.66311810703,80497.10605658739,saturation
SIT-safe,62698.411274404374,62719.47683476913,saturation
SIT-safe,115439.10777810052,115498.23439310158,saturation
SIT-safe,29481.01142999781,29504.614944855748,saturation
SIT-safe,387493.44024549256,387501.8042615864,saturation
SIT-safe,98834.7413811607,98962.7237768943,saturation
SIT-safe,552597.3325760271,552618.2884450085,saturation
SIT-safe,40027.91908484599,40048.87374147978,saturation
SIT-safe,67008.35841439059,67028.81129648039,saturation
SIT-safe,107702.52206418007,117011.97805245066,saturation
SIT-safe,139421.7890700709,139431.41163617471,saturation
SIT-safe,238994.04693861862,239028.8124506867,saturation
SIT-safe,106739.4545884275,106779.48844811603,saturation
SIT-safe,63768.07883760913,65417.46151919766,saturation
SIT-safe,169238.0926782867,169267.718048421,saturation
SIT-safe,82748.92469183689,82762.922474511,saturation
SIT-safe,992986.9146179653,993084.2592994631,saturation
SIT-safe,70655.99809222677,70678.28787494366,saturation
SIT-safe,111426.55268809873,111471.8141720666,saturation
partition,59921.185060615164,64954.4313038168,saturation
partition,37123.96072533402,37191.223055321825,saturation
partition,53326.7809297416,53336.13488902229,saturation
partition,42446.940993074466,42460.139511245674,saturation
partition,114850.33287106482,114866.51516597596,saturation
partition,42247.84212501968,42306.30204832868,saturation
partition,46121.33043758244,46134.75480612127,saturation
partition,44708.63344354234,44737.81011440717,saturation
partition,56865.22687484364,56941.64303003385,saturation
partition,126420.74303667339,126502.21246029506,saturation
partition,97331.02638687928,97347.15534901661,saturation
partition,40184.38966783446,40240.144315298574,saturation
partition,23202.538083149917,30391.26347972232,saturation
partition,80494.96971724095,80517.50366475401,saturation
partition,824666.7681550871,824673.322752188,saturation
partition,214118.75452832063,214126.43553117046,saturation
partition,41221.173322060386,41228.118741384984,saturation
partition,60977.254562831426,61032.595822607036,saturation
partition,102469.48556436277,102503.57590516197,saturation
partition,196862.07401147697,196888.8142933254,saturation
partition,88319.29096992362,88373.23526154978,saturation
partition,64749.88389676225,64781.26787122805,saturation
partition,37590.72562483154,37643.258884377356,saturation
partition,110321.18716632875,110341.15297506978,saturation
partition,50697.4588869071,50724.71424837802,saturation
partition,233622.98653801213,233655.96994858724,saturation
partition,89958.18809525305,89968.19596461915,saturation
partition,49769.197988766464,49782.34695334664,saturation
partition,77059.67158762504,77077.47179406686,saturation
partition,28675.718957132267,28694.16338976352,saturation
partition,36041.03683445766,36048.39332648865,saturation
partition,191521.07299254404,191537.36254065656,saturation
partition,70667.4057365441,70737.28547258057,saturation
partition,152203.95014573322,152243.4071247457,saturation
partition,153810.43967715628,153834.69160063693,saturation
partition,157729.4699613968,157747.6139153333,saturation
partition,69843.78280779309,69851.4017995345,saturation
partition,45925.570110742214,46118.64022441234,saturation
partition,25915.421946946473,25965.11198563467,saturation
partition,89834.16733905468,89850.3170084841,saturation
partition,89134.41964046449,89178.44468077691,saturation
partition,61615.73169756488,61632.50679245491,saturation
partition,396508.03322416643,396592.9965636784,saturation
partition,107212.34465536533,107242.82953183667,saturation
partition,136174.86104453058,136183.40734914242,saturation
partition,225623.11651901287,225650.81341547283,saturation
partition,41334.22407787456,41336.8312849816,saturation
partition,55236.79094106129,56981.46360404303,saturation
partition,92682.48014108127,100382.64874571041,saturation
partition,372828.7723082587,372846.94286568265,saturation
partition,181977.25191083096,182007.37771177778,saturation
partition,72178.45467482055,72187.47764638747,saturation
partition,149134.36513230938,149146.09356209758,saturation
partition,171060.16833771867,171077.56187110126,saturation
partition,74842.07751915681,74871.79020426859,saturation
partition,96904.14524405976,96910.99509100814,saturation
partition,139218.18741488064,139244.0141563904,saturation
partition,126543.07915193804,126596.20491853164,saturation
partition,106222.58828812925,106265.89276092229,saturation
partition,589633.9247419174,589645.5024742148,saturation
partition,80615.77876179984,80652.00967554792,saturation
partition,94224.25389469278,94235.2579077942,saturation
partition,184483.7841414001,184527.1692600855,saturation
partition,66894.09810449513,66965.86213023525,saturation
partition,29879.091008649673,29914.494847074206,saturation
partition,77910.4465882874,77947.49316329614,saturation
partition,93805.39404923745,93844.95177485899,saturation
partition,102631.13296452555,102667.777900356,saturation
partition,63005.19400053053,63023.70994426875,saturation
partition,99048.69935415291,99054.87345249977,saturation
partition,51850.78350002188,51880.70821116582,saturation
partition,83536.94378489682,83549.3157995725,saturation
partition,196889.03900421032,197046.77131278743,saturation
partition,77899.20994823151,77930.7565884823,saturation
partition,71009.65376722688,71023.77924608052,saturation
partition,83287.89485995682,83353.30667040264,saturation
partition,31215.073906049725,31227.606043637323,saturation
partition,158058.59272168076,158082.23110542924,saturation
partition,703915.8387624016,703940.7738946514,saturation
partition,97505.88474358198,97510.45957396014,saturation
partition,155065.398029636,155079.38148796192,saturation
partition,304213.47974868346,304283.14768330345,saturation
partition,186800.31935844224,186870.92123055662,saturation
partition,118218.77136030977,118264.55184468266,saturation
partition,75261.08521930383,75265.63602344788,saturation
partition,40539.68064839575,40555.23531683607,saturation
partition,80350.5771390098,80372.77733644971,saturation
partition,58884.9097059464,58937.14330931677,saturation
partition,121788.03324333836,121853.05837380754,saturation
partition,348207.5184436414,348651.3410873177,saturation
partition,356717.97685777803,356744.8804759836,saturation
partition,139285.54371285677,139296.0902651869,saturation
partition,73656.82976722303,73801.18188067604,saturation
partition,86426.65849287475,86467.59076090125,saturation
partition,79742.07749243928,79760.27131791267,saturation
partition,121488.44248695226,121531.84973649678,saturation
partition,737132.245930461,737184.2841299406,saturation
partition,151330.29170136678,151383.7956681279,saturation
partition,149581.64652577424,149599.39450430404,saturation
partition,86623.69711065825,86630.56306745077,saturation
partition,142935.02500099986,143035.60473090666,saturation
partition,76498.23382809054,76517.2889232835,saturation
partition,73629.79520419988,73715.99923638093,saturation
partition,83227.76227701617,83269.51983241801,saturation
partition,682431.1198309587,682449.4553996837,saturation
partition,70646.71084855197,70655.0927991957,saturation
partition,210188.16796410832,210213.8268964346,saturation
partition,66567.26566659441,66576.60168305767,saturation
partition,96962.38731718609,97026.98176407312,saturation
partition,86499.66158490717,86510.5440921269,saturation
partition,68688.25270194904,68739.84590000364,saturation
partition,119290.78538134182,119306.29740012035,saturation
partition,271556.30565511587,271688.96589325694,saturation
partition,222256.35289137124,222293.28585137695,saturation
partition,91060.25464072183,91080.67789270416,saturation
partition,113283.38167230027,113289.30205437685,saturation
partition,106916.0355427079,106929.39583403611,saturation
partition,99941.07053549455,100027.74242861202,saturation
partition,82554.38847153816,82602.38611396673,saturation
partition,1095840.3484458264,1095844.889371117,saturation
partition,257606.40450559196,257617.23968573916,saturation
partition,208777.6922066636,208818.38301337563,saturation
partition,227507.89621836212,227613.61313869248,saturation
partition,327691.19767449936,327711.0703081696,saturation
partition,99015.89831707618,99050.89656065564,saturation
partition,234676.522804104,234703.6143269774,saturation
partition,362228.64998213516,362241.3361542541,saturation
partition,68863.02349971978,68893.13300918075,saturation
partition,50589.60561141143,50613.15516897228,saturation
partition,81305.29849044139,81310.58670297606,saturation
partition,841496.4112431626,841517.5790308695,saturation
partition,218415.46320971716,218464.84621622562,saturation
partition,55417.44232679362,55453.31212332372,saturation
partition,808635.3880068723,808651.408700061,saturation
partition,23948.462177086403,23956.599162856997,saturation
partition,65379.278132498206,65393.21686193823,saturation
partition,46028.694242331476,46084.35203512553,saturation
partition,123993.60813756485,124066.80472396206,saturation
partition,71607.15802940457,71637.41935548557,saturation
partition,161186.7810655098,161200.48562344373,saturation
partition,101612.25828430595,101630.70073582206,saturation
partition,97716.79828546874,97730.62880829535,saturation
partition,111070.9936186571,111104.77681613894,saturation
partition,126801.78691704509,126804.7703112979,saturation
partition,797971.5387698205,797986.9515780831,saturation
partition,217126.75054821683,217134.42395441275,saturation
partition,102698.31087449576,102746.96123364227,saturation
partition,51809.27912503452,51816.61073230607,saturation
partition,43402.93002668486,43413.9133247885,saturation
partition,70572.09997245464,70596.95334636464,saturation
partition,94634.4061071346,94641.61105189,saturation
partition,65598.92088119399,65637.4453374597,saturation
partition,60485.34303939353,60594.761991605796,saturation
partition,213931.71043606653,213958.18179273594,saturation
partition,39755.8717054461,39762.55692395917,saturation
partition,45454.75862582252,45478.10166661175,saturation
partition,272832.4455700309,272873.0996095225,saturation
partition,105544.6859120531,105587.41044247482,saturation
partition,65487.30060668317,65510.51216862908,saturation
partition,232848.83130035637,232866.03232205182,saturation
partition,302087.52371272584,302091.0804824739,saturation
partition,142249.7019182504,142286.8954343918,saturation
partition,68059.68671774628,68110.35644594072,saturation
partition,56682.376768818336,56684.60271223286,saturation
partition,99649.80403282314,99656.59943046691,saturation
partition,80087.33942289138,80103.13514594416,saturation
partition,245377.9751124348,245420.5421993651,saturation
partition,159989.41248562658,160054.73592472434,saturation
partition,1189801.6049518317,1189865.316505271,saturation
partition,228768.55967009286,228788.05733758863,saturation
partition,67629.9304187774,67671.0400603302,saturation
partition,85581.20756537073,85595.34302833266,saturation
partition,42444.85144645195,42493.30836256809,saturation
partition,176777.6327690283,176802.30386254494,saturation
partition,104755.5249691543,104763.91623438793,saturation
partition,132493.2740818225,132513.15835108462,saturation
partition,242997.5336813162,243057.99873435943,saturation
partition,60232.600323620405,60243.63998553039,saturation
partition,40941.13549314022,40951.46875828143,saturation
partition,78908.76406482227,78920.14413426012,saturation
partition,69294.09757701497,69306.84650110974,saturation
partition,161303.11917381178,161339.50659603957,saturation
partition,50949.45430881482,50998.838955609404,saturation
partition,44771.60053268608,44796.011919525576,saturation
partition,43896.554583166864,43942.36154085373,saturation
partition,879520.5342685742,879536.6300088536,saturation
partition,40312.30695358352,40337.972744583756,saturation
partition,171884.94025065115,172005.92314476543,saturation
partition,65264.11653278493,65266.55203576865,saturation
partition,39964.74376680877,39985.682535555934,saturation
partition,125722.40490510853,125760.54295413884,saturation
partition,49551.58715782124,49568.250684295956,saturation
partition,70836.50447583172,70868.61240247166,saturation
partition,65129.74400469326,65150.88950894678,saturation
partition,58557.495437120706,58598.2077568815,saturation
partition,16609.334622459795,16628.37868656385,saturation
partition,170868.8065163988,170876.36814639537,saturation
partition,71140.90307224977,71182.94470998038,saturation
partition,113992.96894911172,114044.43342896982,saturation
partition,93485.01436392493,93505.6726453311,saturation
random,51704.20517871749,51738.90993016692,saturation
random,213064.6708645201,213081.75749838888,saturation
random,100450.02368992986,100519.8217652088,saturation
random,255012.41545352567,255024.78577799466,saturation
random,228034.82281782757,228053.83670884845,saturation
random,81286.64765223105,81304.58655859862,saturation
random,443761.85425674164,443774.7741512384,saturation
random,82099.95368549033,82227.07663429898,saturation
random,97815.82376812522,97880.18566584006,saturation
random,44345.28557664119,44353.772259386875,saturation
random,56891.8574740241,56938.43636791381,saturation
random,192874.1986935391,192927.30758756382,saturation
random,437012.9065213796,437045.2002784207,saturation
random,266506.59189053264,272450.8208169285,saturation
random,137075.0438200249,137094.37034005718,saturation
random,120608.87136764893,120625.65395700614,saturation
random,586896.8211846772,586922.3021180939,saturation
random,100578.34178767889,100623.4187213705,saturation
random,298138.48017921293,298147.8608541815,saturation
random,103305.47217695019,103321.71612956579,saturation
random,41731.1733700635,41750.823902358374,saturation
random,76184.13678946932,76216.22221988431,saturation
random,81456.6634325828,81515.23216971634,saturation
random,113704.42155916455,113772.84837329092,saturation
random,45196.517106951585,45219.80862225724,saturation
random,71143.95820844012,71198.81429028648,saturation
random,78370.88224601434,78435.58099918948,saturation
random,50101.27038467676,50146.46079754335,saturation
random,690817.9785148831,690834.7870926384,saturation
random,69129.83835357963,69498.39710620767,saturation
random,92503.37333093783,92579.37274997943,saturation
random,116825.19162642538,116829.79107141079,saturation
random,143033.52062747988,143143.55234806272,saturation
random,276354.9688955308,276363.4711102254,saturation
random,72223.91712860014,72269.12766522387,saturation
random,102763.4904739609,102796.84553230257,saturation
random,449196.8748379183,449218.27576495614,saturation
random,4671256.320041158,4671267.261144428,saturation
random,115044.53320409457,115083.31663901274,saturation
random,97489.95401561551,97501.22070631525,saturation
random,49665.196659043046,49683.65962362698,saturation
random,97642.29550955394,97723.31993385343,saturation
random,403385.46410696296,403477.8833424931,saturation
random,121679.00179193134,121691.26968979354,saturation
random,130371.19950422308,130395.5320586235,saturation
random,37715.98773644377,37728.160207472596,saturation
random,169478.36134950625,169539.0998090367,saturation
random,211152.76298385978,211217.50523406407,saturation
random,164945.4039576526,164969.23501124408,saturation
random,39392.77618137875,39403.949730502056,saturation
random,145723.69718603257,145787.16822797514,saturation
random,140614.0247298124,140625.48620281,saturation
random,109757.57816954234,109921.64779949807,saturation
random,43167.5077825718,44975.206717126566,saturation
random,59109.94001294227,59126.20689426028,saturation
random,192053.4815582976,192101.5325538278,saturation
random,105707.02040801627,105737.85814462494,saturation
random,84351.14574949408,84357.82880491941,saturation
random,77107.88059517539,77118.84085677919,saturation
random,332980.72970171855,333015.05572088703,saturation
random,227354.67094763072,227385.52333936642,saturation
random,65576.76852007737,65603.58874974793,saturation
random,102994.37036331012,103064.56713222593,saturation
random,84418.61436957505,84435.50463553109,saturation
random,99662.05484783895,99693.24103388817,saturation
random,68452.49912394227,68537.41781911417,saturation
random,1105813.9408398299,1105859.6759682945,saturation
random,149017.4248830819,149034.94159349086,saturation
random,176559.35493301673,176601.02282435834,saturation
random,81630.45146112751,81644.92540164758,saturation
random,105021.88166359012,105031.67519684596,saturation
random,257928.8147992895,257956.77784100833,saturation
random,345678.6676790394,345718.61524818616,saturation
random,41363.32512951395,46786.273232209795,saturation
random,60926.23352673105,60947.52821086028,saturation
random,75859.77477396461,75888.40047688794,saturation
random,71694.28675499243,71729.48730323795,saturation
random,66177.4608309532,66239.49511567559,saturation
random,185145.79066727267,185162.45116951872,saturation
random,308094.9031674555,308104.05423911224,saturation
random,69034.82953954954,69047.0778439631,saturation
random,425289.43824409985,425310.74244418845,saturation
random,88691.90615006746,88712.18742699179,saturation
random,65884.19647131294,65896.59958089331,saturation
random,66724.17278201238,66746.86978606512,saturation
random,79628.0706438128,79634.63292705237,saturation
random,91938.31604730306,91979.99719726901,saturation
random,64927.48247656928,64984.46702763197,saturation
random,57855.983998316115,57926.76525402886,saturation
random,76240.95012211677,76269.41965865903,saturation
random,116225.11275441379,117091.89886379635,saturation
random,93981.51225701366,140661.85567427002,saturation
random,93818.15354576443,93865.67920893744,saturation
random,141006.15369178558,141014.47746696073,saturation
random,90610.37359061875,90626.44272665514,saturation
random,124503.52008387899,124546.28127887813,saturation
random,38903.83215151536,38935.37717402779,saturation
random,155518.43369707014,155772.64758399344,saturation
random,121335.95337465819,121378.21131762688,saturation
random,71292.99586400788,71310.1046922289,saturation
random,53658.04550596589,53675.58679355541,saturation
random,56563.715041961346,56584.325533601645,saturation
random,251841.21669042896,251900.9924143172,saturation
random,217984.142521431,218006.03139455407,saturation
random,193289.11725149554,193336.36920048206,saturation
random,58645.063806100596,58767.22998563283,saturation
random,142312.21272716776,142325.64492688468,saturation
random,256782.5085202885,256887.45002520428,saturation
random,88495.56652027435,88520.15385930453,saturation
random,177917.82200070206,178011.18372303405,saturation
random,888635.7824629706,888651.1291448486,saturation
random,104218.65169937156,104220.79445866609,saturation
random,322757.0331315234,322857.6797852953,saturation
random,87332.89165231903,87347.9298314718,saturation
random,84800.18740048853,84824.11260559307,saturation
random,112004.41757830561,112044.85205670264,saturation
random,174499.8998897748,174529.7783267962,saturation
random,88384.64861357093,88432.7281747887,saturation
random,85293.31020864815,85309.51806512327,saturation
random,113504.55792262008,113537.84586959414,saturation
random,186531.67504622767,186569.30772587715,saturation
random,177159.69188562702,177199.6970559419,saturation
random,70323.7635969233,70367.19128701491,saturation
random,142071.92799100233,142098.73262021592,saturation
random,49508.98405154465,49520.234232355084,saturation
random,106953.7379240649,106974.88793210054,saturation
random,74036.04907959657,74055.06231023086,saturation
random,176920.84333370478,177035.30501157962,saturation
random,69490.02479936354,69528.29889974336,saturation
random,72084.09995576617,72106.99915731733,saturation
random,357071.79907138785,357105.8535887551,saturation
random,74569.62168159169,74582.19733031961,saturation
random,251279.90536019407,251321.02369197458,saturation
random,61153.5762718565,61214.24793159467,saturation
random,79536.62858052272,79546.36328068329,saturation
random,229765.45111170434,229818.25182846695,saturation
random,287364.6199917794,287418.23536088027,saturation
random,238464.46613991942,238669.46940260974,saturation
random,49432.567215627954,49449.430582812114,saturation
random,1379314.1509190826,1379327.5703125782,saturation
random,80395.73122493208,80431.91276309665,saturation
random,178923.7808531646,178953.1027858557,saturation
random,57977.995157806436,58116.91068262838,saturation
random,78525.40461972069,78587.64067999972,saturation
random,245835.39644957316,245866.75470202693,saturation
random,73507.15533218806,73526.4158620974,saturation
random,165743.76618923974,165783.41569182035,saturation
random,217511.51217126806,217598.16551836947,saturation
random,114727.55617211682,114804.6969800706,saturation
random,47102.744973140456,47125.392091736605,saturation
random,352637.10534702276,352643.4198911022,saturation
random,47976.599112778174,48043.36573733212,saturation
random,197850.96675386187,197917.85447914782,saturation
random,172508.31139454854,172513.8511805141,saturation
random,751067.576343404,751076.1221666535,saturation
random,99826.30162015822,99879.63724282122,saturation
random,348758.1481803896,348799.87516874756,saturation
random,1004978.9807970674,1005018.8592042155,saturation
random,149998.15214021193,150027.0246340616,saturation
random,75508.98318157966,75541.53211708862,saturation
random,49613.38251386611,49629.868053370396,saturation
random,175195.7647017331,175253.35495097574,saturation
random,200333.71580577362,200394.2728362644,saturation
random,297124.5681183444,297145.57780257566,saturation
random,46332.2988857301,46335.43528774371,saturation
random,222976.9588918961,223060.5393110488,saturation
random,39988.12447728012,40018.022425230956,saturation
random,71024.29288573338,71144.58745355258,saturation
random,884116.3028381671,884117.4529929182,saturation
random,63289.334310918806,63312.21058176685,saturation
random,76457.18753941417,76495.70766661418,saturation
random,60773.526146542834,60779.6173443435,saturation
random,175076.14325358614,175120.59617831756,saturation
random,207835.62134312064,207865.8078764377,saturation
random,116017.0451906584,116031.58122279952,saturation
random,169020.94799039778,169042.60891952988,saturation
random,1030675.0083646668,1030696.8051673054,saturation
random,72066.2041256144,72157.64168296754,saturation
random,115684.30389879986,115698.74326140265,saturation
random,765039.1333374076,765118.8025340743,saturation
random,152047.49194062082,152060.76533404953,saturation
random,451113.3308981226,451142.7126971659,saturation
random,106254.15933441097,106292.61773407724,saturation
random,324481.67029247544,324523.8391230081,saturation
random,154337.8224716456,154339.95212709924,saturation
random,38356.50722240694,38424.83887728378,saturation
random,94121.01976766456,94148.81717944302,saturation
random,483033.45337687316,483079.325883524,saturation
random,95730.97076584373,95796.77673135482,saturation
random,87428.56105534782,87451.55718981184,saturation
random,84308.66492377644,84328.88126765954,saturation
random,108443.62576121386,125062.7068940541,saturation
random,111909.01068564024,111978.11952102973,saturation
random,124799.46571452646,124817.6352040061,saturation
random,190724.1964296074,190735.3700284226,saturation
random,63564.58138710395,63573.198187450354,saturation
random,181246.00567735085,181298.39691253766,saturation
random,83372.3657893157,83480.93383128096,saturation
random,96654.88732364577,96669.42156834855,saturation
random,50749.34037060071,50766.17065905324,saturation
oracle,87108.45848701362,87124.87167873365,saturation
oracle,301418.6390491786,301436.9976415251,saturation
oracle,766620.0959485382,766629.256901139,saturation
oracle,57544.48206410521,57573.31707167134,saturation
oracle,173812.66023976053,173816.61818102573,saturation
oracle,189415.33836792049,189477.85727507557,saturation
oracle,112856.57373863975,112863.19501515292,saturation
oracle,101866.68403046935,101878.25878116456,saturation
oracle,49779.829880049954,49799.64398533495,saturation
oracle,145039.06547551788,145056.41755674718,saturation
oracle,272510.10639281815,272556.96495087375,saturation
oracle,266348.6939334211,266358.8423937607,saturation
oracle,62339.60651351565,62394.10660351181,saturation
oracle,93012.56763126724,93065.09991592052,saturation
oracle,292386.61199413607,292454.9858760977,saturation
oracle,103059.13285978526,103085.53549462347,saturation
oracle,216141.24954082214,216152.20908156305,saturation
oracle,64311.72932920066,64363.375271075914,saturation
oracle,141317.67158395197,141409.31202074303,saturation
oracle,26179.55402814516,26192.565770064262,saturation
oracle,278387.6389392828,278410.14005843,saturation
oracle,1582893.6075206953,1582964.6853790125,saturation
oracle,106748.49825010478,106803.16495963634,saturation
oracle,836370.2284442491,1213922.7616356683,saturation
oracle,88587.7056620567,88607.53281457703,saturation
oracle,83128.68575905437,83156.66897635607,saturation
oracle,40449.91215204733,40478.664843352475,saturation
oracle,62847.65586247599,62902.44106251893,saturation
oracle,30390.490851595583,30405.561743148603,saturation
oracle,419453.32773995673,419533.2847290576,saturation
oracle,417604.67120211135,417641.2879088514,saturation
oracle,742186.1344381393,742194.2094980729,saturation
oracle,126566.43759133905,126693.20850073284,saturation
oracle,120418.24863281386,120449.17908277902,saturation
oracle,106699.78215800668,106716.18088881299,saturation
oracle,78858.58027509747,78881.45563114458,saturation
oracle,68523.78644849914,68611.44218278473,saturation
oracle,90741.77612404533,90852.50517981424,saturation
oracle,658075.4448649043,658089.1512063307,saturation
oracle,36839.30929910775,36856.33560559244,saturation
oracle,189345.01918874303,189376.77303429594,saturation
oracle,143461.6541277416,143487.63112398132,saturation
oracle,180262.04133633067,180285.3400158564,saturation
oracle,112393.81301274069,112430.0676824007,saturation
oracle,60139.13238802534,60177.230171480915,saturation
oracle,81065.54761806838,81090.69337869622,saturation
oracle,233712.9493132102,233817.7899479798,saturation
oracle,43500.771091214316,43538.579653160625,saturation
oracle,71294.19505099738,71461.39792524208,saturation
oracle,116221.428924828,116236.72954217164,saturation
oracle,60113.00638374716,60144.17515512914,saturation
oracle,56243.88152881114,56301.22691315538,saturation
oracle,56697.35049427052,56719.17213576882,saturation
oracle,183209.45296699542,183222.0011083879,saturation
oracle,36222.74111932064,36237.266800388665,saturation
oracle,101215.0829536035,101270.52752698709,saturation
oracle,136627.22931174678,136683.5087849273,saturation
oracle,38661.94893322103,38688.89176681843,saturation
oracle,201935.98589686266,201983.85533678334,saturation
oracle,81853.07513717345,81861.28344887297,saturation
oracle,66123.0127569142,66140.06353108623,saturation
oracle,52159.576069790186,52172.550227699714,saturation
oracle,179654.0260618063,179682.36954609375,saturation
oracle,91581.84567995703,91614.7603058687,saturation
oracle,223432.49978758936,223437.3192614654,saturation
oracle,68834.5913726673,68903.79324416339,saturation
oracle,42411.09281688905,44623.322697656346,saturation
oracle,255633.30909316184,255641.76233488374,saturation
oracle,80792.99433831457,80846.45180776205,saturation
oracle,407096.9523134593,407153.18388479657,saturation
oracle,107172.47220954308,107191.10000768615,saturation
oracle,162975.27956017552,163029.85935065878,saturation
oracle,38162.17705964141,38183.31471965081,saturation
oracle,34514.45982326778,34602.092583246726,saturation
oracle,62138.499725226604,62144.83579056979,saturation
oracle,98124.24452148279,98204.61464458724,saturation
oracle,87421.23499771675,87427.2944826723,saturation
oracle,97159.2532765134,97236.69376113426,saturation
oracle,90369.7259338535,90408.19274156632,saturation
oracle,198811.78230942306,198839.50157700016,saturation
oracle,343343.61354822566,343377.80074778304,saturation
oracle,66423.96171767083,66438.563805881,saturation
oracle,60872.647257797755,61123.95545841419,saturation
oracle,153272.93101511156,153401.89048351452,saturation
oracle,52683.3043398496,52717.664264965635,saturation
oracle,127812.81346410565,127859.78353296181,saturation
oracle,75651.28068198223,75668.08725414242,saturation
oracle,45472.44851480573,45503.21342127127,saturation
oracle,172353.32827447884,172815.3072855575,saturation
oracle,83379.13571820932,83415.38892354933,saturation
oracle,40783.76481927619,40796.952747670905,saturation
oracle,168854.94290312473,168881.80704288615,saturation
oracle,169286.47005484224,169392.83643366172,saturation
oracle,420287.02561350423,420317.80377854407,saturation
oracle,70329.65818216583,70367.08483882534,saturation
oracle,142445.57900000256,142460.5413078354,saturation
oracle,67300.47078254107,67313.89669323394,saturation
oracle,144990.10882623194,145103.6179004965,saturation
oracle,1188842.4905281134,1188851.211437441,saturation
oracle,64913.106054476775,64934.03014279269,saturation
oracle,144639.40528425085,144663.7326730342,saturation
oracle,322169.8553035663,322204.1299772611,saturation
oracle,88664.47761566006,88684.57192178258,saturation
oracle,64081.820738161645,64135.973644587575,saturation
oracle,375233.98256131436,375247.20744767843,saturation
oracle,239011.6073002389,239036.48202186398,saturation
oracle,132220.6464184402,132262.96611225276,saturation
oracle,92871.0600669538,92910.3289971929,saturation
oracle,807824.1519640447,807868.2270654493,saturation
oracle,307728.2950935301,307751.6735440397,saturation
oracle,101847.72881423665,101887.1838112209,saturation
oracle,200076.90090223766,200095.52998419036,saturation
oracle,88801.8611186553,88963.16391718986,saturation
oracle,30579.875296302504,31500.99765493487,saturation
oracle,587128.0441365169,587139.1211846665,saturation
oracle,172092.03553633028,172119.07941434186,saturation
oracle,98230.6664133663,98258.885311127,saturation
oracle,106485.1477087556,106583.01724019024,saturation
oracle,92317.8656082693,92369.90103966145,saturation
oracle,209693.01341964255,209705.8594470135,saturation
oracle,77350.9990881841,77361.22151474308,saturation
oracle,527593.5577115866,527641.0343983006,saturation
oracle,100902.34700589695,108900.5188621252,saturation
oracle,119040.50984366192,119071.4463499104,saturation
oracle,42819.37514678284,42821.81390718608,saturation
oracle,336513.3353123305,336533.6638205424,saturation
oracle,145822.6936120305,145872.30823902297,saturation
oracle,149953.01646822793,150010.4694086947,saturation
oracle,102392.93752116493,102404.28534463655,saturation
oracle,155278.24772512988,155288.1566158558,saturation
oracle,1138997.70285745,1139011.3007257525,saturation
oracle,953613.263621605,953617.7678608254,saturation
oracle,42708.20462570297,42761.09602829929,saturation
oracle,63158.36022692235,63183.342153659934,saturation
oracle,257591.5035275987,257601.80993163335,saturation
oracle,921841.5456863495,921847.2935984717,saturation
oracle,84166.77343657645,84240.40111335104,saturation
oracle,101941.7493616983,102020.27724614071,saturation
oracle,273642.15196171356,273661.7905000447,saturation
oracle,63517.686261088274,63559.705337974316,saturation
oracle,55774.357476430545,55819.213756669094,saturation
oracle,62500.549035315365,62514.58847941244,saturation
oracle,66448.9935852896,66480.50135521119,saturation
oracle,328301.37640990695,328314.0518454884,saturation
oracle,165126.1970939896,183062.88142227894,saturation
oracle,248689.74567695282,248698.46655442496,saturation
oracle,80599.22988550393,80635.49675434176,saturation
oracle,75203.2439082418,75234.6016801286,saturation
oracle,71770.04427253811,71829.30189205584,saturation
oracle,86969.69724240545,86980.9210257224,saturation
oracle,134584.20326942301,134663.1244697566,saturation
oracle,88122.11673842935,88157.2960946511,saturation
oracle,66805.57055588445,66877.85560776854,saturation
oracle,140404.1393756047,140457.69090855276,saturation
oracle,81522.44655937966,81527.83948947443,saturation
oracle,92342.97788909393,92376.84144187719,saturation
oracle,56727.5132022459,56757.923989115334,saturation
oracle,86739.32629330066,86750.78312562028,saturation
oracle,65162.10920662737,65191.01040495487,saturation
oracle,36689.87196118343,36720.40241855896,saturation
oracle,81561.36681683043,81580.06172578264,saturation
oracle,66837.54237446641,66853.97319561346,saturation
oracle,93457.82851838376,93506.79195305449,saturation
oracle,262786.5118197868,262823.77078103804,saturation
oracle,79887.97553673477,79922.71195006758,saturation
oracle,43569.319901027404,43585.995075100436,saturation
oracle,110198.04276845977,110232.98595692808,saturation
oracle,64044.40114726463,64062.705706085704,saturation
oracle,140817.24574338863,140827.46871893504,saturation
oracle,64913.82881287914,64924.42240293766,saturation
oracle,113339.10809812185,113376.09684408802,saturation
oracle,49991.702386345154,50036.11934418993,saturation
oracle,127166.25624529252,127186.64429740093,saturation
oracle,53469.89441276788,53499.247350580634,saturation
oracle,45377.858485429075,45395.16130856959,saturation
oracle,165160.44750816695,165219.10568143596,saturation
oracle,109281.8230515897,109292.66956170613,saturation
oracle,185084.57062032353,185199.6691442366,saturation
oracle,103447.60482888416,103447.79766371386,saturation
oracle,166902.86807360893,166923.06555359138,saturation
oracle,47642.64324610022,47646.04884569679,saturation
oracle,60207.659592352284,60241.42240197628,saturation
oracle,158032.88309859065,158037.6563478852,saturation
oracle,217224.56255892804,217302.45815866895,saturation
oracle,84498.61960989091,84506.47217051487,saturation
oracle,70078.80530377409,70094.5030746223,saturation
oracle,2431562.805010298,2431603.027166144,saturation
oracle,68378.3139691251,68412.0439852923,saturation
oracle,125236.55178843979,125348.3974516555,saturation
oracle,110069.66268222987,110090.72524806947,saturation
oracle,193916.6769119859,193951.88002304948,saturation
oracle,124415.77919544648,124440.36219844964,saturation
oracle,133330.6016454257,133380.0855231328,saturation
oracle,85219.17860261606,85263.68929989115,saturation
oracle,100432.03909947372,100448.60764023836,saturation
oracle,105964.4240738744,106006.2639529753,saturation
oracle,34275.33396094169,34301.398998656965,saturation
oracle,39931.82354317749,40274.51354234185,saturation
oracle,58368.98068617629,58428.27867966945,saturation
oracle,43304.265425947466,43312.6309454604,saturation
SIT-safe,8667.935165005976,8742.494722472937,low
SIT-safe,14276.859891648448,14296.254583476724,low
SIT-safe,19170.590587025035,19255.05318126268,low
SIT-safe,17377.104126258688,17406.027540066687,low
SIT-safe,8360.54955450664,8432.112288090493,low
SIT-safe,13263.713735515372,13349.30036423714,low
SIT-safe,6151.210895075612,6208.46937897807,low
SIT-safe,5984.6116732461405,6281.632785341302,low
SIT-safe,29786.393118781667,29824.078459114575,low
SIT-safe,9659.383518380482,9683.31131855185,low
SIT-safe,19567.79882754645,19624.868762129176,low
SIT-safe,4893.983917350489,4918.218002374757,low
SIT-safe,11454.011927185138,11488.873714761798,low
SIT-safe,11246.971922087609,14378.950252396184,low
SIT-safe,9784.32582124642,9796.198726691338,low
SIT-safe,20534.379415592357,20541.894936144156,low
SIT-safe,11246.061299799478,11291.678569395553,low
SIT-safe,7468.356475772133,7490.583968995661,low
SIT-safe,6972.959725332644,7008.026661356109,low
SIT-safe,37633.626495897566,37647.72224851769,low
SIT-safe,28220.53225096593,32401.32594638905,low
SIT-safe,9348.308428170329,9462.117106994076,low
SIT-safe,6240.485650054238,6317.266943635335,low
SIT-safe,42468.62233549067,42522.1249047835,low
SIT-safe,12537.284387028842,12540.425620822643,low
SIT-safe,9929.635498971093,9970.307710857254,low
SIT-safe,9508.732867088067,9539.628670739285,low
SIT-safe,21820.50010242983,21898.437515481033,low
SIT-safe,11796.091404490262,11891.515205914788,low
SIT-safe,9172.117974015513,9193.76295028716,low
SIT-safe,9225.579524281851,9295.527365167309,low
SIT-safe,10231.981925090306,10238.019900234172,low
SIT-safe,8750.768202299094,8849.940447128463,low
SIT-safe,9918.676641228747,9936.694023928367,low
SIT-safe,17826.51273716715,17859.848635636154,low
SIT-safe,19840.2308778238,19864.910091307105,low
SIT-safe,14741.929442142526,14769.490579124424,low
SIT-safe,34701.14814306599,34777.64084826957,low
SIT-safe,5064.413408875258,5089.251128857502,low
SIT-safe,5993.876230406033,6048.2773825164295,low
SIT-safe,11758.191428687265,11806.336185706261,low
SIT-safe,9763.315457896564,9831.384881774886,low
SIT-safe,15038.064458592098,15203.43977471486,low
SIT-safe,5512.580069527097,5551.974085812558,low
SIT-safe,15073.288510689803,15100.745073655875,low
SIT-safe,9388.462261932109,9426.943579923412,low
SIT-safe,9914.503856295643,9952.670815274008,low
SIT-safe,5609.601013778996,5937.914414307173,low
SIT-safe,30637.53026960151,30693.866470191308,low
SIT-safe,7389.417282195273,7415.065492477686,low
SIT-safe,18785.27713696585,18819.93163135465,low
SIT-safe,10332.282309038308,10351.315225578252,low
SIT-safe,10342.373888706283,10374.81991494325,low
SIT-safe,6352.5940387239125,7067.774754605016,low
SIT-safe,4845.572710260007,4876.94923753804,low
SIT-safe,10226.533237224745,10416.74982471539,low
SIT-safe,8077.854979400302,8114.881608577231,low
SIT-safe,8800.628819873366,8846.881267399,low
SIT-safe,17488.78682421375,17546.590281984787,low
SIT-safe,111589.56330136633,111601.68878681888,low
SIT-safe,9773.322366935208,9841.716691772494,low
SIT-safe,22954.00714595925,22977.33870007736,low
SIT-safe,19814.128068515976,19864.83265409613,low
SIT-safe,21228.63353458257,21236.678354403113,low
SIT-safe,20807.623184773263,20890.540648840826,low
SIT-safe,10261.527241311896,10296.600767579555,low
SIT-safe,21069.334248766896,21094.870548213155,low
SIT-safe,20299.07065280875,20354.677920610666,low
SIT-safe,11648.812851592675,11681.206332157879,low
SIT-safe,10245.058696206757,10257.182068828934,low
SIT-safe,12645.91925341421,12674.52049019831,low
SIT-safe,10815.19029380906,10862.90287706543,low
SIT-safe,6431.305746791411,6494.646238697746,low
SIT-safe,8409.009588283432,8426.861238516509,low
SIT-safe,7416.2808656545285,7453.379501434448,low
SIT-safe,3919.386708221323,4244.655112398103,low
SIT-safe,8809.39924705602,8863.856244027702,low
SIT-safe,12585.969252849995,12641.552067675357,low
SIT-safe,12358.053896186198,12460.010376543129,low
SIT-safe,16503.518428032305,16517.85301440127,low
SIT-safe,9878.8719783264,9899.461479494976,low
SIT-safe,13790.938566427105,13867.427205436856,low
SIT-safe,10492.425523464399,10558.102163351423,low
SIT-safe,10749.396337590151,10768.517193713937,low
SIT-safe,66560.84058859447,66575.80951540524,low
SIT-safe,10494.960682323466,10558.521992937318,low
SIT-safe,7229.85081427767,7255.202684963536,low
SIT-safe,23645.005001342834,23694.275891383713,low
SIT-safe,13561.650421780972,13601.082750105972,low
SIT-safe,21743.159510786383,21770.81361279168,low
SIT-safe,2946.1779163815254,2979.4198019838873,low
SIT-safe,6126.213617684881,6179.6468330095295,low
SIT-safe,5238.797513391134,5279.731469832448,low
SIT-safe,8678.507847130262,8775.951874866532,low
SIT-safe,10344.330218658759,10396.954212226752,low
SIT-safe,3178.3188852568646,3189.3262816804317,low
SIT-safe,22667.039031331733,22692.319730803454,low
SIT-safe,6308.657915203973,6354.514606814311,low
SIT-safe,13645.047662895397,13705.619357709149,low
SIT-safe,140126.06719421592,140197.25811206456,low
SIT-safe,23729.03561904701,23766.201700368314,low
SIT-safe,22811.000530615864,22821.008213766392,low
SIT-safe,8212.17001378891,8299.06460428168,low
SIT-safe,6316.00575457834,6358.258788773887,low
SIT-safe,9456.153536894786,9518.448795350618,low
SIT-safe,4410.533300786302,4455.557764576808,low
SIT-safe,33493.22407127469,33505.398691324976,low
SIT-safe,8419.607373584398,8482.831173162187,low
SIT-safe,11367.529333127712,11419.459155497625,low
SIT-safe,11149.185055060734,11174.70097653244,low
SIT-safe,150731.04016612086,150757.25719506966,low
SIT-safe,13423.920796226996,13447.512893576037,low
SIT-safe,13937.277392773678,14105.234204171318,low
SIT-safe,25525.15724834601,25537.634701862593,low
SIT-safe,8478.518106206513,8505.670977234782,low
SIT-safe,7692.0426048569325,7697.726823041377,low
SIT-safe,8603.92198471505,8653.19709025067,low
SIT-safe,13482.687380104206,13576.749886403777,low
SIT-safe,16581.20753844491,16616.86102818695,low
SIT-safe,9247.492472552516,9261.098369225936,low
SIT-safe,7375.254142566787,7425.455212519689,low
SIT-safe,10237.399766967654,11006.275792682216,low
SIT-safe,9105.573831873071,9230.109366151193,low
SIT-safe,7034.358510310719,7083.954458933247,low
SIT-safe,15253.399965538316,15279.95713633045,low
SIT-safe,13875.62876702107,13879.601401725904,low
SIT-safe,9239.259044781656,9256.708425339437,low
SIT-safe,4986.369405474611,5049.142292201663,low
SIT-safe,6145.539778716695,6178.25169592729,low
SIT-safe,97236.6101033527,97269.38297547569,low
SIT-safe,5339.292829311177,5540.712913314107,low
SIT-safe,15104.630775268977,15121.736583165359,low
SIT-safe,6366.818899457264,6471.159200069698,low
SIT-safe,10051.300161622063,10134.219003234894,low
SIT-safe,34184.04038603744,34314.741336839084,low
SIT-safe,5109.053261237465,5144.397160935697,low
SIT-safe,10277.370991011812,11087.869421450814,low
SIT-safe,11543.550404062384,11651.003482124732,low
SIT-safe,17239.80772691224,17267.172044512925,low
SIT-safe,6758.599806407685,6768.942115029982,low
SIT-safe,14230.158973308231,14267.479705385242,low
SIT-safe,23667.786769205337,23719.768947136217,low
SIT-safe,12371.904815556212,12433.146853643857,low
SIT-safe,52934.17769390233,53019.700927879516,low
SIT-safe,8276.97964166172,8278.246539981254,low
SIT-safe,10828.091235178857,10886.994335927222,low
SIT-safe,11808.051224676554,11818.337523015383,low
SIT-safe,14656.15994550606,14690.09822692868,low
SIT-safe,10611.744621611093,15893.014266831673,low
SIT-safe,9290.949419353128,9292.04990198077,low
SIT-safe,7438.718241541171,7503.321588946434,low
SIT-safe,24122.057640179642,24137.759734691284,low
SIT-safe,11030.622433705037,11057.066804274102,low
SIT-safe,15925.213427868546,15949.715653069765,low
SIT-safe,13321.48160912478,13327.479325186654,low
SIT-safe,4275.503386291137,4326.1035364928775,low
SIT-safe,8375.636626457108,8381.48961703715,low
SIT-safe,21651.206335643867,21675.840782131832,low
SIT-safe,7151.246521825145,7177.91831391409,low
SIT-safe,7622.87156642954,7639.076934373755,low
SIT-safe,14285.493751550352,14303.890305867,low
SIT-safe,11001.775968618662,11015.728010511884,low
SIT-safe,17587.877086247998,17659.748722142947,low
SIT-safe,10019.837824023229,10094.919780842127,low
SIT-safe,34334.69227884744,34340.96806932209,low
SIT-safe,9566.654097706913,9689.019446112014,low
SIT-safe,9941.662839701234,9979.165460050528,low
SIT-safe,8777.920786188504,8905.889380211363,low
SIT-safe,29287.997153731954,29308.256282640225,low
SIT-safe,9332.803363577374,9357.385652043717,low
SIT-safe,11384.282707883342,11387.663280601588,low
SIT-safe,15800.998076321452,15831.861571253117,low
SIT-safe,3848.679582645613,3910.7423405683194,low
SIT-safe,18013.87488393348,18024.17649921379,low
SIT-safe,21748.70539692144,21800.42907963988,low
SIT-safe,35792.88591252011,35846.251100657515,low
SIT-safe,56139.57955880146,56156.541552112525,low
SIT-safe,7327.317809103748,7341.869512545161,low
SIT-safe,12681.233180161224,12712.749019401163,low
SIT-safe,13359.48149103703,13362.327291330887,low
SIT-safe,6098.584961725951,6133.284827588739,low
SIT-safe,15647.555459946632,15675.975268532005,low
SIT-safe,47308.56973146952,47415.549218180604,low
SIT-safe,8079.259249455646,8134.461647680648,low
SIT-safe,17266.186641363725,17293.33346846726,low
SIT-safe,35514.49966274173,35533.29487623456,low
SIT-safe,15324.655584142925,15336.19537560972,low
SIT-safe,6071.85186766519,6169.674665705412,low
SIT-safe,12166.993936689389,12238.91993799889,low
SIT-safe,26628.674341733073,26648.727800723187,low
SIT-safe,13541.718362335541,13568.909306643563,low
SIT-safe,8233.785669548364,8312.995546922022,low
SIT-safe,8527.960449498249,8572.97238084213,low
SIT-safe,7453.813354736769,7485.320639577543,low
SIT-safe,6049.123948094024,6056.958687446738,low
SIT-safe,10214.149709626783,10223.034270787868,low
SIT-safe,6043.602761806041,6158.373566538188,low
SIT-safe,10284.401796034888,10306.192290552215,low
SIT-safe,11991.336273593677,12035.77944847833,low
SIT-safe,4645.890519619315,4673.942060460178,low
partition,6238.603477542403,6309.761163231119,low
partition,6772.196038881862,6825.87176509225,low
partition,10045.29440118828,10125.83697665991,low
partition,12241.64860391357,12262.912581621938,low
partition,4195.266144174015,4214.872508062448,low
partition,37398.40924820597,37457.05198485119,low
partition,9357.325902964296,9375.517883432403,low
partition,22285.823500780432,22382.74288280778,low
partition,46982.230170378905,47076.14103921705,low
partition,9707.94851820275,9752.57497908392,low
partition,3108.167642928315,3159.119283375868,low
partition,6135.613066127882,6177.016969236805,low
partition,5744.766202793532,5780.813557041212,low
partition,7306.860138227688,7345.499441556406,low
partition,10967.942768480205,10980.29113616144,low
partition,11802.77318145579,11814.060864955962,low
partition,11228.90385370575,11251.305464966612,low
partition,16247.119529623174,16298.990121528852,low
partition,2453.285592671012,2461.3301647798385,low
partition,18526.903304068976,18552.94870412776,low
partition,4951.128802415396,4995.825534098285,low
partition,4581.162793925894,4605.041071499341,low
partition,7576.615042443569,8097.271309140799,low
partition,22163.835716782865,22174.01223235675,low
partition,9751.557202635016,9765.905038694264,low
partition,6892.057419265619,6930.652943404956,low
partition,11722.397645848656,11742.978209177503,low
partition,9071.623889531853,9183.215872936496,low
partition,7882.5064788300315,7916.835761404209,low
partition,18250.22775838517,18259.224300030073,low
partition,72449.18365366272,72469.22284697898,low
partition,12037.075107938375,12071.170078307081,low
partition,8471.353640827585,8531.431968054087,low
partition,12902.278493790882,12933.508705401586,low
partition,2284.8262635520136,2300.805714887413,low
partition,8080.682590910476,8088.023606760387,low
partition,40621.1331138355,40672.00712202741,low
partition,8944.85571179201,9159.889638415156,low
partition,57965.044352997196,57981.14787426157,low
partition,22939.67166919192,22951.67553678096,low
partition,8255.781969340333,8290.690380042326,low
partition,8306.746863088809,8343.917803434888,low
partition,9900.134407247493,9959.396166408034,low
partition,8028.094444482866,8039.847118524067,low
partition,27254.033957829983,27271.206728496763,low
partition,7559.70662689728,7570.4615196187915,low
partition,25930.095369619467,25960.1402076076,low
partition,8087.724957750081,8159.192241116047,low
partition,8127.06813651721,8190.520232482055,low
partition,5828.633656515264,5842.183256661005,low
partition,12589.915199712746,12627.049667311421,low
partition,39467.26775189466,39471.69403981567,low
partition,21682.27033910953,21770.066158321773,low
partition,16734.172634964136,16819.393331839743,low
partition,4853.896402472502,4863.482022596072,low
partition,2902.6757866288517,2924.3556719012086,low
partition,14049.453920270736,14061.751894189878,low
partition,18800.713987511477,18910.789453349265,low
partition,5394.331431598094,5408.160915451667,low
partition,8914.63671677202,8929.121707655935,low
partition,6164.266051000124,6197.4898239568765,low
partition,8078.008854074618,8093.502158216181,low
partition,4335.523863703081,4473.16395000671,low
partition,14503.28719030771,14520.451862526908,low
partition,124755.60241830249,124800.26435101623,low
partition,9803.132211855835,9811.088271803006,low
partition,14204.63137053148,14219.712573817447,low
partition,18325.844952193605,18347.81371678682,low
partition,48741.45606656855,48773.44090792267,low
partition,8791.40137129215,8848.959602675372,low
partition,18022.205730827613,18072.442312484214,low
partition,9150.368808433517,9201.469962459918,low
partition,5608.511681674871,5842.611104638376,low
partition,12878.171096845173,12882.065746851284,low
partition,7253.865616623805,7271.914319963859,low
partition,6422.7512620286525,6498.931443386331,low
partition,6209.598348599651,6236.332865951066,low
partition,4640.5403979126295,4797.566605801357,low
partition,21977.05499314763,22043.885523327266,low
partition,14203.32361240463,14218.207424199856,low
partition,10198.604378634296,10204.685012440288,low
partition,11316.878880087774,11353.008871468008,low
partition,5700.139452586486,5709.791311564469,low
partition,4381.226920360959,4426.096213133777,low
partition,7784.839547314797,10758.850122109994,low
partition,18902.084882157444,18913.90976682685,low
partition,22482.841830767742,22529.345108560592,low
partition,8660.568503211218,8906.09673922234,low
partition,33068.52888657844,33103.13748997681,low
partition,112848.18893348478,112894.53913959177,low
partition,56780.98506394966,56802.026180732326,low
partition,13301.394256688174,13306.76490360717,low
partition,15564.146309337224,15636.82487715155,low
partition,4764.148514961801,4789.799501768214,low
partition,3947.933905741625,3953.411870317009,low
partition,4951.263871055666,4960.916409720428,low
partition,13695.819907893838,13714.414185719696,low
partition,19868.440756129054,19908.586210942736,low
partition,8042.711361246135,8071.584018546342,low
partition,14313.811008335764,14369.079588482853,low
partition,15891.204840525355,15970.356618334645,low
partition,7609.759920188072,7617.551144352086,low
partition,18651.17486555177,18690.87410071338,low
partition,66730.11554869285,66818.19185936538,low
partition,7600.905725128045,7619.486325688895,low
partition,14914.518902480475,14926.610480799282,low
partition,17777.90733958978,17803.473736381362,low
partition,13239.258194923059,15822.927319542376,low
partition,14472.312676494592,14503.790200104439,low
partition,6123.651640353168,6158.54589938654,low
partition,7284.969698959185,7317.833607670431,low
partition,5617.3074531488,5639.048858162266,low
partition,8374.588963674187,8418.313145987853,low
partition,31658.970069987216,31692.41864221242,low
partition,2173.344330440208,2244.8639903792255,low
partition,9610.805757771863,9655.80764694561,low
partition,4191.437046980389,4231.038929854919,low
partition,6884.523368245546,6997.515522770963,low
partition,11001.477027197128,11022.085434206883,low
partition,7807.553674184801,7830.788366803471,low
partition,4924.603206253609,4929.612909620277,low
partition,9300.466651240296,9305.230199105332,low
partition,14122.802645499294,14229.17596388531,low
partition,12984.779319143783,12993.273495231257,low
partition,4766.731039200428,4777.482849323162,low
partition,36757.561693442796,36789.012286492325,low
partition,29633.228785592015,29647.80245798717,low
partition,6146.372277392312,6328.389004560104,low
partition,40123.18948113045,40133.070764916105,low
partition,28684.59983140188,28701.476256775743,low
partition,26309.680351476778,26324.159627261608,low
partition,17177.459791694546,17214.12218534358,low
partition,10596.219645603947,10737.627609379813,low
partition,30411.777235914622,30417.308882767848,low
partition,6239.759884144579,6242.750312467355,low
partition,32102.19769428398,32166.657339623533,low
partition,13597.548929764353,13612.646445419934,low
partition,13513.830041720432,13598.330824956296,low
partition,33136.58006898885,33165.092608398976,low
partition,6520.699507924516,6547.435963257301,low
partition,14026.965379083991,14040.468920200728,low
partition,6390.3907296268835,6439.693645333557,low
partition,20305.79846838614,20377.71208211968,low
partition,8699.413315380552,8704.81959144472,low
partition,9826.381153780556,9841.861980417101,low
partition,8620.707395823509,8672.323353695192,low
partition,11372.326959911898,11381.376356692967,low
partition,22802.7738721792,22890.705243845885,low
partition,8656.506808202676,8669.760306635904,low
partition,10195.766157622329,10218.448313975496,low
partition,9589.115898232558,9661.179672293918,low
partition,10984.626870473232,10998.059873514638,low
partition,18420.3750787671,18475.515235338557,low
partition,6491.240962058611,6506.243983596229,low
partition,7447.906160775381,7460.437570437498,low
partition,36270.56832059898,36304.60238609914,low
partition,6855.863919664476,7723.864823536794,low
partition,5321.198419015561,5372.053581786485,low
partition,7707.607721676423,7750.647780874562,low
partition,2467.836606682915,2471.4500764916897,low
partition,19044.555429688062,19056.029395125108,low
partition,43676.45587728323,43688.254410123816,low
partition,41405.64249528632,41439.14545215022,low
partition,6323.310473313805,6366.895365365284,low
partition,17938.707008737674,17949.77347420247,low
partition,36462.57153751795,36490.746602083134,low
partition,10898.494801845394,10942.584590867049,low
partition,8647.427933134735,9805.355596892607,low
partition,17041.381120570837,17097.898232496012,low
partition,9593.9680191389,9611.20301825457,low
partition,8757.37207333541,8772.830893076161,low
partition,5885.457368541787,5922.584409064359,low
partition,8437.684491048009,8505.886615625786,low
partition,64527.050066879216,64554.445204365344,low
partition,14034.59316331362,14041.52183158183,low
partition,6108.7353351513,6144.0826902396275,low
partition,14493.302963258915,14504.116038965329,low
partition,4657.347451237279,4745.372509086874,low
partition,8106.191646423055,8145.363994881165,low
partition,10786.525584360816,10794.230967674146,low
partition,24165.231521474136,24194.846856359523,low
partition,19960.136244778092,19999.504725905903,low
partition,5563.570019233555,5580.496523728423,low
partition,23354.729059441757,23398.858053883345,low
partition,6991.857445899301,7018.068068406585,low
partition,6235.118658482173,6247.98985899599,low
partition,5721.1269348132955,5774.219026160068,low
partition,9895.533571713728,9947.165038526844,low
partition,10699.433800637313,10706.001742989683,low
partition,11170.389752146753,11177.259863860047,low
partition,7905.664198545476,7924.740581170539,low
partition,5262.091716042562,5265.022724101384,low
partition,7585.99528088642,7628.515650956304,low
partition,10700.777798385892,10733.167384988825,low
partition,33269.438261501586,33296.82842580369,low
partition,5629.907748594218,5666.634905765225,low
partition,4122.982747781669,4159.0113345894915,low
partition,9801.41555089669,9865.662974696332,low
partition,8284.618620447782,8301.670049026976,low
partition,6312.190720740556,6330.173690305481,low
random,36742.12257351205,36770.54173049035,low
random,18448.274749260017,18508.257517508806,low
random,13490.74302799599,38836.621855607315,low
random,16987.283410826483,17027.02946952522,low
random,20526.01898180492,20593.177141162832,low
random,19550.112314884896,19573.840293897505,low
random,34607.44776309843,34674.36252770807,low
random,13722.01071053144,13765.47516710056,low
random,8275.860565601986,8305.09686489687,low
random,18709.88247635835,18748.21639945925,low
random,49318.05317364069,49361.43546980487,low
random,6107.0155158677935,6156.310028106798,low
random,21385.340403422237,21423.67876667617,low
random,21707.302349405738,21753.265109829255,low
random,26126.100833947796,26157.466937039964,low
random,11409.47493706239,11432.143495199933,low
random,7185.566830041104,7228.142820742789,low
random,12150.00845134821,12182.795842864556,low
random,13211.600669907177,13230.353016829398,low
random,36793.03646798603,36867.45151495792,low
random,15451.445569632011,15512.328635243524,low
random,34616.17400947987,37099.38029196572,low
random,26595.335363888877,26630.27558148498,low
random,29125.57791566397,29135.85426217656,low
random,28453.445507518984,29754.743584949825,low
random,37738.53757014384,37803.07428620053,low
random,6278.305567019152,6298.6962616254295,low
random,20062.488376341324,20101.023999738445,low
random,24485.85061444221,24510.34172626324,low
random,13240.347815205227,13255.577745487506,low
random,33043.403477544256,33105.65407625574,low
random,25348.615190780994,25373.16774688995,low
random,10854.281345735624,10911.413330691634,low
random,12666.850423638758,12708.958555017894,low
random,11314.127993607704,11324.002676546705,low
random,8545.636091080087,8610.751631979107,low
random,9338.077327279952,9351.740292933919,low
random,21129.68369514939,21248.409908856876,low
random,18445.651442726637,18469.462581677628,low
random,12408.281700760253,12415.6533671812,low
random,24183.831776621664,24204.492205238355,low
random,19023.131111080795,19120.867397189366,low
random,16584.21731789162,16636.367235651116,low
random,18792.641133866164,18820.75927688668,low
random,22145.05095946331,22162.002840061767,low
random,30292.010463439216,30463.493678880986,low
random,35197.979568727846,35216.93833435461,low
random,22797.984664858042,22834.15766187625,low
random,24957.579426131313,25023.578825834,low
random,15096.497444549284,15113.010264294931,low
random,27793.049561202286,27843.728248966683,low
random,20748.806439605043,20784.749496715995,low
random,13202.007946397287,13304.987531426788,low
random,8430.339823956689,8447.195582894776,low
random,16330.895843862343,16358.071850930577,low
random,12011.425173523965,12070.807074587092,low
random,20163.82332580975,20209.528635264876,low
random,27200.059800756768,27231.64717491028,low
random,11065.613507241775,11092.769873284687,low
random,17512.662959013138,17530.115833104537,low
random,11447.95617803644,11470.433040374408,low
random,124752.4514873938,124772.66637906933,low
random,8779.043504156602,8806.0371712772,low
random,17738.99341315629,17772.40375045244,low
random,11272.379859670766,11283.910882215245,low
random,26211.169423655923,26259.161156885777,low
random,18750.166286007956,18791.921767185526,low
random,18212.58420356698,18300.85952060175,low
random,10718.336160598843,11044.86617314494,low
random,26427.851297251756,26468.34270231372,low
random,14283.004975994327,14302.476202598225,low
random,12764.411495221628,12773.349091945724,low
random,17123.94317406387,17197.775213835077,low
random,19250.355749864484,19270.64231888395,low
random,25939.832557339843,25996.33941243216,low
random,24715.372586492016,24764.982496985802,low
random,40828.56128142747,40882.34379200019,low
random,18211.981070161786,18262.066398420277,low
random,9672.697091003924,9686.199472854149,low
random,24128.818443394888,24139.942109845957,low
random,25544.034591743108,25635.452299001532,low
random,23788.24296963839,23839.85131462352,low
random,9617.064567098314,9673.592089873819,low
random,27770.103963819867,27813.527119482715,low
random,12513.296788783271,12516.700670933098,low
random,11146.478200465708,11202.947431133216,low
random,11472.778323332928,11524.867436963998,low
random,13008.136059897786,13027.55393546911,low
random,7483.025910131227,7489.203418766876,low
random,12437.57706358047,12462.857874907655,low
random,15635.870276643984,15651.152747078224,low
random,12773.412878829013,12779.286464725345,low
random,19138.95211610223,19264.703903419984,low
random,13189.492791602892,13201.521389350684,low
random,14953.557186164513,15012.585918820769,low
random,16749.843766284845,16755.154553192217,low
random,19420.281865616304,19450.689791528228,low
random,12684.95059282493,12748.268624727563,low
random,20701.550994597987,20759.100903638588,low
random,15918.524607799347,15937.663982354843,low
random,18924.057051255444,18982.95661829129,low
random,10039.363307363255,10047.404044479508,low
random,8748.46831883986,8783.324845669293,low
random,10335.383983633752,10380.38668129173,low
random,50188.37397921356,50201.368209509674,low
random,24570.466260613997,24588.68773511279,low
random,25745.454093105556,25771.722601855137,low
random,59294.927501751605,59336.971886821484,low
random,18119.276099117335,18149.549049121208,low
random,19018.976928161595,19040.19597156577,low
random,54104.73688997934,54192.32286536752,low
random,8184.699417140722,8233.76944258555,low
random,10649.276468484557,10874.008734046098,low
random,14034.229489284953,14054.838897130234,low
random,12281.31018078786,12317.779705053288,low
random,17599.09355226774,17603.672395812042,low
random,17277.110647530884,17293.527316851134,low
random,12518.9068491331,12655.64287764483,low
random,16410.44516038694,16432.19726398669,low
random,37055.60117063954,37071.27362993173,low
random,11959.02678231985,12035.028023240911,low
random,14508.982824790504,14573.77345715019,low
random,11468.58474637284,11547.491041533931,low
random,8755.847778279911,8785.12986817893,low
random,158990.5600773779,159001.74918655452,low
random,26950.786999237178,27097.497050924067,low
random,11129.075630694118,11155.13689088276,low
random,8046.803259921883,8087.557191906093,low
random,10661.857028053406,10695.842356433826,low
random,21724.58094376559,21758.163467172908,low
random,29527.046663730493,29529.842711210164,low
random,17303.89310454254,17348.80096793986,low
random,12930.171118921138,13008.783729830575,low
random,9909.035972574688,9956.60484348917,low
random,16675.293467959968,16722.987237570356,low
random,26732.544485700455,26767.660924450494,low
random,17870.817955301856,17891.021062298772,low
random,9880.056358323132,9982.728791984278,low
random,23083.404755676816,23096.531411921904,low
random,14489.932062286243,14494.55314850451,low
random,17184.54631448396,17219.750540019377,low
random,13996.806960128437,14036.897650560091,low
random,29717.13840103118,29730.432207922568,low
random,34768.341202652155,34785.54917810953,low
random,13985.183594866437,13989.29687532025,low
random,27478.238817200716,29478.585152918597,low
random,13824.417455028406,13834.059071172793,low
random,12372.243990824349,12376.405039712321,low
random,8901.945326578776,8911.110287181607,low
random,17211.375924601623,17266.18313149648,low
random,32792.441396924696,32817.59568344777,low
random,10481.098510980502,10534.65376685758,low
random,6150.138726528609,6192.33779503014,low
random,18060.81509152397,18088.22762871802,low
random,14211.36094071383,14245.922537188395,low
random,37124.595416534205,37180.73156477014,low
random,19587.3037849344,19606.014140219046,low
random,35318.297967736835,35432.28126278265,low
random,43793.61082748947,43842.979042145525,low
random,11885.858087216719,11895.382361778506,low
random,16684.072979702654,16694.011661093456,low
random,7280.628437365516,7299.987575871608,low
random,65430.906159496866,65455.70015420494,low
random,11190.92794617887,11205.428756044825,low
random,20743.419837361263,20744.75992007019,low
random,41781.26077824296,41841.55950815401,low
random,10259.801436135667,10278.679440260716,low
random,16335.251318510025,16472.794296626475,low
random,10205.585037271929,10266.103269640571,low
random,20055.912394425504,20130.74724006487,low
random,12139.096349153211,12188.982373656792,low
random,11425.112260683785,11461.409139547657,low
random,9142.92716618703,9294.60905510109,low
random,22705.780646159925,22739.23902831368,low
random,15211.69910643139,15218.052901252639,low
random,19548.03534590043,19624.32768239184,low
random,9198.852618318546,9248.96208030076,low
random,16139.703587908449,16303.951482534794,low
random,6591.198289867911,6613.536032809065,low
random,8859.081901083588,8947.479626506503,low
random,13593.495386011686,13630.801753163803,low
random,10925.990280740562,10935.905398269526,low
random,7956.374015265394,7986.482749112678,low
random,17519.197906821242,17525.222195503735,low
random,7844.8035041303765,7865.043730078971,low
random,12672.654918689897,12678.92232665488,low
random,34862.721444234914,34874.335639060875,low
random,6635.123794426386,6805.294320677742,low
random,21153.27014000172,21200.1199916235,low
random,19972.614295595547,19981.773913637444,low
random,5350.520563586623,5474.339394054201,low
random,12962.323183501321,12986.261168158857,low
random,19538.216743732857,19585.467735982027,low
random,20576.15240778834,20584.92885987831,low
random,11147.424280440084,11161.175178417601,low
random,10942.403744125317,11008.145688785684,low
random,26329.37576561373,26440.489940352716,low
random,9935.41241972802,9997.899234077231,low
random,15634.241485858458,15646.042996704527,low
random,29191.93436344928,29217.668069344923,low
oracle,8449.972513266179,8485.83886795977,low
oracle,12497.186275934555,12520.748486113996,low
oracle,8141.680945776103,8211.795624285825,low
oracle,32028.08058420732,32071.439905457795,low
oracle,6690.064159505364,6698.264519980158,low
oracle,44332.63863064574,44494.63220013564,low
oracle,11626.630492331553,11645.290692268161,low
oracle,9539.802128841699,9548.987255841672,low
oracle,7928.699581464196,7963.460573389513,low
oracle,12387.917145864869,12401.470006956599,low
oracle,5268.194131106788,6862.912741660661,low
oracle,31648.81476134588,31698.541524658543,low
oracle,31000.124004219466,31132.92182107757,low
oracle,12552.001282690362,12581.659585435737,low
oracle,15920.54433348356,15949.657816227867,low
oracle,5716.318420026652,5731.644580906204,low
oracle,9845.728833326191,9912.644628785314,low
oracle,14405.113550664784,14502.119893257643,low
oracle,30716.076586196596,30737.45161176807,low
oracle,15431.267185552273,15456.542314126093,low
oracle,15382.204081821894,15407.025134146541,low
oracle,11787.664312657249,11828.95375862423,low
oracle,40620.68313161508,40691.48274412481,low
oracle,6997.518614590018,7004.932366153636,low
oracle,10253.588061597284,10298.04670284264,low
oracle,20545.302488643127,20557.488245685527,low
oracle,14061.907392447893,14079.282284666266,low
oracle,5976.8631901344315,6113.2460574582565,low
oracle,14402.274328796922,14579.828821304534,low
oracle,20311.35337479642,20417.286979904275,low
oracle,22786.28488993306,22817.05585976589,low
oracle,7217.947873121737,7230.6564202788595,low
oracle,26934.53319654427,27042.730614797663,low
oracle,9439.916900069784,9464.339535775613,low
oracle,37769.91416434791,37807.89678706359,low
oracle,9699.816545833375,9722.132235567307,low
oracle,15961.155869054814,15990.98460428894,low
oracle,17623.49863346434,17716.33343062191,low
oracle,20323.840927176065,20332.13300342631,low
oracle,7710.290730257242,7714.087446841071,low
oracle,32042.07326910525,32069.800321026105,low
oracle,13161.566320059925,13192.644643510721,low
oracle,39851.297471299025,40722.44794106849,low
oracle,14626.711306790836,14661.53402571486,low
oracle,8077.113098912415,8090.276631816781,low
oracle,13242.481815709774,13247.479036036504,low
oracle,11724.342040424397,11772.889196115662,low
oracle,6382.738719861042,6440.007833911088,low
oracle,22009.004103144973,22019.73971900904,low
oracle,8850.500024199557,8907.232046200126,low
oracle,9720.398303070919,9745.970166570454,low
oracle,7278.224465195513,7293.637050713711,low
oracle,41687.08163531395,41718.88950152729,low
oracle,11788.217271846463,11801.820312857992,low
oracle,7615.699402893854,7664.795248166514,low
oracle,9794.812361470358,9877.008167777545,low
oracle,12969.135016084996,13009.918400466933,low
oracle,16486.68726454304,16490.833507244588,low
oracle,8093.077814395262,8242.55347981384,low
oracle,9872.358023977284,9875.223482956968,low
oracle,11397.34435044016,12222.811479732376,low
oracle,14061.653534382098,14097.82048906535,low
oracle,25232.778376049646,25297.394900869083,low
oracle,16975.27035004964,17079.966242621646,low
oracle,4878.254220974742,4882.61687834612,low
oracle,12301.306318512141,12374.79818774675,low
oracle,10498.763449212864,10507.968482171724,low
oracle,8003.4929118133705,8028.8633534831515,low
oracle,6403.830224657616,6419.65952577156,low
oracle,23913.39477741118,23920.49779292707,low
oracle,20527.70446367339,20594.042923295645,low
oracle,7378.758836116904,7401.122305383828,low
oracle,12265.47812692148,12275.670379540512,low
oracle,10421.71381026162,10470.829746522133,low
oracle,39178.50977532038,39192.93696849862,low
oracle,37824.669663544155,37838.89086657237,low
oracle,10356.542380839837,10360.224406390753,low
oracle,6754.780790719131,6813.029412664968,low
oracle,10554.85092046501,10574.049244467395,low
oracle,7279.559947576755,7293.43510185924,low
oracle,38971.63378467914,39000.2798945057,low
oracle,5771.92240825273,5786.014741387936,low
oracle,9748.297623230483,9773.65354089451,low
oracle,7629.892959344777,7679.116222171586,low
oracle,7888.0063062159315,7923.800736613353,low
oracle,46220.80513232449,46227.42299178746,low
oracle,10766.427607228581,10773.074530751743,low
oracle,9537.684906257642,9570.291345414083,low
oracle,35503.07668723082,35542.085541992215,low
oracle,14902.974280399676,14926.483479766022,low
oracle,7780.447774249321,7827.40541215273,low
oracle,57718.91283942816,57739.721429132725,low
oracle,5897.82330191037,6045.939465696652,low
oracle,6530.0745652012765,6552.160597825601,low
oracle,8596.68380564165,8619.050902479554,low
oracle,35499.02349575204,35510.088697778716,low
oracle,6978.769685562061,7023.778973469678,low
oracle,30699.777217552586,31161.922869049133,low
oracle,10902.787881923243,10943.888375308963,low
oracle,6369.138088024715,6376.705314000856,low
oracle,23540.02221542968,23571.562010958616,low
oracle,7081.347060866386,7152.380864491348,low
oracle,10964.085730084966,10999.910593364126,low
oracle,10896.672892706649,10910.134947795494,low
oracle,26317.873135143007,26325.522772603857,low
oracle,9453.120332425762,9478.305099667214,low
oracle,14301.932810787403,14338.349847691283,low
oracle,16493.533295096095,16525.891409502517,low
oracle,8956.748539067774,9002.783608069054,low
oracle,27406.901776886614,27428.793870796355,low
oracle,15676.041895570868,15765.85655797184,low
oracle,15074.45809214846,15099.925982257084,low
oracle,7836.364533748878,7950.9737354898125,low
oracle,31415.27575328551,31464.0485710687,low
oracle,37129.490541647676,37173.42748434689,low
oracle,8448.25214252165,8464.317118303446,low
oracle,19624.532483546463,19638.959681129938,low
oracle,9860.791414098267,9962.4040649636,low
oracle,5684.204407828781,5712.065836050166,low
oracle,10035.770202088559,10070.708605492131,low
oracle,9777.216247828328,9805.120552735641,low
oracle,9761.183898504627,9851.271647946367,low
oracle,36634.90252491682,36781.09133334189,low
oracle,38174.66427971972,38202.81601226529,low
oracle,6511.457019573058,6521.981184997199,low
oracle,6782.562044895567,6820.046596810975,low
oracle,9941.785277251154,10172.589733949124,low
oracle,25990.91586830788,26176.911756039026,low
oracle,5739.112486195038,5811.9786669950145,low
oracle,15625.785524800991,15667.679601185075,low
oracle,18337.692339022782,18380.81566610298,low
oracle,19666.864359194413,19693.83754563658,low
oracle,9396.087171943609,9498.110675180209,low
oracle,14810.937688977427,14835.665152203084,low
oracle,16849.651622244663,16894.762895212472,low
oracle,3107.2414960608116,3159.843675637495,low
oracle,42710.699006111805,42725.549763592004,low
oracle,12823.903903648164,12907.239984075422,low
oracle,8168.928131389985,8185.481590101258,low
oracle,11247.701345949918,11249.81638680662,low
oracle,7155.286799575594,7173.3975059986915,low
oracle,16390.901580692276,16427.6103913292,low
oracle,9396.24691356136,9438.458945806615,low
oracle,16372.385070799659,16381.13853195632,low
oracle,6763.014310833179,6769.938617353853,low
oracle,6410.715306825143,6425.5381374068165,low
oracle,8330.211450278277,8335.691968860127,low
oracle,6884.819329745566,6908.618276412881,low
oracle,12001.451166063636,12078.404361883731,low
oracle,12799.89787183969,12823.83334717213,low
oracle,21324.21281321066,21392.209424175828,low
oracle,27277.644915835775,27304.21061893544,low
oracle,18216.05305507028,18285.8083324521,low
oracle,23296.88414100823,23336.418950240408,low
oracle,10695.60898058381,10703.495839068379,low
oracle,7968.297816350404,8028.662256448521,low
oracle,29920.30482164552,29984.398904441223,low
oracle,23911.48662761288,23982.090569202148,low
oracle,11076.276343126292,11084.121420378751,low
oracle,11805.007065615084,11841.74262657827,low
oracle,10025.98300630844,10060.683777663016,low
oracle,32217.64462609554,32234.876370734608,low
oracle,6624.352692811795,6725.776121651972,low
oracle,7752.136022371903,7802.6751082216615,low
oracle,10215.318037088675,10234.632922517681,low
oracle,8689.494100066326,8728.7088557412,low
oracle,9595.898086454408,9619.412771228941,low
oracle,13545.401255732959,13632.238350899232,low
oracle,10133.023846635497,10196.81219666137,low
oracle,42552.21066353525,42582.13501650069,low
oracle,14206.817571421827,14235.753173845625,low
oracle,85944.93154922858,85951.86724472934,low
oracle,22193.87047577108,22205.87872607859,low
oracle,16299.33534385398,16333.90912054449,low
oracle,4858.919474959456,4862.868795172029,low
oracle,14541.337684318385,14572.5058549266,low
oracle,17015.210412690063,17034.571337004556,low
oracle,15931.727962825791,15959.818182562827,low
oracle,31818.8626690725,31849.543269147616,low
oracle,13425.90650504407,13431.73240845378,low
oracle,15613.245869157503,15630.107561055906,low
oracle,8350.335669634731,8372.494913433822,low
oracle,35644.93056027827,35711.62535555755,low
oracle,29992.605441356,30018.82300246033,low
oracle,8859.481131735725,8918.734153880217,low
oracle,10776.391217599292,10785.848278251855,low
oracle,13809.778969259109,13853.015415080936,low
oracle,11343.84425541422,11367.673104981888,low
oracle,12614.314399180585,12688.975581775972,low
oracle,13401.166068853438,13424.603174410271,low
oracle,12800.176410035998,12883.819991144357,low
oracle,12432.02064018029,12458.038621485153,low
oracle,7489.142149506187,7505.836906125119,low
oracle,11325.428713447613,11378.271519033424,low
oracle,9492.830055559918,9510.27780207646,low
oracle,98209.16534206027,98305.95451070619,low
oracle,29577.782310554652,29593.380993538092,low
oracle,14099.182382222223,14136.541809235525,low
oracle,14700.252392937406,14729.52632070397,low
oracle,35769.9859635959,35884.29710111402,low
SIT-safe,25864.097229515435,27518.836931862817,medium
SIT-safe,9685.473908122294,9712.74184086559,medium
SIT-safe,29718.23414842782,29797.41079558406,medium
SIT-safe,35055.82792698168,35079.5131808107,medium
SIT-safe,9005.41083943736,9014.328107123345,medium
SIT-safe,12534.946180802031,12564.126415553223,medium
SIT-safe,8530.182109099163,8552.822693973805,medium
SIT-safe,11453.88120674537,11497.476424580833,medium
SIT-safe,21928.865621035453,21954.662386145486,medium
SIT-safe,14687.77040064606,14715.378243412906,medium
SIT-safe,17420.66063949666,17440.357641199385,medium
SIT-safe,20145.713516455064,20167.46253670109,medium
SIT-safe,13698.513131237047,13750.740984367003,medium
SIT-safe,11779.3665661625,11816.851644866969,medium
SIT-safe,11268.57898382776,11391.494121112108,medium
SIT-safe,13292.890459583889,13300.051498372362,medium
SIT-safe,29380.946181810556,29486.124953254744,medium
SIT-safe,17595.913352611253,17707.214162324584,medium
SIT-safe,33478.23919556612,33642.156538171024,medium
SIT-safe,13859.972858051544,13873.148092241048,medium
SIT-safe,14121.1432226954,14132.358055500556,medium
SIT-safe,14216.507459855145,14233.992223097295,medium
SIT-safe,6009.987047637685,6100.4399637102615,medium
SIT-safe,19967.63815490363,20003.397354425084,medium
SIT-safe,8805.210567300595,8819.630202297274,medium
SIT-safe,9043.259145439399,9065.869844512545,medium
SIT-safe,16934.52015985112,16961.302034437475,medium
SIT-safe,23992.959103634475,24079.037854010006,medium
SIT-safe,26060.908148553022,26156.942347286713,medium
SIT-safe,13754.80053800167,13759.13600347487,medium
SIT-safe,45446.527483029444,45470.36941992344,medium
SIT-safe,14738.10738781899,14751.711825579663,medium
SIT-safe,15929.720119663378,16037.293449875007,medium
SIT-safe,37105.14197791722,37157.58741421391,medium
SIT-safe,29333.6044383701,29368.508693220356,medium
SIT-safe,14205.004415877842,14261.301920836446,medium
SIT-safe,14619.148737318994,16088.993448471723,medium
SIT-safe,17744.460213091606,17810.532842906905,medium
SIT-safe,20601.29226569705,20626.15984296908,medium
SIT-safe,20155.531393692974,20195.227510458462,medium
SIT-safe,11640.712356124797,11667.28689217133,medium
SIT-safe,13281.41278430524,13285.489808475606,medium
SIT-safe,11473.131864869816,11706.973685919416,medium
SIT-safe,11688.632800088722,11730.708837351318,medium
SIT-safe,28741.512076393275,28748.265829458236,medium
SIT-safe,18924.10985565584,18985.1722256883,medium
SIT-safe,11298.01086812868,11331.773622697467,medium
SIT-safe,14108.908882549922,14201.613790992062,medium
SIT-safe,18620.805591862776,18645.759568116613,medium
SIT-safe,12637.134751226713,12647.529857094156,medium
SIT-safe,9492.73181375916,9499.300707614202,medium
SIT-safe,38361.16749677761,38384.225855166325,medium
SIT-safe,17515.00180422128,17595.54035303292,medium
SIT-safe,16282.618716358998,16360.13533532452,medium
SIT-safe,16132.643653059109,16151.821614022181,medium
SIT-safe,12599.172141874767,12627.20164458836,medium
SIT-safe,24766.783024614986,24784.383511839354,medium
SIT-safe,10878.90065304031,10914.179129687649,medium
SIT-safe,9325.943035118038,9345.773697381563,medium
SIT-safe,26603.926216361087,26678.23827515904,medium
SIT-safe,8149.54079559797,8191.122896701503,medium
SIT-safe,14591.084910039855,14607.905782307485,medium
SIT-safe,13435.697577553789,13548.491394572338,medium
SIT-safe,27420.815681078493,27439.00879873705,medium
SIT-safe,14279.353636926813,14295.307814528196,medium
SIT-safe,10297.161824032191,10312.74051553235,medium
SIT-safe,18093.769468429204,18145.718326137932,medium
SIT-safe,8607.262126931448,8666.57851627635,medium
SIT-safe,42827.11185823843,42865.07978081374,medium
SIT-safe,10765.800453304377,10775.505896035798,medium
SIT-safe,6388.847140727309,6399.707468024108,medium
SIT-safe,15859.958562140633,15893.322784902375,medium
SIT-safe,17793.47467489624,17810.52016767335,medium
SIT-safe,19312.69609753416,19360.67900764801,medium
SIT-safe,12168.976878546993,12182.36476113727,medium
SIT-safe,15220.501170109414,15247.916057282007,medium
SIT-safe,34641.52540403923,34678.687054713606,medium
SIT-safe,15160.720070179614,15398.20317857419,medium
SIT-safe,16581.860513211315,16585.70665484846,medium
SIT-safe,18749.84703618666,18752.704934809415,medium
SIT-safe,28292.936118936406,28299.5682857544,medium
SIT-safe,31977.98290303004,31990.80853503362,medium
SIT-safe,12355.91863765206,12395.671540192598,medium
SIT-safe,11294.76053711518,11349.839408382028,medium
SIT-safe,19837.0833333626,19858.63544914472,medium
SIT-safe,9902.605763682888,9966.358225992697,medium
SIT-safe,14608.412819681515,14623.417989243357,medium
SIT-safe,15381.890595101087,15492.176509269853,medium
SIT-safe,13905.780390062113,13990.030210956207,medium
SIT-safe,20592.825589424432,20607.311057517836,medium
SIT-safe,35593.3187217698,35612.62422762334,medium
SIT-safe,15479.773331477461,15491.95671754243,medium
SIT-safe,28295.370114134264,28317.599799525175,medium
SIT-safe,26476.476389107003,26499.65636956503,medium
SIT-safe,15516.4448025671,15534.507103295877,medium
SIT-safe,16001.902488862537,16010.844277968448,medium
SIT-safe,14318.256650632102,14326.850353596194,medium
SIT-safe,6383.788726328412,6421.028115811045,medium
SIT-safe,40157.65383102321,40196.6818957851,medium
SIT-safe,12383.507132531364,12388.857254771017,medium
SIT-safe,20283.802143156114,20319.682323759065,medium
SIT-safe,9864.145549000916,9871.896155138424,medium
SIT-safe,38545.36385635057,38824.22350649623,medium
SIT-safe,23756.621624009684,23787.39476842279,medium
SIT-safe,63306.95383853226,63349.95262978026,medium
SIT-safe,8520.820541294594,8532.170981128878,medium
SIT-safe,14096.47120364345,14160.589627776693,medium
SIT-safe,9326.965106390448,9380.254274290934,medium
SIT-safe,8001.121855156032,8041.385599433637,medium
SIT-safe,26846.073096402197,26861.61831592371,medium
SIT-safe,90261.74461356612,90288.50425764864,medium
SIT-safe,11171.317617730516,11196.60446737655,medium
SIT-safe,11922.045144881826,12020.123573660403,medium
SIT-safe,19101.940166827153,19121.807034214085,medium
SIT-safe,21830.110672619758,21853.290960651153,medium
SIT-safe,9582.062773232357,9611.355680308643,medium
SIT-safe,12474.939938277166,12500.661596591235,medium
SIT-safe,8952.715485002447,9028.000776328645,medium
SIT-safe,15435.169731087228,15662.826906174434,medium
SIT-safe,12052.114623650197,12062.55103528003,medium
SIT-safe,14547.117788623445,14549.49331670475,medium
SIT-safe,12572.170077054125,12593.900584678022,medium
SIT-safe,24510.314051956775,24582.078309584464,medium
SIT-safe,9885.830237628079,9943.635458634155,medium
SIT-safe,18373.017391779358,18378.516921861898,medium
SIT-safe,10203.754840787056,10213.577671970019,medium
SIT-safe,16009.549338333787,16079.744703763152,medium
SIT-safe,8970.63670325386,9016.760422364918,medium
SIT-safe,15933.169295875656,15944.95073720955,medium
SIT-safe,73481.83273420543,73518.85615739191,medium
SIT-safe,13334.97559041315,13356.21078846203,medium
SIT-safe,70899.05061824206,70918.37967123758,medium
SIT-safe,13751.250953678937,13777.90848362643,medium
SIT-safe,10609.108993936678,10664.217128615956,medium
SIT-safe,12253.027649630147,12263.020837839089,medium
SIT-safe,24189.415014987855,24220.239212866,medium
SIT-safe,17020.777827936632,17031.92234752637,medium
SIT-safe,17866.59252614692,17934.42407037454,medium
SIT-safe,19421.274290162884,19430.092379417092,medium
SIT-safe,11349.93555076559,11368.965308778479,medium
SIT-safe,11631.78960007948,11686.948728157187,medium
SIT-safe,15922.663107302269,15979.438607559006,medium
SIT-safe,12737.399904292653,12768.609323266362,medium
SIT-safe,12877.727677103236,12901.136523877105,medium
SIT-safe,11971.229956664109,11986.837143163393,medium
SIT-safe,8818.496521829584,8860.351588978567,medium
SIT-safe,14713.50169142282,14734.336753274805,medium
SIT-safe,20492.84821199088,20506.610699799196,medium
SIT-safe,9357.532855401354,9630.272050735399,medium
SIT-safe,15109.520928533753,15131.715600479718,medium
SIT-safe,168856.06712604882,168860.183099447,medium
SIT-safe,18847.56428559604,18854.309758276642,medium
SIT-safe,15996.736635339388,16054.250291758797,medium
SIT-safe,12845.217709272221,12944.552673454366,medium
SIT-safe,31405.95098113398,31411.73171238482,medium
SIT-safe,28098.20733158971,28113.067661359888,medium
SIT-safe,12440.636772755879,12474.014408967201,medium
SIT-safe,13256.2941845505,13417.676956611238,medium
SIT-safe,22144.226202861402,22151.95628298865,medium
SIT-safe,13527.976725400482,13545.327900172786,medium
SIT-safe,39852.57997359709,39866.6068599367,medium
SIT-safe,7558.377638514879,7578.598668541716,medium
SIT-safe,7047.991033111992,7094.404419011187,medium
SIT-safe,23505.833413807006,23545.70785970535,medium
SIT-safe,10959.098565181112,10995.463012217831,medium
SIT-safe,16097.51077074052,16118.402804486224,medium
SIT-safe,20070.844256183245,20743.063597289023,medium
SIT-safe,13168.747654487039,13204.580389730674,medium
SIT-safe,11971.055603733368,12127.057207443093,medium
SIT-safe,5829.427044284804,5843.463977222957,medium
SIT-safe,45219.43525397356,45254.128119719724,medium
SIT-safe,7449.695446768725,7461.389645110476,medium
SIT-safe,15887.767064157704,15938.1232761997,medium
SIT-safe,16908.75537199347,16917.119821321416,medium
SIT-safe,16107.105453789385,16111.067937515058,medium
SIT-safe,11040.270743335052,11070.716349454218,medium
SIT-safe,20207.81371870658,20269.714704795453,medium
SIT-safe,10173.262553878443,10320.149655137524,medium
SIT-safe,13415.437800808815,13424.5051697868,medium
SIT-safe,13378.8704768491,13416.589341592238,medium
SIT-safe,15257.986978321442,15304.18079360711,medium
SIT-safe,13942.120624471203,13952.756149102854,medium
SIT-safe,10436.946473787439,10500.105006606103,medium
SIT-safe,12616.326984963525,12634.076108851827,medium
SIT-safe,34077.252379701495,34099.69822040946,medium
SIT-safe,10767.620250174956,10827.82695186831,medium
SIT-safe,18622.318967669322,18655.151707536796,medium
SIT-safe,15680.292427645682,15751.269352793839,medium
SIT-safe,15673.005653995731,15707.609097073953,medium
SIT-safe,10181.976842240978,10193.406277313165,medium
SIT-safe,7459.103070845012,7473.671391654188,medium
SIT-safe,22987.278608540313,22999.20817696135,medium
SIT-safe,18843.040638894636,18888.413967523913,medium
SIT-safe,24096.645683730243,24119.94553401506,medium
SIT-safe,10502.735716395173,12085.154568474682,medium
SIT-safe,16872.1658806456,16903.324082789055,medium
SIT-safe,14958.652402091766,15019.81396467733,medium
SIT-safe,55649.1250673182,55776.85403374903,medium
SIT-safe,13032.148135164089,13057.950026285876,medium
SIT-safe,30358.399189247495,30367.081807150716,medium
partition,10792.312880193895,10819.162716542807,medium
partition,11856.527971143238,11885.960071724588,medium
partition,11173.26138990606,11194.012794794868,medium
partition,15536.284693077623,15577.093136922183,medium
partition,12570.565521546427,12584.221988688007,medium
partition,9037.596623927897,9071.36718011049,medium
partition,24512.37912341976,24531.325545025826,medium
partition,65212.74442793112,65304.46358603327,medium
partition,47247.32300931767,47268.11022222151,medium
partition,13451.181812375647,13465.693591082956,medium
partition,6991.911291349289,7043.323229128307,medium
partition,15061.883355952199,15082.526391931182,medium
partition,16484.002021830845,16495.987089282567,medium
partition,7611.305299945034,7641.437091364584,medium
partition,35798.755018054275,35803.109053179025,medium
partition,11072.976163844636,11099.148363481738,medium
partition,6226.8230428198995,6240.366539241708,medium
partition,8257.60270813332,8394.488112628736,medium
partition,5564.774186871768,5619.235651740464,medium
partition,8547.46051334996,8555.041649436858,medium
partition,3195.038066661361,3221.286308405395,medium
partition,6358.9644751452315,6369.397982231916,medium
partition,10155.604992702638,10258.71921618508,medium
partition,5319.733902650775,5349.266959772691,medium
partition,46747.62266832266,46764.53744089077,medium
partition,17228.1978524596,17253.753814748176,medium
partition,7379.822537835559,7405.944312725038,medium
partition,15161.199226198602,15181.710322608269,medium
partition,10977.911755300123,12468.749558570715,medium
partition,18465.65539283367,18490.560418951227,medium
partition,14177.631370826897,14243.058924861665,medium
partition,9136.799705919315,9168.679704262782,medium
partition,12313.129860185425,12358.243279155875,medium
partition,9651.838981611329,9655.544643086308,medium
partition,18865.098520261305,18881.997645804662,medium
partition,11137.620238460491,11177.602058917479,medium
partition,80693.14549975224,80716.30986414905,medium
partition,17845.541887862466,17876.036816263935,medium
partition,19942.506801803218,19971.47125023563,medium
partition,12570.732019069885,12597.583209170087,medium
partition,4482.392997344261,4487.156606340144,medium
partition,11733.828166088237,11767.234523089446,medium
partition,9061.311860721893,9184.998724164032,medium
partition,7222.001055091125,7235.9163284682745,medium
partition,8875.150732791415,8883.147492998602,medium
partition,22975.073074268614,23007.739333128826,medium
partition,6278.7505750364535,6287.532399014297,medium
partition,14440.592837559894,14466.594397780154,medium
partition,10738.27107227981,10740.643493950753,medium
partition,11507.341767638702,11539.138142043084,medium
partition,2711.4039050795986,2734.022938187734,medium
partition,13836.923964320535,13875.837597271387,medium
partition,7983.938446135141,8028.383812470065,medium
partition,24669.724159817244,24861.768496904748,medium
partition,6803.384429082192,6813.507564882737,medium
partition,14817.380558184173,14861.483006570641,medium
partition,4908.972906911134,4923.271760500818,medium
partition,29514.45141023103,29680.699326137255,medium
partition,26828.730781507387,26835.660060939594,medium
partition,8109.184725855346,8129.165766675847,medium
partition,9259.192363089276,9287.652345286864,medium
partition,6710.344052691482,6725.60226311554,medium
partition,29847.669351600165,29889.937085103622,medium
partition,77909.0434002784,77951.67257940694,medium
partition,6297.441303453446,6323.930392661357,medium
partition,19515.350258099308,19536.193016590758,medium
partition,13444.384425732465,13504.745371063356,medium
partition,12090.554867307084,12137.315461138534,medium
partition,59871.46645778768,59883.77428360059,medium
partition,10523.062637830062,10548.002959129131,medium
partition,32396.271439973625,32396.956694063574,medium
partition,4420.001393608804,4424.177879067358,medium
partition,22682.962154423007,22779.395912640044,medium
partition,17014.019955888056,17025.852591504332,medium
partition,3997.002416733123,4005.0968530233195,medium
partition,5926.443455145908,6953.271941334511,medium
partition,17171.102369391017,17188.60202264094,medium
partition,27080.974677113736,29152.834998813836,medium
partition,5229.326959468029,5293.882332685111,medium
partition,7035.021851058847,7054.213661054726,medium
partition,12145.795004933027,12151.386134554177,medium
partition,10886.67190575958,10955.691268009306,medium
partition,7403.423519849982,7425.910998392626,medium
partition,17641.92275125033,17673.005774562494,medium
partition,19484.012259340452,19485.8758324581,medium
partition,3960.5663463518313,3992.663524917365,medium
partition,11878.804587959728,11896.832171451573,medium
partition,13795.450846947004,13930.589609568498,medium
partition,12299.969836174287,12312.771122663027,medium
partition,8511.091034715842,8520.334948582607,medium
partition,19296.412103131206,19302.50446177109,medium
partition,6864.11960474284,6896.505416940005,medium
partition,15317.286623307362,15352.629932290361,medium
partition,4313.287303119318,4328.524771145991,medium
partition,5395.160320546237,5405.997010959203,medium
partition,5279.520313144033,5290.6196650941,medium
partition,9158.345769351907,9193.622329928388,medium
partition,9608.222595750136,9698.048202324393,medium
partition,10687.325332887624,10701.759892374237,medium
partition,17967.310239444843,17980.689647199986,medium
partition,7695.135986473875,7702.230148878314,medium
partition,8444.185335446651,8470.124339335507,medium
partition,9018.68825837524,9039.88862813655,medium
partition,7571.154621455448,7606.252275617555,medium
partition,13951.892001792325,13964.57657061726,medium
partition,4288.392002733657,4313.62541226291,medium
partition,10262.62718095709,10293.543362272743,medium
partition,9626.25745098064,9636.665281676605,medium
partition,4309.1203298997325,4316.023667401714,medium
partition,7678.723839925143,7747.555470412852,medium
partition,24486.959377021467,25659.9063184572,medium
partition,7461.361718487938,7484.270997462081,medium
partition,23157.81980496291,23243.522842946568,medium
partition,16756.36406229914,16779.725102947672,medium
partition,9386.051613749843,9406.454335324059,medium
partition,7199.911390430625,7211.77512220219,medium
partition,2554.4605316365914,2573.6252348301305,medium
partition,9539.190164325833,9570.011611107897,medium
partition,29381.25420520677,29410.862519718416,medium
partition,23913.029086691564,23955.1279395449,medium
partition,3544.2584627028614,3560.9344596701126,medium
partition,6132.154181352761,6139.4596229517865,medium
partition,15967.437782230929,16009.424017076875,medium
partition,7556.017668309659,7565.903683185102,medium
partition,20107.40071747879,20122.314158367735,medium
partition,7802.193995683882,7832.779000881041,medium
partition,8256.337568627649,8284.62003442605,medium
partition,33026.1116256204,33067.137718438025,medium
partition,11957.50746484152,11970.187542347441,medium
partition,18242.544751011217,18255.007515586523,medium
partition,15264.7387814813,15285.901692103369,medium
partition,68525.67642038318,68551.29940285161,medium
partition,21326.436806315094,21432.801772492232,medium
partition,10751.477223213938,10761.612574600325,medium
partition,4641.999977650652,4643.453881989446,medium
partition,20590.584456524637,20645.29618459299,medium
partition,16487.77276147462,16534.955865177,medium
partition,20631.06119634238,20704.000078181016,medium
partition,8800.130839195692,8813.503701687212,medium
partition,5473.8051480586155,5489.531631045097,medium
partition,11527.476151537805,11542.782424756591,medium
partition,6352.264048065148,6374.262305315386,medium
partition,6867.940265656797,6903.7945533000275,medium
partition,31343.77943594626,31364.246679475014,medium
partition,12732.520426481313,12739.394114650615,medium
partition,21003.047359022803,21027.169117997488,medium
partition,11034.569747290307,11056.605585897938,medium
partition,10540.952172337184,10581.833664835041,medium
partition,59695.62068458648,59714.79915959226,medium
partition,14086.729602848523,14088.6712968643,medium
partition,22377.146355466284,22425.077454373808,medium
partition,20602.76968507217,20615.526070650147,medium
partition,10150.082180961526,10217.021710291205,medium
partition,7363.682797824028,7487.738701237636,medium
partition,17656.0459704492,17686.230798940385,medium
partition,6968.554355130881,7044.928264223034,medium
partition,34080.18226741211,34089.08473317545,medium
partition,5500.121178342488,5558.517145184535,medium
partition,10466.774110635408,10618.922175873544,medium
partition,25627.539734463302,25655.904531542088,medium
partition,10436.541397579804,10452.046672071087,medium
partition,18913.222352579003,18926.207540112984,medium
partition,8619.749714279125,8777.065961555618,medium
partition,11103.049986852311,11161.689346180228,medium
partition,15219.140576296997,15225.481383647402,medium
partition,5144.25377317972,5151.004093607138,medium
partition,34258.72770312639,34287.514480615384,medium
partition,13100.199270957999,13108.74761633981,medium
partition,9928.753523748635,9944.066951018729,medium
partition,11130.66911493003,11148.41241631965,medium
partition,7160.127926636214,7229.372739968207,medium
partition,13211.465476804564,13225.976556986598,medium
partition,11369.223537015117,11387.126762810054,medium
partition,9287.52550858871,9301.62844888098,medium
partition,23165.86532400494,23168.96128847979,medium
partition,24718.897991804464,24759.468357724712,medium
partition,17322.49365648534,17343.129225760884,medium
partition,11901.10483624145,11918.631145857897,medium
partition,16081.705770936676,16090.922945472314,medium
partition,10508.250058227928,11304.536989451242,medium
partition,12750.661905419758,12784.306783149836,medium
partition,11569.151840436134,11584.357674165349,medium
partition,12071.77481212843,12115.727027543393,medium
partition,7629.244743113953,7633.098667878852,medium
partition,20617.66750260328,20637.273406650253,medium
partition,28559.617136711087,28613.005975889464,medium
partition,15328.431644830505,15352.404183877832,medium
partition,7323.2963226623,7347.511047775806,medium
partition,8540.677493782876,8560.465856414488,medium
partition,15809.891345772423,15906.649437474847,medium
partition,20046.286035062694,20063.225775821556,medium
partition,14211.414557401411,14244.727248143863,medium
partition,9245.680341529724,9330.417285322656,medium
partition,40448.97571984568,40503.273496323774,medium
partition,14549.740637142515,14552.212606871402,medium
partition,6698.507328708978,8717.569434467034,medium
partition,14884.329208882058,14904.759758274882,medium
partition,35096.696125550516,35206.74822078146,medium
partition,31050.24157810234,31088.719415535692,medium
partition,3520.0095564029525,3533.36265480992,medium
random,45155.95248634306,45165.65529386652,medium
random,21958.393280547065,21997.752657843717,medium
random,24533.512096709306,24570.298699781,medium
random,21444.893370043443,21476.630627835606,medium
random,35747.65754989817,35759.78303439624,medium
random,19431.336706521513,19454.309585137205,medium
random,25954.65901555551,26124.46305744075,medium
random,32376.04790890208,32392.765490199978,medium
random,30269.166133689243,30304.979528692995,medium
random,21069.554392662143,21099.98807528496,medium
random,33811.745348671924,33852.30080333089,medium
random,27168.30644327937,27769.00864924215,medium
random,17148.969427840293,17213.137362249756,medium
random,15013.699193633624,15062.564054829272,medium
random,21133.166601231933,21163.50688327512,medium
random,19189.99386868729,19215.578111795592,medium
random,20171.784340577407,20193.219697748274,medium
random,30273.6030940145,30478.534960976554,medium
random,15629.529886568966,15661.565444405607,medium
random,21116.729457190428,21143.36479274881,medium
random,31116.671900865644,31150.39453039004,medium
random,22924.386052750328,22941.222980885246,medium
random,30712.085033145097,30774.34331429911,medium
random,29740.24515125613,29768.090357226414,medium
random,27533.211481028764,27537.68290975038,medium
random,38058.04500732178,38150.743690528805,medium
random,12196.724394363251,12212.562139733604,medium
random,19668.173566064786,19674.188200743876,medium
random,17741.19170416582,17752.260669979776,medium
random,15994.010354609738,16023.111225413559,medium
random,22785.33759979833,22793.216038292703,medium
random,19014.281760700982,19034.598346032515,medium
random,23003.08509814807,23086.40469119187,medium
random,18495.54489857157,18578.36099184357,medium
random,14837.21174591321,14867.930541771953,medium
random,25690.25267359197,25739.192878330883,medium
random,15330.461378635302,15394.402609348612,medium
random,23934.252449705506,24096.030681687047,medium
random,14980.771350640873,15021.29857908838,medium
random,19170.595485632806,19192.69239886809,medium
random,30106.35433712057,30159.58994383237,medium
random,28154.599541971587,28171.77632952267,medium
random,16803.23976235431,16806.65310050181,medium
random,12981.549241585366,13004.293242853199,medium
random,30981.731458853395,31003.88963650778,medium
random,41786.70646307028,41918.327456576575,medium
random,9750.557216633188,9983.433029170443,medium
random,24298.039381454015,24378.03739444621,medium
random,24055.967473063443,24078.19622472104,medium
random,54235.647213731485,54253.386004065214,medium
random,26194.01334862457,26208.054759166138,medium
random,19301.5705345319,19316.145387008277,medium
random,18091.161740789492,18098.024478606287,medium
random,22300.901149800986,22325.202155970794,medium
random,28219.41061267382,28250.117262149997,medium
random,22992.395983998682,23019.07536969466,medium
random,28370.489348642714,28383.43759646235,medium
random,21907.883279720263,21976.52607903636,medium
random,15391.43013726018,15456.47896931347,medium
random,81033.04144452767,81066.54799188391,medium
random,31500.362781290754,31560.05885379704,medium
random,22758.01678503338,22771.713161627442,medium
random,24862.523102491978,24894.128469961463,medium
random,14308.662411677156,14323.95701039441,medium
random,14293.180586563072,14310.811264859578,medium
random,19928.850249958843,19966.14611911174,medium
random,13137.106904079621,13175.176519319766,medium
random,17322.130854901443,17409.43278188048,medium
random,18387.790733358423,18426.924957480955,medium
random,11605.017965331506,11620.918200060845,medium
random,25628.524985526816,25650.880470342956,medium
random,24303.172537798826,24355.897001105546,medium
random,20416.74044867841,20507.47492335111,medium
random,16143.020868004582,16168.999064762516,medium
random,24559.62097641303,24570.328306315903,medium
random,15948.361338287585,15953.116264670989,medium
random,16170.800607715537,16204.205323754997,medium
random,24068.77720364856,24117.08851744638,medium
random,29061.93905421078,29066.750709760192,medium
random,12988.557568846663,12994.026489596816,medium
random,38838.49560509938,38903.56061281475,medium
random,20751.23377850857,20810.51006535852,medium
random,30935.24011260663,31110.33736478226,medium
random,32897.4036305674,32924.13556496042,medium
random,46629.07079898222,46657.15192646024,medium
random,17774.343980234953,17828.6244707695,medium
random,25783.016115571896,25817.55120818971,medium
random,23035.864162810718,23132.745105108203,medium
random,15261.358048723294,15273.87947383798,medium
random,26811.10854130771,26816.790312072524,medium
random,17012.193656551844,17046.779155054544,medium
random,21210.78678197718,21238.779770320092,medium
random,25388.11871619431,25431.538380359914,medium
random,20427.281122227625,20444.935273517924,medium
random,13258.852771414684,13266.975868727266,medium
random,14079.250958240616,14104.381872630189,medium
random,31874.070057664096,31893.956750257465,medium
random,131331.24187247534,131512.7467745805,medium
random,12863.51961525616,12884.853216315438,medium
random,27827.153146513258,27850.159538543667,medium
random,17188.76212527913,17247.19721361993,medium
random,16750.317349776098,16839.061128677262,medium
random,17111.00712875569,17155.93789846912,medium
random,53410.59909173868,53444.53562766403,medium
random,13491.246912288234,13507.889025958313,medium
random,18319.434499155308,18391.054422812987,medium
random,13637.571907423582,13659.925864127354,medium
random,16530.301406443406,16572.24890920966,medium
random,52142.45827774783,52150.205250394836,medium
random,36447.85305104557,36488.20612797932,medium
random,39384.11541991249,39424.7783518098,medium
random,19472.076979713707,19527.285964296247,medium
random,16086.244152516894,16156.760883975656,medium
random,24234.40665750152,24241.909112726076,medium
random,27684.94051033067,27702.103766907247,medium
random,17949.51789458202,17980.572542253074,medium
random,15316.937568056508,15346.078424238818,medium
random,17662.755393525524,17731.07154103214,medium
random,23871.589934711235,23895.16070082998,medium
random,30037.95105098975,30040.75318150339,medium
random,62609.316938930475,62626.94568771671,medium
random,13947.663295120932,13988.759986709432,medium
random,12705.75600092093,12747.462588171527,medium
random,24486.43616351615,24560.831688325925,medium
random,21567.165391055118,21567.466922299634,medium
random,20744.832186047184,20783.75072510088,medium
random,19572.07715840048,19587.02061008162,medium
random,16001.444962565289,16047.408435134177,medium
random,21217.620606366618,21351.928007044422,medium
random,32185.234611997814,32207.34259276026,medium
random,16592.982026302252,16642.983017695144,medium
random,22564.330921389257,22578.207216473966,medium
random,24255.74617778149,24276.81684803483,medium
random,28736.83937009001,28746.462435199515,medium
random,16508.33944280863,16532.48686515962,medium
random,98535.52253784506,98605.80772211464,medium
random,16699.290944433797,16723.7335417361,medium
random,28939.50610932024,29000.624403496084,medium
random,13587.582758522556,13639.080679481052,medium
random,17701.524472982957,17728.31919820609,medium
random,24969.545079904998,24994.627775375833,medium
random,21524.406571388427,21537.503216533583,medium
random,11736.855785288826,11824.769969939625,medium
random,27325.380866909112,27343.85116473672,medium
random,11476.264826821063,11502.701038245279,medium
random,15753.75309282292,15770.77034319923,medium
random,12551.8098503043,12568.471939637198,medium
random,22873.13968940636,22916.610274602914,medium
random,19905.100598830173,19921.77595370171,medium
random,23831.033246670497,23843.89531384901,medium
random,18966.336261401997,18975.66283331479,medium
random,17351.75871552213,17410.502573251877,medium
random,17031.94267742291,17064.528180931964,medium
random,15532.285915845414,15552.086972639012,medium
random,18477.755123005038,18498.157300574123,medium
random,26901.394472128537,26931.136530036685,medium
random,37255.121346201224,37266.35460169386,medium
random,12507.65922922438,12592.133256142264,medium
random,26013.2821014102,26053.494305494354,medium
random,84029.7311894786,84064.74899617716,medium
random,18197.549591623134,18334.116134695403,medium
random,20830.257516696205,20832.51668324624,medium
random,17118.998183851454,17196.351424264743,medium
random,10475.317958310174,10506.54370037702,medium
random,34177.8804603808,34211.68955151722,medium
random,56317.24928976931,56324.20865860334,medium
random,29389.221680652503,29450.080580566802,medium
random,9536.97072039151,9620.617878095647,medium
random,28390.08450978436,28408.979448544516,medium
random,22690.944383553524,22697.57286903293,medium
random,20415.66476965893,20435.904297341276,medium
random,13385.988346641225,13431.3394784969,medium
random,18874.76410311542,19030.447432391433,medium
random,19950.192985247195,19970.524807347563,medium
random,22133.112023748337,22159.074274107443,medium
random,15898.431528338178,15918.770113340615,medium
random,24101.921506173778,24131.531128543684,medium
random,60134.57021080167,60153.93377586146,medium
random,15525.013150915998,15544.75164533671,medium
random,24065.32543619245,24078.50760641058,medium
random,35716.32401122416,35740.74119171804,medium
random,28544.748437659626,28588.797915043648,medium
random,17079.88699429566,17234.78581281159,medium
random,45231.14099684714,45234.82803224436,medium
random,20327.59499404376,20348.48628509095,medium
random,46189.00207725476,46217.922567024594,medium
random,28164.55380002773,35911.6438190113,medium
random,18993.949165958027,19041.1927731425,medium
random,16543.10612896123,16614.423523767444,medium
random,36473.83575215457,36510.05822705374,medium
random,12975.9651956332,13004.984480659507,medium
random,15851.650611782414,15865.208010890534,medium
random,18436.906120482367,18450.91526322819,medium
random,33518.340400814865,33548.42344282723,medium
random,48576.866513116416,48600.13327074911,medium
random,59924.468112924646,60014.586808450644,medium
random,16913.15690612366,16973.286877312206,medium
random,34381.96255735672,34450.87136690866,medium
random,103941.88406617727,103953.82356264422,medium
random,10393.497370476105,10429.225800449027,medium
oracle,14553.917650174179,14581.28314626699,medium
oracle,14294.50808530989,14302.804490616938,medium
oracle,36889.07562526258,36966.158839309224,medium
oracle,43871.10455817049,43873.99121783357,medium
oracle,27648.28118200293,27665.631575623338,medium
oracle,8849.660395216126,8867.82319202976,medium
oracle,12432.458940622493,12470.931817969358,medium
oracle,21275.86280901925,21315.469033377514,medium
oracle,12526.334830864045,12558.616275237368,medium
oracle,22616.439909186127,22623.624741215754,medium
oracle,8031.871214721981,8047.878147577284,medium
oracle,41628.87374450949,41644.36485491072,medium
oracle,9398.656035533193,9617.887051931515,medium
oracle,9832.265770787519,9845.84663506633,medium
oracle,23104.724233252677,23135.93183520928,medium
oracle,14264.449827404973,14295.553678827666,medium
oracle,8556.135077051724,8560.507294094503,medium
oracle,40023.810564611915,40288.35538498165,medium
oracle,31778.520580798853,32262.866654735724,medium
oracle,46924.17988511153,46941.92674918969,medium
oracle,27453.485428659624,27463.44135419001,medium
oracle,8903.765407571695,8930.95042504874,medium
oracle,20538.083936010295,20571.34706539003,medium
oracle,13570.793933164674,13577.33866678455,medium
oracle,26164.89685439901,26171.044250369312,medium
oracle,10464.701018188016,10465.855808931736,medium
oracle,19287.733008802094,19294.40549657509,medium
oracle,13697.783098434196,13737.70079385903,medium
oracle,12217.605982316716,12247.103732455282,medium
oracle,15442.8362628394,15450.971872480946,medium
oracle,10505.781858237171,10656.95133673948,medium
oracle,11935.562575291044,11952.039804503049,medium
oracle,12589.333674135585,12689.835038100082,medium
oracle,17553.515569559808,17622.12988988386,medium
oracle,9049.612647807517,9064.211709315465,medium
oracle,21264.91167476473,21330.882858847173,medium
oracle,22857.79740794977,22869.808034110054,medium
oracle,11904.20631162715,11953.09080475307,medium
oracle,14202.849510350925,14242.137590909071,medium
oracle,18609.97292149465,18621.663709246553,medium
oracle,15282.29249308624,15288.76543690822,medium
oracle,15398.140445129418,15402.11943815561,medium
oracle,10767.988755497887,10905.423578398491,medium
oracle,53591.71374430646,53648.84431825683,medium
oracle,15847.56162667378,15866.877648528594,medium
oracle,18404.238055725695,18443.878287607673,medium
oracle,23065.68133148145,23070.828461710495,medium
oracle,16521.546280796058,16614.071875829148,medium
oracle,12660.68131999996,12710.651746728197,medium
oracle,14529.278108363773,14536.011183963921,medium
oracle,14427.364600399811,14439.26538648711,medium
oracle,18223.295597029057,18257.32112789738,medium
oracle,7486.831313492642,7548.393227723978,medium
oracle,16959.076585122704,17018.015394049406,medium
oracle,12158.473024255474,12178.728701922912,medium
oracle,25047.00362232289,25062.947478490714,medium
oracle,86350.25849872509,86373.17484607546,medium
oracle,19811.939052215475,19874.37885225995,medium
oracle,19792.327822520863,19808.61594627001,medium
oracle,11280.165521520838,11285.630359235143,medium
oracle,8983.917522606558,9001.951772390705,medium
oracle,11965.246407081495,11984.124220495341,medium
oracle,22175.710090957098,22181.65862028127,medium
oracle,10236.361142595526,10249.785914230572,medium
oracle,8369.598722476565,8376.790638401948,medium
oracle,15018.11740875095,15032.185387010883,medium
oracle,8854.414226127346,8879.196467038939,medium
oracle,11507.279444005577,11619.65847205549,medium
oracle,14454.74368461918,14463.14451560866,medium
oracle,18138.198588591324,18154.130413925122,medium
oracle,18144.556209058843,18235.226985349836,medium
oracle,12717.880350666921,12743.421255594676,medium
oracle,17058.4317622547,17146.304608051905,medium
oracle,11936.765430351425,11965.40918633682,medium
oracle,15572.051090524168,15577.51004973995,medium
oracle,12445.544704022155,12468.636746618664,medium
oracle,16839.47163887783,16845.519862403475,medium
oracle,27260.12925928449,27329.96774317407,medium
oracle,15040.116514861431,15067.33946625458,medium
oracle,23074.147937572845,23091.54431906963,medium
oracle,133945.16378875214,133962.62923822209,medium
oracle,10457.84094642429,10500.794442579536,medium
oracle,15789.174590391667,15809.077460070177,medium
oracle,13674.508151487838,13682.282270754189,medium
oracle,26108.73818256264,26137.244777386608,medium
oracle,40515.09970262235,40540.51690735637,medium
oracle,10269.268685038109,10294.279677308237,medium
oracle,13302.92429717399,13326.75341092941,medium
oracle,16667.939870218772,16698.54190038333,medium
oracle,12614.765660079036,12639.593164796226,medium
oracle,11981.835253780917,12035.199547375327,medium
oracle,12615.29635404336,12640.601024849133,medium
oracle,16035.157838810876,16068.203881967987,medium
oracle,11465.248956323132,11533.349891662536,medium
oracle,11516.980024945424,11518.847460623661,medium
oracle,7457.3948524318785,7520.133086579479,medium
oracle,12280.149678328453,12290.34205648819,medium
oracle,11983.071718171694,12044.51524973292,medium
oracle,46875.49674760149,46930.62572060131,medium
oracle,18560.87845433252,18570.067733402117,medium
oracle,19104.70746684774,19134.270745053786,medium
oracle,10796.939977154212,10830.312304934712,medium
oracle,14636.65458206963,14672.569842908953,medium
oracle,9984.144900885445,10012.062384370092,medium
oracle,9492.316565587209,9497.226690456811,medium
oracle,21803.4733185014,21816.793103245,medium
oracle,63614.300465005035,63627.10735171944,medium
oracle,11981.957891401042,12014.684628684223,medium
oracle,14995.64639360186,15004.881466264724,medium
oracle,13947.528042400314,13964.237757079378,medium
oracle,15161.263309650667,15204.16811652708,medium
oracle,34040.31229363686,34078.58221654505,medium
oracle,81010.07641264673,81061.35404220094,medium
oracle,17480.191250685093,17496.52339776567,medium
oracle,12871.664162313635,12887.392685311714,medium
oracle,29238.973622213565,29254.312116523975,medium
oracle,15551.716174461359,15603.836300688623,medium
oracle,20723.223725332573,20756.992963250836,medium
oracle,8562.558144801242,8571.585911226237,medium
oracle,12898.800932348351,12907.310375068926,medium
oracle,15017.690164794625,15064.630528770427,medium
oracle,12443.293435633155,12447.551609204384,medium
oracle,16367.191795940893,16455.403309386158,medium
oracle,15794.621555816624,15827.471160790501,medium
oracle,11272.336203947885,11284.957813696536,medium
oracle,30714.21884407408,30739.467012520377,medium
oracle,13865.048674341502,13880.853538193025,medium
oracle,19148.642971282006,19234.5752036037,medium
oracle,13395.17051771187,13719.22616845977,medium
oracle,13979.581069193982,13988.443584170402,medium
oracle,10429.670945319032,10433.820802202335,medium
oracle,20291.319591803636,20390.62324018065,medium
oracle,13119.369093220253,13161.429784069685,medium
oracle,11515.453145729798,11537.695243215474,medium
oracle,14834.258621360153,14851.535758816692,medium
oracle,25556.4855866422,25587.960618502635,medium
oracle,19179.621041893686,19219.096105394034,medium
oracle,20728.33013422308,20922.180884375368,medium
oracle,18802.330922743255,18854.046588589164,medium
oracle,14233.94843378171,14247.975380367889,medium
oracle,12651.485395621628,12722.584039801637,medium
oracle,26004.026323418842,26023.26651125009,medium
oracle,13577.142749925692,13729.824617488746,medium
oracle,11474.795079929234,11486.262785353003,medium
oracle,14547.438247833272,14569.51123146793,medium
oracle,23534.97587977322,23544.89817076828,medium
oracle,18768.32848415113,18773.201482155884,medium
oracle,33961.52264646925,34014.06495997523,medium
oracle,13452.814709445172,13516.292831377163,medium
oracle,9720.596321944095,9723.06484273043,medium
oracle,12568.246422649678,12579.57463634651,medium
oracle,18840.071520707665,18905.861974547865,medium
oracle,99718.09911288902,99799.74292937008,medium
oracle,7939.4320437157885,7949.770554168593,medium
oracle,34282.48188327487,34292.02708859458,medium
oracle,20903.243789310236,20959.80706726097,medium
oracle,12129.59864132859,12145.060125309208,medium
oracle,7564.017941358951,7619.19863244529,medium
oracle,31121.22224269816,31147.09225827283,medium
oracle,12653.395801794473,12680.61327530638,medium
oracle,26091.643338391867,26121.02229838827,medium
oracle,7784.197117802456,7786.578788093855,medium
oracle,19520.710192101385,19706.27526456545,medium
oracle,7637.269561074083,7698.321988999508,medium
oracle,27643.462250703647,27709.789577290612,medium
oracle,9412.947792315108,9436.465065496988,medium
oracle,13607.895939429834,13636.359135431627,medium
oracle,22420.36604755274,22450.405475679567,medium
oracle,11768.19028065569,11800.637058519416,medium
oracle,24014.58992885832,24029.4700814909,medium
oracle,13445.58414715818,13469.29802435912,medium
oracle,15118.319429184618,15130.62199853034,medium
oracle,18732.43664536327,18794.93619381945,medium
oracle,27014.836915608223,27062.528910445893,medium
oracle,18652.9713800581,18664.69571374931,medium
oracle,17341.11629118692,17404.59250172472,medium
oracle,13821.758237932314,13870.046984966744,medium
oracle,18073.238601937916,18114.54701430384,medium
oracle,15380.362285727624,15396.42216445454,medium
oracle,11936.379212713678,11943.44423900374,medium
oracle,28313.312589645222,28326.217757576636,medium
oracle,16988.91680063565,17011.522648682163,medium
oracle,29605.52820226244,29795.50189381546,medium
oracle,11738.346379619425,11789.226813455265,medium
oracle,9112.174025784507,9162.23462054924,medium
oracle,35039.11577623236,35090.444030468396,medium
oracle,20373.815989672567,20396.60228676144,medium
oracle,22309.670863431336,22317.09764795526,medium
oracle,10573.613649890562,10578.639735124101,medium
oracle,20365.496739209262,20372.473932675715,medium
oracle,9897.129760787375,9925.70385359848,medium
oracle,15131.724240660778,15174.20842752125,medium
oracle,13277.970211280159,13347.632757374067,medium
oracle,11475.2288061384,11497.487656939247,medium
oracle,12580.566034826345,12586.900327278701,medium
oracle,20736.606816116175,20743.572251406506,medium
oracle,15792.747716925809,15887.118499258388,medium
oracle,32887.320818187734,33042.22622231832,medium
oracle,10922.533652512453,12899.619456153894,medium
oracle,21605.890695859256,21631.29059660044,medium
SIT-safe,16429.08570851949,16443.727299015285,high
SIT-safe,16802.086199997182,16831.085468227386,high
SIT-safe,20734.081045778883,20783.339268408796,high
SIT-safe,12831.959960676484,12882.279197942413,high
SIT-safe,11762.709193461844,11779.125061071798,high
SIT-safe,10795.799089905984,10827.786506533184,high
SIT-safe,15374.32067569588,15391.016056195564,high
SIT-safe,11925.270509680431,12000.808067122554,high
SIT-safe,19048.123835172984,19079.32622086824,high
SIT-safe,11963.798818560199,11970.604667416914,high
SIT-safe,17664.614900312965,17694.442373660895,high
SIT-safe,20334.297655306033,20357.11378894311,high
SIT-safe,17724.286023795943,17774.084586915138,high
SIT-safe,19922.324176618094,19950.44246390333,high
SIT-safe,25939.620460301154,25950.386743432686,high
SIT-safe,23168.96472315372,23174.398972167422,high
SIT-safe,27268.757985434742,27295.49039941834,high
SIT-safe,23208.8688061905,23299.873476778994,high
SIT-safe,15324.300874737153,15384.810943639746,high
SIT-safe,27354.184028192496,27367.426375379382,high
SIT-safe,14325.587838784102,14374.096965889268,high
SIT-safe,17517.14117208634,17549.650545675053,high
SIT-safe,26716.224225089518,26938.561579653575,high
SIT-safe,26290.72647011524,26316.650984768992,high
SIT-safe,24748.441811950754,24750.65542495273,high
SIT-safe,22105.991830851774,22129.522598323052,high
SIT-safe,16434.899360558054,16436.640073262057,high
SIT-safe,20282.925885155222,20340.911342536237,high
SIT-safe,16253.718442677155,16303.826622973585,high
SIT-safe,26067.752578139294,26083.661351490337,high
SIT-safe,18670.071912470565,18686.213129293337,high
SIT-safe,24757.92184893655,24770.190942929214,high
SIT-safe,81245.30525031422,81257.23058933049,high
SIT-safe,12697.181256964368,12726.63601548639,high
SIT-safe,19326.548542749013,19330.6279098055,high
SIT-safe,15796.63786388009,15817.773035228172,high
SIT-safe,24467.558501081916,24496.02279767214,high
SIT-safe,18691.03683274255,18753.14362988186,high
SIT-safe,13064.361785310399,13070.726142151852,high
SIT-safe,10336.61566619078,10359.46225634633,high
SIT-safe,24341.271265396605,24392.29570261376,high
SIT-safe,26666.905251694116,26692.76090353627,high
SIT-safe,35646.75314101587,35680.55356245871,high
SIT-safe,12689.9162033894,12707.140397178846,high
SIT-safe,15846.463475970508,16482.442917251123,high
SIT-safe,11076.132336906088,11078.317649223733,high
SIT-safe,20046.815245621456,20115.547084398037,high
SIT-safe,27136.704979838585,27148.977783527927,high
SIT-safe,14574.743651441295,14641.952379242253,high
SIT-safe,16233.08267329406,16249.31307767213,high
SIT-safe,12167.53805059585,12191.102581883395,high
SIT-safe,18260.9588524722,18328.354468243568,high
SIT-safe,13193.56958226894,13319.829382939832,high
SIT-safe,14711.628009467457,14731.279847717242,high
SIT-safe,11510.301120012311,11518.47611308695,high
SIT-safe,15560.563275111022,15594.547019454603,high
SIT-safe,15702.821667054372,15747.47368266878,high
SIT-safe,15917.026968771012,16001.671883062525,high
SIT-safe,26160.777243894132,26203.69308974068,high
SIT-safe,15867.820319792752,15878.722446387834,high
SIT-safe,13518.993076140068,13532.858383003444,high
SIT-safe,25638.371118976895,25709.40365534704,high
SIT-safe,21162.2336461602,21224.161552857717,high
SIT-safe,13491.734432697782,13510.414997748503,high
SIT-safe,14532.194575058258,14540.671901001835,high
SIT-safe,18156.633699822374,18200.257316201874,high
SIT-safe,34322.89022359566,42067.853774885836,high
SIT-safe,15695.129641681877,15782.007362651566,high
SIT-safe,23794.4261524577,23800.315932674315,high
SIT-safe,16454.451848411052,16531.784416784685,high
SIT-safe,16084.753450233977,16234.809893290785,high
SIT-safe,56422.588609855164,56441.09951000618,high
SIT-safe,30831.750328088845,30982.37253387915,high
SIT-safe,239263.91389888834,239298.68577243906,high
SIT-safe,16066.492091072432,16083.896303834852,high
SIT-safe,33897.11028322031,33908.63408495414,high
SIT-safe,13370.018782112607,13396.557410472335,high
SIT-safe,79329.84235924015,79361.01044638231,high
SIT-safe,46340.81861026588,46368.168738485765,high
SIT-safe,24985.295518035335,24989.02026081686,high
SIT-safe,12233.514741487003,12272.555535623686,high
SIT-safe,26176.331154012845,26180.583499486827,high
SIT-safe,25219.286762702966,25240.50057794999,high
SIT-safe,18172.43553427972,18445.161081993454,high
SIT-safe,15933.879901401395,15941.363275854354,high
SIT-safe,23352.675759182715,23407.31924567825,high
SIT-safe,21655.337862575852,21679.077802863587,high
SIT-safe,9366.949862409674,9451.887185337137,high
SIT-safe,14046.41751895477,14061.46136885239,high
SIT-safe,40041.01329473994,40060.52110008343,high
SIT-safe,11644.493419392742,11681.077872102709,high
SIT-safe,16248.95819041889,16280.489447458687,high
SIT-safe,19292.48432905858,19331.000859265132,high
SIT-safe,10156.667296530482,10177.682771220312,high
SIT-safe,15753.630654114695,15765.07376490207,high
SIT-safe,17937.034232669437,17955.808365439676,high
SIT-safe,19184.93789078475,19191.593554194522,high
SIT-safe,12318.470114749973,12387.507992046623,high
SIT-safe,23948.330331887606,28536.18093252243,high
SIT-safe,14066.414380663078,14068.516717679831,high
SIT-safe,12105.597379233275,12114.994023046209,high
SIT-safe,27286.93763858033,27292.042069304927,high
SIT-safe,16142.921204925902,16267.047539954885,high
SIT-safe,17662.759657220737,17740.380517776837,high
SIT-safe,21815.32274182736,21849.700934515815,high
SIT-safe,14922.197451002849,14930.914256624452,high
SIT-safe,14790.245849106706,14810.359507006495,high
SIT-safe,29071.779988534952,29178.38326258844,high
SIT-safe,18914.914866743955,18933.584434501252,high
SIT-safe,24910.90445114796,24933.79565414501,high
SIT-safe,16212.26022582703,16233.36499708709,high
SIT-safe,20602.129209561514,20644.815267792663,high
SIT-safe,36600.67433550716,36614.59719612515,high
SIT-safe,12157.410622046913,12184.610734388105,high
SIT-safe,15268.07352790729,15336.355719248455,high
SIT-safe,19105.107833843296,19149.247359432236,high
SIT-safe,20175.97733854443,20225.946526911943,high
SIT-safe,16440.272906564995,16512.537637676982,high
SIT-safe,26112.765704863003,26142.434598303083,high
SIT-safe,37072.784964509185,37092.716223137904,high
SIT-safe,7892.312754849211,7943.881215010622,high
SIT-safe,27932.08609484037,27982.66583339224,high
SIT-safe,16346.641573834771,16388.282131783693,high
SIT-safe,33091.74058988418,33104.062519229614,high
SIT-safe,12233.3129385673,12247.476482573673,high
SIT-safe,22886.96818684687,22945.654827497416,high
SIT-safe,15788.216190452255,15798.155583530553,high
SIT-safe,51617.73539006049,51745.71714130888,high
SIT-safe,43060.836407843846,43065.574479399926,high
SIT-safe,13361.533880598017,13384.571853153802,high
SIT-safe,15239.369859819231,15273.14860954274,high
SIT-safe,17624.306508435697,17635.60382867776,high
SIT-safe,12236.316651985035,12340.013979696996,high
SIT-safe,28105.577519275426,28110.584638270797,high
SIT-safe,18012.425790944533,18032.763159257633,high
SIT-safe,14188.232116736528,14243.439205468563,high
SIT-safe,112361.43494898274,112417.86071749365,high
SIT-safe,15012.63901596227,15156.751092421562,high
SIT-safe,43082.254405115076,43097.76880620985,high
SIT-safe,14956.38071896944,14965.436186277951,high
SIT-safe,13374.507667288992,13391.723815531286,high
SIT-safe,14796.22489682231,14813.589503195884,high
SIT-safe,26575.34195223328,26659.15918513194,high
SIT-safe,17510.76314068731,17588.171901239388,high
SIT-safe,21274.021834704014,21283.730617187386,high
SIT-safe,14587.87570473313,14610.451554009516,high
SIT-safe,17391.456250309926,17399.897797097492,high
SIT-safe,22673.085789052348,23051.96248907536,high
SIT-safe,13846.041718208464,13858.616995591705,high
SIT-safe,23121.2204963605,23137.029263104334,high
SIT-safe,60505.3253028543,60520.59110866611,high
SIT-safe,12351.348228775345,12363.534798665563,high
SIT-safe,33709.91261199613,33809.39606182107,high
SIT-safe,14369.193808609793,14409.09555463744,high
SIT-safe,28596.62822001023,28626.498626839166,high
SIT-safe,59442.594341747405,60517.62646904314,high
SIT-safe,14823.481718893088,14851.567049859194,high
SIT-safe,22817.083789668763,22846.016931282444,high
SIT-safe,13603.19742512968,16390.922146163546,high
SIT-safe,10471.262538822764,10484.776934351543,high
SIT-safe,32564.469970617138,32609.436129145444,high
SIT-safe,16672.10707881046,16703.204495936418,high
SIT-safe,22120.03892063638,22177.520498831887,high
SIT-safe,23907.22334603751,23940.893519103374,high
SIT-safe,16609.11977453076,16637.342717171232,high
SIT-safe,27138.74478642643,27171.78159565167,high
SIT-safe,27008.53266469995,27068.972860048452,high
SIT-safe,27766.706911993406,27793.37876672636,high
SIT-safe,37695.69449620822,37717.06905798528,high
SIT-safe,15926.788056888436,15952.480178244823,high
SIT-safe,11444.729638202078,11495.307276734613,high
SIT-safe,16381.011344789818,16391.807730342432,high
SIT-safe,17917.524388198275,18004.00497702065,high
SIT-safe,12940.57991527293,13025.627850689878,high
SIT-safe,13331.570183849874,13337.576368087908,high
SIT-safe,12449.829315888801,12481.553115024311,high
SIT-safe,19036.145488036833,19054.559536485063,high
SIT-safe,14272.151160665175,14778.3136890661,high
SIT-safe,20021.707789259337,20029.385266992824,high
SIT-safe,11876.132439953597,11883.854575643694,high
SIT-safe,16668.77089983898,16694.367606585376,high
SIT-safe,12772.000058822572,12812.965457511098,high
SIT-safe,33759.12259066053,34009.945659182755,high
SIT-safe,10946.399980612616,10965.438163998755,high
SIT-safe,32175.994167411925,32191.826466426504,high
SIT-safe,8269.068159772578,8305.570043231237,high
SIT-safe,40429.619888425426,40446.53276892562,high
SIT-safe,13899.425285656464,13956.08725403101,high
SIT-safe,11390.231911166085,11397.179425691516,high
SIT-safe,18954.07432259047,18970.59984188536,high
SIT-safe,52625.73375986297,52696.46446761537,high
SIT-safe,31610.814098739826,31652.01242726173,high
SIT-safe,9344.994492345699,9450.801215100406,high
SIT-safe,11703.834220800967,11749.99348031186,high
SIT-safe,35161.38432559086,35181.84279932351,high
SIT-safe,17581.43282103806,17606.171803582714,high
SIT-safe,22305.209442883555,22350.81945638424,high
SIT-safe,13142.493925520535,13169.572586583829,high
SIT-safe,51455.999708553274,51467.05854537347,high
SIT-safe,19309.999668967866,19318.566326978435,high
partition,23720.573432838806,23767.817781499936,high
partition,40244.28194276299,40257.28453264857,high
partition,26090.19138556074,26115.273237871883,high
partition,83618.88346603526,83650.22555464631,high
partition,13426.942802799718,13454.373493553507,high
partition,35626.520015276605,35668.6069620746,high
partition,18245.226310837188,18255.290126902066,high
partition,6377.908498523696,6413.366855930923,high
partition,13024.50126784276,13034.752885379392,high
partition,5519.7210241027815,5524.977893015647,high
partition,25211.083837875256,25361.85883189297,high
partition,6633.0251899316545,6637.851097831557,high
partition,15677.622360727268,15709.604054852225,high
partition,29448.895576242416,29470.945969462147,high
partition,50214.85779376953,50217.96973616629,high
partition,9889.791460290126,9911.088853143272,high
partition,10019.147346313632,10023.056536835482,high
partition,44042.066526166534,44136.68661983625,high
partition,12667.412728834965,12681.493294876145,high
partition,14461.906782268094,14472.962931074679,high
partition,5594.754962741818,5612.054811637846,high
partition,7625.116072319157,7630.371370198779,high
partition,9591.088835063401,9611.911817441343,high
partition,14635.661881894399,14639.331844080461,high
partition,10498.083724070722,10553.358429465497,high
partition,33871.486940147995,33917.660385853014,high
partition,25082.328415716554,25091.873007365193,high
partition,12131.138179530004,12147.372410936809,high
partition,12097.080354223626,12123.877669325087,high
partition,20329.576618533327,20346.393881583128,high
partition,10163.305786860563,10174.046041931339,high
partition,13229.802505886295,13237.844990743575,high
partition,9826.08775799291,9873.775562989857,high
partition,7887.482302653693,7925.762273739494,high
partition,15669.332792837648,15676.739294719511,high
partition,48816.42373695503,48836.68494195969,high
partition,23647.222882088965,23734.438810751082,high
partition,51949.25212949667,52133.87769553349,high
partition,10377.194036577706,10385.571004280719,high
partition,24113.876201438343,24141.42763849554,high
partition,12644.757293689137,12683.872789035586,high
partition,23506.150336451476,23547.230397415497,high
partition,12728.877870958018,12741.948895837266,high
partition,16120.859698333568,16167.507559746158,high
partition,3824.9265114347077,3840.450957382141,high
partition,14734.907002455007,14803.47311897797,high
partition,6735.3149272443625,6745.824104784596,high
partition,13263.84098348355,13328.21061769723,high
partition,10591.448757914539,10619.142226851676,high
partition,16947.31386412759,16966.965225200845,high
partition,33653.40036397196,33660.79516692551,high
partition,17901.917305241,17922.130523620755,high
partition,50471.102268536975,50501.78427897226,high
partition,12396.053559485157,12435.621612668438,high
partition,7105.258097000014,7143.198785424647,high
partition,14861.490319381825,14949.603574462362,high
partition,12723.378457359842,12750.365459587814,high
partition,40714.47852454281,40764.12811463723,high
partition,10230.765520824405,10247.69810084356,high
partition,10330.558893920399,10350.943450913328,high
partition,58568.98613463789,58590.504977348945,high
partition,6016.066614330733,6028.448162791627,high
partition,14954.218113137247,15099.411772925709,high
partition,7248.760686815321,7313.461113730096,high
partition,29763.208616122847,29792.1630405068,high
partition,5420.087560109991,5427.932842788356,high
partition,15259.351214907289,15270.258250422487,high
partition,23243.731575001384,23351.352258720875,high
partition,44251.462606566995,44312.22522456973,high
partition,5694.716299722262,5715.596928998499,high
partition,9600.669709054302,9723.46129648071,high
partition,8037.645260082007,8063.59961917689,high
partition,15257.907925080124,15305.982106583708,high
partition,8736.364287153783,8755.942987967435,high
partition,29921.020817043667,29946.310392826454,high
partition,15694.820294022413,15717.234298992757,high
partition,13248.981439297513,13262.178068189212,high
partition,11362.444964770597,11507.529618052853,high
partition,11972.774082941964,11983.026113963511,high
partition,23678.56197473605,23705.18203531459,high
partition,22601.930063492287,22611.417876313797,high
partition,10611.47672749191,10626.834721516858,high
partition,13949.69882743724,13983.529604669455,high
partition,33723.726449600654,33755.87625438461,high
partition,5773.012994868643,5782.731464966246,high
partition,8909.066899030227,8920.13363085625,high
partition,11987.073835196095,12005.980405812239,high
partition,6967.36204965425,7072.2475523103,high
partition,12632.18940052663,12636.884856531808,high
partition,10567.735074277023,10583.56130551545,high
partition,8451.82806513451,8459.925983313497,high
partition,15717.230840968174,15729.46848543343,high
partition,17046.301362396203,17082.557105893517,high
partition,14563.480225717722,14649.524309861099,high
partition,13139.490774758802,13157.820402799018,high
partition,7240.603690361473,7324.503703736207,high
partition,8571.740124339742,8587.802006044036,high
partition,18819.913907766248,18958.083993241504,high
partition,8592.456163134155,8605.658741107542,high
partition,31951.92022643778,31954.954554543365,high
partition,24831.052447573507,24856.488110582097,high
partition,9767.823097153807,9795.729606349218,high
partition,10261.419175404062,10344.641258157371,high
partition,22778.13009604662,22819.777315443804,high
partition,6961.847729933354,6979.681792239151,high
partition,3280.5728277646126,3304.023131081717,high
partition,8980.678457058088,8987.975229541818,high
partition,32737.530799032917,32763.037437802897,high
partition,73086.82272316243,73097.70770922274,high
partition,7552.575140281137,7555.106013090994,high
partition,6717.4962471294475,6746.111944920286,high
partition,16349.130940433563,16371.091200934625,high
partition,24055.716080433183,24109.474798753785,high
partition,14074.902777399753,14093.644143422334,high
partition,8894.82933678668,8934.557405683005,high
partition,17136.683358204762,17190.509012887956,high
partition,7640.496201292984,7679.273960280662,high
partition,25757.594348914372,25845.64253962257,high
partition,11441.902016147496,11484.544159285351,high
partition,19872.646862461388,19899.265795500993,high
partition,13160.297241603881,13174.545453204402,high
partition,13941.376258943728,14003.94785347246,high
partition,16547.20008106072,16586.401088550847,high
partition,37499.839626055014,37514.56180051662,high
partition,4966.368479461887,4989.57905662466,high
partition,16205.061131499995,16215.114243454977,high
partition,9479.303136591054,9527.795784491744,high
partition,231583.07590079916,231607.5373837814,high
partition,8791.030676856966,8805.725719333288,high
partition,11160.691359607401,11171.019969834919,high
partition,48907.99199095369,48979.55719273569,high
partition,11107.468855184701,11114.61389408421,high
partition,11838.554458142393,12091.371505709822,high
partition,11760.7024403453,11779.943816701025,high
partition,7773.438962820025,7775.347202419443,high
partition,11004.67846988155,11008.272282269583,high
partition,18885.257234693774,18902.112448294214,high
partition,30902.171825907535,30954.590334425426,high
partition,8593.024200207725,8610.680298664047,high
partition,10669.651599250514,10681.338069009249,high
partition,9361.233745887974,9386.447785321554,high
partition,11229.012364690057,11234.255498513256,high
partition,13853.029420222798,13902.98078373507,high
partition,13652.724837118805,13657.663068991915,high
partition,6943.030330596594,6956.629268514969,high
partition,24020.858664448977,24049.63003184829,high
partition,4064.4597953044313,4087.0961268816955,high
partition,26401.126516009437,26450.047850250627,high
partition,10674.60677073704,10685.482753103093,high
partition,6818.707000742489,6833.228588533224,high
partition,13907.292278692557,13912.337574010344,high
partition,30336.3206153366,30452.997604794826,high
partition,18171.72134021891,18222.04784723041,high
partition,35166.822287871124,35191.486369662976,high
partition,10615.154853668459,10619.155165897984,high
partition,6771.226996638392,6783.976971780688,high
partition,8089.960792106439,8113.046310944166,high
partition,11822.257458819973,11854.95062905629,high
partition,10843.577295415591,10870.743312201876,high
partition,12454.996286767577,12470.130669918108,high
partition,23486.985671844297,23533.243540033716,high
partition,13057.834758402569,13096.899433445074,high
partition,15566.309659181488,15621.31725720154,high
partition,10759.056610114865,10792.41245329969,high
partition,126173.78981046073,126180.609728971,high
partition,31738.296047292228,31755.852095621747,high
partition,17732.142598446855,17743.33451058846,high
partition,14252.978336490241,14269.803235229458,high
partition,9631.482742152264,9642.456251466963,high
partition,16357.475766836145,16368.51991355273,high
partition,8831.42187720204,8906.298292513673,high
partition,39473.15268886039,39491.28126205918,high
partition,8371.661882859375,8444.798659791071,high
partition,19563.199018123672,19582.473941634293,high
partition,27893.012182145078,27903.129526150777,high
partition,14264.493787933641,14307.012092280114,high
partition,17597.975971343403,17608.233076372286,high
partition,13152.364058954365,13386.381756318831,high
partition,9649.81757146691,9710.15804123421,high
partition,7468.767718645947,7473.027179949686,high
partition,10490.012120232963,10531.14577638932,high
partition,8510.500832811727,8551.346389818966,high
partition,6992.2421446949475,7075.314972687059,high
partition,19703.51157093606,19717.920023658677,high
partition,16804.25940578364,16814.184787772334,high
partition,16380.021786501136,16406.013144085235,high
partition,18429.284039937764,18473.54728672054,high
partition,15406.408918164645,15461.475868728692,high
partition,11035.389549653682,11063.258209594209,high
partition,21791.308451755885,21803.636501092755,high
partition,11250.923057650261,11300.110815097727,high
partition,38568.17577913099,38610.14665419078,high
partition,13169.573390995523,13258.065869836344,high
partition,10118.872218821763,10136.3918984299,high
partition,7982.343348950059,7994.328854663856,high
partition,11093.615604542834,11125.846735405095,high
partition,15476.838641398323,15492.92288329377,high
partition,12054.386147176097,12129.176506021326,high
partition,20607.159879514977,20614.472572600804,high
partition,9919.480075176698,9935.307192052358,high
random,59679.19868636957,59740.63088688023,high
random,47919.604787459364,47953.943211242426,high
random,28564.081724045365,28742.516956397816,high
random,65298.68643170369,65317.36526110442,high
random,23431.3462289509,23480.76054052484,high
random,35210.29659652882,35238.28876923589,high
random,24498.50906590695,24571.824535124797,high
random,30785.855305495854,31304.93045898444,high
random,17695.773369126146,17735.23032761659,high
random,18309.378430021185,18313.190045700674,high
random,19855.064767650612,19878.455045262803,high
random,37716.72288916082,37745.39703975845,high
random,21242.71324314974,21279.46190881956,high
random,39785.313371051685,39837.185421968905,high
random,34987.4364737544,35014.05883920203,high
random,23370.884872801522,23432.558966726538,high
random,47131.42980383608,47139.597066273476,high
random,21242.81486532078,21263.530103241064,high
random,25213.962906102282,25269.17075923145,high
random,25379.368641227848,25393.921398843362,high
random,119235.01468990695,119284.07110220961,high
random,20859.625127761723,20878.321255378563,high
random,31202.87450239352,31396.18749376605,high
random,26073.243132023483,26108.64438245538,high
random,26324.757796238922,26394.41200667618,high
random,51162.20977852529,51167.871977319504,high
random,34703.579889430664,34798.44897024712,high
random,33780.609896821254,33795.75942883633,high
random,25260.856012561802,25314.43761475471,high
random,62393.912593646775,62424.06037220007,high
random,56355.40085582481,56389.24487234844,high
random,20127.280309339476,20175.00327344382,high
random,20567.698474000426,20572.056971604576,high
random,20022.274531009618,20036.917674687873,high
random,19158.244542954923,19182.322332301766,high
random,54414.99822145106,54473.76168438811,high
random,24788.872013468226,24820.505084815282,high
random,20414.8574540933,20441.365494206522,high
random,24811.86444602951,24836.02422353469,high
random,36859.92980941084,36872.7426141513,high
random,63736.6532177133,63767.71215859479,high
random,27615.772109754882,27627.68289148975,high
random,19189.87248755327,19246.04805300115,high
random,24236.196790102465,24261.396158575317,high
random,69210.76095481434,69339.55582501955,high
random,57962.8134358966,58025.986109763995,high
random,22181.5840937291,22224.11499672308,high
random,22283.917332609144,22330.135575081484,high
random,19688.222876164895,19701.208585046596,high
random,44464.76738860681,44485.26661794122,high
random,56513.46047330784,56578.66327972706,high
random,32899.43654435882,32917.97528138062,high
random,27266.76560765477,27436.33501909837,high
random,29172.916529526035,29217.71450474362,high
random,20324.931091775867,20328.493620884597,high
random,15179.474428172904,15236.583113710916,high
random,17756.37833219684,17774.774570312657,high
random,70431.06639752467,70457.52121527347,high
random,19330.772805792458,19343.51847576403,high
random,27754.14514462414,27763.23245971974,high
random,40878.4406246367,40902.9457507427,high
random,19586.445791381757,19608.767972022557,high
random,26052.823981009133,26156.79487992174,high
random,22689.526296795433,23077.17709326482,high
random,21379.55226857795,21392.69947480582,high
random,57946.81116351932,57956.0063146373,high
random,15722.674947663765,15734.703355465324,high
random,26464.368737336143,26493.245394867517,high
random,19773.12881654866,19862.826743580066,high
random,23098.42987714498,23105.690088898,high
random,32053.36727467674,32090.245367207513,high
random,35425.55997544468,35439.06224870225,high
random,30784.899508479535,30865.007598729637,high
random,23334.034615319277,23387.103118027466,high
random,60509.20183169914,60530.00541125832,high
random,73300.91786999117,73334.09773726824,high
random,24903.965604106394,24937.952355018766,high
random,29119.77558113983,29200.586757952024,high
random,27372.64170811536,27443.1406834703,high
random,26032.78175452585,26041.10691131035,high
random,27432.892338488247,27451.491908376724,high
random,53883.765508138604,53908.33901856135,high
random,21950.718620392472,22026.39814884906,high
random,30118.60300491468,30172.73408942298,high
random,51309.36592381179,51310.920601888014,high
random,34583.65778617237,34623.50294259799,high
random,81896.00235642196,81916.77312339284,high
random,45466.35535563719,45522.1492201239,high
random,17407.16583939045,17427.098026149266,high
random,37123.4554572105,37144.002681129976,high
random,68762.14550063713,68778.01692462608,high
random,40752.433557622084,40793.490367968276,high
random,25893.264924551786,25993.548361329915,high
random,17865.22187576431,17880.20794110641,high
random,22483.776383034292,22524.532128414714,high
random,49594.74027470353,49615.968746515544,high
random,22637.515770196205,22847.076140319827,high
random,26081.56547282263,26086.902928932228,high
random,23147.102623072966,23198.283621121976,high
random,27520.577894779366,27535.894967441032,high
random,24680.99249821861,24692.513092916946,high
random,60173.7077012641,60190.008424560365,high
random,38999.95368683477,39245.10567534865,high
random,22815.25650632892,22879.619938010946,high
random,33380.24054126934,33381.04918563973,high
random,18556.474529165895,18562.752815694836,high
random,21890.6625806187,21917.654937138723,high
random,40614.99447597332,40714.1275435576,high
random,17242.123179391056,17261.0079491111,high
random,31146.54643084002,31152.46539789144,high
random,29964.356755160436,29991.75948897539,high
random,20099.222520177438,20146.212016486388,high
random,23512.96514661555,23572.134965015855,high
random,22947.952817303463,22983.543853081857,high
random,40249.206567651374,40253.64554056653,high
random,31559.259539144517,31711.669806075035,high
random,28349.967843984414,28368.731918239147,high
random,23368.61306136501,23560.145186762595,high
random,19766.55881598048,22480.782391587898,high
random,25223.98501566108,25237.306970070993,high
random,23679.505875829345,23710.352576153455,high
random,28315.917335283215,28339.341389975372,high
random,23321.207842862776,23360.38655704017,high
random,17850.112510088988,17872.186055099264,high
random,45639.236689268655,47776.41904239738,high
random,53193.33030685125,55176.74403415808,high
random,22992.810920880343,23017.42968676282,high
random,28989.54015020158,29054.2424762265,high
random,18027.57580947367,18092.4931024217,high
random,46815.830203889534,46843.13197523476,high
random,18733.173869457736,18766.115743692797,high
random,24966.67588650879,25014.242759693032,high
random,47832.65126741744,47886.145948214355,high
random,48219.283669030956,48232.33927077636,high
random,55620.57126290795,55630.36687427349,high
random,64561.01210699165,64614.70152754354,high
random,34840.518598874456,34855.14182603151,high
random,61715.08058000059,61720.52085203095,high
random,19042.617462726645,19078.607112690814,high
random,50847.7759737946,50863.096882623126,high
random,20623.240234260247,20674.146844398587,high
random,19178.297022803534,19206.743069789045,high
random,44252.23798008766,44295.6916754564,high
random,24025.183336711798,24034.293503930923,high
random,37393.5836971372,37425.69953940598,high
random,19169.996821731267,19191.295007101326,high
random,32529.584304737524,32575.5723550143,high
random,18893.76421724203,18983.842777195474,high
random,27719.754242812545,27724.26486821848,high
random,20590.45589265974,20600.010219863812,high
random,15435.930122857508,15502.955876944216,high
random,27427.194733224413,27442.876171037733,high
random,29432.03832431151,29456.724380205607,high
random,17937.69407311331,17995.970710625363,high
random,67752.08588347302,67769.43721531736,high
random,25399.101999378636,25453.921458954464,high
random,21902.594876839714,21938.174463811705,high
random,27317.144413880076,27332.53897581584,high
random,20496.368774777442,20520.193506839736,high
random,25547.278421489555,25559.694293745823,high
random,53913.89540939726,53938.22123855843,high
random,40083.129115109834,40101.27421221607,high
random,20637.523605114384,20664.88890372443,high
random,27087.82734443401,28004.170719640657,high
random,32852.621401604905,32876.24947460748,high
random,24881.72338025207,24888.476838615756,high
random,18591.73310882809,18618.02295677036,high
random,42474.92642403525,42616.771487914564,high
random,54170.69915961294,54207.24465779442,high
random,27775.1271680905,27801.376835097428,high
random,26321.962383851165,26342.92685763418,high
random,34534.70650601327,34561.95958248644,high
random,29758.67228528496,29812.919565502994,high
random,25377.205399690636,25386.65693836073,high
random,25393.78868486556,25438.75116900509,high
random,23970.295792059133,24049.710319895912,high
random,16128.102645325935,16147.863215528854,high
random,38265.1776988912,38319.83274744497,high
random,20176.487730985034,20194.292098332706,high
random,33506.099243047494,33528.736141517795,high
random,30336.20254667105,30374.70557699201,high
random,32900.320415671835,32984.28323751604,high
random,32093.64444210315,32252.567527602572,high
random,35336.151548906215,35360.58007270405,high
random,24554.824287889816,24607.214791786555,high
random,20320.233136312334,20326.697701470184,high
random,18018.123374340215,18023.62680974258,high
random,37381.85456484547,37442.64097879115,high
random,20844.741743672195,20873.89065980602,high
random,26076.677754320648,26091.789094097498,high
random,25611.690537228904,25629.344383939966,high
random,37001.58382155278,37100.56802332436,high
random,25873.169962080632,26042.076158113785,high
random,40572.516973577825,40591.38507712983,high
random,59522.34059347032,59568.37514138532,high
random,27019.37971585031,27071.44838259931,high
random,29607.10517208521,29646.74239391616,high
random,31629.18785653453,31697.862793444532,high
random,25990.875815822685,26030.166553747902,high
random,20961.092163839414,20987.989216872054,high
oracle,27197.101700826806,27224.616306230026,high
oracle,170464.23406865782,170494.50076683838,high
oracle,17942.572521966842,18043.822096503263,high
oracle,12968.946622167608,12979.045442456365,high
oracle,15519.043957836517,15557.32191113627,high
oracle,14547.69590493697,14591.820451433667,high
oracle,37057.561198578966,37075.63710167229,high
oracle,41618.28079949101,41673.269701159756,high
oracle,13222.627993281923,13231.93831985099,high
oracle,15974.367654337111,16016.47448973459,high
oracle,24475.210546121663,24481.699500064355,high
oracle,31410.0564700112,31420.07497779141,high
oracle,17661.064610187448,17749.8251770885,high
oracle,17368.390032091498,17388.185716019136,high
oracle,23199.173430683055,23229.786086979533,high
oracle,10729.39487496115,10749.07210608591,high
oracle,19739.0907240289,19774.385910288365,high
oracle,26948.97391603036,26998.73583841283,high
oracle,21561.883276538436,21587.651166376963,high
oracle,62904.500774523796,62913.83441905053,high
oracle,26668.251294297945,26691.55843813998,high
oracle,73787.060841203,73812.19685906376,high
oracle,17286.928212057934,17414.7772068901,high
oracle,25896.866111992087,25926.54737922679,high
oracle,21937.97418936038,21976.233436431863,high
oracle,25846.832142309908,25866.150192397356,high
oracle,12277.876552415413,12288.633971799893,high
oracle,14765.83667614323,14856.358580162068,high
oracle,57650.8915883274,57705.06369378922,high
oracle,28389.434152558475,28424.49946416264,high
oracle,16913.35048984435,16935.287135661216,high
oracle,19657.321546584444,19680.60470816156,high
oracle,16372.827933767838,16410.416601975397,high
oracle,21248.013960289285,21328.79860511681,high
oracle,20592.212897084733,20640.99612248753,high
oracle,29641.13137251026,29669.357355332522,high
oracle,19168.226881813192,19192.641310249426,high
oracle,14888.596764807393,14897.621380267745,high
oracle,37806.76393736726,37813.38778771622,high
oracle,26939.196024840403,26946.39351341356,high
oracle,24517.56440896737,24551.163508599126,high
oracle,38237.26734587479,38268.78321144877,high
oracle,17727.80055987821,17767.861867630672,high
oracle,13532.56426916537,13574.752114418648,high
oracle,66083.41745175928,66092.61000205934,high
oracle,9988.020518099673,10048.900857160363,high
oracle,17079.763118600524,17099.989231003496,high
oracle,32682.335087856918,32712.541146684867,high
oracle,21883.580839306425,21914.814478971064,high
oracle,20360.645453572615,20381.4633796919,high
oracle,20637.678474792934,20656.298116967067,high
oracle,25868.70397971076,25962.02042417944,high
oracle,30077.290590077606,36770.99600924762,high
oracle,17175.123835462913,17236.04251271658,high
oracle,14710.915462839595,14719.655614835516,high
oracle,21256.01664271314,21284.5087058741,high
oracle,21751.49059125538,21769.05014862813,high
oracle,17914.907609028305,17934.555979904966,high
oracle,32056.477819241627,32077.39502784761,high
oracle,15752.836021042302,15783.20496007646,high
oracle,16028.817731490542,16066.175185063712,high
oracle,40958.740401336094,40977.43543593426,high
oracle,20369.394965999894,20447.533587758368,high
oracle,23723.945939288737,23771.577536241595,high
oracle,36254.68267450953,36259.96780126245,high
oracle,24212.49282063116,24248.780670070664,high
oracle,15508.433333275132,15512.905647129195,high
oracle,14485.100729551015,14599.15641047854,high
oracle,11297.148001401178,11323.21977906596,high
oracle,29729.65394708893,29751.683540529506,high
oracle,13461.929170834934,13496.299632913313,high
oracle,10699.46411449248,10723.341459654235,high
oracle,17662.79417315001,24713.387275822213,high
oracle,24290.36546839021,24302.365132239865,high
oracle,16882.72691093073,16893.24136242434,high
oracle,13603.219870951929,13631.549705228612,high
oracle,23793.992985044668,23811.42815413543,high
oracle,14991.696512249875,15139.136649960074,high
oracle,46496.3913611226,46510.6383112427,high
oracle,26264.762838063736,26271.00813925841,high
oracle,16185.897158737438,16211.208181591308,high
oracle,30867.158059466714,30905.348505554248,high
oracle,10854.148094313463,10912.632509508741,high
oracle,24168.012071776095,24209.46936941462,high
oracle,26829.07774645823,26839.395493044678,high
oracle,17204.408298937808,17275.328435426112,high
oracle,31350.179591843087,31354.89446291373,high
oracle,13883.974465873596,13941.336014937731,high
oracle,14017.738452776191,14068.774980264876,high
oracle,22982.7310798767,22999.964817181964,high
oracle,15990.964002886398,16005.997521822017,high
oracle,22307.437743660957,22321.495150247785,high
oracle,14441.517445412575,14485.394217658115,high
oracle,12573.566332555782,12591.346886468458,high
oracle,52208.451614762846,52220.574416764604,high
oracle,15421.369474287061,15435.383877788103,high
oracle,23600.71225229397,23633.352259425716,high
oracle,13025.315883796007,13043.895360069138,high
oracle,12142.94498883768,12203.695959515298,high
oracle,37580.00036094488,37596.02493497409,high
oracle,49978.57229960278,49988.948025983795,high
oracle,59581.671276928566,59596.0203074343,high
oracle,27224.695740116975,27275.40029761688,high
oracle,11078.679477642521,11148.039251134269,high
oracle,17849.59914161109,17862.482922055275,high
oracle,57081.98266316291,57095.10611390759,high
oracle,34357.22727074742,34385.57533062926,high
oracle,67367.05951864447,67385.16946901976,high
oracle,19563.179911802312,19598.306750270458,high
oracle,13266.412483219898,13271.428452335958,high
oracle,15738.1217607476,15802.409969997098,high
oracle,16058.071949891793,16079.600125010344,high
oracle,17603.34540755911,17637.508544864453,high
oracle,11344.3479107556,11397.596652608157,high
oracle,16230.011620063391,16239.78631007258,high
oracle,17967.38584457483,17976.977941060082,high
oracle,20113.941106189963,20131.969535765234,high
oracle,12824.002902859127,12837.99795723076,high
oracle,42635.13580737409,42651.58808525345,high
oracle,17276.901989175425,17296.759547278518,high
oracle,17672.57728861799,17678.2239799826,high
oracle,12710.256167466667,12724.53720291672,high
oracle,16080.414358327236,18407.73039780946,high
oracle,14387.15291314584,14451.979634387051,high
oracle,18320.501430217402,18343.795171891696,high
oracle,29727.219897375624,29752.39929840723,high
oracle,12480.37949800942,12489.794633073278,high
oracle,16857.7150679234,16873.85351099986,high
oracle,14342.858591260596,14352.739023400933,high
oracle,18065.145250518206,18101.4938238577,high
oracle,36720.24337389531,36780.0451730748,high
oracle,19011.559645801633,19055.401396170397,high
oracle,13872.865656117761,13986.00742881016,high
oracle,12551.789485999,12579.630107346771,high
oracle,33644.32354898167,33671.43956917127,high
oracle,21233.94246437648,21245.630362219134,high
oracle,39517.80063424081,39528.48412839028,high
oracle,18430.52454362199,18454.919832511612,high
oracle,29550.633174121343,29612.1739772234,high
oracle,20382.61077831992,20388.8512265116,high
oracle,14174.779986692432,14182.534056259788,high
oracle,33069.54688407275,33198.55012291322,high
oracle,28736.348542556625,28775.909965395993,high
oracle,19721.368737665827,19746.034446219106,high
oracle,20109.642949319783,20124.62943384274,high
oracle,15212.710896372584,15258.962907437897,high
oracle,35066.148320463566,35085.37250195487,high
oracle,17437.619154730804,17459.155665060105,high
oracle,20287.529368322383,20355.522511905834,high
oracle,50360.77310164791,50369.799457128946,high
oracle,25743.255610527314,25778.90480825225,high
oracle,26175.033060627302,26189.90231884741,high
oracle,20546.24410427373,20610.348691419764,high
oracle,21551.39139477618,21597.82462771706,high
oracle,22901.83139961734,22915.73733166814,high
oracle,13630.489213455665,13687.114940389509,high
oracle,11757.166720083174,11805.935809584751,high
oracle,15811.714152695473,15832.76727440819,high
oracle,12606.346235572008,12635.565155225191,high
oracle,20341.203017916185,20350.960094554033,high
oracle,21746.13092683229,21769.31758888871,high
oracle,380367.26897225156,380414.3755093039,high
oracle,26014.29016419382,26096.939652339694,high
oracle,16056.833901650341,16066.862474643043,high
oracle,17903.64455022037,17926.003890009364,high
oracle,17815.750221655337,17834.215325718607,high
oracle,60350.93482341736,60372.2524967606,high
oracle,59306.05557744114,59367.34112670425,high
oracle,26517.024040308068,26554.31844736912,high
oracle,20427.154244425736,20443.130995655094,high
oracle,13523.30531495946,13535.262134996574,high
oracle,18806.17424123564,18810.774205711365,high
oracle,28449.617348522315,28467.906190098154,high
oracle,29404.45549814804,29469.585481399787,high
oracle,15349.083247021561,15371.67471301691,high
oracle,13344.505385834924,13371.191044005735,high
oracle,19208.087516456457,19244.430785763034,high
oracle,21793.957478882614,22010.236620323172,high
oracle,16342.220759371128,16407.48969466496,high
oracle,15755.375283973013,15761.204394256689,high
oracle,11598.254247534744,11612.359201900781,high
oracle,18359.73082997256,18380.36558642165,high
oracle,13045.773135399524,13366.600332927243,high
oracle,19570.586109187734,19667.51109169299,high
oracle,53036.666330890235,53041.958827597475,high
oracle,57851.26166375239,57873.57881535972,high
oracle,13479.283401039676,13484.20577111789,high
oracle,16406.160341138268,16463.453501788612,high
oracle,14137.513459405369,14197.059581367628,high
oracle,15327.849094060251,15347.136143801616,high
oracle,16897.745647100925,16908.037047733764,high
oracle,55362.266820779536,55364.62309182956,high
oracle,12136.354170278748,12549.492585938435,high
oracle,23655.497315860517,23667.565770039604,high
oracle,24321.694355637843,24328.441044094092,high
oracle,20787.314514599875,20851.864067759667,high
oracle,11191.117887294735,11201.804827579876,high
oracle,22638.38951738117,22741.56285344179,high
oracle,22353.48542549897,22392.22963116158,high
oracle,18387.646483942954,18403.83104085872,high
SIT-safe,15094.711495541955,15100.954290446884,saturation
SIT-safe,37689.03630138854,37709.37059097165,saturation
SIT-safe,33387.46429824484,33480.832664944595,saturation
SIT-safe,20717.83744203738,20748.83682574417,saturation
SIT-safe,18704.586288026534,18709.06626597435,saturation
SIT-safe,31485.100863075597,31541.07064239466,saturation
SIT-safe,25525.217413035818,25535.69914936506,saturation
SIT-safe,36207.07352308057,36230.30645636661,saturation
SIT-safe,16040.196396754238,16074.823811796705,saturation
SIT-safe,21580.377243639323,21603.833564333727,saturation
SIT-safe,29022.050331172304,29063.111231307557,saturation
SIT-safe,29979.249641361792,29992.757144818355,saturation
SIT-safe,33366.004517181595,33403.29881018963,saturation
SIT-safe,19492.48080074431,19506.338667426833,saturation
SIT-safe,17328.968785414203,17349.646855756626,saturation
SIT-safe,13376.062104244833,13421.299015383378,saturation
SIT-safe,52678.73803264987,52704.3455091552,saturation
SIT-safe,27710.696120542652,27797.0667997665,saturation
SIT-safe,19284.975258929277,19305.933985151714,saturation
SIT-safe,18587.19484511318,18609.616299259535,saturation
SIT-safe,17896.4538427156,17904.12429788165,saturation
SIT-safe,43059.08232282066,43071.269257841996,saturation
SIT-safe,14704.394369601048,14722.561423077545,saturation
SIT-safe,14628.216517007488,14662.133284213873,saturation
SIT-safe,50299.017691951565,50328.78947640142,saturation
SIT-safe,29419.944885110155,29440.564055695504,saturation
SIT-safe,27200.146719432738,27240.408177764657,saturation
SIT-safe,18755.03022730442,18764.064179718094,saturation
SIT-safe,26135.958453263407,26143.58163959268,saturation
SIT-safe,60088.43898202442,60105.703012882426,saturation
SIT-safe,17736.356940132227,17778.104575497873,saturation
SIT-safe,86991.5377086681,87020.66614639331,saturation
SIT-safe,26568.790203852586,26616.83430744199,saturation
SIT-safe,26063.24518508925,26073.52110360787,saturation
SIT-safe,28778.691450104692,28782.269303351157,saturation
SIT-safe,13734.393643020425,13746.458082836634,saturation
SIT-safe,37488.888559449326,37511.097615108665,saturation
SIT-safe,21862.193710885374,21922.00530405173,saturation
SIT-safe,17808.18218126403,17815.094482323475,saturation
SIT-safe,31701.123028073194,31713.988446556217,saturation
SIT-safe,14605.282920381585,14625.57032633707,saturation
SIT-safe,32508.611030215077,32531.638965290054,saturation
SIT-safe,33349.46773374306,33606.04601038072,saturation
SIT-safe,23552.4498545086,23577.5908717184,saturation
SIT-safe,31720.96904495661,31738.530773103124,saturation
SIT-safe,20585.571755744335,20602.062283453484,saturation
SIT-safe,17982.811975349916,17998.8752000374,saturation
SIT-safe,15810.427216845163,15847.71556781415,saturation
SIT-safe,17383.239312800513,17392.50058932473,saturation
SIT-safe,33975.64461011737,33997.25849982347,saturation
SIT-safe,26882.416940670777,26907.118077516294,saturation
SIT-safe,17222.670582929495,17331.501530063542,saturation
SIT-safe,24404.337681002566,24434.523427220396,saturation
SIT-safe,37803.08526520872,37825.323750774434,saturation
SIT-safe,16165.782111857297,16201.120603189695,saturation
SIT-safe,16012.705549213833,16118.384824484445,saturation
SIT-safe,20031.62846640221,20070.95860137471,saturation
SIT-safe,12058.392030784104,12162.573876798404,saturation
SIT-safe,27389.140011752977,27400.66468330779,saturation
SIT-safe,14592.296087871948,14602.540274771716,saturation
SIT-safe,15318.9124241253,15356.22010886871,saturation
SIT-safe,23752.966391349524,23778.032983615223,saturation
SIT-safe,14365.547394580935,14469.234240190966,saturation
SIT-safe,28544.067133099037,28551.17067565586,saturation
SIT-safe,16447.937406729787,16472.3238343878,saturation
SIT-safe,23609.595356776936,23686.71951820799,saturation
SIT-safe,25948.513292757867,25966.556643497548,saturation
SIT-safe,15832.892786629045,15841.728798234104,saturation
SIT-safe,33528.79108532095,33546.900175089584,saturation
SIT-safe,17466.114619877695,17502.034393385926,saturation
SIT-safe,14863.140914002483,14875.865042951647,saturation
SIT-safe,16887.174774448024,16926.38105738815,saturation
SIT-safe,14053.37703057533,14090.93709643223,saturation
SIT-safe,19428.611478386014,19434.26697472341,saturation
SIT-safe,13131.60328475732,13152.621727451884,saturation
SIT-safe,14888.41842930005,14913.02529741946,saturation
SIT-safe,20875.48562737295,20888.923608412268,saturation
SIT-safe,75671.52828634394,75723.20538014165,saturation
SIT-safe,14243.837099420913,14277.269100059206,saturation
SIT-safe,11100.623984718244,11112.557696565682,saturation
SIT-safe,11746.115247033082,11756.052102845777,saturation
SIT-safe,25587.839264569222,25610.061864651252,saturation
SIT-safe,12780.345783554138,12866.11735887294,saturation
SIT-safe,23441.45311966068,23541.598283879437,saturation
SIT-safe,19166.704567995635,19195.85062176871,saturation
SIT-safe,16968.68381191867,16987.602108718707,saturation
SIT-safe,33416.289519290825,33437.82230209017,saturation
SIT-safe,21493.79276728142,21525.933479964227,saturation
SIT-safe,23863.86281680894,23892.226726940797,saturation
SIT-safe,20564.162072535575,22292.269701975078,saturation
SIT-safe,9763.356051622364,9769.123412792385,saturation
SIT-safe,18834.712533194936,18870.7947907805,saturation
SIT-safe,22064.217945062726,22097.996919381978,saturation
SIT-safe,16094.857966232323,16125.728574182747,saturation
SIT-safe,17980.2037561997,17989.371532270387,saturation
SIT-safe,24147.169296477154,24168.3118565514,saturation
SIT-safe,58727.81293265237,58740.217372681145,saturation
SIT-safe,21170.278911527035,21208.5335493101,saturation
SIT-safe,21378.326782564855,21379.604502082802,saturation
SIT-safe,15246.565821841326,15275.483318365666,saturation
SIT-safe,24875.89518600146,24899.350604575127,saturation
SIT-safe,24306.826316849558,24324.28215343407,saturation
SIT-safe,24974.99564661631,24995.866318775057,saturation
SIT-safe,22846.82584925776,22871.45579147536,saturation
SIT-safe,16892.55304903195,16904.29090262347,saturation
SIT-safe,14419.784706999257,14431.787253846534,saturation
SIT-safe,18343.513637954944,18388.777420206443,saturation
SIT-safe,35188.10721943173,35214.61068519448,saturation
SIT-safe,25057.391023943474,25081.323549567074,saturation
SIT-safe,16628.116443283277,16651.398438901346,saturation
SIT-safe,13048.381511541926,13069.434522692996,saturation
SIT-safe,171108.04966580906,171129.6448636594,saturation
SIT-safe,27803.18503229196,27811.227549644544,saturation
SIT-safe,16156.848792742421,16170.092812893541,saturation
SIT-safe,15844.696126388852,15854.763594455442,saturation
SIT-safe,17652.638426328012,17665.595052361536,saturation
SIT-safe,24352.009792269415,24404.13392971395,saturation
SIT-safe,38674.794895711326,38771.86459081591,saturation
SIT-safe,23444.198009328273,23484.048797424228,saturation
SIT-safe,16549.817482256076,16553.18649540174,saturation
SIT-safe,30572.342963268777,30621.505736963576,saturation
SIT-safe,30509.337672342444,30523.651738107583,saturation
SIT-safe,41191.14623628431,41209.14260072146,saturation
SIT-safe,18929.298095274928,18954.910768394657,saturation
SIT-safe,18412.689938825453,18422.59932202869,saturation
SIT-safe,39367.31415504432,39445.1200450382,saturation
SIT-safe,29305.162036481535,29333.586711179327,saturation
SIT-safe,28118.68922733893,28126.200053635257,saturation
SIT-safe,33122.7912790976,33136.22522024107,saturation
SIT-safe,21651.58152072284,21662.360405159117,saturation
SIT-safe,82465.0851558583,82493.77318516027,saturation
SIT-safe,41617.51228376864,41648.04021195934,saturation
SIT-safe,15308.798754996767,15355.233550932737,saturation
SIT-safe,22905.06270847088,22917.73323620326,saturation
SIT-safe,19722.975992662472,19760.782297671954,saturation
SIT-safe,49181.76233546057,49250.307686385706,saturation
SIT-safe,18824.813010951348,18826.276413137704,saturation
SIT-safe,29311.93171111005,29450.073974239396,saturation
SIT-safe,22214.65793099771,22275.748520848596,saturation
SIT-safe,16237.567670601216,16253.7274828603,saturation
SIT-safe,15117.454824746654,15137.564205301156,saturation
SIT-safe,20253.012269481464,20270.52742807442,saturation
SIT-safe,21370.261558193455,21407.309710219557,saturation
SIT-safe,15903.180999436458,15933.026217539798,saturation
SIT-safe,18936.57855735845,18943.24292182031,saturation
SIT-safe,64004.638780538255,64064.904912399805,saturation
SIT-safe,44378.938871313476,44401.272868392654,saturation
SIT-safe,12379.627138550077,12398.22100936887,saturation
SIT-safe,15042.754537609326,15048.523022391091,saturation
SIT-safe,31387.947304434874,31393.683116829703,saturation
SIT-safe,10480.995512709284,10524.497012461688,saturation
SIT-safe,17836.036176996447,17884.43022068307,saturation
SIT-safe,19662.038124451097,19710.64109524611,saturation
SIT-safe,16236.948769798477,16246.927069282981,saturation
SIT-safe,17296.581998807353,17317.67819034888,saturation
SIT-safe,24004.57008849408,24051.055496540084,saturation
SIT-safe,26396.645030555224,26414.921969313036,saturation
SIT-safe,16763.195174401528,16814.36115009828,saturation
SIT-safe,39329.65354916983,39367.13179781167,saturation
SIT-safe,24747.08265862617,24759.363827755617,saturation
SIT-safe,46783.87108231902,46798.751618945134,saturation
SIT-safe,20998.0591009124,21019.92475706526,saturation
SIT-safe,23844.422103469904,23882.98500586795,saturation
SIT-safe,13984.12622198586,13990.817099642081,saturation
SIT-safe,27948.365470407283,27961.629997091146,saturation
SIT-safe,25000.28279609267,25083.897451307676,saturation
SIT-safe,41582.59664323537,41620.846852561546,saturation
SIT-safe,22045.073261892085,22076.465203898537,saturation
SIT-safe,24490.3530687244,24513.053634365686,saturation
SIT-safe,16609.337795322823,16618.130022811187,saturation
SIT-safe,24795.10402622611,24820.099553010994,saturation
SIT-safe,29392.266021364576,29550.067007228397,saturation
SIT-safe,15645.841935992326,15697.963436289014,saturation
SIT-safe,22371.673371374003,22429.022724871375,saturation
SIT-safe,15942.201411879465,15958.827747595325,saturation
SIT-safe,22551.56276606142,22591.814087092134,saturation
SIT-safe,31169.48094274338,31182.342223353204,saturation
SIT-safe,51592.09671103811,51613.64933377989,saturation
SIT-safe,32664.28403478705,32682.56917510814,saturation
SIT-safe,20760.260596722215,20786.131137633416,saturation
SIT-safe,11730.992000483202,11779.956390866031,saturation
SIT-safe,27473.27840083454,27489.11658727821,saturation
SIT-safe,13171.289689338884,13404.334137838749,saturation
SIT-safe,23499.953741584322,23549.23840310685,saturation
SIT-safe,19728.6306378916,19735.260400308136,saturation
SIT-safe,12049.115840659704,12137.020326305195,saturation
SIT-safe,45582.543719561865,45610.17046899616,saturation
SIT-safe,16894.32731596975,17041.906692583958,saturation
SIT-safe,23583.081532768774,23588.788312180444,saturation
SIT-safe,26117.386810400927,26140.780054753835,saturation
SIT-safe,20717.59173210354,20769.585016564033,saturation
SIT-safe,17092.98429987797,17127.210977852916,saturation
SIT-safe,22373.43020368645,22434.28077188238,saturation
SIT-safe,15251.266726198783,15332.143576682967,saturation
SIT-safe,21709.146223802756,21739.52256581629,saturation
SIT-safe,12295.710728189153,12308.41340112361,saturation
SIT-safe,32887.91932734542,32913.79298115756,saturation
SIT-safe,26854.761462312807,27130.85230994675,saturation
SIT-safe,22346.706205148595,22357.5085499778,saturation
SIT-safe,21928.773791409552,21937.987269898746,saturation
partition,6595.051375265916,6618.19182878559,saturation
partition,16019.875546353707,16031.622179845886,saturation
partition,18014.591425006784,18114.12119836754,saturation
partition,18696.29184905698,18707.925275791313,saturation
partition,6256.530033890709,6278.788290262526,saturation
partition,15817.26133618935,15891.085942156597,saturation
partition,37641.29881129997,37653.11357388973,saturation
partition,13221.933933305661,13240.561313273138,saturation
partition,12925.194195781221,12949.291941127147,saturation
partition,14783.545383324587,14823.636239438483,saturation
partition,19815.967723610105,19849.457021383332,saturation
partition,13873.540920932739,13883.15130149827,saturation
partition,21005.76672706207,21078.859093471074,saturation
partition,10918.219580198675,10953.741879200665,saturation
partition,18168.63239289664,18174.888920070785,saturation
partition,11313.038275493178,11325.130453834492,saturation
partition,7915.639938745122,7925.352850596319,saturation
partition,17566.72792455164,17772.325363585966,saturation
partition,22521.31566369087,22593.04897265904,saturation
partition,14508.378301338202,14515.662481535124,saturation
partition,9735.987234633825,9756.918726554215,saturation
partition,18599.52879803864,18629.24679976947,saturation
partition,20740.39494502929,20833.649366455757,saturation
partition,18498.87350828059,18516.353787523316,saturation
partition,13573.619111016444,13581.370924204159,saturation
partition,8164.433047752308,8194.733315507488,saturation
partition,12432.203318901235,12453.638021508508,saturation
partition,21183.94656973513,21275.003886264923,saturation
partition,16440.1580412722,16482.010703247,saturation
partition,6444.2687264317665,6474.3835262174025,saturation
partition,9748.900605681496,9777.45513365241,saturation
partition,12856.90075496194,12907.140991254859,saturation
partition,8865.59216986734,8927.412837392461,saturation
partition,21810.54525046632,21876.542523661752,saturation
partition,13322.00120939947,13392.903401051903,saturation
partition,15926.031237639936,15979.86677224136,saturation
partition,20642.994841483494,20649.703087320733,saturation
partition,13182.071741753378,13216.767025515026,saturation
partition,21638.644618873535,21651.388865230983,saturation
partition,9618.584003778124,14013.634503044637,saturation
partition,15127.296056659141,15153.215351422077,saturation
partition,14624.143223512167,14635.184935848902,saturation
partition,19088.091412923048,19236.624362715647,saturation
partition,20140.657761691942,20184.267990083375,saturation
partition,11544.732986926369,11550.20021317578,saturation
partition,18679.783930442474,18706.10744344419,saturation
partition,17220.478255391397,17273.38033626574,saturation
partition,17000.350765183797,17036.376311884247,saturation
partition,26601.430614604018,26636.3704434185,saturation
partition,14050.297706547954,14114.46923016532,saturation
partition,26258.431696561707,26300.681610926906,saturation
partition,7873.218845887929,7891.447636828633,saturation
partition,22947.119659780597,23028.872577233436,saturation
partition,11134.437609772443,11170.265499524285,saturation
partition,8389.610371955308,8406.148882596748,saturation
partition,15374.625047530222,15417.17941977071,saturation
partition,15278.07174889729,15316.905848057726,saturation
partition,14410.088167942104,14537.51075664672,saturation
partition,16108.318945173678,16117.363752358839,saturation
partition,15510.575201398477,15677.212217192706,saturation
partition,15931.42536379376,16013.217448735591,saturation
partition,8750.684622115927,8770.801148038252,saturation
partition,27547.97908076518,27582.8300966754,saturation
partition,17110.780601273218,17116.624727242255,saturation
partition,58083.53249829337,58096.473751780795,saturation
partition,13302.909458495742,13354.986437761996,saturation
partition,4926.381301002471,4947.6699919253715,saturation
partition,15609.658025654711,15812.127538554534,saturation
partition,9392.794207620373,9429.065024468942,saturation
partition,10841.711538873658,10854.100577582516,saturation
partition,26993.916520876115,27025.789764226087,saturation
partition,7543.533286995854,7562.285580009863,saturation
partition,14383.376457014228,14530.87907398346,saturation
partition,50126.420093785506,50149.28379204462,saturation
partition,8594.273301833038,8638.989924839385,saturation
partition,9123.785338694384,9136.663935856763,saturation
partition,22447.340834316645,22452.338892136577,saturation
partition,21838.32416516994,21848.197175764843,saturation
partition,22499.8554174312,22508.63491993802,saturation
partition,15922.808452590303,15946.12080264238,saturation
partition,12232.981982883388,12254.67805865289,saturation
partition,21836.953267418798,21842.09129060328,saturation
partition,17479.877669984468,17534.52693015088,saturation
partition,9132.24695545058,9169.340623228061,saturation
partition,10232.393343895568,10239.922115294146,saturation
partition,11270.434453996684,11298.872384430815,saturation
partition,6167.584205881677,6176.790264200998,saturation
partition,16611.008226470633,16729.257056806884,saturation
partition,7401.778351678062,7408.394981984955,saturation
partition,6701.294937319853,6716.0806765009165,saturation
partition,16258.794110880426,16267.335629369352,saturation
partition,14292.614557320005,14316.588088154564,saturation
partition,10985.245940704357,11054.769584768528,saturation
partition,11760.393414222797,11786.12665267694,saturation
partition,19540.102171881725,19549.50043970174,saturation
partition,9036.281452934401,9075.410076284308,saturation
partition,33128.09057677133,33144.37708939545,saturation
partition,15518.648191470013,15622.072823196668,saturation
partition,18387.43417085776,18450.3383455918,saturation
partition,8251.293168626167,8270.580989768476,saturation
partition,7559.403355481935,7579.322635714201,saturation
partition,18883.790235087883,18919.70692444164,saturation
partition,14883.944811833278,14958.045137251116,saturation
partition,20114.0524642211,20126.929076800283,saturation
partition,11698.99522605839,11703.067846701291,saturation
partition,33703.293871257476,33732.425117054896,saturation
partition,7663.345997588677,7692.3893031637,saturation
partition,13445.784194246819,13452.105881244925,saturation
partition,13221.644908815966,13228.676646778611,saturation
partition,10708.73437461838,10786.675478645135,saturation
partition,15525.326510864523,15563.541771010274,saturation
partition,10723.320873668545,10731.359886372215,saturation
partition,23905.321410585962,23959.042582033257,saturation
partition,10399.468441350633,10419.32833182875,saturation
partition,27680.175392716013,27690.282721993484,saturation
partition,214593.57893534,214604.7960552136,saturation
partition,8272.566365885812,8309.468306608054,saturation
partition,18728.542888042168,18796.015520967845,saturation
partition,18711.13029314506,18722.35373868529,saturation
partition,12105.41521263656,12124.08683738231,saturation
partition,8503.074088629242,8508.383440973546,saturation
partition,23912.988050777083,23936.287279566353,saturation
partition,27198.54302768304,27287.119662974277,saturation
partition,11191.58956940335,11201.965574072703,saturation
partition,11468.880283515547,11494.057580564537,saturation
partition,18917.764792873553,20831.563988930953,saturation
partition,16038.079090155094,16075.50929344884,saturation
partition,30614.43991829177,30656.826699841564,saturation
partition,11244.719171689869,11270.06721319006,saturation
partition,10291.143947119643,10328.569280769767,saturation
partition,5569.245008222741,5625.464603705091,saturation
partition,7759.177385258108,7773.017490049796,saturation
partition,30727.41437084737,30980.828505147587,saturation
partition,13197.411332088855,13212.009068864718,saturation
partition,8846.969524244518,8865.327190531721,saturation
partition,46513.201101761966,46521.29460368306,saturation
partition,14529.70489434366,14545.376016894685,saturation
partition,11933.127524948606,11973.394624147939,saturation
partition,25681.018039283794,25754.74054348335,saturation
partition,14425.804931637544,14427.344889105021,saturation
partition,24596.309103636893,24609.01057760275,saturation
partition,15540.90609073274,15621.364454340874,saturation
partition,14260.518347302208,14294.947039766284,saturation
partition,9958.194718851886,9973.142477747839,saturation
partition,21651.428957582273,21661.748740804323,saturation
partition,6776.525869767907,6805.001698436984,saturation
partition,5767.012469281617,5773.217070361517,saturation
partition,11648.424868854418,11683.362495365958,saturation
partition,17324.03258114059,17346.905263204346,saturation
partition,7051.573075318687,7076.8767234355855,saturation
partition,11807.354804124396,11877.24886933144,saturation
partition,9034.62340585553,9043.398933219702,saturation
partition,9471.77705886428,9517.046729517799,saturation
partition,15525.983795341557,15541.463215498696,saturation
partition,15458.851039830464,15462.84910962485,saturation
partition,17517.67666950602,17535.293792185657,saturation
partition,10523.201198427781,10551.391559927979,saturation
partition,18177.46812338121,18206.68018187479,saturation
partition,13595.913709456112,13608.746466771972,saturation
partition,16910.989168711632,16943.947640147606,saturation
partition,10657.83343007556,10681.284483222444,saturation
partition,37642.17148892966,37645.46925918316,saturation
partition,9810.176275649881,9871.78234534863,saturation
partition,14136.325231503251,14145.21771452565,saturation
partition,7472.299223291595,7498.799061745779,saturation
partition,8230.414301544346,8243.300855033,saturation
partition,11614.533185878432,11629.089902251624,saturation
partition,21154.027357863466,21238.507335153423,saturation
partition,9943.653082876774,9970.552655539275,saturation
partition,55683.83838040844,55704.68671342355,saturation
partition,4671.002257726386,4776.194401110193,saturation
partition,10359.516476571414,10389.153933740556,saturation
partition,12694.96481834637,12708.702165301896,saturation
partition,20161.096343323276,20190.98923368299,saturation
partition,12284.47541262421,12310.199476055424,saturation
partition,24142.843469359734,24152.484932981195,saturation
partition,20941.41770381143,20960.83606299929,saturation
partition,9343.637910694762,9430.069743771464,saturation
partition,24726.22983166392,24736.621261880464,saturation
partition,9852.459322933053,9884.57577938804,saturation
partition,12654.409259797814,12663.849736203567,saturation
partition,6876.500598148073,6901.960277813094,saturation
partition,16257.896240220984,16315.314689364277,saturation
partition,15359.523459538168,15375.620542756067,saturation
partition,35549.84241988535,35571.40300068825,saturation
partition,14707.90174603362,14742.395244132593,saturation
partition,11209.87649677868,11252.863850555188,saturation
partition,19948.72150558587,19957.037105299445,saturation
partition,13882.083406707905,13905.061175743856,saturation
partition,11229.8044294575,11241.234595844136,saturation
partition,36229.29201279398,36355.53524849464,saturation
partition,47327.52200515212,47338.06361481986,saturation
partition,21070.43000699463,21097.016916619395,saturation
partition,12686.76721857806,12706.740186422847,saturation
partition,6226.476350821613,6238.350482052965,saturation
partition,5651.972567473331,5670.910193059391,saturation
partition,17506.664292985246,17556.707885897078,saturation
partition,10882.95005896531,11023.199809475482,saturation
partition,7231.733626145342,7251.461551118876,saturation
partition,5682.075767311073,5708.815911538819,saturation
random,25108.177359719604,25135.5768458935,saturation
random,23353.334911336136,23362.949440441203,saturation
random,41578.124750019786,43385.64855455005,saturation
random,29182.117385714286,29207.12837007876,saturation
random,28978.13079732074,28994.89803969182,saturation
random,36222.3820030975,36241.278891278474,saturation
random,29698.907609939128,29718.127941395007,saturation
random,41882.97180947293,41999.95902348968,saturation
random,28328.79681267232,28356.902692161315,saturation
random,44007.49481944761,44031.97239154394,saturation
random,29259.67295835931,29300.452967432375,saturation
random,24454.100216537823,24465.195348859153,saturation
random,35372.69660668238,35380.91410633216,saturation
random,19848.151246522222,19882.262434836943,saturation
random,30489.373454948152,30518.04931181351,saturation
random,84913.78645635305,84932.80831720206,saturation
random,59668.290785271995,59724.43316152178,saturation
random,25949.170331675785,26059.865043028345,saturation
random,26047.063869787515,26113.55591217016,saturation
random,35872.75805546631,35885.344511667674,saturation
random,24117.929527465774,24136.20863214607,saturation
random,33568.02360569227,33613.185773783654,saturation
random,24235.33279913716,24351.600851175186,saturation
random,33554.70874179872,33562.46239338712,saturation
random,30674.897099888585,30729.18249221891,saturation
random,22575.92657777311,22601.228679076652,saturation
random,34838.83456377143,34868.29975659553,saturation
random,39322.486716335094,39383.86886639018,saturation
random,55292.947572244644,55329.00588929909,saturation
random,35704.98132806838,35726.62461947501,saturation
random,38510.116810196705,38535.72378744531,saturation
random,36580.34302142717,36623.40233521059,saturation
random,120242.84795200494,120343.86356931893,saturation
random,36198.325683958785,36211.02652415294,saturation
random,31499.746940998786,31524.795389145344,saturation
random,31501.238673761574,31574.491574673542,saturation
random,28125.73557981242,28177.43200440496,saturation
random,29209.21067775638,29283.976240239455,saturation
random,33657.08671505048,33669.44338604581,saturation
random,31602.53018810624,31638.59372453468,saturation
random,37902.28121103685,37934.390979941454,saturation
random,25874.21482442174,25886.696479773495,saturation
random,42798.42960385373,43002.761256494414,saturation
random,29913.889859250816,29960.21050779145,saturation
random,34073.90769926964,34097.958849666655,saturation
random,29888.113529311675,29924.77012096118,saturation
random,22953.35134148807,22984.674187925015,saturation
random,24559.75084825885,24595.988694213193,saturation
random,34419.60116115993,34440.088635064865,saturation
random,87759.40442632922,87821.78359864806,saturation
random,31015.126033920453,31075.512404341363,saturation
random,27120.300490639613,27210.485009607095,saturation
random,40521.410540722834,40584.27029492885,saturation
random,44924.705003436786,44994.94979405618,saturation
random,81848.2130324195,81887.97335572934,saturation
random,48365.234468921444,48380.90233595348,saturation
random,52801.399436028456,52866.855987541996,saturation
random,29427.511362198886,29442.250526031756,saturation
random,19652.83840844326,19655.458493064863,saturation
random,39826.88247702098,39840.60258434483,saturation
random,25851.8174613276,25862.36878390996,saturation
random,23427.631381808667,23449.985438803735,saturation
random,58362.57879109152,58453.52941282762,saturation
random,33402.42688053703,33468.69284623785,saturation
random,25846.862410857724,25866.89545069517,saturation
random,47699.91551188333,47736.07468364822,saturation
random,44765.61054474646,44774.372504181956,saturation
random,24122.220131551607,24150.02201813102,saturation
random,33658.00636465176,33754.62064032052,saturation
random,62359.32185716202,62394.19176643227,saturation
random,26495.92181571591,26540.273554646657,saturation
random,71840.06154785054,71851.37901417848,saturation
random,67229.24675824473,67243.2763278713,saturation
random,44617.49440302425,44662.973585870786,saturation
random,70832.42150047231,70925.80353393033,saturation
random,48540.53928345795,48585.78331844855,saturation
random,26226.768841449208,26237.659162133936,saturation
random,31816.547463871848,31874.53344376081,saturation
random,31242.22800469607,31266.50926615646,saturation
random,37369.97250008083,37374.78682853659,saturation
random,59499.09224072809,59575.98011977169,saturation
random,53230.479800409885,53260.09548098807,saturation
random,50827.32025305179,50954.530743312906,saturation
random,50091.97277721404,50116.664058745955,saturation
random,24647.853618938978,24671.693766077406,saturation
random,47516.08640417821,47550.89391731972,saturation
random,34009.667793737724,34028.42391474858,saturation
random,21973.12251961973,21987.37690930438,saturation
random,30526.279808994117,30539.737140966303,saturation
random,37014.97962790877,37043.72479502432,saturation
random,31272.372456492136,31308.39273447616,saturation
random,30658.55919036766,30663.259588466914,saturation
random,25818.262608994108,25877.78743591766,saturation
random,18963.907942463284,18972.429735876747,saturation
random,24852.957093691377,24856.11877117133,saturation
random,78417.94106253958,78431.3863979842,saturation
random,32057.02000465719,32065.368682430264,saturation
random,27652.015455176534,27735.61124515383,saturation
random,28593.654522355962,28657.360592161924,saturation
random,130972.54936927979,130997.83717486604,saturation
random,23528.23780632282,23563.731330575116,saturation
random,29489.263973569075,29512.952668904458,saturation
random,27730.786035758596,27779.98485286021,saturation
random,22568.778123906588,22603.02397429703,saturation
random,78238.37946434288,78288.97751533882,saturation
random,30649.604978090923,30698.29083203758,saturation
random,25785.469222822732,25804.02617396768,saturation
random,25863.11326765617,25909.825084247772,saturation
random,29454.15929222321,29491.435538710513,saturation
random,36826.439319792014,36852.35761582655,saturation
random,34016.56228529467,34022.55891986443,saturation
random,69885.17835333363,69892.987658114,saturation
random,31457.371724689925,31508.839867383806,saturation
random,23389.0057846712,23421.39344198398,saturation
random,32316.23183884544,32367.271373855147,saturation
random,29753.984449099713,29784.029251426877,saturation
random,44533.91843016206,44543.53110730034,saturation
random,42270.28562714497,42378.92489002635,saturation
random,17179.424753124447,17720.23306883007,saturation
random,80313.36148174985,80334.92640874803,saturation
random,79233.76390248856,79307.77506892785,saturation
random,32335.30288442808,32354.399471905497,saturation
random,28875.33742647173,28982.85297688679,saturation
random,32186.12089689973,32259.204964157114,saturation
random,43238.09589069004,43251.75966972916,saturation
random,86641.78082678589,86650.8796717001,saturation
random,45210.60199858315,45249.39413178718,saturation
random,30267.38158205932,30336.860951830997,saturation
random,32178.391478241607,32201.763999570532,saturation
random,34529.55624321909,34557.807093887866,saturation
random,21816.472971547642,21851.105602063657,saturation
random,34025.88304338275,34044.530309890135,saturation
random,38893.89039275804,39350.141107420546,saturation
random,40295.608937934216,40338.925725759895,saturation
random,35842.13607597387,35854.865070650696,saturation
random,16610.689834490502,16631.925530500233,saturation
random,33818.86086957845,33842.747906758486,saturation
random,31440.802609908696,31495.29951941404,saturation
random,48263.51483181013,48273.03917928184,saturation
random,52263.980331034014,52331.29180668718,saturation
random,43346.206028182874,43373.80111760543,saturation
random,33562.577926571015,33607.51994185132,saturation
random,29605.739065692364,29724.81793451973,saturation
random,24894.576306395422,24915.603322313014,saturation
random,54337.86940667007,54360.68410699349,saturation
random,55926.62975223216,55958.97634017393,saturation
random,33036.72336428546,33140.358423123704,saturation
random,30691.32075417242,30850.662603426637,saturation
random,43854.71626944416,43870.983155055044,saturation
random,29812.385761555353,29823.183756159196,saturation
random,23662.238414495143,23697.88290789089,saturation
random,25471.244852098956,25526.1492313583,saturation
random,20449.043501035474,20461.34891767022,saturation
random,45552.1602525625,45573.295336970754,saturation
random,37783.53773140221,37785.972104832574,saturation
random,26025.749414790862,26054.256888502798,saturation
random,37132.304535348536,37135.67073676062,saturation
random,34111.13120357453,34186.52168041326,saturation
random,32751.11083641171,32780.75490855194,saturation
random,91130.8832311778,91154.07053668669,saturation
random,24524.22312240373,24553.767773076164,saturation
random,26788.350612815262,26817.574118334203,saturation
random,52988.91895154031,53042.377042879394,saturation
random,59249.29384693349,59295.39843217492,saturation
random,42166.04583798888,42192.689720091155,saturation
random,68528.64869833166,68543.62649205115,saturation
random,32797.00872103997,32851.018600902156,saturation
random,23762.586762137234,23916.011886748416,saturation
random,24193.807965197724,24231.681872325426,saturation
random,85784.8725700296,85796.34961530255,saturation
random,47999.96945967542,48060.51242447608,saturation
random,29601.392189282265,29653.59547667715,saturation
random,38937.377089692316,38969.808263529034,saturation
random,63897.32778949434,63947.02355864446,saturation
random,35318.000803396644,35362.08154012456,saturation
random,41821.42824336922,41860.31256421753,saturation
random,25470.150253099182,25530.32644815289,saturation
random,52128.315004626675,52203.53776013507,saturation
random,19008.251802944058,19035.148645041412,saturation
random,32781.24478742244,32787.73343815105,saturation
random,25823.639918492154,25849.893949666417,saturation
random,43684.87531358736,43711.804748546,saturation
random,29042.954033632166,29090.345475897397,saturation
random,33602.18741646866,33625.43149049433,saturation
random,22217.22363997688,22224.594536735895,saturation
random,26782.565122634125,26793.0064184936,saturation
random,108831.73518205795,108878.28286522043,saturation
random,33206.90841062291,33231.0447756277,saturation
random,28864.48523882907,28885.423406577655,saturation
random,30805.174444737073,30827.80871456766,saturation
random,33371.32992233905,33405.31482586815,saturation
random,37115.21179502809,37127.93817225651,saturation
random,24531.581385267167,24713.874928549914,saturation
random,28947.933132821992,29004.31644637204,saturation
random,35927.96261377069,35959.699498305585,saturation
random,32398.76627199043,32424.216546380783,saturation
random,27174.941792594313,27191.328571600883,saturation
random,74398.37164629907,74464.10635153812,saturation
random,18492.845705770353,18569.703554550593,saturation
random,59197.21066555888,59212.84146718569,saturation
oracle,17589.373853580324,17618.525336933337,saturation
oracle,60414.194431487296,60460.53162478094,saturation
oracle,35277.14990951514,35321.429080446454,saturation
oracle,18777.940857437483,18800.97011276518,saturation
oracle,20773.945888321887,20793.328757335094,saturation
oracle,17871.925633679613,17884.376076032044,saturation
oracle,18709.407686733426,18714.293322879163,saturation
oracle,30359.44338099506,30400.858147677216,saturation
oracle,36227.350987876554,36241.00500742413,saturation
oracle,36041.85556905542,36046.52045204952,saturation
oracle,36065.29316633249,36131.907454064676,saturation
oracle,31847.497406707105,31891.826888400003,saturation
oracle,39115.88559577157,39228.22192885574,saturation
oracle,21618.239900572647,21627.324649979957,saturation
oracle,21535.240213657184,21559.901565126296,saturation
oracle,24356.154042202794,24425.50089132586,saturation
oracle,17862.136342497615,17893.64266234835,saturation
oracle,21702.84487511699,21762.4950003144,saturation
oracle,30186.38884707123,30211.79171339119,saturation
oracle,32024.27680193817,32046.72546047032,saturation
oracle,18026.421547059537,18030.723437067638,saturation
oracle,15460.291083504251,15499.645435985094,saturation
oracle,28433.95765257654,28496.840521627968,saturation
oracle,55318.311407770496,55349.985699954595,saturation
oracle,33091.466301854765,33110.9202716241,saturation
oracle,21668.384790783148,21684.178764927467,saturation
oracle,18292.87862450031,18322.016351611965,saturation
oracle,15572.98352608849,15603.161666856568,saturation
oracle,36453.55487118527,36462.15102451348,saturation
oracle,18613.229570675463,18633.42638942317,saturation
oracle,17477.838831776524,17498.54706187608,saturation
oracle,26812.133659470273,26842.19801094747,saturation
oracle,26923.927676002,26980.187920629956,saturation
oracle,17945.551442602773,17977.0418766987,saturation
oracle,25628.819509527864,25654.86362318798,saturation
oracle,17270.313268915692,17282.984436795334,saturation
oracle,23750.9063968101,23804.01800093417,saturation
oracle,37059.56023441147,37167.50468689352,saturation
oracle,23908.608554096612,23932.456422073854,saturation
oracle,22648.75839909604,22657.720319933076,saturation
oracle,22388.18937489184,22426.824999467965,saturation
oracle,15218.600713986167,15240.357738718098,saturation
oracle,28242.237327479805,28255.310293216004,saturation
oracle,21084.030238442723,21086.90471557704,saturation
oracle,55324.79308217087,55361.532596984674,saturation
oracle,22515.40572362408,22529.52193544763,saturation
oracle,23508.960615074695,23536.301528606273,saturation
oracle,28519.163605377493,28541.516148822677,saturation
oracle,23349.479625460433,23368.914244906042,saturation
oracle,27340.095432470825,27367.166011505913,saturation
oracle,52631.258955278994,52643.5100995543,saturation
oracle,18682.650688929647,18780.078996629483,saturation
oracle,15978.817623354778,15988.386265965815,saturation
oracle,17828.742393249784,17852.551151293454,saturation
oracle,18140.85014702412,18160.14972275551,saturation
oracle,65818.09190948727,65828.7298004994,saturation
oracle,29206.833567395206,29216.526518331724,saturation
oracle,17573.58485976317,17605.012669392112,saturation
oracle,17913.82763592232,17916.965038233673,saturation
oracle,29215.7447457579,29225.260005680084,saturation
oracle,245659.15288115284,245701.0479690433,saturation
oracle,19271.137322726827,19290.542632908553,saturation
oracle,20111.00564608157,20167.654056432693,saturation
oracle,22882.06822012827,22907.509580149348,saturation
oracle,35760.40069810176,35776.11888759759,saturation
oracle,22820.271266400538,22833.48612127442,saturation
oracle,27097.34723872118,27116.871956864732,saturation
oracle,17392.417575617514,17488.88575414553,saturation
oracle,18471.095136101492,18504.06618263005,saturation
oracle,46916.44062740906,46947.71065042715,saturation
oracle,52998.309409381916,53017.09774662832,saturation
oracle,13088.68411589082,13103.86054346693,saturation
oracle,17962.329993091207,17972.53687217019,saturation
oracle,36356.85381587849,36371.554469184804,saturation
oracle,28807.44060685824,28825.41828430372,saturation
oracle,17267.691377697513,17283.546714373762,saturation
oracle,66134.00369654925,66157.06471081091,saturation
oracle,26037.38460232392,26076.436998075424,saturation
oracle,23008.788159994558,23016.10060084858,saturation
oracle,20900.002478780218,20911.29228954295,saturation
oracle,38721.782767202036,38742.42380095323,saturation
oracle,22214.08574365592,22221.723032018817,saturation
oracle,18241.49608823757,18381.01932370371,saturation
oracle,22149.679048034428,22166.344444028142,saturation
oracle,32089.94752945821,32107.24338382316,saturation
oracle,25719.41142771261,25726.140256161874,saturation
oracle,18877.926148196064,18906.51802361916,saturation
oracle,21629.52269884689,21654.633681554715,saturation
oracle,56715.056476403646,56763.45465397069,saturation
oracle,21131.7800657838,21168.45705214083,saturation
oracle,21390.97978875816,21414.449122688286,saturation
oracle,23799.589407533073,23806.4845428308,saturation
oracle,20991.702923286022,21080.822503939948,saturation
oracle,20533.780532326382,20537.47059892436,saturation
oracle,20569.081953915276,20592.18471915074,saturation
oracle,18009.557723311325,18048.208659984622,saturation
oracle,15676.27555548701,15682.126823205137,saturation
oracle,18012.566472034854,18037.275809341736,saturation
oracle,26439.096607776013,26551.656751552044,saturation
oracle,20542.561535822784,20546.168011643247,saturation
oracle,109085.74719462567,109109.21745043423,saturation
oracle,30809.309720894238,30847.41533179776,saturation
oracle,17034.53055667432,17083.757339795608,saturation
oracle,17433.403105287103,17514.72588097245,saturation
oracle,19510.740085482088,19515.03861751128,saturation
oracle,31916.843428399756,31923.169204916238,saturation
oracle,22298.949235619348,22330.971788454255,saturation
oracle,19131.297820161242,19193.683699276975,saturation
oracle,26538.255490403924,26570.5258755927,saturation
oracle,30392.521067409132,30396.46115225331,saturation
oracle,26456.962086414336,26485.110095566924,saturation
oracle,13565.08879044912,13590.114009490098,saturation
oracle,19188.062640918597,19223.51578068694,saturation
oracle,21718.20766681362,21746.61969711785,saturation
oracle,27316.47691320763,27334.052060395188,saturation
oracle,22604.274889801247,22623.81606670079,saturation
oracle,18956.9257193392,18986.08105305068,saturation
oracle,20349.955957417744,20451.84746057048,saturation
oracle,17610.138758134468,17634.67051858838,saturation
oracle,25804.599554512544,25810.63016957061,saturation
oracle,13675.534030247883,13693.83491667802,saturation
oracle,15188.486317578507,15223.058374789718,saturation
oracle,25542.755054598874,25639.72029993682,saturation
oracle,14092.173465839773,14119.774308218617,saturation
oracle,24746.144128344873,24753.527867865138,saturation
oracle,18070.33618699397,18075.521357591708,saturation
oracle,18569.278266075435,18577.06517903802,saturation
oracle,29020.61851861934,29057.472378308892,saturation
oracle,14018.368596959517,14077.802414201658,saturation
oracle,24494.665519818554,24503.066149784805,saturation
oracle,22484.313915520444,22512.32124214637,saturation
oracle,18978.97398259178,18998.899674216416,saturation
oracle,28487.343103002,40367.87035029381,saturation
oracle,27492.292879081186,27505.44303695789,saturation
oracle,17341.772484338846,17353.701830944665,saturation
oracle,13822.97084682895,13856.28823151635,saturation
oracle,27665.99552126264,27671.09844493325,saturation
oracle,25300.842622348162,25510.736023927206,saturation
oracle,25361.999932235693,25365.776108247894,saturation
oracle,16571.371531743327,16580.289036597143,saturation
oracle,13781.219543473217,13804.555292365996,saturation
oracle,22010.897440729732,22050.887254271114,saturation
oracle,38563.4987279871,38692.693098190255,saturation
oracle,24591.181381360107,24599.8053398321,saturation
oracle,25755.033614099913,25761.052767759968,saturation
oracle,15048.500705034854,15066.328348162915,saturation
oracle,18308.326109596946,18326.57073626705,saturation
oracle,51215.25432198532,51267.16682851994,saturation
oracle,19405.650730130554,19426.84800856968,saturation
oracle,30469.0433205886,30470.994109908042,saturation
oracle,23561.55750384517,23566.461245773717,saturation
oracle,23903.380486809183,23925.997354476036,saturation
oracle,19188.44686105054,19297.205911438454,saturation
oracle,35427.47415569278,35450.87530629332,saturation
oracle,24893.48040523011,24899.261205986735,saturation
oracle,26661.746753123913,26683.686585308933,saturation
oracle,21164.409548327887,21180.70015724229,saturation
oracle,19468.86933711874,19551.605426648777,saturation
oracle,35048.96922009145,35057.59838783031,saturation
oracle,26409.077492334407,26411.41353483519,saturation
oracle,34076.69338908158,34112.67449520368,saturation
oracle,14176.678762284986,14183.924528544327,saturation
oracle,23549.47384666232,23607.605787280867,saturation
oracle,26625.350367952477,26642.266363574585,saturation
oracle,36185.45315945663,36200.114825977194,saturation
oracle,23515.74407782782,23529.34464021435,saturation
oracle,18991.323521400587,18996.3822428958,saturation
oracle,39034.431201451414,39056.520259444325,saturation
oracle,32219.481650031576,32249.110419810888,saturation
oracle,23649.856681536145,23668.03388206679,saturation
oracle,20596.111459053132,20652.656665607414,saturation
oracle,40210.19532953885,40219.76850010676,saturation
oracle,15313.92252982535,15395.116224020578,saturation
oracle,21328.390603323598,21359.192652001533,saturation
oracle,24636.2609949055,24656.671704431268,saturation
oracle,22451.2109467444,22478.054752931428,saturation
oracle,25799.230012431795,25823.655661340646,saturation
oracle,26923.58391491835,27453.724543981814,saturation
oracle,22546.867430713086,22565.777381039738,saturation
oracle,40621.24831596212,40667.16266874576,saturation
oracle,24664.24482081383,24685.177466130386,saturation
oracle,32900.14255559775,32933.19335401163,saturation
oracle,25885.34730829218,25935.606562406407,saturation
oracle,15372.53847057727,15383.769866120132,saturation
oracle,19039.96017715985,19058.32988829306,saturation
oracle,14253.960034476357,14261.309784565143,saturation
oracle,38506.944494218216,38638.199277719374,saturation
oracle,29431.937234512217,29485.974251759682,saturation
oracle,24719.692306725632,24748.653886385386,saturation
oracle,20791.99702337875,20837.806763861023,saturation
oracle,17879.542055472994,17890.35283929609,saturation
oracle,31986.337807227494,32529.173994664754,saturation
oracle,18018.65239644094,18111.738171114448,saturation
oracle,24143.122225611558,24151.854122252334,saturation
oracle,20963.784720492415,20978.46583413565,saturation
oracle,122912.37586317012,122948.5142369773,saturation
oracle,19382.54290290804,19402.211025375265,saturation
oracle,16530.94483854134,16662.37407025747,saturation
oracle,32523.010952010696,32540.092437320985,saturation
oracle,16211.97781158002,16225.707485471707,saturation
SIT-safe,2605.4648212397074,2645.38821491185,low
SIT-safe,4481.6093627237215,4499.898110925811,low
SIT-safe,6919.0036393671735,6937.573648599813,low
SIT-safe,8066.460076230027,8072.993283683512,low
SIT-safe,9316.87251629238,9327.14713975029,low
SIT-safe,10749.382296500416,10758.516911303912,low
SIT-safe,12678.462071209387,12715.880522958087,low
SIT-safe,14930.992953477507,14969.231953955574,low
SIT-safe,16261.85986023408,16273.001440861064,low
SIT-safe,17518.625907437647,17566.808593530382,low
SIT-safe,18713.21587126481,18734.593715411407,low
SIT-safe,20862.066986447477,20888.350056427073,low
SIT-safe,23090.355083711616,23122.2398972245,low
SIT-safe,24230.025538125985,24278.412984393595,low
SIT-safe,25914.111494401765,25962.50927211347,low
SIT-safe,26894.347347558345,26900.04033693521,low
SIT-safe,28861.436958451523,28922.272643885593,low
SIT-safe,31354.71194193629,31402.16392552799,low
SIT-safe,32474.383858241592,32539.06231304699,low
SIT-safe,33826.457637690255,33889.54869886165,low
SIT-safe,2673.3749911108257,2710.8607768855672,low
SIT-safe,4547.732856469236,4558.62757316514,low
SIT-safe,6719.983930825475,6761.103445457044,low
SIT-safe,8127.642285737659,8168.766765784664,low
SIT-safe,9450.780044273335,9462.673728243266,low
SIT-safe,10604.428835512716,10618.064672885372,low
SIT-safe,12717.502653955811,12732.827596973078,low
SIT-safe,14848.93057417703,14891.581513080764,low
SIT-safe,16037.825827021261,16070.238194600468,low
SIT-safe,17686.370866677826,17722.441123365898,low
SIT-safe,18825.557241091934,18856.395532270195,low
SIT-safe,20639.46699838749,20648.87509974504,low
SIT-safe,23017.404074178405,23066.64434631526,low
SIT-safe,24225.935491025975,24254.774859677535,low
SIT-safe,25527.769055560053,25549.698351634794,low
SIT-safe,27007.795521552845,27070.127905970545,low
SIT-safe,28894.393046891713,28924.950278940058,low
SIT-safe,30982.816326529504,31025.910028801944,low
SIT-safe,32394.034636847136,32461.20953104346,low
SIT-safe,33870.79136215993,33915.06382648945,low
SIT-safe,2658.585565824203,2681.559572430065,low
SIT-safe,4663.595049581654,4669.816857346046,low
SIT-safe,6836.994398198507,6844.72652606562,low
SIT-safe,8016.982970781505,8043.566588650149,low
SIT-safe,9547.011812398092,9560.551597504891,low
SIT-safe,10694.608708606473,10713.580047143885,low
SIT-safe,12531.088428235827,12535.674309333866,low
SIT-safe,14916.932152946378,15016.630981930055,low
SIT-safe,16146.183072106647,16180.70742202005,low
SIT-safe,17469.995253472258,17511.053349877177,low
SIT-safe,18834.51368407644,18891.29196766703,low
SIT-safe,20823.39730423721,20870.49229215802,low
SIT-safe,23091.807707247026,23249.503516645324,low
SIT-safe,24390.08166548865,24525.665398353965,low
SIT-safe,25757.346569844172,25789.3129996534,low
SIT-safe,26993.78183346035,27019.543973246342,low
SIT-safe,28938.429440437696,28971.792452897032,low
SIT-safe,31275.705112782827,31342.794373384197,low
SIT-safe,32365.5963730616,32385.582954104502,low
SIT-safe,33920.30310627252,33994.16734756222,low
SIT-safe,2660.818233165482,2680.6206459727127,low
SIT-safe,4466.394548080199,4475.9380139255645,low
SIT-safe,6979.575722642126,7174.249092081489,low
SIT-safe,7987.792608578096,8030.535387950902,low
SIT-safe,9307.092261486654,9323.8232643805,low
SIT-safe,10683.468778585677,10697.048904572583,low
SIT-safe,12655.918777145667,12694.986151507139,low
SIT-safe,15060.178411888392,15092.942674666529,low
SIT-safe,16303.851873100508,16315.594439699724,low
SIT-safe,17503.720362590524,17514.619315149663,low
SIT-safe,18850.78775383265,18880.175219926914,low
SIT-safe,20853.891526562722,20872.46947454085,low
SIT-safe,23061.892962311733,23125.99987053832,low
SIT-safe,24190.9167803155,24242.788621283187,low
SIT-safe,25762.112162833168,25783.614262516865,low
SIT-safe,26989.228450129,27021.47292528409,low
SIT-safe,28849.787621117583,28912.06402060001,low
SIT-safe,31100.760536524493,31169.908921581256,low
SIT-safe,32400.238320182332,32505.512386567585,low
SIT-safe,33693.4438906102,33765.35656317811,low
SIT-safe,2734.3469912653477,2736.326844414585,low
SIT-safe,4574.247303558648,4599.6179228961,low
SIT-safe,6824.842591312693,6832.527370884645,low
SIT-safe,8070.887150347776,8094.483874000605,low
SIT-safe,9423.586674151673,9432.30271156347,low
SIT-safe,10682.34135958407,10717.882606539217,low
SIT-safe,12683.389291456115,12702.48171247884,low
SIT-safe,14895.90298544098,14958.154063444905,low
SIT-safe,16058.937745334675,16075.387450170823,low
SIT-safe,17771.488726498937,17824.514224861374,low
SIT-safe,18801.502942674353,18846.1095400844,low
SIT-safe,20643.26713636366,20702.309875167794,low
SIT-safe,22991.91570256424,23100.019728178304,low
SIT-safe,24232.145789026938,24269.41726289173,low
SIT-safe,25570.574462095774,25594.758625079536,low
SIT-safe,27050.184073013643,27139.79493301182,low
SIT-safe,28968.55190895729,29013.84136247595,low
SIT-safe,30929.374274389687,30964.220057026258,low
SIT-safe,32506.58486098844,32631.878103822957,low
SIT-safe,33984.09454329688,34061.0400495568,low
SIT-safe,2632.153558526804,2670.073502759075,low
SIT-safe,4682.764940543797,4706.33682356004,low
SIT-safe,6980.731025602604,7062.807305772261,low
SIT-safe,8034.686097574534,8081.093684043666,low
SIT-safe,9589.916927721133,9597.942882168903,low
SIT-safe,10788.768699103603,10798.933959065658,low
SIT-safe,12581.640895757344,12613.280764157655,low
SIT-safe,14989.179003070065,15021.288722399935,low
SIT-safe,16110.96157496101,16120.203028345004,low
SIT-safe,17413.947241397917,17449.198552890928,low
SIT-safe,18961.738518531653,19041.580721066333,low
SIT-safe,20778.582003946685,20793.685044775826,low
SIT-safe,23121.257349732878,23231.856501133094,low
SIT-safe,24351.422272632844,24399.868723924294,low
SIT-safe,25947.01851918223,25964.436444336538,low
SIT-safe,26841.999033139116,26903.029992971264,low
SIT-safe,28987.391876031805,29068.906071042496,low
SIT-safe,31151.71495964816,31265.082924830793,low
SIT-safe,32401.541290778106,32421.591309418152,low
SIT-safe,34044.00108168655,34064.29462175784,low
SIT-safe,2636.796738518288,2686.3567696866608,low
SIT-safe,4485.16031049281,4491.37352831922,low
SIT-safe,6910.152660686582,6987.501118653263,low
SIT-safe,8087.305895970386,8120.564233273868,low
SIT-safe,9324.033717606608,9350.196996005512,low
SIT-safe,10829.6768748452,10837.115965979257,low
SIT-safe,12670.676563898207,12738.64066114237,low
SIT-safe,14870.026623854726,14935.258226418602,low
SIT-safe,16220.037643848382,16301.841819097532,low
SIT-safe,17539.585242530688,17601.111341797543,low
SIT-safe,18802.33278665803,18881.67071317338,low
SIT-safe,20872.36691858276,20919.29948379613,low
SIT-safe,23144.943044320946,23216.431909724382,low
SIT-safe,24265.051093761125,24335.845662386157,low
SIT-safe,25743.171989567087,25751.87583471959,low
SIT-safe,26897.961740612413,26938.159418988427,low
SIT-safe,28856.48570934059,28926.881862454455,low
SIT-safe,31245.3017136857,31334.289381907765,low
SIT-safe,32379.076236859986,32420.784379976154,low
SIT-safe,33843.7494379097,33912.38505519385,low
SIT-safe,2661.231297569996,2681.7629520289966,low
SIT-safe,4511.076068166789,4517.690650972433,low
SIT-safe,6957.7804279862585,6979.3627372683295,low
SIT-safe,8088.045920964099,8132.751318447662,low
SIT-safe,9424.467649929164,9426.259859452315,low
SIT-safe,10684.421712365025,10690.710007436317,low
SIT-safe,12707.019719552836,12734.168161425932,low
SIT-safe,14914.711100323162,14947.634923552783,low
SIT-safe,16021.866559660706,16052.37275151546,low
SIT-safe,17652.41191224683,17700.587397236577,low
SIT-safe,18810.641307193488,18834.543784213725,low
SIT-safe,20664.789585274022,20682.008383062835,low
SIT-safe,23045.882218671883,23096.52603202866,low
SIT-safe,24172.829227330665,24199.707044069564,low
SIT-safe,25621.37920002976,25645.87639744675,low
SIT-safe,26989.136150780265,27017.87128228821,low
SIT-safe,28921.67179135865,28987.193188860547,low
SIT-safe,31150.414603360467,31209.27341624462,low
SIT-safe,32531.912859333213,32575.446369679266,low
SIT-safe,33891.76174349492,33939.481897343205,low
SIT-safe,2540.4700399466933,2550.0844325660287,low
SIT-safe,4641.063920192981,4661.352613236352,low
SIT-safe,6896.864889945159,6979.166062603474,low
SIT-safe,7901.027088386939,7933.449552591342,low
SIT-safe,9514.31311140267,9537.04807341226,low
SIT-safe,10665.330838012644,10683.667214397026,low
SIT-safe,12632.699098239142,12658.628820098795,low
SIT-safe,15229.424502858808,15268.839580981525,low
SIT-safe,16168.449465662126,16248.437928813995,low
SIT-safe,17412.489202481134,17424.3243617606,low
SIT-safe,18837.401948380386,18887.606492175622,low
SIT-safe,20716.076478771858,20732.0363759311,low
SIT-safe,22938.988108649948,22956.09013864963,low
SIT-safe,24302.623857215724,24327.05843628054,low
SIT-safe,25742.275248267535,25787.809824081873,low
SIT-safe,26895.591084957912,26956.55098149465,low
SIT-safe,29039.128453722667,29072.62366346488,low
SIT-safe,31142.06761975454,31230.211932336748,low
SIT-safe,32374.777457293112,32442.562024619365,low
SIT-safe,34022.95144015724,34242.570425043916,low
SIT-safe,2661.1905356427615,2676.0663852158114,low
SIT-safe,4510.7145611609285,4536.393739326783,low
SIT-safe,7165.362051369595,7198.162876005846,low
SIT-safe,8017.6390184134725,8097.435290572392,low
SIT-safe,9375.085591808036,9401.441024115153,low
SIT-safe,10814.689747724888,10832.097155971198,low
SIT-safe,12648.935462414618,12659.414866169638,low
SIT-safe,15304.282248165155,15385.50177539112,low
SIT-safe,16185.98041335218,16228.195314128654,low
SIT-safe,17546.320088587225,17562.34618190778,low
SIT-safe,18808.37734999138,18897.085815126473,low
SIT-safe,20816.81088228254,20853.879907437367,low
SIT-safe,22763.59417085472,22811.02452179975,low
SIT-safe,24137.160495829805,24169.779355655926,low
SIT-safe,25805.153151278253,25848.333681237913,low
SIT-safe,27009.861328211256,27136.55790095126,low
SIT-safe,28889.640933647293,28911.221916373026,low
SIT-safe,31118.789687820507,31214.39222560948,low
SIT-safe,32325.026459383287,32361.290503006498,low
SIT-safe,33746.93511700458,33829.43908891452,low
partition,1033.4654135181577,1062.7700858258108,low
partition,2745.3596086901516,2793.900691279052,low
partition,5470.012175977764,5487.231592735647,low
partition,5957.10810881845,5974.602952815552,low
partition,7256.306349189266,7270.836307635218,low
partition,8917.024941746351,8926.680363249377,low
partition,10741.296700932806,10750.433272809707,low
partition,13488.540977252465,13545.904691507716,low
partition,14108.04879026395,14149.852922442957,low
partition,15346.454041930703,15364.305162793069,low
partition,17065.639025255503,17075.23755062951,low
partition,18849.2033827926,18879.90155893491,low
partition,21544.574327314298,21569.845251252285,low
partition,22297.489671863605,22376.05993389505,low
partition,23479.080019322,23566.458240475968,low
partition,25189.1238113868,25212.441063328268,low
partition,27124.325244621345,27139.26798805282,low
partition,29641.546580722563,29729.141590398594,low
partition,30504.436256741912,30538.288528493576,low
partition,31543.30504292651,31567.881821798845,low
partition,972.7149299719097,1014.9067198948917,low
partition,2789.886927741407,2826.933290544769,low
partition,5418.282485078476,5456.773612516256,low
partition,5952.11919544965,5963.682250934937,low
partition,7193.082946484074,7206.058767145431,low
partition,8984.425544847509,9002.258792806824,low
partition,10826.72377109524,10838.394721968521,low
partition,13988.668763305368,14040.472869489746,low
partition,14118.365348303665,14187.378141710953,low
partition,15458.592961792636,15550.077050907288,low
partition,17006.138723628494,17054.120808423937,low
partition,18857.024085782716,18893.283324457312,low
partition,21470.84096000404,21545.573208032947,low
partition,22172.707061039982,22217.45883096575,low
partition,23516.946518983048,23588.558407689707,low
partition,25203.632065528287,25233.364486237202,low
partition,26942.60756366663,26984.202762499146,low
partition,29531.76368146767,29591.921071538578,low
partition,30440.8379048985,30542.052417570045,low
partition,31583.781586516274,31618.86975102679,low
partition,984.5023763552915,1003.6982174626928,low
partition,2674.916784267322,2698.22771500927,low
partition,5355.430577229653,5386.414357331792,low
partition,6028.771414795738,6066.621233657313,low
partition,7218.910060056357,7229.433102955274,low
partition,9102.025372139358,9124.839735566482,low
partition,10764.61006626928,10818.610233311967,low
partition,13533.922352904403,13563.689629774963,low
partition,14136.818798021053,14171.727623256993,low
partition,15349.175965985847,15368.553145001555,low
partition,17038.46025989347,17090.700064456767,low
partition,18833.830950939515,18854.516524166407,low
partition,21545.90028957136,21638.799323180465,low
partition,22153.894269637654,22178.216249132478,low
partition,23455.99909517265,23489.074441578803,low
partition,25163.268756659334,25172.748937872493,low
partition,27076.09866964464,27099.73866986547,low
partition,29492.348730080932,29550.613248202433,low
partition,30404.954013114977,30481.736638412825,low
partition,31574.220309148783,31663.061164684717,low
partition,928.911955386091,948.6267170624194,low
partition,2702.558763778693,2719.3826210017396,low
partition,5286.983964113633,5320.15228237462,low
partition,5944.071501610359,5953.05075671463,low
partition,7269.316201057539,7286.810322167519,low
partition,8881.592317700162,8898.644392202736,low
partition,10795.03557977463,10804.49193796912,low
partition,13450.522167154264,13572.282433217957,low
partition,14144.532100062126,14181.624845399943,low
partition,15358.842940400165,15366.42403193541,low
partition,17096.141283819394,17187.78984618822,low
partition,18974.888914989133,18980.034963282676,low
partition,21392.071645544027,21414.258512653618,low
partition,22197.48093543291,22277.06632960173,low
partition,23476.103767614688,23484.84633094386,low
partition,25068.950711289923,25084.579486331542,low
partition,27003.587056069166,27031.72577051573,low
partition,29719.590497583125,29753.18265422454,low
partition,30235.526505785605,30287.134398252125,low
partition,31669.433783944693,31756.61569187865,low
partition,1076.1955443291638,1084.8157880709903,low
partition,2678.2397655016907,2685.9446594121746,low
partition,5369.075217988301,5417.033866772812,low
partition,6068.630955402414,6116.118450946062,low
partition,7208.372789873958,7213.257657047369,low
partition,8907.51966114432,8933.177582963128,low
partition,10697.604488238248,10727.934935202898,low
partition,13291.9674738029,13318.344546553057,low
partition,14082.875018478002,14126.117347464155,low
partition,15396.117537020302,15405.834779025576,low
partition,17136.484279612498,17145.160682108457,low
partition,18852.93296193621,18875.99227240264,low
partition,21578.63498625289,21664.58637698867,low
partition,22133.815511467004,22143.829212677127,low
partition,23532.21666676973,23564.67994655937,low
partition,25196.729815918323,25267.88654422017,low
partition,26982.016790943457,27087.975722821764,low
partition,29621.739728751698,29677.753857803713,low
partition,30359.639229453078,30383.514367359465,low
partition,31633.764672987967,31718.107805556276,low
partition,838.9773571892674,853.414077912865,low
partition,2680.5379007772244,2696.990091735202,low
partition,5428.6997480441405,5479.939204455088,low
partition,6012.325964107679,6045.449392850414,low
partition,7224.686365822004,7250.755409213396,low
partition,8987.591769431281,9019.242702967678,low
partition,10707.951556853124,10736.273495353838,low
partition,13432.149124973,13465.5584167538,low
partition,14057.626949570926,14080.95676663537,low
partition,15350.064004652138,15383.500121658857,low
partition,17021.982401080357,17060.71466566458,low
partition,18876.607003510555,18912.384023305138,low
partition,21598.83927917482,21744.96089203677,low
partition,22140.43269037155,22153.10964960791,low
partition,23545.94113645681,23563.05805684111,low
partition,25119.602153773387,25132.35068341382,low
partition,26986.253234815595,27005.35236001743,low
partition,29698.472982229287,29860.561453246744,low
partition,30383.976403087607,30448.500338607835,low
partition,31687.533751312665,31773.980524910323,low
partition,870.0928916150131,897.1469026014258,low
partition,2719.825755482638,2722.286500170151,low
partition,5318.886532698959,5375.133352434098,low
partition,5991.600813857303,6027.490457630522,low
partition,7279.422309922732,7288.950955098834,low
partition,8951.188145017542,9003.048334774554,low
partition,10729.093498653327,10763.606669450433,low
partition,13761.243274741413,13850.231533022146,low
partition,14247.599311893338,14259.51029032359,low
partition,15353.648855338715,15411.13901336566,low
partition,17072.258833789274,17087.430865922586,low
partition,18978.47188149242,19024.632565091575,low
partition,21548.911692550246,21628.427593087697,low
partition,22331.77688896808,22424.308489775587,low
partition,23523.84367107474,23578.421036357708,low
partition,25194.154069742453,25319.590535744188,low
partition,27016.201168412503,27091.872453498265,low
partition,29718.91886872204,29782.606198994916,low
partition,30325.069040878407,30375.582802085104,low
partition,31677.01882827194,31741.21953796911,low
partition,994.739635094997,1044.0021610272393,low
partition,2714.415614752862,2734.4094449720606,low
partition,5470.565986026833,5509.470718310369,low
partition,6061.930215437583,6078.189934361385,low
partition,7214.956384440888,7224.2407613553405,low
partition,8907.123320626144,8946.295942799694,low
partition,10776.539420812654,10812.670157002052,low
partition,13646.395952962195,13671.242432447121,low
partition,14131.562665286569,14149.20602787883,low
partition,15384.162170627586,15414.059378396852,low
partition,17179.782035356697,17186.545119474507,low
partition,18902.671124364282,18915.84322640649,low
partition,21613.001941813443,21682.661041481337,low
partition,22221.222896028365,22320.47731242708,low
partition,23479.366179290388,23537.60460581164,low
partition,25245.19993005484,25265.35735468599,low
partition,26987.845341932676,27007.377405458683,low
partition,29605.9559596982,29727.575949687543,low
partition,30314.370038786412,30336.475882141516,low
partition,31705.311265530057,31820.713272341207,low
partition,922.8582114402135,966.9464325798128,low
partition,2735.199446751013,2741.754796380869,low
partition,5402.902616519683,5474.799743645075,low
partition,6106.801230922735,6117.099871059449,low
partition,7248.439388473951,7252.137567564578,low
partition,8941.495337626073,8951.891455268218,low
partition,10884.409582794398,10932.884579922127,low
partition,13366.450492692467,13439.129247769666,low
partition,14105.654710208593,14131.445596690584,low
partition,15349.81956020006,15380.561734304,low
partition,17029.118779511795,17083.426143401168,low
partition,18952.928229045894,18997.20964305126,low
partition,21481.852333625637,21512.78309014746,low
partition,22182.813222941855,22268.991901692236,low
partition,23502.625445065503,23523.627740012744,low
partition,25175.927311178235,25221.378900604846,low
partition,27089.032442357893,27164.813553173954,low
partition,29605.534520124947,29707.717264422598,low
partition,30340.56997752595,30425.29704497217,low
partition,31717.622803281676,31724.844284012033,low
partition,940.56096095251,956.9380383654125,low
partition,2672.4181017994156,2703.2050456396328,low
partition,5596.797477587785,5659.1490737387685,low
partition,5999.765794930288,6021.504881924153,low
partition,7222.274487960424,7265.57592007124,low
partition,8933.026078414578,8990.985182598153,low
partition,10736.774440265597,10756.721693535561,low
partition,13445.6791008206,13501.6128588828,low
partition,14171.914123600094,14231.338458288963,low
partition,15391.554572188867,15394.389193714016,low
partition,17125.687847517347,17215.129735416056,low
partition,18953.238619007407,19002.426288590897,low
partition,21370.68643719248,21439.99140017385,low
partition,22249.632092356824,22270.911520286718,low
partition,23482.403321423604,23506.85305982991,low
partition,25157.866968357455,25188.83514663244,low
partition,27085.104948051412,27123.65947945139,low
partition,29492.832618328317,29532.63680549812,low
partition,30323.569601671687,30407.774930700733,low
partition,31656.677352684113,31678.194001434444,low
random,4947.715335790404,4969.075712042448,low
random,8312.592713263646,8336.745395819997,low
random,8647.961027028858,8766.036938442387,low
random,9676.827457248126,9687.954094019773,low
random,11429.552743617684,11462.180450816644,low
random,12913.195649347535,12940.532360684758,low
random,15031.608238039784,15100.778773422979,low
random,16282.372825428549,16351.28996100648,low
random,18687.69477664254,18701.416276891818,low
random,19063.038971154794,19065.8534769005,low
random,21012.082261394702,21110.752363687832,low
random,24275.61838969743,24312.810378900103,low
random,24729.240463477276,24841.975947947874,low
random,26631.16718029127,26735.805584211994,low
random,28179.428022870656,28234.677900545903,low
random,28607.458400273827,28696.67053765293,low
random,30697.345811033592,30712.622171169176,low
random,33565.55904568471,33635.16671051727,low
random,35037.19121854917,35125.96416330132,low
random,35993.0902079382,36019.83954939683,low
random,3232.5143955791186,3260.4901405056535,low
random,6456.131159967886,6481.638399265106,low
random,9276.445822596388,9407.94243997485,low
random,10925.890053728703,10956.724279072027,low
random,10308.333702404945,10334.530271647582,low
random,12742.113828052281,12781.784862079025,low
random,13976.903180840422,13986.174525418697,low
random,17786.89206895913,17845.091469061517,low
random,18027.13866079532,18081.32433896303,low
random,18891.547427914706,18933.019281685214,low
random,20593.606016161135,20610.63431605236,low
random,26494.422936503015,26540.84599230226,low
random,24879.617635536593,24946.782516590727,low
random,25991.458236446448,26048.33496920923,low
random,28050.407974162554,28091.540129005327,low
random,28347.523504315137,28431.119945766382,low
random,32850.52992826955,32878.57084906909,low
random,32402.537032767414,32465.762345517804,low
random,35673.41542287862,35714.65230712794,low
random,34308.91270497772,34375.017609871524,low
random,4061.0722118200874,4092.230543168414,low
random,6302.637495324674,6366.547626453883,low
random,8851.84165876341,8926.72572140324,low
random,10829.41231350019,10887.959623002647,low
random,13121.973074309952,13137.54642666556,low
random,13274.599401282214,13318.966359556176,low
random,17053.362255239954,17100.893590816795,low
random,16985.04226572705,17019.83816072715,low
random,17251.480977016465,17254.891156869915,low
random,21013.584206114047,21042.8049980757,low
random,20807.842618503968,20894.46986255963,low
random,21916.56521644866,21982.3894321782,low
random,24614.855347143217,24689.31936542248,low
random,25929.39994184172,25978.945757683854,low
random,27878.709003415264,27895.67523134705,low
random,28020.280916388387,28073.12875182834,low
random,30837.69529454509,30855.74303547132,low
random,32202.954730378733,32256.164094729553,low
random,34093.993819843905,34213.51579769832,low
random,36232.031144636625,36264.02860639227,low
random,4131.859280099928,4146.48295317074,low
random,7300.296076900869,7320.487101705866,low
random,9035.599799776353,9051.669750074296,low
random,9545.744783342494,9589.498747907335,low
random,11796.123425648084,11803.016650712354,low
random,13752.631457873184,13771.986967487468,low
random,15786.875458525712,15809.996496560807,low
random,17950.687559859554,17997.648661365925,low
random,17025.55961594301,17060.833833217657,low
random,20792.864576821798,20816.972166059488,low
random,19852.28327066146,19874.899062062468,low
random,22685.158050632104,22704.781772544455,low
random,25801.641727971135,25861.66175311068,low
random,25257.17957416472,25296.947054501645,low
random,27461.07031742712,27479.778382803488,low
random,28630.644060603103,28669.161524164687,low
random,29405.00966129538,29434.747287017402,low
random,33667.58188949383,33754.61412975959,low
random,33724.881730607674,33759.17005454215,low
random,36744.80256170825,36846.493259167204,low
random,3855.7434582087594,3868.265597278015,low
random,6317.193507226537,6342.214095317979,low
random,8669.736029786132,8693.309530414681,low
random,9380.57059488128,9394.970201940705,low
random,12902.951408784256,12961.375750379157,low
random,12741.098848882119,12766.450485315152,low
random,15798.808563186994,15826.014179654609,low
random,16003.965619451312,16141.476421299563,low
random,17399.636430922546,17428.438344217793,low
random,20335.21333804318,20351.4721533564,low
random,19870.91618429132,19914.597509060688,low
random,22261.54092150208,22283.901695265027,low
random,25100.43516392771,25188.41893649201,low
random,25428.589385035106,25471.996534432164,low
random,26102.098326870477,26138.4240983674,low
random,27576.00109240414,27583.02598873109,low
random,31079.106702017692,31110.855334789805,low
random,31977.15006377976,32042.612288181546,low
random,35556.09616536633,35573.38692155568,low
random,37411.95355536502,37480.05671632505,low
random,5300.727106999097,5351.954421431877,low
random,6186.169729142976,6201.123395178418,low
random,7762.743159526566,7792.965592948012,low
random,8777.478691348508,8848.831181903914,low
random,12868.945829623923,12876.265591913614,low
random,12890.51466007628,12910.746696780763,low
random,15869.614004547235,15878.784434656973,low
random,14983.616637405634,15003.85942640373,low
random,17095.46963553823,17127.33647520165,low
random,19709.88064898432,19737.547619319586,low
random,21366.781959788957,21395.597798815703,low
random,22135.771984784365,22163.29931819548,low
random,24418.3481855209,24463.505025733088,low
random,25721.924011763604,25760.73654950048,low
random,27911.353324541127,27947.27989947774,low
random,28243.63958059922,28403.742072857778,low
random,31884.318155244513,31918.07983003909,low
random,33227.216016661936,33351.308207460504,low
random,33757.33730017982,33890.97510043018,low
random,35294.82703323996,35426.4411292695,low
random,3841.5648348794584,3881.1847061811277,low
random,7011.941448010747,7034.526264493865,low
random,9646.299322417499,9681.811770987977,low
random,8944.831916668641,8950.751148634157,low
random,10891.005522199112,10935.661863178462,low
random,11913.912066960931,11922.09915438882,low
random,15252.308002549129,15272.765332896255,low
random,16459.840184664954,16502.312566834757,low
random,16909.614255270717,16974.584861713804,low
random,20114.08668150786,20159.502238321707,low
random,19823.517715337042,19860.385879522903,low
random,22859.997303309832,22871.29319975258,low
random,24732.935678314414,24792.71534321238,low
random,26541.818275978272,26664.232080934762,low
random,28090.4781800891,28153.771876999126,low
random,28763.127363500204,28816.13879812215,low
random,32751.48303251283,32762.31965959842,low
random,33708.803381075224,33833.56364561658,low
random,34851.84794323466,34978.232282700534,low
random,36167.66324379208,36240.94005001628,low
random,4382.574209903083,4406.772278234851,low
random,6997.697150310341,7010.313426072236,low
random,7992.972794856776,8108.7108367242145,low
random,9157.159200928108,9164.31000971892,low
random,11022.163481058102,11048.016260705175,low
random,12363.527613267557,12389.014097553067,low
random,14823.630321744406,14847.961625474749,low
random,15748.269818989487,15833.331445170974,low
random,18206.259946409366,18267.893018305513,low
random,18603.78007150549,18614.26595771017,low
random,19245.61377202795,19279.600459759175,low
random,21970.8878340215,22001.769323282286,low
random,24074.8359142975,24100.80763381368,low
random,26536.554206223595,26550.664933672153,low
random,28525.67467114346,28603.20806559472,low
random,28195.537651023766,28215.097972401556,low
random,29595.66936522617,29622.935855346084,low
random,32611.613114396885,32695.48856083102,low
random,33412.15927285413,33430.785518493285,low
random,34579.245780577745,34634.04048582466,low
random,4189.089119779518,4202.493495923039,low
random,5355.152821961895,5404.029272630856,low
random,7785.3032834543665,7851.703821128333,low
random,10223.437838663853,10237.31144668448,low
random,12214.644817583605,12232.892235984702,low
random,12078.564218280364,12088.025494140431,low
random,13368.864993461617,13391.288912688646,low
random,16212.71005521141,16251.70458571054,low
random,18611.664107615365,18638.374491314164,low
random,20458.225740571237,20514.802971025798,low
random,20746.069796818643,20761.007662205913,low
random,21692.7649556566,21764.20001528313,low
random,23648.028782114172,23740.867269969473,low
random,25571.248710804026,25672.650463375503,low
random,27598.28975881878,27677.50198596476,low
random,28591.234821613776,28641.522710131947,low
random,32353.908624643187,32440.561734510287,low
random,32221.447912017546,32327.324471823664,low
random,34653.181931357525,34746.09546271032,low
random,35863.72944960995,35892.57387235304,low
random,3914.854894392028,3937.6523787979318,low
random,7105.515616143065,7134.471152186983,low
random,9512.833341147458,9534.074153474894,low
random,9284.370104056929,9351.332248800967,low
random,12232.000636808245,12276.58900529923,low
random,12590.017732809445,12610.536247997858,low
random,14946.408699072894,14976.435236892044,low
random,16217.242738555185,16340.494305667606,low
random,18599.894081123588,18639.959265195474,low
random,18601.372180030605,18628.88922995775,low
random,20050.69491575434,20086.133731876987,low
random,24744.43652918431,24911.607650466256,low
random,24788.65088893137,24849.00818729902,low
random,25757.11407839773,25778.825122151393,low
random,27462.860517008685,27595.119994994875,low
random,28536.093334097208,28556.244071364315,low
random,30907.6449122186,30970.726139942977,low
random,32665.317151394836,32697.12006900746,low
random,34843.82661703609,34857.08407008568,low
random,36306.344529625065,36356.95353834465,low
oracle,2699.410376406544,2729.1088241203515,low
oracle,4520.960743514142,4530.669366125994,low
oracle,7004.93023494159,7149.432382372503,low
oracle,8034.174818580428,8055.8987394035585,low
oracle,9321.288753432484,9353.94737780666,low
oracle,10818.575197792994,10842.503214665105,low
oracle,12635.052374274486,12651.138731008083,low
oracle,14924.411560013481,14941.77237368342,low
oracle,16120.751228577112,16144.244562598567,low
oracle,17586.79318746377,17620.25824862515,low
oracle,18824.452364156714,18860.12414339003,low
oracle,20883.08649080437,20936.16655367041,low
oracle,22865.868129461654,22885.297863616186,low
oracle,24187.48464186168,24229.657146627174,low
oracle,25797.75124680755,25832.118352094396,low
oracle,26953.940261649605,26991.723539882878,low
oracle,28846.797840086692,28870.98390879817,low
oracle,31007.22121166633,31142.01943687306,low
oracle,32370.85529739899,32434.832357648273,low
oracle,33833.751016086855,33914.19675994008,low
oracle,2710.383543058592,2736.22597577694,low
oracle,4540.113013993113,4552.162584826558,low
oracle,7207.792825541456,7302.276677211244,low
oracle,8086.706297875867,8114.345890314957,low
oracle,9396.828339611193,9428.499020044132,low
oracle,10657.267426820697,10693.530920249923,low
oracle,12676.705105220673,12706.975358644302,low
oracle,15146.421098024019,15255.357349593216,low
oracle,16091.729898322843,16153.71755175336,low
oracle,17592.804528193552,17611.272741195746,low
oracle,18747.36381134923,18756.10922514898,low
oracle,20714.510241458796,20754.577942513606,low
oracle,23018.567948695047,23074.541645325527,low
oracle,24206.289518953556,24272.253626581194,low
oracle,25553.62083990327,25562.68248895163,low
oracle,26937.363078527036,26994.63626828725,low
oracle,28912.170963969853,28984.24504809342,low
oracle,31175.6157550673,31340.243172715185,low
oracle,32455.13319946789,32499.383632962992,low
oracle,33818.87566243553,33823.54251726568,low
oracle,2595.377252278543,2613.396115153664,low
oracle,4630.707960578088,4654.13055526886,low
oracle,6804.182945238066,6863.109675574162,low
oracle,7939.797404602654,8023.9792568420635,low
oracle,9524.192379990667,9545.824585321672,low
oracle,10720.540783238555,10752.45625755064,low
oracle,12594.764080224324,12668.308571863687,low
oracle,14953.343214852828,15027.10586997031,low
oracle,16164.71959232976,16249.328779406453,low
oracle,17548.628045451587,17593.36483748738,low
oracle,18914.80185057678,18962.198058662714,low
oracle,20737.393123613587,20875.969166290964,low
oracle,22926.549703043387,22953.114930055082,low
oracle,24254.984651609888,24342.742014470525,low
oracle,25722.944902983876,25744.611536336153,low
oracle,26879.620739606984,26894.92808573367,low
oracle,29029.11216695594,29129.7917855429,low
oracle,31308.01446369836,31327.218572991012,low
oracle,32421.810255660675,32474.856915765187,low
oracle,34055.254817394714,34151.854505685376,low
oracle,2773.648380361785,2888.8984396420556,low
oracle,4482.358391729531,4508.219633787777,low
oracle,7079.793856258127,7094.94123476825,low
oracle,8101.355506766056,8221.902789303162,low
oracle,9326.770531698683,9331.145465041918,low
oracle,10768.82714066583,10795.81661876983,low
oracle,12645.755111354872,12688.813901637282,low
oracle,14904.527371942833,15049.56110072311,low
oracle,16204.143582400922,16244.444211136371,low
oracle,17553.981837583342,17564.04008713419,low
oracle,18802.001840993827,18820.987154884642,low
oracle,20829.949306514045,20849.707678817045,low
oracle,23027.166015913062,23129.59643796525,low
oracle,24282.298336119587,24297.532022496,low
oracle,25775.01312778208,25844.899909579966,low
oracle,26939.02467990328,26947.240774285005,low
oracle,28911.751642679006,28940.955609280296,low
oracle,31216.637604620748,31298.37414371062,low
oracle,32421.002558385408,32468.45632694829,low
oracle,33791.22981954096,33872.12808314264,low
oracle,2720.1566017988653,2737.4236969941608,low
oracle,4579.309867673666,4595.460876615662,low
oracle,7045.823949451397,7092.589547730939,low
oracle,8063.6446044880595,8082.474301130795,low
oracle,9463.206108037894,9472.379419653422,low
oracle,10653.581395857942,10704.283279555018,low
oracle,12749.46450157408,12756.85945064707,low
oracle,14872.273891565204,14886.510352830104,low
oracle,16042.551135251315,16058.07379796847,low
oracle,17667.93828661848,17676.55275183751,low
oracle,18743.619085925806,18773.90515699615,low
oracle,20676.47928147251,20733.318372208574,low
oracle,23108.724383585424,23193.767639703234,low
oracle,24308.80093824284,24360.039665107288,low
oracle,25595.00902429242,25611.04396640703,low
oracle,27069.588394449398,27102.437119101196,low
oracle,28884.86952527006,28920.17263165515,low
oracle,31140.179431854896,31178.69552704342,low
oracle,32531.496403980684,32594.173684048357,low
oracle,33818.90035087212,33897.67402840093,low
oracle,2607.2457508267844,2639.773117083832,low
oracle,4586.699587797343,4663.950435915371,low
oracle,6939.960550826003,7071.2744336634205,low
oracle,7891.758969191526,7927.658712030365,low
oracle,9512.055886202761,9536.993908180502,low
oracle,10761.49310015826,10800.165541070648,low
oracle,12622.049982516677,12633.054323269385,low
oracle,14915.716431685267,14946.278540837198,low
oracle,16157.720658965512,16160.211486073069,low
oracle,17482.766431927208,17580.633572420105,low
oracle,18904.28420972428,18947.55718150487,low
oracle,20708.13183898955,20757.67400308251,low
oracle,22977.528285420583,23016.618745632906,low
oracle,24314.216626691843,24399.58606375865,low
oracle,25702.688653492034,25736.836470898605,low
oracle,26834.34985287297,26908.11950513199,low
oracle,29060.113811219453,29138.352254570098,low
oracle,31154.75561114584,31218.315915902887,low
oracle,32330.627099232875,32362.76439481524,low
oracle,33919.42425365143,33946.12916370414,low
oracle,2610.0329249511133,2624.4277201591767,low
oracle,4515.878841207189,4531.568195221385,low
oracle,6892.83691550831,6915.306725405848,low
oracle,7976.66908586307,7982.6762255579415,low
oracle,9336.458303272182,9353.702668121761,low
oracle,10918.966597388902,10931.074450054617,low
oracle,12595.455962919159,12661.758091749147,low
oracle,14949.556409485334,14993.455470885006,low
oracle,16160.85729416146,16233.181257576423,low
oracle,17518.3791607941,17528.225697835835,low
oracle,18826.13177584093,18893.531386901734,low
oracle,20823.20982752988,20907.93198512044,low
oracle,23130.875149154297,23219.440823417026,low
oracle,24128.288075191744,24187.901792502187,low
oracle,25840.629721391335,25920.03718394705,low
oracle,26973.848761450332,27012.682259637753,low
oracle,28891.774600591634,28927.539927190504,low
oracle,31472.631932914257,31550.477833835816,low
oracle,32336.506981934548,32395.463685209143,low
oracle,34161.07885852857,34193.29253913756,low
oracle,2700.7495747288217,2851.7585891015406,low
oracle,4591.306019581185,4625.583304382484,low
oracle,6844.455025421377,6873.076640506699,low
oracle,8093.259638114501,8137.523516324616,low
oracle,9464.972931664572,9493.034754674256,low
oracle,10668.46454613823,10719.278063642365,low
oracle,12685.14714544408,12726.349887948185,low
oracle,15163.77403927263,15237.290309613476,low
oracle,16016.200567080115,16046.559846942586,low
oracle,17650.15626511561,17658.983595276986,low
oracle,18890.834099290205,18925.18423267334,low
oracle,20690.37701962964,20693.258661324886,low
oracle,23167.519783035146,23247.21527714712,low
oracle,24242.475993810844,24274.033325321216,low
oracle,25626.967374942265,25638.980302239735,low
oracle,26934.70272148831,26980.822101793856,low
oracle,29007.767564599377,29042.77274339363,low
oracle,31264.446932624338,31367.553035785513,low
oracle,32437.88860964968,32572.508312603328,low
oracle,33873.306406963275,33934.17080457255,low
oracle,2595.1556828229045,2614.2931022120492,low
oracle,4632.9491368106565,4662.085394379463,low
oracle,6868.157616691132,7010.817950157153,low
oracle,7929.262317296821,7957.074264945097,low
oracle,9490.821466248868,9513.643915887369,low
oracle,10675.013306574252,10718.42191713462,low
oracle,12596.289452680445,12634.84113001023,low
oracle,15093.680408509681,15116.302518260007,low
oracle,16029.158184873197,16057.211730843828,low
oracle,17491.82231547184,17555.34785214276,low
oracle,18904.96569822455,18976.26509674181,low
oracle,20784.961658549226,20827.907135448942,low
oracle,23004.751579386848,23094.94737270599,low
oracle,24239.325629506046,24245.14614319403,low
oracle,25667.273610494714,25717.18396741718,low
oracle,26880.85196598943,26949.315838774888,low
oracle,28957.00788376092,29004.914136742933,low
oracle,31114.427735041016,31146.182231960433,low
oracle,32512.868106657133,32589.2666815614,low
oracle,34129.9897318716,34147.62393168453,low
oracle,2706.469019600783,2736.5132559605354,low
oracle,4463.287385029154,4481.912769504023,low
oracle,6946.574512658306,7028.358244679299,low
oracle,8095.756496968108,8145.465081156599,low
oracle,9328.082880157595,9368.484383567862,low
oracle,10691.805351420997,10723.353280490897,low
oracle,12627.77647911375,12653.865200528438,low
oracle,14945.09104134857,14989.718472742743,low
oracle,16320.392105515399,16342.42292911346,low
oracle,17582.659638797373,17596.440069602104,low
oracle,18693.50370891523,18701.40882115646,low
oracle,20767.270865047878,20811.54059243799,low
oracle,22898.71547046387,22924.734205824432,low
oracle,24233.666891094832,24280.51571124446,low
oracle,25808.76464630912,25857.659316929006,low
oracle,26990.9594273396,27027.00828650681,low
oracle,28881.02476600541,28916.40676539528,low
oracle,31008.083737951125,31222.26953133895,low
oracle,32448.450146928768,32463.88543362558,low
oracle,33862.60021507602,33887.049125236896,low
SIT-safe,5126.335401512027,5198.392733868215,medium
SIT-safe,8933.941566469859,8965.843203256612,medium
SIT-safe,14099.606474930848,14133.956702380165,medium
SIT-safe,15903.522324298114,15948.091669534871,medium
SIT-safe,18554.736526871304,18569.52499311142,medium
SIT-safe,21480.436181337274,21490.657019715123,medium
SIT-safe,25197.59480945592,25204.91501200568,medium
SIT-safe,29506.381574873194,29577.315175249612,medium
SIT-safe,32180.931366404027,32238.913308472605,medium
SIT-safe,34973.78674849868,34991.29824060343,medium
SIT-safe,37263.71088209399,37294.731639704405,medium
SIT-safe,41565.848885876796,41577.763616386874,medium
SIT-safe,45422.99838887576,45577.05168090467,medium
SIT-safe,48200.35507336132,48238.41020275504,medium
SIT-safe,51486.96427223236,51541.00277521496,medium
SIT-safe,53548.39013686713,53624.85129123266,medium
SIT-safe,57471.214083313156,57516.41480987257,medium
SIT-safe,61998.93310379947,62196.46295866156,medium
SIT-safe,64600.550764194864,64634.03296009785,medium
SIT-safe,67301.87084325321,67331.97315222461,medium
SIT-safe,5353.55056225226,5387.995467563869,medium
SIT-safe,9187.029726053785,9248.659968842278,medium
SIT-safe,13533.22751308978,13568.978108155177,medium
SIT-safe,16139.140116039196,16162.612039186086,medium
SIT-safe,18869.72976434704,18917.481023860848,medium
SIT-safe,21237.083287025973,21276.03841669172,medium
SIT-safe,25361.327590059045,25436.471061926797,medium
SIT-safe,30054.48865579314,30166.1020811368,medium
SIT-safe,31994.670718634512,32008.190316577435,medium
SIT-safe,35157.76495805982,35176.862137449585,medium
SIT-safe,37468.20586445854,37477.511811013916,medium
SIT-safe,41224.18530495521,41252.69290332491,medium
SIT-safe,45595.75741044995,45672.21317238472,medium
SIT-safe,48183.387691892065,48252.094162122215,medium
SIT-safe,50930.73016752006,50981.47732196007,medium
SIT-safe,53687.31766432652,53756.790474897,medium
SIT-safe,57598.70552550614,57759.969102852534,medium
SIT-safe,61779.6496080705,61834.92379705941,medium
SIT-safe,64599.58763421592,64628.9403280941,medium
SIT-safe,67415.59635930313,67483.66555635718,medium
SIT-safe,5085.860415409474,5103.214098541738,medium
SIT-safe,9318.33968024661,9335.904433888029,medium
SIT-safe,13569.65717516898,13708.740266035355,medium
SIT-safe,16015.125513851457,16027.303705684926,medium
SIT-safe,19017.233553959068,19049.730559776126,medium
SIT-safe,21248.90009735361,21255.030498246168,medium
SIT-safe,24951.687450752852,24979.983387833567,medium
SIT-safe,29834.909318451944,29925.010599787915,medium
SIT-safe,32066.359849103854,32070.099658697764,medium
SIT-safe,34841.01318305685,34850.307042943234,medium
SIT-safe,37760.08763951748,37773.466161216405,medium
SIT-safe,41790.47667595642,41803.68207040585,medium
SIT-safe,45864.32769919824,45996.19760379553,medium
SIT-safe,48351.55632358025,48381.54434029307,medium
SIT-safe,51206.13809583541,51218.870166921246,medium
SIT-safe,53559.638981180586,53571.47027607125,medium
SIT-safe,57646.53030451508,57670.03729092787,medium
SIT-safe,61407.35074971085,61527.162357916495,medium
SIT-safe,64360.55137179601,64386.33222729504,medium
SIT-safe,67793.10637074434,67854.32363429491,medium
SIT-safe,5135.956650672239,5170.361592256514,medium
SIT-safe,8938.77455609584,8984.842166893952,medium
SIT-safe,13565.79457880006,13608.137729491911,medium
SIT-safe,15961.430133221242,15976.4124629478,medium
SIT-safe,18584.502792280105,18586.715734334517,medium
SIT-safe,21373.562686605306,21408.866962683467,medium
SIT-safe,25172.526164497714,25212.923227113155,medium
SIT-safe,29638.151465093986,29700.849718276968,medium
SIT-safe,32219.160609258783,32256.22352242453,medium
SIT-safe,35010.15442103183,35039.065537590104,medium
SIT-safe,37283.17324196487,37302.378492547214,medium
SIT-safe,41466.60431635317,41474.90976506611,medium
SIT-safe,45533.23884131051,45550.025660515676,medium
SIT-safe,48190.63077533384,48258.42405299421,medium
SIT-safe,51360.48878229123,51386.501374746884,medium
SIT-safe,53457.5931004425,53478.05590647211,medium
SIT-safe,57344.783546202496,57407.819697622625,medium
SIT-safe,61790.52589412847,61832.35812579084,medium
SIT-safe,64413.72953327479,64489.70448358075,medium
SIT-safe,67114.03343416931,67190.22068749162,medium
SIT-safe,5389.952444581431,5417.5977236644885,medium
SIT-safe,9130.802596273106,9143.379156524752,medium
SIT-safe,13563.457173299004,13603.527572792573,medium
SIT-safe,16082.872858213135,16127.19987903694,medium
SIT-safe,18867.98283936566,18910.725618574696,medium
SIT-safe,21137.993996223788,21149.93830926316,medium
SIT-safe,25277.246382600337,25303.861791046733,medium
SIT-safe,29446.816992241216,29469.67833507809,medium
SIT-safe,32229.625175188638,32262.214373576484,medium
SIT-safe,35294.00609750003,35335.562926362,medium
SIT-safe,37414.04514895241,37439.26391771966,medium
SIT-safe,41223.37477260427,41250.80109793601,medium
SIT-safe,45768.65030796708,45786.1264051906,medium
SIT-safe,48344.410407191644,48397.07066689452,medium
SIT-safe,51034.226340102854,51078.85408491657,medium
SIT-safe,53730.04474373803,53745.71029334315,medium
SIT-safe,57695.98014085686,57754.40898741475,medium
SIT-safe,61623.59807393519,61629.09147562212,medium
SIT-safe,64648.51952944107,64674.913558183325,medium
SIT-safe,67509.64466635532,67584.16523077819,medium
SIT-safe,5035.694179389772,5042.217682675669,medium
SIT-safe,9213.847760194196,9234.060669240655,medium
SIT-safe,13402.031739531916,13419.822382542097,medium
SIT-safe,15840.107903276663,15885.953917015042,medium
SIT-safe,19110.999184635177,19149.573479776278,medium
SIT-safe,21307.430096097425,21328.761053944858,medium
SIT-safe,25015.578840227405,25049.192112194512,medium
SIT-safe,29801.03968386658,29879.24920038392,medium
SIT-safe,32095.817631130187,32111.787314999783,medium
SIT-safe,34734.649994491585,34754.88814686241,medium
SIT-safe,37605.53643823215,37625.276375058515,medium
SIT-safe,41753.649768088224,41771.28593573488,medium
SIT-safe,45433.296457220895,45444.13776106484,medium
SIT-safe,48286.46827902299,48323.28965543723,medium
SIT-safe,51159.48877987066,51191.12841982956,medium
SIT-safe,53528.8455714707,53606.480150610674,medium
SIT-safe,57700.92304010873,57854.282415894806,medium
SIT-safe,61830.928460277784,61942.850373968584,medium
SIT-safe,64369.77911605646,64589.37737015252,medium
SIT-safe,67665.7874931204,67698.3057695686,medium
SIT-safe,5127.317172394301,5139.849207251615,medium
SIT-safe,9088.227401804153,9107.779886440067,medium
SIT-safe,13535.056981828646,13564.070118285297,medium
SIT-safe,15960.15109971081,15996.5895524327,medium
SIT-safe,18606.894078701924,18611.78612624936,medium
SIT-safe,21543.07235274896,21562.7705210747,medium
SIT-safe,25195.52782205485,25221.34708012319,medium
SIT-safe,29434.476344270155,29445.596945295576,medium
SIT-safe,32287.304663820953,32317.338339571063,medium
SIT-safe,34992.083482389186,35002.93575266373,medium
SIT-safe,37342.4970796807,37434.76011059725,medium
SIT-safe,41691.22246463716,41732.583675046,medium
SIT-safe,45449.658869384744,45537.57867643251,medium
SIT-safe,48031.12840775504,48081.08420654659,medium
SIT-safe,51584.68943712021,51658.7496766691,medium
SIT-safe,53613.64427802076,53626.69665628161,medium
SIT-safe,57465.86393075876,57529.18573373073,medium
SIT-safe,62017.629799948256,62146.016148797105,medium
SIT-safe,64571.48967395652,64633.738721653215,medium
SIT-safe,67107.240077098,67259.6406263716,medium
SIT-safe,5403.318379531939,5409.263962962108,medium
SIT-safe,9080.495941959998,9100.567183906944,medium
SIT-safe,13634.275016421783,13719.968812916592,medium
SIT-safe,16120.58954109944,16138.271773854909,medium
SIT-safe,18870.308523394855,18892.027583930503,medium
SIT-safe,21099.26603363447,21132.584652319725,medium
SIT-safe,25430.493407268583,25454.279656205246,medium
SIT-safe,29330.007166418593,29437.652254104345,medium
SIT-safe,31937.626604851408,31951.80533676655,medium
SIT-safe,35209.70800330148,35262.28351980777,medium
SIT-safe,37436.06509320828,37451.308478812876,medium
SIT-safe,41171.76431690808,41209.542516223766,medium
SIT-safe,45582.1931988099,45718.77876303131,medium
SIT-safe,48323.92594628877,48355.27490343104,medium
SIT-safe,51020.906088232914,51032.91985546771,medium
SIT-safe,53825.75977497927,53882.27801943989,medium
SIT-safe,57646.53609878499,57675.63762795584,medium
SIT-safe,61620.70008091051,61688.662825011044,medium
SIT-safe,64511.99868095451,64528.443520543966,medium
SIT-safe,67686.92763971897,67715.24071325077,medium
SIT-safe,5031.373429634007,5096.241009180243,medium
SIT-safe,9174.452787730954,9266.218500403584,medium
SIT-safe,13430.274626823148,13518.533627641718,medium
SIT-safe,15870.702097776073,15888.134723295429,medium
SIT-safe,19070.851002080097,19089.731293406876,medium
SIT-safe,21363.404779085507,21399.431588444557,medium
SIT-safe,25029.26450730741,25098.43546740656,medium
SIT-safe,29592.468674657237,29715.062869743866,medium
SIT-safe,31983.58998603768,32016.398613407862,medium
SIT-safe,34715.05473512493,34740.21424278243,medium
SIT-safe,37663.28293154537,37693.572195852095,medium
SIT-safe,41293.60712912515,41307.64194112331,medium
SIT-safe,45599.01942731668,45700.88377141355,medium
SIT-safe,48448.744277227765,48559.821543512764,medium
SIT-safe,51213.97787298963,51233.96640768208,medium
SIT-safe,53480.50113146124,53516.959906311735,medium
SIT-safe,57730.88879773627,57797.37294954037,medium
SIT-safe,61774.12206826778,62018.4160169185,medium
SIT-safe,64215.25498179047,64229.58384032619,medium
SIT-safe,67478.6693049703,67528.16453893343,medium
SIT-safe,5220.701526677902,5243.645969510677,medium
SIT-safe,8929.067469497695,8937.919056992712,medium
SIT-safe,13469.010060318098,13489.8308698364,medium
SIT-safe,15989.888554950445,16001.463881473483,medium
SIT-safe,18552.676704067802,18566.88394985965,medium
SIT-safe,21336.470902055753,21349.989863425915,medium
SIT-safe,25241.708623207996,25247.140434689733,medium
SIT-safe,29418.575600392905,29497.607598666433,medium
SIT-safe,32226.964050417544,32240.691357136526,medium
SIT-safe,35002.799843177905,35080.945733581335,medium
SIT-safe,37253.31363219192,37300.03699597716,medium
SIT-safe,41587.85990737812,41609.772923253404,medium
SIT-safe,45687.834147002235,45734.1281300704,medium
SIT-safe,48234.86923881769,48276.02523426032,medium
SIT-safe,51537.063883432456,51596.53184082752,medium
SIT-safe,53731.46937379226,53875.20955488853,medium
SIT-safe,57305.22762499397,57322.41291261828,medium
SIT-safe,62040.77055709589,62204.972597710665,medium
SIT-safe,64209.68042285389,64268.96834974442,medium
SIT-safe,67187.77262179962,67215.73036164265,medium
partition,1853.6006369605327,1895.0623209792157,medium
partition,5320.670462757604,5323.496670463847,medium
partition,10456.994509679496,10474.036879402776,medium
partition,11973.118597045699,12028.453229313785,medium
partition,14451.932357760059,14463.743761429027,medium
partition,17792.3854996153,17861.291501338994,medium
partition,21382.31342464995,21389.009751366997,medium
partition,26374.16793098596,26424.620820024586,medium
partition,28048.939225800303,28079.883071848628,medium
partition,30702.179903683475,30715.15863760953,medium
partition,33885.21963279992,33919.49881961099,medium
partition,37854.35017118276,37953.57450033556,medium
partition,42578.21718307545,42632.367858812286,medium
partition,44054.69913831033,44116.57439524661,medium
partition,46707.09398746822,46719.40247239768,medium
partition,50163.84468974497,50220.02263915693,medium
partition,53754.74738958649,53780.36490201881,medium
partition,59481.969519157225,59555.51854161978,medium
partition,60437.39073615605,60510.48567996937,medium
partition,63150.2916461314,63190.96415528791,medium
partition,1959.210812279635,1973.949956969761,medium
partition,5452.050922182104,5473.144553694705,medium
partition,10617.011083519013,10669.154023005533,medium
partition,12057.758740679456,12108.644964621237,medium
partition,14455.449547826414,14494.596188232968,medium
partition,17793.298929010547,17800.574631985655,medium
partition,21403.113840164988,21416.812856608653,medium
partition,26603.365680036324,26607.74189343688,medium
partition,28059.977524633967,28070.89535663733,medium
partition,30618.174795618652,30660.122367665863,medium
partition,34147.72896283289,34158.73413851822,medium
partition,37737.617653575464,37755.749147545,medium
partition,42601.79439848152,42685.9373894446,medium
partition,44217.62461025985,44235.125820556976,medium
partition,46832.78882396645,46861.87353856776,medium
partition,50111.37849885348,50171.09313767322,medium
partition,53878.12384786748,53884.769451977016,medium
partition,58885.05479772536,59028.28857852939,medium
partition,60498.056374467495,60564.37795881058,medium
partition,63215.13290835256,63288.80028924809,medium
partition,1778.7077855557256,1800.6645679854423,medium
partition,5316.7305268514065,5329.99604216463,medium
partition,10740.383639791333,10759.792549909624,medium
partition,11928.31065457574,11958.63230347688,medium
partition,14419.83913350617,14424.840186091325,medium
partition,17793.641088854733,17833.968876945477,medium
partition,21401.765154877656,21430.82422201451,medium
partition,26651.89590994106,26694.25562067962,medium
partition,28175.3848500262,28214.047683519253,medium
partition,30520.1496042315,30527.156046205757,medium
partition,33863.33406349259,33884.73251350061,medium
partition,37634.23569982843,37653.76090085431,medium
partition,42850.10306670094,42898.593692732626,medium
partition,44109.2244043217,44187.830210751665,medium
partition,46872.236845256884,46954.33165331962,medium
partition,50150.248781203525,50183.025734529074,medium
partition,53902.24417106432,54071.85975991623,medium
partition,58802.054260725345,58866.7815635591,medium
partition,60303.498916937824,60330.16739769399,medium
partition,63220.77860619317,63268.044438433644,medium
partition,1692.0809422966236,1737.5550023694445,medium
partition,5332.695919704144,5347.177753024236,medium
partition,10425.917563263793,10516.242494114893,medium
partition,11915.321166080692,11931.698255205414,medium
partition,14403.981041440107,14407.31898976906,medium
partition,17767.011547550544,17777.988739547654,medium
partition,21488.043767749346,21494.51069556232,medium
partition,26443.349103377084,26480.704239440813,medium
partition,27900.610393329673,27902.402649303604,medium
partition,30537.17372471937,30584.371408379076,medium
partition,33803.42140078298,33839.880154626946,medium
partition,37684.2571851943,37732.85539323898,medium
partition,42592.47320390208,42693.61022708068,medium
partition,44160.792687264075,44228.66925349638,medium
partition,46760.20751819428,46795.08765827796,medium
partition,50289.4175835731,50350.008979620136,medium
partition,53821.1415082971,53830.306679788904,medium
partition,59015.9270056456,59094.62034248706,medium
partition,60472.421347933516,60514.20793230865,medium
partition,62984.51947135002,63022.51235316247,medium
partition,1752.3368916662732,1765.4969407004364,medium
partition,5339.490115342213,5343.818647967076,medium
partition,10334.033780744996,10394.146228703015,medium
partition,11964.08214120978,11980.26913532892,medium
partition,14465.274988220199,14476.295935678447,medium
partition,17855.03492555948,17964.384718308596,medium
partition,21483.372489543013,21519.190027011446,medium
partition,26277.174295312005,26308.73902960862,medium
partition,28003.1874855488,28039.962365309435,medium
partition,30633.43210897476,30678.30447327586,medium
partition,34048.36342505594,34086.47915646824,medium
partition,37677.9007356034,37693.046210434935,medium
partition,42746.60819472918,42782.85230674152,medium
partition,44186.429193810574,44224.60971811272,medium
partition,46954.034991974346,46987.55113963325,medium
partition,50208.22215961223,50230.591061452156,medium
partition,53754.675740902065,53775.27222308029,medium
partition,59155.34115473649,59269.52032708288,medium
partition,60216.87292896229,60356.454315503644,medium
partition,63148.37110893482,63167.784170359926,medium
partition,2085.970245565423,2177.191442678154,medium
partition,5379.506301053112,5404.504196669329,medium
partition,10508.581250201527,10567.003256828813,medium
partition,11860.88234475696,11896.648951942552,medium
partition,14488.47787359918,14525.562408340189,medium
partition,18066.00574607161,18094.455290663303,medium
partition,21564.104865469,21603.294003762992,medium
partition,26762.225176131535,26801.488872219525,medium
partition,28029.508951385407,28048.756053784415,medium
partition,30665.88438005185,30729.628450123702,medium
partition,33938.664877650255,33980.15506050915,medium
partition,37613.66098858816,37620.9004143992,medium
partition,42355.46967741071,42402.74102547057,medium
partition,44171.695514624764,44202.68913777615,medium
partition,46815.643974207975,46830.93795199145,medium
partition,50122.29033464838,50201.54371775159,medium
partition,53759.73988902692,53763.301564046924,medium
partition,58799.39810783942,58943.79377512878,medium
partition,60476.774380482304,60526.24531581598,medium
partition,63146.38366437708,63214.891477766054,medium
partition,1757.2296075371146,1788.3448445821803,medium
partition,5380.43374202621,5395.237880964985,medium
partition,10559.918405432785,10646.026112945443,medium
partition,11926.396823893627,11957.342045875004,medium
partition,14438.816307009613,14457.352476099742,medium
partition,17740.239083145316,17799.598176362982,medium
partition,21540.956826705915,21588.944554180835,medium
partition,26398.23586467944,26469.157281918262,medium
partition,27983.999535091563,28024.19568142354,medium
partition,30564.472595298244,30626.100481499103,medium
partition,33852.600015314725,33892.08430125716,medium
partition,37469.83327585273,37493.28621864397,medium
partition,42510.52899491929,42584.74720456617,medium
partition,44131.43423182826,44144.95152279576,medium
partition,46762.50291341059,46920.98379702435,medium
partition,49992.96716409704,50034.895248211964,medium
partition,53789.919404332984,53850.67082532352,medium
partition,58741.26798736778,58761.87816430743,medium
partition,60545.05147068295,60583.27897474425,medium
partition,63064.7670310576,63170.66363119635,medium
partition,1724.7688280656291,1731.2862415092382,medium
partition,5595.521166667002,5610.807307712797,medium
partition,10382.614410681252,10423.86743701842,medium
partition,11890.880387287927,11892.994678495557,medium
partition,14437.01015210767,14466.352901942937,medium
partition,17927.927789336372,17948.759631867437,medium
partition,21408.200320602682,21436.390447619422,medium
partition,26610.82140856849,26669.981404901948,medium
partition,27871.85708826838,27911.429654003507,medium
partition,30567.389384227467,30578.050714186087,medium
partition,34106.93525787909,34126.67054888683,medium
partition,37610.014135965845,37640.1612436288,medium
partition,42530.186265049604,42572.8346662223,medium
partition,44107.68392760434,44128.049521975176,medium
partition,46682.219663720185,46729.245205834515,medium
partition,50038.07781995635,50063.01278113548,medium
partition,53800.93213384946,53872.95880182339,medium
partition,58709.4247983337,58898.32635817371,medium
partition,60384.80654771582,60431.11800273141,medium
partition,63064.77516084168,63144.03828365986,medium
partition,1760.1806227015657,1764.6292990550623,medium
partition,5358.219416876245,5387.794696466402,medium
partition,10298.721133854227,10361.427301491998,medium
partition,11876.987427892593,11881.45335563141,medium
partition,14405.688726883209,14420.318686671342,medium
partition,17881.472235906294,17931.740969004546,medium
partition,21408.153652560428,21417.013772795544,medium
partition,26614.58831228644,26633.31816574979,medium
partition,27968.224709364513,27996.197455278827,medium
partition,30751.963639039048,30796.9695387431,medium
partition,33939.15462176368,33999.92349665897,medium
partition,37660.155734118365,37669.63827034528,medium
partition,42691.250766074714,42780.23349795745,medium
partition,44146.431011814726,44155.968980964346,medium
partition,46919.449279439505,46977.832082499575,medium
partition,50077.49470564227,50115.58129236382,medium
partition,53817.86955643023,53843.25203483939,medium
partition,58633.00309931227,58691.96012476788,medium
partition,60231.71326507944,60295.0531453388,medium
partition,63000.34075603846,63097.340469566756,medium
partition,1840.8177125102316,1959.7153110066738,medium
partition,5386.956101757919,5399.23018523582,medium
partition,10468.997512174363,10479.62056591248,medium
partition,12165.014530741235,12207.66306445891,medium
partition,14417.509474292388,14457.517169169078,medium
partition,17692.24769187952,17713.3652647887,medium
partition,21508.80089107414,21518.59656942515,medium
partition,26474.762247407074,26552.333622291022,medium
partition,27972.326279269975,27994.732110885823,medium
partition,30628.61091526832,30655.83247512349,medium
partition,33838.01633880691,33862.384784498776,medium
partition,37680.94471722373,37737.00036181,medium
partition,42995.53226999145,43142.203870954974,medium
partition,44314.10202115335,44332.57653685268,medium
partition,46826.176016066114,46855.25294944098,medium
partition,50172.29556483133,50198.93725471045,medium
partition,53776.3034744417,53814.3726502683,medium
partition,58797.65572565538,58989.36238274889,medium
partition,60449.236018204596,60494.26026287825,medium
partition,62928.98090120228,62974.371773193874,medium
random,9383.293244234437,9409.00475425708,medium
random,12334.881322982828,12364.42130110693,medium
random,15860.44860510802,15951.894188072736,medium
random,19908.215638875216,19926.694174454555,medium
random,24094.174068154734,24125.040833337625,medium
random,25719.078578817844,25769.40167558639,medium
random,28519.16787956718,28560.407968336913,medium
random,33593.31418516511,33668.14746210583,medium
random,36625.569684888775,36654.17781488891,medium
random,37563.21887494768,37607.62287286649,medium
random,40607.69770597426,40616.53276590446,medium
random,45303.006232764834,45354.24342034539,medium
random,49156.45210864265,49233.76297479317,medium
random,52103.92135117564,52180.742521103806,medium
random,56394.77906489046,56456.16078644227,medium
random,58682.91338302564,58711.744679694304,medium
random,63983.72099420477,64011.48013252755,medium
random,64754.50702563123,64983.41188576904,medium
random,69032.4934115991,69189.35595269804,medium
random,72970.31390877385,73003.18287312346,medium
random,8849.327980240188,8850.581267174446,medium
random,10319.669772216159,10350.670363496341,medium
random,18579.564718545123,18595.095836368797,medium
random,20114.54830505489,20126.671131356965,medium
random,23556.73491409103,23603.72434361132,medium
random,25469.98260942614,25498.721427874047,medium
random,27705.968368161106,27717.44630967246,medium
random,30891.570307057507,30971.894050525087,medium
random,33419.17274942604,33498.52171142501,medium
random,37052.24002477487,37071.68553250846,medium
random,40073.21216772429,40114.59098770497,medium
random,45657.195149508676,45668.16353184181,medium
random,50393.35900517483,50465.877334125864,medium
random,55458.99869250892,55516.27746713128,medium
random,52549.18166997671,52630.94122814473,medium
random,57994.405368341766,58050.23729859305,medium
random,60814.669453868846,60852.07804951287,medium
random,64852.54500162001,64981.50120477908,medium
random,68628.19849704672,68666.68992705252,medium
random,68164.45426327099,68200.52980251808,medium
random,9371.343378947566,9377.967425508876,medium
random,16053.586028100844,16059.709294305765,medium
random,19285.94027350482,19319.334311376246,medium
random,23625.35392992515,23646.73201597998,medium
random,22155.34286093828,22163.410763691467,medium
random,24079.79793692534,24175.524547877034,medium
random,31690.745035913576,31779.684170855882,medium
random,33748.557264345014,33804.191988685416,medium
random,34370.923106211165,34426.310729112876,medium
random,38364.32442234995,38394.40762981516,medium
random,42998.762406987065,43039.0684278899,medium
random,48233.22391005738,48278.84357179895,medium
random,49982.28137396818,50047.78807224694,medium
random,50480.9663626381,50527.81216753414,medium
random,55442.553674195035,55466.447538697095,medium
random,56095.17770241827,56120.45977095478,medium
random,59998.57178804963,60056.98663480616,medium
random,63552.13624823166,63577.93023626566,medium
random,69284.45702976706,69364.25067381564,medium
random,70673.54697327974,70733.8502994326,medium
random,8616.63480053959,8662.761299524405,medium
random,17396.257519410272,17428.303523102906,medium
random,14928.856100502846,15027.796927407377,medium
random,19398.823721735316,19427.807200463183,medium
random,21779.46465050598,21800.37100515755,medium
random,24232.026772434754,24319.28795374422,medium
random,28917.615225627338,28929.991757790747,medium
random,31911.64193197393,31945.062585730324,medium
random,37874.808274828334,37899.55995241031,medium
random,37361.562273532254,37401.90637997805,medium
random,41529.11857908215,41599.444003297875,medium
random,49419.143935163556,49456.24008552095,medium
random,50727.587599292376,50769.58907986066,medium
random,50342.749594498746,50401.42154557812,medium
random,54848.817644448434,54908.30087381571,medium
random,58400.71591711743,58493.08271503525,medium
random,64274.899342583696,64299.96902707503,medium
random,65469.154711430376,65483.24455181367,medium
random,68223.85741162172,68250.57356123303,medium
random,70558.05372891933,70608.18624533973,medium
random,7912.597604675471,7957.847290836009,medium
random,10711.898593800239,10725.555383932411,medium
random,18643.24049494043,18799.771543501083,medium
random,20629.473223077093,20713.503424734146,medium
random,22378.053518525678,22401.80905623333,medium
random,24916.068104923346,24949.953819283364,medium
random,32779.514496727024,32835.820099697245,medium
random,35689.42096212028,35749.92574622882,medium
random,36171.420166839496,36208.340792447765,medium
random,40916.18956306385,40944.56369296951,medium
random,42075.526163811344,42126.206677593036,medium
random,43515.587741893236,43597.405523716036,medium
random,46905.038637172096,46990.405769777884,medium
random,50869.24271399739,50919.98316471491,medium
random,53014.71024119498,53045.97834961505,medium
random,57469.20140778438,57508.94320355175,medium
random,60677.08257447297,60761.90669144466,medium
random,67094.29977891102,67127.92062359932,medium
random,70086.99206885368,70116.89740809456,medium
random,71336.19654539667,71348.80984389922,medium
random,8482.358292033987,8487.76812399378,medium
random,13434.214873009261,13549.212550559565,medium
random,17481.95630440848,17652.641616615412,medium
random,19799.017543001577,19824.475568784503,medium
random,25790.599892982947,25822.51443888221,medium
random,24704.92359314413,24721.3679734088,medium
random,28146.278432278217,28148.428532460162,medium
random,32315.6810253685,32522.907187085468,medium
random,33309.9427558904,33320.55985070171,medium
random,37092.318497925495,37132.9687861516,medium
random,40645.62975669071,40706.7617546735,medium
random,47441.64196812732,47508.71453038823,medium
random,49260.729182950236,49302.803700335106,medium
random,51719.23548771475,51791.931358253474,medium
random,55128.281686486414,55155.55158756921,medium
random,57685.84284823978,57735.55474321683,medium
random,59732.36123762753,59777.924228129756,medium
random,64814.402083619636,64871.96570306989,medium
random,70176.33815721945,70236.33653475899,medium
random,72900.326645677,72939.7868415199,medium
random,8060.858031854824,8092.505008005464,medium
random,17149.848607496166,17180.71807764256,medium
random,16262.863213199564,16292.540153624337,medium
random,18447.439332184473,18487.579218297673,medium
random,23915.94205928107,23936.52165927722,medium
random,26305.276903829006,26350.258003244442,medium
random,31779.833829416435,31785.64564388599,medium
random,34508.330410201495,34631.593457636016,medium
random,33805.45113355091,33852.93726487989,medium
random,40840.85290435658,40844.20232181768,medium
random,41095.20868849542,41174.74138914046,medium
random,45358.01821506702,45428.86426768643,medium
random,49649.417285253265,49805.96046509285,medium
random,54205.07151151498,54244.774092270236,medium
random,57906.022217518424,57911.426243990565,medium
random,58706.791284057836,58786.259666050915,medium
random,61573.003604017635,61585.67170392591,medium
random,67054.7509624286,67082.52429140187,medium
random,69342.75897094312,69351.92208683817,medium
random,68691.269991301,68710.44830021047,medium
random,7563.602710406675,7596.874902484187,medium
random,17009.866348355983,17032.648868532982,medium
random,15550.279563380254,15600.221780013373,medium
random,18626.975606860746,18633.434759749776,medium
random,20047.401130832033,20071.579246769943,medium
random,25664.304615071356,25670.54713922228,medium
random,25787.292787352653,25801.980094152317,medium
random,33852.38516338411,33938.057692024086,medium
random,34501.549299803584,34603.21108269422,medium
random,38470.217535399075,38482.40424007623,medium
random,39622.74049158311,39675.84425378706,medium
random,52651.908649875484,52709.15190783098,medium
random,47891.42207922013,47993.26299634944,medium
random,54463.52595948594,54523.657056297714,medium
random,57265.179974502535,57319.14641660798,medium
random,57358.39122632254,57406.89407518514,medium
random,58728.70276592184,58793.45997207498,medium
random,64893.686260074166,64956.76839583216,medium
random,69018.12512540154,69058.2561868813,medium
random,73362.10703082975,73412.09201374563,medium
random,7630.444712787407,7663.21227407458,medium
random,18642.330895655698,18668.487144367642,medium
random,17317.304404511917,17358.824736025075,medium
random,21157.317912078677,21195.07188417257,medium
random,23305.794324012073,23325.11114607538,medium
random,24379.677887965696,24389.47983138814,medium
random,33569.47953406865,33632.93154935709,medium
random,33266.06493113937,33320.95075788563,medium
random,37562.98640875609,37622.371058828074,medium
random,36514.452599559765,36531.71566254476,medium
random,40206.82491232717,40264.011814810525,medium
random,43906.695344033586,43967.74576268226,medium
random,50422.1378889042,50426.42046880035,medium
random,51188.519532878214,51215.91830320966,medium
random,54668.187464153394,54700.51518471109,medium
random,54827.404480837875,54908.40317835215,medium
random,59783.84779914901,59784.98134062646,medium
random,65486.9103498685,65532.91041238443,medium
random,67530.32736003483,67637.24635043787,medium
random,72892.30684254032,72993.218374463,medium
random,8717.578621092442,8776.758433998008,medium
random,13519.112414579695,13553.928478696158,medium
random,16359.515132294184,16382.894881692135,medium
random,17683.665205379635,17701.942781079837,medium
random,24783.709173259373,24802.373153543245,medium
random,25320.498491386177,25340.99275087185,medium
random,32040.5091799294,32077.033615691984,medium
random,35729.191965117185,35743.328386461755,medium
random,35245.90048403004,35304.52250201709,medium
random,38519.65248146677,38534.43083743383,medium
random,41694.95763091359,41706.21115474675,medium
random,43139.41321891279,43191.93745694801,medium
random,48950.68345929231,49096.02860993131,medium
random,51926.863829895054,51974.68824771802,medium
random,57396.86507767219,57436.58359254399,medium
random,56047.240564209045,56083.216610808784,medium
random,64735.18057992848,64790.1492979545,medium
random,65458.940042662056,65681.92750874466,medium
random,66169.82082927668,66357.3811733976,medium
random,69814.31768382249,69839.1866050066,medium
oracle,5279.63114630983,5310.511262290052,medium
oracle,8938.149867598164,8945.961487805647,medium
oracle,13592.573883115036,13646.81201771467,medium
oracle,16028.731512767072,16033.724094861704,medium
oracle,18584.912746770653,18591.883572878018,medium
oracle,21406.773051856504,21449.797731124,medium
oracle,25152.037875550122,25161.67820003305,medium
oracle,29284.977833406792,29300.55215600168,medium
oracle,32103.492897288997,32151.457739395257,medium
oracle,35058.919815783,35094.13911276077,medium
oracle,37285.52500913107,37320.07494665744,medium
oracle,41520.23126656286,41538.94381276882,medium
oracle,45414.95499880008,45429.27231261218,medium
oracle,48157.9809021634,48169.94037428706,medium
oracle,51326.660312549735,51371.97767403022,medium
oracle,53715.719753419784,53810.50699044486,medium
oracle,57386.89213765449,57442.857126220915,medium
oracle,61911.01735997673,62016.15135803849,medium
oracle,64438.32569797488,64488.14323768844,medium
oracle,67141.87075526398,67228.0615202414,medium
oracle,5395.830159814732,5437.72537450046,medium
oracle,9034.660648663483,9035.284775799933,medium
oracle,13567.721151135353,13692.161896650941,medium
oracle,16098.325019841102,16142.887933759412,medium
oracle,18789.896665716642,18807.025141037404,medium
oracle,21186.079993870844,21223.575907345912,medium
oracle,25451.888133393728,25485.036187992348,medium
oracle,29507.245777157983,29597.762723161137,medium
oracle,32018.95665027116,32059.759498482133,medium
oracle,35359.919424569984,35387.0786702215,medium
oracle,37451.47164491196,37506.96015654561,medium
oracle,41241.95441077905,41319.33282981129,medium
oracle,45759.40423074859,45771.18892121538,medium
oracle,48229.11989260061,48308.99270796105,medium
oracle,51071.31863862271,51087.108997991934,medium
oracle,53785.67000371575,53896.7049955341,medium
oracle,57707.472494162204,57774.73294370898,medium
oracle,61698.7904204467,61761.17857807466,medium
oracle,64574.766165278656,64620.81310354451,medium
oracle,67514.80727503242,67547.82059414062,medium
oracle,5039.791962653554,5074.629419968202,medium
oracle,9250.686285468197,9276.497891496025,medium
oracle,13623.443028864578,13659.08201972036,medium
oracle,15798.486094344933,15803.789512657106,medium
oracle,18997.68193913806,19011.60871905577,medium
oracle,21143.27215700396,21240.72675702251,medium
oracle,25013.665546743145,25032.531495953637,medium
oracle,29806.46624042499,29867.107363722305,medium
oracle,32208.210905484568,32240.418995005828,medium
oracle,34770.49810641654,34842.488960740666,medium
oracle,37672.65671980378,37760.442424181754,medium
oracle,41351.22479681949,41395.23389861257,medium
oracle,45499.94944865822,45548.05342404069,medium
oracle,48353.50484957287,48390.4508064745,medium
oracle,51187.78364389654,51250.78063267999,medium
oracle,53549.13572667051,53588.52677763631,medium
oracle,57829.96426237342,57894.69256961513,medium
oracle,62052.80863037489,62159.300829391796,medium
oracle,64498.66855426199,64545.74523726378,medium
oracle,67672.98930646526,67716.40509541935,medium
oracle,5188.961904728731,5220.408685517605,medium
oracle,8875.231127619143,8906.055521995331,medium
oracle,13520.49098953416,13556.362887668241,medium
oracle,15994.935696842378,16011.80077335094,medium
oracle,18566.24752667442,18573.857426033785,medium
oracle,21331.636368134325,21352.09605227041,medium
oracle,25209.945544135415,25236.008021658796,medium
oracle,29356.9828552441,29399.272797278398,medium
oracle,32283.048801573485,32333.510159626137,medium
oracle,35022.33614308924,35077.564824762856,medium
oracle,37405.69247518282,37429.416796670055,medium
oracle,41468.99094544945,41520.33763229991,medium
oracle,45373.074147256164,45411.82496104602,medium
oracle,48122.922438559384,48142.15278670745,medium
oracle,51640.64642744615,51731.35935947159,medium
oracle,53510.884385589045,53619.279943488036,medium
oracle,57524.7682853559,57587.84167104574,medium
oracle,61915.20913194429,61972.642682253514,medium
oracle,64351.479906912995,64502.54411350466,medium
oracle,67124.13314457129,67160.8674214649,medium
oracle,5344.13070738639,5363.389747138587,medium
oracle,9105.564070270631,9157.352217721465,medium
oracle,13095.853299969089,13147.592796841021,medium
oracle,16063.727359985516,16101.425987423023,medium
oracle,18845.58862522176,18853.517726103528,medium
oracle,21109.88123023706,21151.626760496118,medium
oracle,25355.84655140935,25396.0636034572,medium
oracle,29645.90498652356,29696.83865801923,medium
oracle,32000.193207795346,32018.850668228046,medium
oracle,35293.423506233135,35318.660759343984,medium
oracle,37491.62497831592,37511.48976032799,medium
oracle,41265.21296791447,41288.851023478215,medium
oracle,45479.90570257078,45512.47438032242,medium
oracle,48247.28354438782,48265.10697534422,medium
oracle,50976.71019316467,51001.86294429869,medium
oracle,53749.43467441012,53822.78763229662,medium
oracle,57601.15360403328,57701.889965634844,medium
oracle,61690.71149303833,61767.4527915832,medium
oracle,64551.66422131943,64600.10864338603,medium
oracle,67336.14568122047,67382.71946506802,medium
oracle,5166.122419529949,5202.170111531512,medium
oracle,9181.796271783125,9195.736473535584,medium
oracle,13373.779414990226,13408.360479736064,medium
oracle,15886.751770623598,15931.342554492887,medium
oracle,19024.566755788364,19040.28132536575,medium
oracle,21396.054665839125,21419.25327919233,medium
oracle,25013.113149842506,25052.327872187878,medium
oracle,29910.236090227972,29927.742963014985,medium
oracle,32171.551687299285,32232.551074882525,medium
oracle,34747.93086007404,34805.713842065445,medium
oracle,37528.9023272027,37555.28508810903,medium
oracle,41454.57071302154,41522.541482908986,medium
oracle,45629.43636247666,45683.16639684123,medium
oracle,48639.7080308952,48667.406881494026,medium
oracle,51585.04810314497,51618.809295234685,medium
oracle,53543.651113225125,53666.9053895598,medium
oracle,57817.501207322915,57893.839892813645,medium
oracle,61921.85150857346,61947.18370264981,medium
oracle,64378.75310956748,64484.20384975699,medium
oracle,67775.05076777945,67802.93866955957,medium
oracle,5208.481772039874,5249.223459200519,medium
oracle,8883.856549927024,8942.82239812089,medium
oracle,13705.185582045775,13750.597109913091,medium
oracle,15937.740451964764,15967.397898158124,medium
oracle,18625.168408146186,18634.766835518687,medium
oracle,21374.98033850901,21385.183008346372,medium
oracle,25182.59898638938,25202.39084175075,medium
oracle,29678.775529752933,29731.270302724253,medium
oracle,32191.628169102325,32240.372412352222,medium
oracle,35157.09794260849,35192.41596212741,medium
oracle,37334.26302997128,37409.82989750853,medium
oracle,41518.9117391363,41571.89088522286,medium
oracle,45299.298705770394,45412.85882352652,medium
oracle,48140.7672956003,48151.835552047996,medium
oracle,51477.37459355973,51523.78597188919,medium
oracle,53433.04995318751,53448.382804822,medium
oracle,57357.01416924265,57388.73498657146,medium
oracle,61904.56986970634,62001.66962089199,medium
oracle,64335.907110896005,64393.53272270186,medium
oracle,67092.14208353205,67125.55093502533,medium
oracle,5390.253067291038,5407.691554046809,medium
oracle,9082.171379556608,9091.939422443702,medium
oracle,13314.94583745407,13374.67318726846,medium
oracle,16124.572432185516,16145.061737934597,medium
oracle,18855.571363702653,18865.495954323425,medium
oracle,21176.991703745385,21189.41826520057,medium
oracle,25405.39655421809,25435.049399520612,medium
oracle,29428.909527363438,29492.25948550178,medium
oracle,32028.973396313144,32060.85961246225,medium
oracle,35207.1707379473,35239.73606278908,medium
oracle,37325.74531643601,37371.82686935625,medium
oracle,41156.22985123829,41160.43808691956,medium
oracle,45717.783987620154,45840.12638246648,medium
oracle,48395.76751718019,48450.1889480439,medium
oracle,51083.20980506307,51099.67365664395,medium
oracle,53711.03337934866,53747.22306223215,medium
oracle,57627.44783012247,57645.74654851528,medium
oracle,61645.28870985049,61726.25381868587,medium
oracle,64614.26178143824,64650.399315808114,medium
oracle,67321.0708213815,67398.75327571624,medium
oracle,5149.8735530039685,5216.378899030603,medium
oracle,9222.8937276972,9239.223946839124,medium
oracle,13338.173751310802,13377.20059376277,medium
oracle,15899.676434375679,15944.031895565688,medium
oracle,19113.0703915304,19124.825794041364,medium
oracle,21364.46749249229,21383.821002283614,medium
oracle,25083.04043587877,25142.395502806598,medium
oracle,29501.50200467612,29519.29806904403,medium
oracle,32112.21889738515,32184.837311504154,medium
oracle,34698.70314393719,34714.36261793069,medium
oracle,37566.95167645197,37618.497309473954,medium
oracle,41454.100558032835,41536.884466634016,medium
oracle,45669.991187870364,45781.159854611615,medium
oracle,48415.23098431739,48492.708444290736,medium
oracle,51229.21018136727,51268.95171410261,medium
oracle,53529.446703197995,53552.30340855974,medium
oracle,57670.04080928288,57765.033165734596,medium
oracle,61717.34089639976,61730.640276080965,medium
oracle,64364.7742568005,64386.64893319649,medium
oracle,67669.91064092753,67760.30125124876,medium
oracle,5112.409559737944,5123.593652385975,medium
oracle,8914.119788485317,8920.696482249017,medium
oracle,13726.796807943261,13734.441686162965,medium
oracle,15961.704271834464,15979.640090218927,medium
oracle,18597.87521682756,18624.945422720597,medium
oracle,21400.287003409787,21502.534126484574,medium
oracle,25259.90379333999,25282.093266522606,medium
oracle,29708.327782977296,29761.54524883353,medium
oracle,32291.08590846312,32350.140148588063,medium
oracle,35040.55367123914,35097.22490560869,medium
oracle,37413.2301299039,37427.07061857587,medium
oracle,41543.34003797906,41590.05836979675,medium
oracle,45619.14667525366,45733.587076693,medium
oracle,48286.868485846586,48303.04316286201,medium
oracle,51424.727415201785,51471.21835936367,medium
oracle,53585.19552871413,53587.732308385064,medium
oracle,57585.132290732625,57708.36727236167,medium
oracle,61920.0730060623,61938.92786158648,medium
oracle,64415.9727534995,64432.27692630331,medium
oracle,67153.35733682415,67228.28162907987,medium
SIT-safe,7748.021110914749,7755.391543519971,high
SIT-safe,13353.043216857512,13376.927053719292,high
SIT-safe,19999.929190651932,20006.26781294489,high
SIT-safe,23780.156206745745,23785.57453451136,high
SIT-safe,27850.862970142574,27857.44734330421,high
SIT-safe,32096.1761194639,32129.30437064096,high
SIT-safe,37664.6950534889,37684.69747143802,high
SIT-safe,43808.931356609166,43838.714090855654,high
SIT-safe,48135.681002725105,48196.17421579196,high
SIT-safe,52517.91949565056,52572.32586236934,high
SIT-safe,55602.017487409845,55672.08573153358,high
SIT-safe,62110.57107833638,62150.93911647703,high
SIT-safe,68413.38982873739,68439.40734823866,high
SIT-safe,72232.21654722192,72248.52558192864,high
SIT-safe,76985.46497784047,77035.44512420845,high
SIT-safe,80174.64699891563,80253.46481649962,high
SIT-safe,85872.29110650228,85968.24112029013,high
SIT-safe,92481.44415785083,92535.72667480394,high
SIT-safe,96474.81678038328,96492.92461112395,high
SIT-safe,100403.68952448932,100455.85750400658,high
SIT-safe,7999.202563888898,8002.346711210979,high
SIT-safe,13529.333532971279,13561.24426156652,high
SIT-safe,19849.816743519288,19876.873827219984,high
SIT-safe,24077.42708299881,24095.965492654475,high
SIT-safe,28220.626347618694,28231.521116290307,high
SIT-safe,31715.432028183008,31774.941285310066,high
SIT-safe,37916.41912872722,37923.673981777116,high
SIT-safe,44192.605872850785,44454.5167781116,high
SIT-safe,47697.29855955436,47803.83137105267,high
SIT-safe,52748.82353492246,52759.741941871835,high
SIT-safe,56167.26178046201,56241.022441386594,high
SIT-safe,61634.30596263279,61659.920131391336,high
SIT-safe,68478.89858863683,68525.43902343808,high
SIT-safe,72317.3857382759,72458.24217200532,high
SIT-safe,76534.5455047428,76618.1081529475,high
SIT-safe,80236.4961010825,80241.10699692198,high
SIT-safe,86106.5119750287,86164.6108283957,high
SIT-safe,92083.15693634014,92127.54785036613,high
SIT-safe,96789.87712384941,96834.52265392293,high
SIT-safe,100822.61308777674,100927.57970748958,high
SIT-safe,7376.613127753115,7384.920781073586,high
SIT-safe,13717.96214896957,13730.849060641063,high
SIT-safe,19726.40530722015,19753.933749599153,high
SIT-safe,23703.636337214033,23769.89249971064,high
SIT-safe,28455.42415011795,28465.64337932928,high
SIT-safe,31861.41724048848,31921.581256003246,high
SIT-safe,37533.00385398887,37550.21792343659,high
SIT-safe,44415.43888530213,44463.886670326436,high
SIT-safe,48023.67103812549,48047.77738550602,high
SIT-safe,52335.3127684096,52361.11428087337,high
SIT-safe,56067.026688077916,56068.951283011615,high
SIT-safe,61938.055455601345,61992.70646147894,high
SIT-safe,67776.77624510025,67802.00718994689,high
SIT-safe,72347.15587715342,72353.76672709614,high
SIT-safe,76863.63508764945,76902.78217672769,high
SIT-safe,80136.8073518213,80169.75952993415,high
SIT-safe,86413.6937532316,86464.05005726893,high
SIT-safe,92133.63455214305,92235.5521985899,high
SIT-safe,96631.05798693137,96702.0438407158,high
SIT-safe,101171.58886247517,101182.02876444731,high
SIT-safe,7676.35516193717,7699.467704751132,high
SIT-safe,13326.555880034366,13349.059824935614,high
SIT-safe,20559.589227631437,20572.548699985357,high
SIT-safe,23834.15272305221,23868.548086097297,high
SIT-safe,27856.71053648679,27860.354375472118,high
SIT-safe,31894.818645089024,31905.126322392432,high
SIT-safe,37733.63588900851,37803.973081704986,high
SIT-safe,44235.19954926581,44385.51054392947,high
SIT-safe,48350.075795713135,48387.970807711674,high
SIT-safe,52338.63275093233,52351.9648466712,high
SIT-safe,55758.7165172981,55773.428538046646,high
SIT-safe,62131.763754632855,62162.51675165047,high
SIT-safe,68666.61902361306,68742.68704245398,high
SIT-safe,71826.07831779965,71875.94584694324,high
SIT-safe,76900.15948072694,76941.27104478609,high
SIT-safe,80142.40205743101,80189.95511237642,high
SIT-safe,86227.2633362431,86257.38284194542,high
SIT-safe,92788.3948988085,92866.54290338255,high
SIT-safe,96501.37807849262,96550.281329955,high
SIT-safe,100730.97206420495,100752.45009739845,high
SIT-safe,7826.3502400243215,7863.231157957973,high
SIT-safe,13563.882579649831,13598.822307275965,high
SIT-safe,19898.227546668582,19922.457522521014,high
SIT-safe,24034.844436978332,24079.76243580982,high
SIT-safe,28214.67411321246,28231.81535994514,high
SIT-safe,31690.408140688145,31708.337534077767,high
SIT-safe,37916.36190127166,37926.61945721127,high
SIT-safe,43856.29454576208,43902.549155614346,high
SIT-safe,47877.500546326126,47927.78113784855,high
SIT-safe,52630.88730460507,52677.739682918036,high
SIT-safe,55970.3200162193,55993.71192460083,high
SIT-safe,61586.79409262307,61611.94234195525,high
SIT-safe,68117.31182520803,68165.38193573963,high
SIT-safe,72334.27662298297,72362.00224244442,high
SIT-safe,76315.9406486217,76372.17418916067,high
SIT-safe,80474.3039241284,80576.21504153694,high
SIT-safe,86139.95391824836,86240.26004981322,high
SIT-safe,92582.48674001738,92629.0755572911,high
SIT-safe,96958.06438977276,97077.31573966282,high
SIT-safe,100920.50214467596,100934.13190898916,high
SIT-safe,7439.838750586435,7455.290961534483,high
SIT-safe,13787.087516171743,13830.090775071936,high
SIT-safe,19837.304474971523,19865.28043256689,high
SIT-safe,23597.06949749364,23736.315761379068,high
SIT-safe,28575.080468966506,28617.77792854712,high
SIT-safe,31657.131411695224,31668.942133849916,high
SIT-safe,37590.15122825194,37623.5234289416,high
SIT-safe,44366.980594375695,44390.30441663545,high
SIT-safe,47991.36613430092,48003.36578744469,high
SIT-safe,52089.24308270187,52122.213092873026,high
SIT-safe,56130.78683723905,56164.98370835498,high
SIT-safe,61916.757323422506,61994.39773844657,high
SIT-safe,68100.07429906966,68154.5491244807,high
SIT-safe,72553.87248336787,72595.53023660442,high
SIT-safe,76641.99238907217,76687.33258174302,high
SIT-safe,80184.90797715388,80315.44102026198,high
SIT-safe,86218.09119036519,86228.48518005118,high
SIT-safe,92040.40087501425,92171.24326887261,high
SIT-safe,96237.86623937057,96302.96182921552,high
SIT-safe,101195.63874441004,101262.26694358053,high
SIT-safe,7597.453439949818,7636.621650586792,high
SIT-safe,13290.818743552913,13322.51656836042,high
SIT-safe,20666.58345459603,20716.551898948957,high
SIT-safe,23760.25727018283,23789.636980692274,high
SIT-safe,27791.462718922758,27800.418140167953,high
SIT-safe,31896.73581241211,31913.135100463012,high
SIT-safe,37665.8637387662,37683.05834418876,high
SIT-safe,44042.04778904055,44119.39744448665,high
SIT-safe,48355.56325828853,48396.01606645064,high
SIT-safe,52443.11292066417,52491.555823948176,high
SIT-safe,55601.8827797051,55620.621978344425,high
SIT-safe,62023.512943625145,62079.06901327369,high
SIT-safe,68057.66221611643,68124.70349936177,high
SIT-safe,72129.72517229342,72162.70386081464,high
SIT-safe,77227.88958788151,77301.49067492146,high
SIT-safe,80117.9115792838,80161.69211651277,high
SIT-safe,85980.03658617956,85994.97790556503,high
SIT-safe,92984.40070137507,93064.27949465247,high
SIT-safe,96619.00337167477,96743.53759524297,high
SIT-safe,101065.34144723853,101098.63554507814,high
SIT-safe,7731.644415353496,7744.501621125424,high
SIT-safe,13562.22292462456,13584.676677032145,high
SIT-safe,19784.99951845346,19796.826970143666,high
SIT-safe,24124.503817634784,24161.12822853135,high
SIT-safe,28268.550121460765,28284.348003796185,high
SIT-safe,31684.58263234442,31709.18103156871,high
SIT-safe,37890.56217627485,37899.44721228992,high
SIT-safe,43970.48554130953,44005.507573947245,high
SIT-safe,47658.28536105023,47694.31048021391,high
SIT-safe,52591.48666521445,52618.214405299084,high
SIT-safe,56127.77260219345,56212.26049752796,high
SIT-safe,61602.33435343481,61657.216297389125,high
SIT-safe,68292.31173838,68347.36030808996,high
SIT-safe,72092.04286630933,72142.39107626601,high
SIT-safe,76594.58110031558,76673.45528763012,high
SIT-safe,80396.10155258421,80412.43680723681,high
SIT-safe,86087.70804379502,86179.97294961922,high
SIT-safe,92271.1827677658,92404.81136729002,high
SIT-safe,96829.68236481342,96923.37215910613,high
SIT-safe,101343.55264781688,101469.69218646333,high
SIT-safe,7633.434378052827,7669.317504701491,high
SIT-safe,13954.490185728851,13977.835807174244,high
SIT-safe,20361.892372757735,20449.92801389312,high
SIT-safe,23548.717596919465,23563.438611955666,high
SIT-safe,28633.13729585091,28646.684529263504,high
SIT-safe,31933.892452320557,31958.61651667459,high
SIT-safe,37428.97770221423,37457.83299745912,high
SIT-safe,44168.801991138964,44169.5986045985,high
SIT-safe,47957.30231122492,47996.9660504583,high
SIT-safe,52302.910517423195,52327.83586550911,high
SIT-safe,56065.25472228091,56076.39474113707,high
SIT-safe,61988.088808240704,62033.36724461153,high
SIT-safe,68065.14660261582,68130.2514873328,high
SIT-safe,72389.57476231245,72435.05099869703,high
SIT-safe,76900.24736058254,76940.15431957392,high
SIT-safe,79908.37204208178,79956.29168944748,high
SIT-safe,86309.56263124918,86425.63599683071,high
SIT-safe,92450.4156780898,92494.67090280932,high
SIT-safe,96211.54646802683,96246.56079759568,high
SIT-safe,101235.6295566574,101278.80718682936,high
SIT-safe,7628.152839772093,7657.218551514807,high
SIT-safe,13458.297160724342,13474.834309573727,high
SIT-safe,19885.714957908713,20025.971970895516,high
SIT-safe,23792.941635425264,23808.43711786413,high
SIT-safe,27841.248657073294,27866.371620012276,high
SIT-safe,32008.28136098534,32018.89696195089,high
SIT-safe,37595.78367348372,37598.659952881935,high
SIT-safe,44212.815175188945,44361.62553035781,high
SIT-safe,48086.453429013396,48148.40705829245,high
SIT-safe,52400.316524037225,52411.97092361936,high
SIT-safe,55851.995295050656,55878.42681598269,high
SIT-safe,62098.49769763994,62104.686613155165,high
SIT-safe,68200.10919894486,68250.75483106903,high
SIT-safe,72054.92603601399,72074.89656049442,high
SIT-safe,77149.49503571581,77249.35030117206,high
SIT-safe,80189.40280955455,80260.04530689005,high
SIT-safe,86061.89942778081,86093.50151194062,high
SIT-safe,92558.6868173507,92609.37503182312,high
SIT-safe,96561.11244764116,96649.34522294108,high
SIT-safe,100472.7144879431,100535.5689996847,high
partition,2505.0685805776075,2509.293700334036,high
partition,8037.183493447456,8059.033619728944,high
partition,15570.699883939053,15640.104458101308,high
partition,17807.33522528906,17821.157584552384,high
partition,21618.79473532582,21632.007928716186,high
partition,26539.80007296159,26542.099819152492,high
partition,32172.799590575458,32196.728198141634,high
partition,39642.78464031337,39729.13823431587,high
partition,41974.68978043662,42044.547926671396,high
partition,45890.05049895294,45904.97517080634,high
partition,51006.33381505742,51041.86161913058,high
partition,56364.97044910954,56416.51959600557,high
partition,63753.27858239121,63790.70573596483,high
partition,66096.95313424588,66191.69418965284,high
partition,69904.99054277172,69934.14162356855,high
partition,75215.11709835914,75224.03684177613,high
partition,80712.272223096,80769.29470737248,high
partition,87666.68030102238,87780.83827839262,high
partition,90267.6217674116,90286.09150652587,high
partition,94228.66840551997,94240.67655820592,high
partition,2526.9618928539976,2545.84867627688,high
partition,7965.074261972781,7981.7544084850415,high
partition,15348.42266701915,15405.405506155414,high
partition,17724.678194726745,17806.24768074495,high
partition,21565.522044296526,21581.97545152362,high
partition,26770.29463738235,26779.148621291948,high
partition,32100.636203563434,32107.82963104307,high
partition,39665.00026354826,39681.836142042666,high
partition,41757.83840757848,41820.174955492446,high
partition,45857.44657647419,45882.68749088586,high
partition,50832.07079067561,50869.3291760259,high
partition,56591.630432721075,56607.14410206437,high
partition,63842.365687035315,63867.21312767621,high
partition,66051.5508110024,66069.11919960803,high
partition,70141.53547415558,70152.0378415501,high
partition,75088.24317608708,75209.14636938454,high
partition,80401.51874049213,80475.67593733864,high
partition,87751.0236136405,87777.70708969508,high
partition,90262.77506473321,90267.66363840597,high
partition,94555.16728503692,94594.02548585158,high
partition,2488.201357284384,2497.9747430942343,high
partition,7981.500164043178,8015.476050481469,high
partition,15238.485699254175,15444.664958125928,high
partition,17805.0565020169,17848.91100891352,high
partition,21574.14828413927,21598.47754196928,high
partition,26704.983181191696,26719.808527945,high
partition,32043.11475122181,32056.9182214578,high
partition,39549.39503854349,39600.84519390808,high
partition,41902.95529637249,41923.36665559133,high
partition,45870.47631122455,45885.2434718961,high
partition,50820.639220009485,50836.12734303584,high
partition,56256.80186311763,56302.09278146959,high
partition,63645.758877568274,63695.40784680558,high
partition,66070.39730612835,66117.2470531783,high
partition,70293.722529952,70323.74413058342,high
partition,74975.9870379875,75081.86432759915,high
partition,80445.13438181231,80460.5859104241,high
partition,87384.9233695049,87435.0916595465,high
partition,90392.99293269229,90419.59129924455,high
partition,94420.02656883682,94477.77583968421,high
partition,2503.1677323861536,2520.0186131268156,high
partition,7944.14922588397,7961.2977257131315,high
partition,15645.265993830777,15688.651973950411,high
partition,17955.359372803152,17969.209070105433,high
partition,21619.446308125724,21649.34387336017,high
partition,26610.931137649066,26620.664586347288,high
partition,32179.344441310794,32243.430309729458,high
partition,39701.537756598285,39773.944667479824,high
partition,41781.64824405713,41798.738931554246,high
partition,45775.943588710834,45797.24817763924,high
partition,50721.272666585945,50728.78191752327,high
partition,56328.06971028228,56363.576724704195,high
partition,63821.99173778795,63934.54229617392,high
partition,66090.0347686063,66130.02828668816,high
partition,69979.71559819947,70016.99006008817,high
partition,74981.7168219858,75094.27373056156,high
partition,80607.49639045844,80641.5595535129,high
partition,87717.09474901736,87762.38381046243,high
partition,90270.7793117397,90338.72852789953,high
partition,94134.74641291075,94158.36635138602,high
partition,2544.5669254348422,2565.796352938729,high
partition,8013.12780990722,8019.638428671453,high
partition,15452.802772783714,15488.4095346711,high
partition,17876.20972939173,17905.856791322,high
partition,21605.47118884071,21614.513153290216,high
partition,26471.338383187605,26490.362773492096,high
partition,32159.289905944308,32193.329758084627,high
partition,39440.792401805666,39469.62850062195,high
partition,41900.501815544914,41917.21194576561,high
partition,45679.601078424326,45694.66212702501,high
partition,50857.69297117801,50895.76060164094,high
partition,56281.34725919685,56289.98346589856,high
partition,63555.755338927935,63601.34958435211,high
partition,66098.59458904732,66141.18887210518,high
partition,70140.85906660729,70182.24207853622,high
partition,74954.64445384455,74970.81988993313,high
partition,80547.87395979882,80553.90341782608,high
partition,87746.55315853476,87800.13874853411,high
partition,90484.05675025727,90502.414206207,high
partition,94388.76049485052,94416.51384947472,high
partition,2499.65034454671,2531.3425466200997,high
partition,7974.41715607153,7983.675601039926,high
partition,15328.977091208748,15394.53244349553,high
partition,17858.971640929318,17905.18534158003,high
partition,21566.58038543142,21589.082292210485,high
partition,26862.34407618188,26904.044878019795,high
partition,32097.64049935093,32153.713801440346,high
partition,39620.23503144103,39654.823867854415,high
partition,42001.551259707645,42038.26877566067,high
partition,45798.81488594397,45828.02023508062,high
partition,50953.00411757015,50992.961015767665,high
partition,56291.07054146018,56303.802573711466,high
partition,63699.064617151256,63800.4690697131,high
partition,66103.71631738315,66143.51162737008,high
partition,70471.97036198994,70493.50086811534,high
partition,74905.73000905645,74945.35547677334,high
partition,80541.49749717563,80544.5430118433,high
partition,88123.09977007851,88217.01200317955,high
partition,90866.4630496173,90898.46129874396,high
partition,94491.8745228648,94518.3666823612,high
partition,2419.218788660493,2495.060043365454,high
partition,8073.130317423645,8082.600542758213,high
partition,15149.99943689304,15178.410048904394,high
partition,17762.687076315906,17777.539830866743,high
partition,21583.05960740098,21583.44265674485,high
partition,26604.519807988323,26669.217500583418,high
partition,32031.225854157932,32038.733405748128,high
partition,39822.86365500435,39851.9581200911,high
partition,42060.444428419105,42090.64702565271,high
partition,45924.156774925425,45991.8457983211,high
partition,50806.248672891925,50816.58713853581,high
partition,56363.84971541921,56420.427528512184,high
partition,63600.33294405782,63666.24544842291,high
partition,66036.37088635088,66071.71490065719,high
partition,70008.3331098087,70024.57722899335,high
partition,74811.22437987423,74871.75874067326,high
partition,80644.84030003924,80695.62373588423,high
partition,87835.0213572655,87860.59226300308,high
partition,90356.75197675217,90393.2924884966,high
partition,94413.85134815046,94464.70400832422,high
partition,2501.204274261264,2526.030907931893,high
partition,8003.619184910012,8010.908738826325,high
partition,15574.695514839048,15611.690020851056,high
partition,17679.302829517103,17706.423376578754,high
partition,21617.455307503144,21636.332573189185,high
partition,26564.05992085688,26626.315793918933,high
partition,32077.538305317375,32092.738560669735,high
partition,39588.152300008725,39623.11310808666,high
partition,41895.96363389838,41909.34279869993,high
partition,45819.56946198315,45840.51156486767,high
partition,50586.345317658306,50608.72937731845,high
partition,56379.8637508691,56450.57985381711,high
partition,63448.016072449944,63492.33239979421,high
partition,66213.36132447784,66232.23691739529,high
partition,70028.71283537356,70075.89791117451,high
partition,74960.37417332575,75005.55368830127,high
partition,80404.76551416238,80469.3523387103,high
partition,87876.88234597011,88026.54332612,high
partition,90133.07401253346,90162.09448084564,high
partition,94325.01819631839,94365.6014316697,high
partition,2531.4767232202034,2561.893958914983,high
partition,8170.03153726138,8211.884050896071,high
partition,15723.128428621481,15781.298981949323,high
partition,17695.516445731275,17774.94636445818,high
partition,21565.455440314512,21611.51352546316,high
partition,26792.550067391086,26793.93450107795,high
partition,32085.687659389663,32108.13972274292,high
partition,39548.36110062237,39728.70198226973,high
partition,41904.12303208753,41972.95336998932,high
partition,45824.15692741485,45835.96971417502,high
partition,50729.16459572793,50751.385252644,high
partition,56228.69633870721,56234.6434134381,high
partition,63573.228817471034,63597.9839635042,high
partition,66207.95313117465,66233.31505529543,high
partition,69983.27219841536,70063.93937378291,high
partition,74824.70960771026,74834.72818236554,high
partition,80563.94845660948,80576.45044902473,high
partition,87774.60479324764,87821.38329760442,high
partition,90306.18875889534,90328.59168195189,high
partition,94810.96903419278,94831.63286230768,high
partition,2518.5599442404987,2543.2428498469203,high
partition,7918.72145404014,7957.320484553073,high
partition,15276.538890203383,15287.286850544086,high
partition,17727.558699827416,17773.12668330424,high
partition,21614.55716393805,21618.990418573885,high
partition,26596.71179533035,26614.31942483609,high
partition,31989.899619772445,32024.354737871807,high
partition,39496.00363867528,39532.83674644069,high
partition,41975.85357082917,42029.67441097433,high
partition,45806.67444230232,45817.73388300173,high
partition,50690.670883592684,50718.7950225495,high
partition,56385.941688854204,56442.7561670071,high
partition,63668.035988716125,63692.87823626224,high
partition,65986.76333033151,66078.86812975616,high
partition,69828.06504850996,69858.92361384335,high
partition,74728.62352722826,74741.04474107976,high
partition,80660.16857271368,80678.2991294979,high
partition,87643.77523583599,87710.87937176137,high
partition,90501.51588147541,90557.51426699178,high
partition,94505.35540609293,94571.719603668,high
random,13178.530183823095,13198.386004351438,high
random,23632.220804126606,23645.042328079988,high
random,26197.458539260617,26235.37267613264,high
random,28670.747384022794,28691.12017179011,high
random,37318.003169707656,37346.64642281515,high
random,37587.16421822137,37604.05161257822,high
random,41209.103531672314,41245.70259097562,high
random,50603.55875087323,50695.65222485174,high
random,53275.22521737592,53298.625443053075,high
random,56666.16210127062,56701.20375225127,high
random,61949.07465757217,61994.32489132623,high
random,74621.57505693611,74774.98102996688,high
random,70983.66039523983,71046.59128047069,high
random,77366.76617540662,77392.36035939754,high
random,87360.79599886625,87454.5266416184,high
random,84002.77497507226,84022.40207560995,high
random,96946.38736929113,97100.23308936061,high
random,98816.5385274448,98957.41796591456,high
random,101598.55068525381,101643.43898697945,high
random,107021.18616135583,107085.67921348763,high
random,12319.932658806714,12362.535806147247,high
random,26513.01075942253,26530.072809251513,high
random,27083.875338882077,27134.812764232513,high
random,33080.2651448195,33129.21261091408,high
random,29698.837363337047,29729.163409444624,high
random,33392.45244671146,33402.34182980815,high
random,44363.10712805609,44412.11284152086,high
random,51501.00477771463,51537.13198555728,high
random,53045.85845499262,53084.617430135084,high
random,54920.24513441879,54937.69299682991,high
random,62711.87978116868,62757.59016138938,high
random,66365.37300714709,66375.81645163673,high
random,74211.88689822555,74243.14706047875,high
random,79927.79715599993,79976.1372172689,high
random,79683.19547911195,79732.75924685855,high
random,86214.17382078934,86305.38445513666,high
random,94276.8366053101,94384.23397835728,high
random,96091.43523623406,96111.71740567716,high
random,100960.78849776943,101004.36221854683,high
random,108466.95173530748,108491.65748441372,high
random,13180.250536355215,13186.985328091403,high
random,19550.312344558548,19561.9154859384,high
random,25915.765985169754,26024.626150320648,high
random,28765.795647020677,28769.126503380612,high
random,34503.52641622648,34513.337583308414,high
random,36850.43734102556,36872.25554848577,high
random,49104.25997771998,49122.700382853196,high
random,49249.83424798866,49277.36850267467,high
random,50229.0772448221,50251.29938385598,high
random,58417.25487560778,58472.64722705401,high
random,61168.77259221541,61197.72016949099,high
random,68994.20777425742,69038.0528037613,high
random,73575.3788083222,73678.23799103193,high
random,78449.57748014502,78554.16041314676,high
random,82025.36177748826,82079.54446787621,high
random,84847.0902128413,84868.2876671066,high
random,97636.32590290332,97688.77952861608,high
random,99266.97771649722,99324.22812738834,high
random,98999.20399256855,99044.08021423339,high
random,104271.98472868634,104364.33232705954,high
random,15194.625006226712,15273.679178842849,high
random,21004.417261883835,21025.29726926121,high
random,28447.53423599354,28471.41470089461,high
random,28459.754915936297,28475.58405947619,high
random,32990.589496684835,32996.964949453075,high
random,37214.21363415995,37240.49266008407,high
random,43692.08702989638,43741.41599272087,high
random,49264.432106313965,49323.37186947989,high
random,51834.25793480337,51882.20290179092,high
random,59895.40674864159,60025.1306896201,high
random,63003.295562963656,63026.12510292069,high
random,67317.78588260282,67366.49825023588,high
random,76555.50537061272,76620.81550526922,high
random,79410.06987622521,79485.40444455869,high
random,87298.09819991254,87321.94173907887,high
random,84870.85713568512,84907.30128727821,high
random,97773.58265250722,97926.6979233911,high
random,96213.18769347147,96263.18992861027,high
random,103057.87678094358,103060.35675989723,high
random,104485.305194055,104584.33115798936,high
random,13706.51618433246,13728.559343750427,high
random,17687.514501205358,17713.091225930515,high
random,24466.737442563288,24543.543405396988,high
random,31383.297669575364,31406.779234794914,high
random,30562.717780250365,30583.09788089707,high
random,37440.19766361557,37476.59005711101,high
random,43409.33371660156,43417.21527843586,high
random,45380.20044442773,45427.870785213716,high
random,53676.57793165986,53729.242472851365,high
random,56819.017896965495,56834.95073841528,high
random,61318.36162719604,61404.09382908125,high
random,67073.70409389994,67144.30137570921,high
random,74026.28898674883,74092.13542447196,high
random,79992.75272342825,80048.48795461279,high
random,84245.3738237326,84298.6791739694,high
random,87797.57802928628,87842.64385180818,high
random,95140.35672925087,95156.06425656131,high
random,99844.06765610389,99869.93654428411,high
random,104830.42170280349,104874.16668576389,high
random,104730.25266079362,104795.14503182964,high
random,13464.7759630597,13468.031492941123,high
random,18867.394390445195,18876.024617218456,high
random,22603.00637980382,22625.635524368452,high
random,29826.307042136767,29831.415491770167,high
random,36471.15448278802,36497.75217221693,high
random,33467.4789099187,33498.529292540334,high
random,41339.75370704983,41426.04319540296,high
random,50890.59722015502,50948.68420230194,high
random,54260.17870426865,54311.92222941559,high
random,59641.74523302098,59648.926102099045,high
random,60374.81033933478,60442.3294888107,high
random,70322.87241639875,70405.61356470082,high
random,73878.79889421769,73936.86007745561,high
random,76004.04338980955,76073.57563134338,high
random,86862.47476283117,86891.57760337964,high
random,82040.53179893164,82100.24569770735,high
random,94727.19938765278,94757.34000844829,high
random,96210.39867531885,96242.34191412566,high
random,102131.901871091,102145.02997891302,high
random,109959.04245480477,110029.3168584927,high
random,11087.677507662025,11131.847272534309,high
random,20234.175388920143,20261.75891836979,high
random,27733.939098045088,27740.353019942188,high
random,32295.172576743305,32302.35468307245,high
random,31094.46905061474,31127.10255274165,high
random,37869.074543767114,37922.74894634674,high
random,44748.761994244116,44777.04487380793,high
random,49208.61779841159,49297.65652621607,high
random,52778.723686031,52806.47332375006,high
random,57077.30222685451,57084.75996899886,high
random,60034.35183655092,60067.75289894359,high
random,69069.865016172,69084.63661824202,high
random,71889.37182989884,71929.45296620128,high
random,79111.0564853933,79198.22841172092,high
random,83320.78065476158,83332.68751359038,high
random,82725.78634918701,82749.59473254922,high
random,89975.95164276245,90020.77564457968,high
random,94716.4010251941,94804.2398655935,high
random,99780.06844645695,99798.59207381535,high
random,110568.95805688218,110630.73631600957,high
random,13360.36904755961,13386.753806278895,high
random,16922.847127355068,16929.05966246914,high
random,22624.19536568308,22712.78569835984,high
random,32663.19208635363,32703.06468903966,high
random,35823.46539777527,35838.25862023428,high
random,36704.318201799964,36724.39585337629,high
random,51736.24343859645,51750.00902478691,high
random,49528.66777815538,49550.24472095132,high
random,54979.70992501951,54991.97602960856,high
random,56735.42689316877,56784.7419316109,high
random,61848.17064999442,61901.708513917416,high
random,65764.33414741875,65802.25702035568,high
random,75173.91869937874,75196.42734082608,high
random,80144.28972754495,80166.90784688939,high
random,84971.20126319383,85086.65860493669,high
random,86389.82085983701,86526.61278640665,high
random,96139.79183639585,96205.66027375859,high
random,97324.796574824,97574.89895390745,high
random,105868.04317505007,105945.37668937317,high
random,105819.00319889214,105867.49190102302,high
random,12962.911398569177,12984.504593086527,high
random,19039.169228281546,19085.52268958275,high
random,24966.271297664673,25033.76915355365,high
random,25608.6312813222,25611.151076919406,high
random,32399.984333923778,32418.86985422919,high
random,35126.2574367493,35170.87584334015,high
random,48383.47878243265,48456.512336631786,high
random,50736.75143642676,50774.88599576808,high
random,56089.94864928586,56150.48702322764,high
random,56592.12274117355,56609.05252779436,high
random,59880.229324973305,59912.48958589841,high
random,67491.81495747756,67591.04565762045,high
random,71595.74947343764,71600.07732034838,high
random,74339.42099844976,74358.725968629,high
random,82826.43370835675,82880.26417595954,high
random,85035.24944301226,85105.27917168426,high
random,90449.04106153449,90486.2407477563,high
random,100125.68189117605,100298.27106499857,high
random,97529.6915055062,97564.54776560684,high
random,106163.28279061204,106186.61417588124,high
random,10076.50569451799,10095.714308451024,high
random,18892.37526894963,18923.473089543037,high
random,25233.119192025184,25309.16116097317,high
random,34242.97412924459,34255.36019434779,high
random,36295.72602535411,36307.54870676542,high
random,39167.77013169805,39191.937717031775,high
random,47866.1062181143,47877.265950543675,high
random,48480.547243926645,48562.3004497658,high
random,53560.47176849873,53599.79097412687,high
random,58496.714923844615,58543.694097021886,high
random,61787.11741877143,61820.95141850442,high
random,65443.343336484315,65483.51820706616,high
random,76148.0655406232,76267.92634290084,high
random,76825.52931442339,76888.31593065489,high
random,80431.37405734697,80474.69047101258,high
random,81897.92264984596,81941.21087674607,high
random,89227.33658537376,89312.72505459955,high
random,99369.92559746368,99395.22132051911,high
random,101007.41757198241,101147.86181697738,high
random,106117.46342196614,106145.9013597049,high
oracle,7632.486750426581,7642.535570108262,high
oracle,13318.95784626217,13344.719982935918,high
oracle,20575.894172181346,20731.4203096045,high
oracle,23828.419382443968,23872.074469957108,high
oracle,27797.263045973054,27816.093342559314,high
oracle,31939.54960617879,31943.945518428387,high
oracle,37817.998975223185,37849.61578499677,high
oracle,44029.583148742124,44056.595685270935,high
oracle,48288.08781620263,48333.32119263642,high
oracle,52449.98245626564,52474.51721343743,high
oracle,55682.27834441989,55731.921383439476,high
oracle,62070.407291150135,62113.68702469452,high
oracle,68218.67256799583,68265.43698124343,high
oracle,72178.63922723499,72194.59398440702,high
oracle,77062.91802543426,77177.7191107985,high
oracle,80213.1113487032,80254.07183780371,high
oracle,86212.75573559318,86245.46341770494,high
oracle,92333.31530803256,92445.7287838619,high
oracle,96598.16864999016,96695.60564971561,high
oracle,100478.56575012107,100557.99387818205,high
oracle,7940.416701801509,7966.853405024287,high
oracle,13571.653566444265,13615.82552853623,high
oracle,19904.911505998698,19939.736508418206,high
oracle,23943.542554810712,23962.744839553037,high
oracle,28236.96780148402,28246.880214623914,high
oracle,31578.658471871593,31592.153172091086,high
oracle,38005.1687009983,38032.955226345424,high
oracle,43810.109148284595,43841.59742460117,high
oracle,47812.37113539339,47849.34467964784,high
oracle,52692.26979573922,52708.18461782953,high
oracle,55917.27903750753,55970.142845894436,high
oracle,61670.99771194897,61686.66697846301,high
oracle,68170.81739338006,68301.19749636669,high
oracle,72348.76506162944,72372.1619832867,high
oracle,76209.54812083712,76263.15478468015,high
oracle,80517.03177397432,80546.06870452128,high
oracle,86284.06498214374,86350.10165316862,high
oracle,92028.24761707353,92164.50208428368,high
oracle,96905.6766250377,96940.66218432326,high
oracle,101071.4888241965,101087.13885719076,high
oracle,7563.3927171591495,7587.019657410248,high
oracle,13680.463433825762,13707.061934423096,high
oracle,19758.839683704966,19855.25817480965,high
oracle,23711.970603075155,23723.013082905898,high
oracle,28491.07213799255,28505.658809401837,high
oracle,31819.20144046819,31885.103157697697,high
oracle,37490.677416853854,37524.24591131988,high
oracle,44301.49197240833,44332.73050055452,high
oracle,48074.0542808181,48127.49478638848,high
oracle,52341.6220012368,52413.87407400734,high
oracle,56177.40510591541,56220.20334447632,high
oracle,61862.727348748216,61875.99145641137,high
oracle,67729.0974078997,67782.30410957991,high
oracle,72242.35664880772,72254.77794867358,high
oracle,76673.41599416186,76705.22601902818,high
oracle,80184.05968052005,80244.46397245544,high
oracle,86436.56906721136,86493.06155001608,high
oracle,92442.04831231757,92555.108209756,high
oracle,96255.30430466782,96315.28076085518,high
oracle,101086.13999275351,101136.68889359772,high
oracle,7861.571913967893,7898.926547835695,high
oracle,13380.207689225732,13383.357070999742,high
oracle,20129.1443982065,20151.43785894694,high
oracle,23841.792552319755,23857.877829225697,high
oracle,27987.310861891605,28020.82687740968,high
oracle,31979.356845188104,31998.165794756227,high
oracle,37540.11922890958,37554.24664625419,high
oracle,43895.07689113715,43934.97621445656,high
oracle,48285.88100072247,48307.50020370097,high
oracle,52345.42551120225,52359.27545827551,high
oracle,55698.480744579894,55769.40505832222,high
oracle,62133.962891056944,62201.04418211388,high
oracle,67692.26739795065,67759.236772912,high
oracle,72013.39003282078,72063.05408867163,high
oracle,76822.37271919884,76874.32320264896,high
oracle,80277.25139405225,80323.00278306278,high
oracle,85881.01076810871,85940.3630998598,high
oracle,92178.38408199309,92310.030398306,high
oracle,96168.09698336602,96286.65439514765,high
oracle,100354.14974581786,100440.22909463763,high
oracle,7913.346913411297,7932.906923078108,high
oracle,13736.807564380517,13739.073512381396,high
oracle,20047.690825130365,20121.941750592,high
oracle,24009.67895976397,24027.964005275055,high
oracle,28200.295873470353,28227.94824331446,high
oracle,31576.817067416534,31620.833323745515,high
oracle,37940.07146581377,37999.79324880014,high
oracle,43761.46256299451,43810.77997779559,high
oracle,47971.43558347758,48017.34449900742,high
oracle,52582.53149723327,52619.44876848311,high
oracle,56127.863848522786,56168.1198091301,high
oracle,61742.1807160653,61791.065168496556,high
oracle,68932.65940841245,68981.24378227277,high
oracle,72278.53993175189,72326.97818198602,high
oracle,76360.67413289777,76396.29141730425,high
oracle,80230.51983825328,80276.2517228443,high
oracle,86245.47448310255,86280.68264226484,high
oracle,92178.59019204228,92214.948152258,high
oracle,96739.37942910315,96771.10022516627,high
oracle,101033.23725423768,101131.64952380751,high
oracle,7599.570834559474,7655.017787673571,high
oracle,13869.741046318828,13873.145559049783,high
oracle,19557.822150423483,19580.68989856599,high
oracle,23678.389960930665,23706.42089490716,high
oracle,28561.363270105852,28586.540287584252,high
oracle,31856.220323152033,31871.957790951266,high
oracle,37387.36150820582,37416.69461872749,high
oracle,44515.42834226296,44551.00083840721,high
oracle,47918.29320924033,47973.635413554555,high
oracle,52072.460631943766,52092.88512310897,high
oracle,56041.366933223464,56051.79819093531,high
oracle,61984.3061513537,62034.09810809949,high
oracle,68823.51277851008,68921.74380825134,high
oracle,72366.93659657091,72389.38826247606,high
oracle,76896.87319878407,76935.81732572548,high
oracle,80068.32429528108,80144.32416834636,high
oracle,86217.44023097964,86263.74775118747,high
oracle,92461.72301427796,92511.67693884094,high
oracle,96110.38740523988,96166.63119141923,high
oracle,101011.21381797561,101081.81990586827,high
oracle,7633.751439883203,7662.408411662382,high
oracle,13264.786930147631,13283.418884390558,high
oracle,20224.277706744822,20305.536368835026,high
oracle,23855.823265081035,23905.57512609872,high
oracle,27863.214199700546,27871.616144596017,high
oracle,32027.55894531468,32083.711473017072,high
oracle,37611.37431099504,37624.12755876566,high
oracle,43890.346330915934,43959.11047833027,high
oracle,48221.38051519031,48232.79953875774,high
oracle,52345.73620741552,52375.4901072041,high
oracle,55875.5338849121,55886.96813468098,high
oracle,62249.42371432653,62289.95639696573,high
oracle,67972.60761670399,68138.86849943743,high
oracle,72075.00310616971,72132.8776851863,high
oracle,76935.81988089459,76958.99880527341,high
oracle,80405.63319200132,80478.57625421308,high
oracle,86060.61907780245,86077.27115421338,high
oracle,92177.72628047928,92249.78105318076,high
oracle,96718.64834709297,96757.2624501934,high
oracle,100704.80628191293,100788.17613366267,high
oracle,7924.391375639775,7932.8951721046615,high
oracle,13720.94047391634,13738.0959422979,high
oracle,19762.675710574564,19773.16038333003,high
oracle,24245.438375521117,24322.554997382107,high
oracle,28248.03888334832,28253.812649599633,high
oracle,31656.284050328828,31686.08045729715,high
oracle,37805.38042907398,37826.858756545495,high
oracle,44297.920299099176,44375.92974403962,high
oracle,47784.91516706318,47821.419907938776,high
oracle,52683.38582884822,52708.16618767592,high
oracle,56277.22914561935,56321.27024975978,high
oracle,61723.00532419153,61748.583029699425,high
oracle,68235.65845652795,68265.4314543297,high
oracle,72072.61869942855,72227.38538455756,high
oracle,76215.14710648423,76279.85355203808,high
oracle,80400.27160032754,80482.72271127882,high
oracle,86096.98807396056,86170.16496116211,high
oracle,92187.15227529083,92417.57878723164,high
oracle,96721.63873879168,96946.24898277794,high
oracle,100921.22968425795,101046.49183149374,high
oracle,7506.206917378545,7527.506065916912,high
oracle,13709.36931942338,13725.051372902228,high
oracle,19858.76099929782,19972.911652788913,high
oracle,23692.736351663807,23696.74397673655,high
oracle,28496.282928675213,28519.479588580303,high
oracle,31764.855107943855,31793.66804165665,high
oracle,37412.80859170108,37436.87495394613,high
oracle,44085.95095216477,44330.55385903477,high
oracle,48001.22515976084,48025.12512448744,high
oracle,52084.68054693536,52098.68931278284,high
oracle,56038.11601374603,56050.085352355396,high
oracle,61881.2405302712,61909.9749416648,high
oracle,68244.98750308453,68381.73270168771,high
oracle,72304.57493727632,72365.72163376544,high
oracle,76675.3235409575,76718.00447289742,high
oracle,79924.83807468864,80091.57672101504,high
oracle,86454.96759484918,86498.27904005791,high
oracle,92226.14555103339,92292.57967852772,high
oracle,96170.39278845028,96238.7176908933,high
oracle,101216.9797755439,101301.02718499232,high
oracle,7658.383182718681,7678.741855547869,high
oracle,13313.84723792796,13340.058439891342,high
oracle,19793.16709761517,19809.112474771122,high
oracle,23850.665284524603,23862.01214087878,high
oracle,27819.786767856545,27873.326936146193,high
oracle,31806.901566614946,31817.36610474752,high
oracle,37619.14496743977,37635.24706607424,high
oracle,43663.087734305285,43752.64542095325,high
oracle,48316.64421861819,48363.58025414793,high
oracle,52455.06337991645,52486.86252431433,high
oracle,55911.54593984138,55955.382057527386,high
oracle,62229.093829522615,62330.912282527366,high
oracle,68007.26819239563,68054.20650323335,high
oracle,72019.92404833778,72062.06814117063,high
oracle,76943.33373436886,77022.38457908056,high
oracle,80450.14376537537,80507.64480966137,high
oracle,85910.12930747951,85974.41327556028,high
oracle,92368.8560817577,92522.61475265311,high
oracle,96511.36797417971,96599.38014546386,high
oracle,100650.96284042746,100703.96055057937,high
SIT-safe,10040.471140697633,10051.221503615052,saturation
SIT-safe,17754.017400986388,17761.907970310123,saturation
SIT-safe,26275.20411435487,26317.354486061457,saturation
SIT-safe,31602.92832345441,31710.85053795366,saturation
SIT-safe,37023.5642988631,37039.83449297571,saturation
SIT-safe,42595.47806310235,42647.78710206275,saturation
SIT-safe,50119.50887432317,50124.36508755403,saturation
SIT-safe,58000.04642199383,58038.70105831773,saturation
SIT-safe,64072.492927399624,64099.843014197235,saturation
SIT-safe,69803.95420326335,69815.8024473654,saturation
SIT-safe,74384.88579694337,74405.83312329274,saturation
SIT-safe,82794.13703859168,82837.95724689418,saturation
SIT-safe,90129.69468053062,90455.93035150619,saturation
SIT-safe,95975.74162520492,96003.29107677963,saturation
SIT-safe,102718.50370548436,102757.9806553708,saturation
SIT-safe,106586.49082180558,106691.17552671063,saturation
SIT-safe,114113.94656946385,114197.05109304591,saturation
SIT-safe,122936.77523167082,122962.0288791354,saturation
SIT-safe,128440.77722431057,128464.31035414318,saturation
SIT-safe,134372.34734698886,134387.2858929789,saturation
SIT-safe,10667.601419742212,10674.153516172817,saturation
SIT-safe,17968.93215157094,17980.12108052805,saturation
SIT-safe,26594.168407382396,26695.91639785053,saturation
SIT-safe,31955.35478870971,31976.731472032356,saturation
SIT-safe,37536.081106286576,37542.85342914883,saturation
SIT-safe,41952.82023630597,41989.01255487428,saturation
SIT-safe,50322.787639343966,50375.2499635194,saturation
SIT-safe,58161.34199626865,58178.874883559256,saturation
SIT-safe,63647.67689383667,63648.62005580775,saturation
SIT-safe,70053.51119313185,70065.61803567367,saturation
SIT-safe,74740.92702787975,74838.40140113607,saturation
SIT-safe,81973.03673057636,82023.95362084673,saturation
SIT-safe,90495.00858917936,90517.02973709596,saturation
SIT-safe,96061.250745743,96158.4899156348,saturation
SIT-safe,101548.38952696457,101594.1341886007,saturation
SIT-safe,106997.64614171325,107015.6176331526,saturation
SIT-safe,114789.08963723974,114849.49177452209,saturation
SIT-safe,122720.95154253513,122772.61860032144,saturation
SIT-safe,128513.15373057977,128643.64767051912,saturation
SIT-safe,134457.04320088043,134479.40750855466,saturation
SIT-safe,9957.131739248682,9976.236464340756,saturation
SIT-safe,18400.43538995825,18439.06441045498,saturation
SIT-safe,26154.171372471294,26179.04218226068,saturation
SIT-safe,31387.36418888472,31408.761249443156,saturation
SIT-safe,37818.44381962537,37821.695423625744,saturation
SIT-safe,42354.82982941807,42395.888356713534,saturation
SIT-safe,49963.78213821665,50019.717491217976,saturation
SIT-safe,58386.96233692107,58443.690521740704,saturation
SIT-safe,63895.438018889836,63927.68911164651,saturation
SIT-safe,69263.63201177248,69293.00774413899,saturation
SIT-safe,74606.62473198448,74641.44749580251,saturation
SIT-safe,82410.38587994958,82439.16757529811,saturation
SIT-safe,90432.22101863395,90548.87651481053,saturation
SIT-safe,96170.26247763277,96207.57091529465,saturation
SIT-safe,102012.76471492866,102032.99695616955,saturation
SIT-safe,106406.23417439885,106453.12304477167,saturation
SIT-safe,114884.04239611072,114904.90506903367,saturation
SIT-safe,122470.32640609043,122555.33506638353,saturation
SIT-safe,128047.55464773203,128214.0576317644,saturation
SIT-safe,134826.09964750416,134845.99157579523,saturation
SIT-safe,10129.011327469072,10158.287540789559,saturation
SIT-safe,17676.59746633106,17681.200961005616,saturation
SIT-safe,26401.330429220907,26442.540336708567,saturation
SIT-safe,31664.773891612473,31674.008601949365,saturation
SIT-safe,37102.0954171616,37148.03262021007,saturation
SIT-safe,42426.83501123644,42490.91222374122,saturation
SIT-safe,50007.091671452596,50066.956263103755,saturation
SIT-safe,58515.342822188126,58656.758064874026,saturation
SIT-safe,64385.828328917596,64431.6020739239,saturation
SIT-safe,69797.2583756583,69840.9431950861,saturation
SIT-safe,74076.98644049805,74098.6663714801,saturation
SIT-safe,82631.72596185732,82674.586582498,saturation
SIT-safe,90641.4304964818,90709.18322992644,saturation
SIT-safe,95883.30280313404,95959.66547791363,saturation
SIT-safe,102337.53580370563,102380.24430774656,saturation
SIT-safe,106558.5555035387,106580.56190139933,saturation
SIT-safe,114577.70960674388,114619.32724932239,saturation
SIT-safe,123112.53672881867,123208.29292554327,saturation
SIT-safe,128317.96565238603,128397.03792796694,saturation
SIT-safe,133573.49112838594,133700.21484532172,saturation
SIT-safe,10307.31293536863,10337.697040640805,saturation
SIT-safe,18079.987160010336,18107.028884732237,saturation
SIT-safe,26342.30042747704,26368.84455644875,saturation
SIT-safe,31836.409071731297,31845.78504179912,saturation
SIT-safe,37470.88498071268,37487.94150640302,saturation
SIT-safe,42002.174259194944,42043.3033383735,saturation
SIT-safe,50590.3129652018,50663.08378249621,saturation
SIT-safe,58674.4986507919,58822.65884260183,saturation
SIT-safe,63540.70920263286,63599.34461817635,saturation
SIT-safe,70226.67783790371,70247.88200050837,saturation
SIT-safe,74373.84422781729,74418.28079442185,saturation
SIT-safe,81995.04365727045,82005.32954777393,saturation
SIT-safe,91173.56966159726,91225.88543786114,saturation
SIT-safe,96029.35780823897,96046.97208400573,saturation
SIT-safe,101487.52841390474,101542.23774652136,saturation
SIT-safe,107127.49513477412,107230.60586084318,saturation
SIT-safe,114671.11637189909,114700.89929742404,saturation
SIT-safe,122282.27177624698,122394.1950913831,saturation
SIT-safe,128484.50755100009,128515.03122098879,saturation
SIT-safe,134273.7375062258,134362.32967363132,saturation
SIT-safe,9828.3909552634,9840.087350990052,saturation
SIT-safe,18271.956763383972,18295.497003714605,saturation
SIT-safe,26380.787533278257,26406.54506309164,saturation
SIT-safe,31592.459675484697,31673.654664344445,saturation
SIT-safe,37836.44555943384,37848.14221694703,saturation
SIT-safe,42292.492685330086,42317.52741954513,saturation
SIT-safe,49853.7597066066,49855.713704469585,saturation
SIT-safe,58299.98735717555,58335.40307246358,saturation
SIT-safe,63765.33218472629,63793.999592072854,saturation
SIT-safe,69701.61992684893,69720.88762326274,saturation
SIT-safe,74465.66680024781,74507.97819170581,saturation
SIT-safe,82450.25007235713,82473.60614543567,saturation
SIT-safe,90327.49992854416,90363.46138035838,saturation
SIT-safe,96433.17215995814,96477.26070830834,saturation
SIT-safe,102115.87234852991,102136.40850368823,saturation
SIT-safe,106796.32997423617,106818.7567413805,saturation
SIT-safe,114865.26581434782,114893.2416545825,saturation
SIT-safe,122418.66593371338,122512.83172553682,saturation
SIT-safe,128229.72710528797,128275.57092350067,saturation
SIT-safe,134923.7843245461,135002.1645972536,saturation
SIT-safe,10027.491045682315,10052.552537190742,saturation
SIT-safe,17604.496598418486,17613.858425281484,saturation
SIT-safe,26870.21267140156,26892.87750432528,saturation
SIT-safe,31769.32783228861,31774.649040430588,saturation
SIT-safe,37118.14321545992,37138.76907590837,saturation
SIT-safe,42674.791724007366,42694.01302667119,saturation
SIT-safe,50302.8135405126,50329.13297225948,saturation
SIT-safe,58478.5135421541,58509.31530674419,saturation
SIT-safe,64092.557167770916,64101.74789245415,saturation
SIT-safe,69774.75335929036,69794.69772258586,saturation
SIT-safe,74268.82295029564,74280.51578149479,saturation
SIT-safe,82738.33837534796,82755.41132135972,saturation
SIT-safe,90619.37981301357,90747.4470871179,saturation
SIT-safe,96166.06942731947,96178.73539155534,saturation
SIT-safe,102525.2167829529,102625.00982653725,saturation
SIT-safe,106558.22657453659,106635.82052839699,saturation
SIT-safe,114041.38384246097,114051.67481580249,saturation
SIT-safe,123294.54674533792,123477.3262776605,saturation
SIT-safe,128293.7572865938,128304.93398512076,saturation
SIT-safe,134027.48249232722,134054.24371215125,saturation
SIT-safe,10680.792205091533,10709.071336833396,saturation
SIT-safe,17988.73992989196,18004.46992450823,saturation
SIT-safe,26182.086013189873,26212.47091098986,saturation
SIT-safe,31897.251345653807,31940.514679697048,saturation
SIT-safe,37492.95054228942,37513.86408464556,saturation
SIT-safe,42501.320831994926,42513.20662571507,saturation
SIT-safe,50473.84877498295,50476.76801319283,saturation
SIT-safe,58243.60920424531,58379.90213264678,saturation
SIT-safe,63755.530955855276,63791.068903614636,saturation
SIT-safe,70094.26139294721,70132.64468678081,saturation
SIT-safe,74412.81654023658,74451.6428664609,saturation
SIT-safe,82191.73549608386,82213.04279254939,saturation
SIT-safe,91241.2330399718,91345.23660174973,saturation
SIT-safe,96077.77973255256,96081.5488488819,saturation
SIT-safe,101516.40361417706,101609.42518785974,saturation
SIT-safe,107041.02585955992,107060.03735349781,saturation
SIT-safe,114797.06502100182,114820.19900963537,saturation
SIT-safe,122790.50216817706,122903.23985016556,saturation
SIT-safe,128919.79560482955,129001.05565962783,saturation
SIT-safe,134124.52178132773,134259.69099026348,saturation
SIT-safe,9870.970825995864,9873.399474590165,saturation
SIT-safe,18264.95523392764,18269.38530509777,saturation
SIT-safe,26518.273491559605,26545.51684393292,saturation
SIT-safe,31372.311578858567,31395.020594567508,saturation
SIT-safe,37837.97212363432,37855.866132264644,saturation
SIT-safe,42542.59328138838,42580.0913861203,saturation
SIT-safe,49645.93317185258,49671.45696310073,saturation
SIT-safe,58422.44300145677,58441.864667926784,saturation
SIT-safe,63981.283910104685,64001.130432982914,saturation
SIT-safe,69313.33288969206,69326.51102485895,saturation
SIT-safe,74806.29275759807,74877.78024142009,saturation
SIT-safe,82678.57861188994,82715.13486031935,saturation
SIT-safe,90227.66662782998,90250.06375743041,saturation
SIT-safe,96420.28446149323,96426.12813095447,saturation
SIT-safe,102095.649869428,102100.02329946126,saturation
SIT-safe,106498.86252699247,106534.35685320027,saturation
SIT-safe,114915.18065746674,114938.34580235949,saturation
SIT-safe,122465.34434299507,122555.17518090048,saturation
SIT-safe,128067.38324657573,128156.15299042925,saturation
SIT-safe,134840.71730732673,134887.48454404177,saturation
SIT-safe,10038.62660166437,10073.7874327069,saturation
SIT-safe,17875.831602647937,17914.8776831843,saturation
SIT-safe,26363.247735817185,26412.774144447794,saturation
SIT-safe,31814.852208204753,31851.613966524288,saturation
SIT-safe,37059.87547144383,37062.67845359637,saturation
SIT-safe,42600.58948289718,42659.46910346938,saturation
SIT-safe,50093.688258575545,50101.567248415435,saturation
SIT-safe,58952.76256129446,59035.15201516253,saturation
SIT-safe,64080.858834893756,64091.47524271457,saturation
SIT-safe,69969.30721422803,70013.74463778551,saturation
SIT-safe,74177.402230782,74213.13047480707,saturation
SIT-safe,82672.95444402646,82704.10463148795,saturation
SIT-safe,90262.74134130693,90352.84731864337,saturation
SIT-safe,95738.99011916228,95766.50459835987,saturation
SIT-safe,102368.07434253093,102382.65319936391,saturation
SIT-safe,106423.38362476538,106491.20778567129,saturation
SIT-safe,114365.61400788216,114399.07298212376,saturation
SIT-safe,123407.58515588321,123513.64122006288,saturation
SIT-safe,128596.46125768253,128676.31493012363,saturation
SIT-safe,133840.28161367218,133903.5174587351,saturation
partition,3240.400505098024,3334.275098123275,saturation
partition,10714.434421295862,10724.580430238238,saturation
partition,20541.958634107912,20573.057037844657,saturation
partition,23452.264129109586,23508.504894727026,saturation
partition,28829.010850467064,28837.488439870125,saturation
partition,35311.70480839632,35345.003613133755,saturation
partition,42903.269257255466,42924.39201586037,saturation
partition,52492.41121736992,52548.56587663759,saturation
partition,55592.11246128792,55603.04554008087,saturation
partition,61018.0712549611,61031.79003456782,saturation
partition,67367.62248728052,67383.45056040192,saturation
partition,75070.1683392351,75094.60557356078,saturation
partition,84543.70690115994,84567.14843696626,saturation
partition,87999.97103613045,88053.93873902089,saturation
partition,93232.66573071513,93267.9673040346,saturation
partition,99753.77563075993,99825.50289300247,saturation
partition,107114.06148849808,107153.74143562329,saturation
partition,116706.22484426892,116797.34271343391,saturation
partition,120385.15496408423,120464.63838970932,saturation
partition,125519.44643398715,125596.78859538643,saturation
partition,3173.7337308632377,3196.5409468961107,saturation
partition,10580.344123515666,10601.26984465116,saturation
partition,20113.12433035155,20154.723919655815,saturation
partition,23670.17614367893,23694.582020821228,saturation
partition,28702.461465037926,28735.71081548209,saturation
partition,35293.235086841654,35295.24160937596,saturation
partition,42655.272421861,42682.09904383918,saturation
partition,52187.61770578625,52218.007557173485,saturation
partition,55902.91741637505,55942.959562175034,saturation
partition,61126.4399602071,61164.958068121996,saturation
partition,67537.0406102968,67575.98672786121,saturation
partition,74827.49763788488,74844.85522934268,saturation
partition,84647.57343322849,84738.6349380776,saturation
partition,87888.63131597356,87934.46561122706,saturation
partition,93109.556254946,93118.1315264848,saturation
partition,99551.54863398836,99580.1210851557,saturation
partition,107126.45163081629,107325.20055863337,saturation
partition,116086.33910094303,116298.0590562158,saturation
partition,120339.39882930511,120385.49057655773,saturation
partition,125599.63674871277,125615.89365328196,saturation
partition,3253.568817547781,3292.7026780259393,saturation
partition,10535.086525391964,10561.159269231834,saturation
partition,20053.566322783598,20095.868439108817,saturation
partition,23571.27927647837,23586.274230636987,saturation
partition,28781.64848717442,28796.263018788417,saturation
partition,35456.232768892056,35507.217114752406,saturation
partition,42721.879821053284,42757.79785641287,saturation
partition,52488.57438553184,52540.19716112326,saturation
partition,55772.29247010455,55783.977346333384,saturation
partition,60878.82568460575,60904.98091384758,saturation
partition,67713.05583373182,67756.30493066902,saturation
partition,74813.2120424325,74843.11072493394,saturation
partition,84408.17369994087,84475.22971976227,saturation
partition,87997.11826068434,88017.20204143612,saturation
partition,93159.06040951374,93207.08601741292,saturation
partition,99685.9628506199,99745.11490009812,saturation
partition,106857.55435848492,106900.67996439004,saturation
partition,116588.44700486702,116655.83522420106,saturation
partition,120279.37843812165,120299.68522774847,saturation
partition,125460.22042358162,125615.9988257836,saturation
partition,3311.754395837322,3340.4260096375315,saturation
partition,10561.46957850078,10573.938939334297,saturation
partition,20725.062258686223,20811.329831935964,saturation
partition,23514.06565475712,23520.42035117071,saturation
partition,28806.96667794468,28820.811128780017,saturation
partition,35198.839412361405,35244.072168272294,saturation
partition,43284.30583784873,43338.34412417625,saturation
partition,52556.84286902169,52617.65901349639,saturation
partition,56106.09860016825,56115.167903534675,saturation
partition,60913.203256315115,60917.71638349215,saturation
partition,67747.15766178133,67776.61058331952,saturation
partition,74873.5300534666,74925.00340267393,saturation
partition,84551.69802114196,84679.41033805124,saturation
partition,88287.65752944826,88314.55203656622,saturation
partition,93130.4758017163,93207.32092680655,saturation
partition,99993.02109232543,100036.85802103255,saturation
partition,107266.69782891445,107282.23677803035,saturation
partition,116512.3741772354,116611.69007763492,saturation
partition,120457.20126063308,120520.93216461333,saturation
partition,125420.88310146944,125453.21504448139,saturation
partition,3165.634960293921,3168.7721195037966,saturation
partition,10546.457388535342,10570.022562047872,saturation
partition,20415.728804951734,20525.192163554522,saturation
partition,23595.558365813977,23624.454730375,saturation
partition,28851.847276408087,28904.375619809878,saturation
partition,35329.913711053836,35341.30458180208,saturation
partition,42796.37130196205,42842.737980834514,saturation
partition,52385.062886841704,52566.062859601574,saturation
partition,55868.95869112614,55889.398249917926,saturation
partition,60897.50207704915,60899.96414505539,saturation
partition,67286.3709175819,67328.50147040024,saturation
partition,74871.225735392,74912.69776429952,saturation
partition,84466.005588498,84529.94816495993,saturation
partition,87882.6068489567,87927.67742693242,saturation
partition,93223.49786706317,93253.52679847795,saturation
partition,99937.24411764061,100050.44364888183,saturation
partition,107271.56898143115,107294.31813397168,saturation
partition,116969.75445451096,117041.90784575825,saturation
partition,120178.86870181712,120208.3402000817,saturation
partition,125610.0817863214,125614.06333976795,saturation
partition,3210.7975898794502,3261.224993303075,saturation
partition,10638.271007008936,10650.036816054795,saturation
partition,20781.98066161897,20858.637797280047,saturation
partition,23489.78804123989,23513.88094049978,saturation
partition,28707.789957119236,28713.722827059748,saturation
partition,35171.344933874185,35194.94680684597,saturation
partition,42777.7068654793,42833.051525643736,saturation
partition,52530.391556846786,52556.15702921695,saturation
partition,55886.80693228989,55933.50787563312,saturation
partition,60874.977926085274,60901.23775725798,saturation
partition,67485.1906668148,67528.88573118974,saturation
partition,74821.1772772728,74827.41969531003,saturation
partition,84252.56744299622,84320.85436648395,saturation
partition,88181.09022398529,88244.74281837218,saturation
partition,93328.21505352753,93342.57841103127,saturation
partition,99763.51879116094,99820.45508800924,saturation
partition,107195.86115614061,107260.36211205664,saturation
partition,116243.7917631817,116286.79529464337,saturation
partition,120342.9935445909,120395.77178203777,saturation
partition,125565.80052737666,125589.37537982034,saturation
partition,3162.312034319457,3190.3945565171143,saturation
partition,10667.445548898957,10669.117720044098,saturation
partition,20262.187523111385,20306.552444959867,saturation
partition,23568.401559799717,23620.103761602208,saturation
partition,28688.518938297733,28697.953828851598,saturation
partition,35110.42512257194,35154.75297764377,saturation
partition,42670.04478938673,42714.90900435501,saturation
partition,52753.031140225845,52887.965350420076,saturation
partition,55674.29830107967,55693.74728714594,saturation
partition,60825.61185462142,60859.867806326656,saturation
partition,67345.25295113961,67360.07691595395,saturation
partition,74946.28919083178,74964.6231292555,saturation
partition,84350.65700024093,84445.77744297267,saturation
partition,88238.22441532298,88312.97138360699,saturation
partition,93399.72142760897,93422.40850484121,saturation
partition,99947.5839171221,100015.84569460148,saturation
partition,107079.93493105812,107121.97515299625,saturation
partition,116561.37705104925,116577.78892591299,saturation
partition,119944.5736373278,120006.07112347498,saturation
partition,125670.54793740841,125741.97694581482,saturation
partition,3150.293391850531,3152.9089667578037,saturation
partition,10746.241691721192,10789.255486596732,saturation
partition,20290.004976561282,20342.93869107803,saturation
partition,23523.198311716762,23539.842999865075,saturation
partition,28844.986904503152,28854.578043579062,saturation
partition,35504.36874510323,35526.56828250404,saturation
partition,42663.78847385787,42675.393885274505,saturation
partition,52477.40183160367,52538.745690044794,saturation
partition,55727.40011420341,55742.99349122911,saturation
partition,60938.90049110167,60945.22926329576,saturation
partition,67520.84931361058,67602.28031338158,saturation
partition,74908.33289101698,74955.88369485742,saturation
partition,85027.9160325488,85093.93432076454,saturation
partition,87980.05228672823,88004.1718361906,saturation
partition,93177.18518766658,93192.53156185945,saturation
partition,99821.8535851172,99891.75603723212,saturation
partition,107232.58581466228,107235.76476392231,saturation
partition,117146.87343056616,117265.26250603473,saturation
partition,120314.44504855086,120319.19819010416,saturation
partition,125584.63712828363,125650.5467368445,saturation
partition,3322.6716561128287,3427.5423449618,saturation
partition,10617.390437904894,10652.28709665953,saturation
partition,20366.119307488712,20498.998766816665,saturation
partition,23473.58142123546,23488.44963983992,saturation
partition,28674.201796404104,28684.318452203428,saturation
partition,35326.35110591945,35342.34147005729,saturation
partition,42749.15320448607,42800.3271548773,saturation
partition,52411.579973388114,52434.098275017575,saturation
partition,55709.0424365602,55721.18527475576,saturation
partition,61099.6505155311,61142.87090008408,saturation
partition,67457.52691965597,67475.96374283075,saturation
partition,74851.00488978022,74888.01863712224,saturation
partition,84779.35073456472,84841.6203453386,saturation
partition,87789.71066646428,87819.72037675683,saturation
partition,93154.14502464086,93239.54565812205,saturation
partition,99700.62213129325,99750.87496143338,saturation
partition,107167.65083308978,107199.43866322684,saturation
partition,116809.45416998776,116947.52784458085,saturation
partition,120269.55503510823,120389.08773082998,saturation
partition,125421.73185203536,125456.60943495104,saturation
partition,3327.819465458858,3363.9688997062212,saturation
partition,10557.281865102053,10567.329426025379,saturation
partition,20175.93168076335,20264.222813435,saturation
partition,23661.072806646232,23668.118564707147,saturation
partition,28822.894668079603,28860.884733583363,saturation
partition,35132.66009422751,35139.26883813433,saturation
partition,42743.52862754812,42768.8105266179,saturation
partition,52407.60205248657,52414.76681574512,saturation
partition,55889.36850923732,55930.060272729745,saturation
partition,60979.61684480885,60989.55431462295,saturation
partition,67705.26909784367,67740.24885060312,saturation
partition,74850.28321469938,74871.81627795426,saturation
partition,84358.29685520695,84368.40574747483,saturation
partition,88194.25714480194,88217.32619103981,saturation
partition,93372.58776241413,93397.9432264552,saturation
partition,99812.9689819694,99863.35134116156,saturation
partition,107214.20114467527,107221.62684895383,saturation
partition,116666.01369804934,116735.5964196463,saturation
partition,120244.03277109779,120277.98298554195,saturation
partition,125538.9886186805,125573.19544838871,saturation
random,18424.900233802528,18453.284290816217,saturation
random,28743.363279383986,28749.660738436825,saturation
random,32244.821185717512,32302.818508215372,saturation
random,40948.3862740254,40964.905682205084,saturation
random,45499.17735260324,45511.517933931296,saturation
random,51470.61436645255,51565.90346005045,saturation
random,57790.57535715639,57807.09896989859,saturation
random,69861.4493614918,69912.08833099349,saturation
random,70170.4085723173,70224.65842797051,saturation
random,83626.87956042703,83651.44608858098,saturation
random,82452.72195602336,82526.74475812868,saturation
random,87792.44573046471,87870.68199794686,saturation
random,95027.23610662021,95075.6362219263,saturation
random,103374.86162704602,103436.14694005687,saturation
random,106997.23957399323,107039.82245031718,saturation
random,113760.81819652456,113861.5525183217,saturation
random,120897.68481454566,121010.56522111598,saturation
random,132826.54306454174,132930.28510355303,saturation
random,133525.2045491995,133603.89610041498,saturation
random,137466.64652806887,137549.4339169065,saturation
random,14174.782273280223,14188.335370602621,saturation
random,25065.70267476926,25088.626252007118,saturation
random,32733.648049297877,32763.857079839407,saturation
random,41192.61593802966,41202.655778046756,saturation
random,46800.67726530028,46855.52673777197,saturation
random,49800.490204936774,49819.37329703759,saturation
random,59151.19596848961,59164.87010137483,saturation
random,65024.919049048876,65050.794824011915,saturation
random,72123.1173517549,72196.09728646757,saturation
random,82478.65098952161,82515.25944059723,saturation
random,82160.55366004392,82203.56879136954,saturation
random,100027.14102787402,100147.12428489357,saturation
random,99828.53827892858,99956.00912129044,saturation
random,103981.24345618502,103991.20147839861,saturation
random,110844.1098762575,110868.287380186,saturation
random,117241.83790084092,117254.41402958105,saturation
random,118526.9834315103,118579.4627654021,saturation
random,135273.76620784303,135392.86141213845,saturation
random,136276.06836783246,136330.066549771,saturation
random,143287.68975126158,143375.39885758777,saturation
random,13691.427921751003,13705.097396569712,saturation
random,25148.380896757397,25156.11112639853,saturation
random,33161.45366171846,33274.92523019279,saturation
random,40068.47312867822,40076.105724353954,saturation
random,42356.61814672656,42369.05951686461,saturation
random,51167.617905217965,51207.651152738596,saturation
random,55046.88447811274,55057.3427933865,saturation
random,61511.726860222945,61540.13234610307,saturation
random,75612.91956563441,75685.87969483007,saturation
random,78251.47951645845,78263.44192841384,saturation
random,82640.97361027588,82670.93610747224,saturation
random,88959.37131701379,89022.8089767328,saturation
random,92682.90015978304,92728.71861545069,saturation
random,104661.8189048426,104691.18355829974,saturation
random,106056.52783355805,106105.0325467815,saturation
random,112479.46864016722,112499.87189237782,saturation
random,120113.37405231356,120150.44353570086,saturation
random,128842.10348329773,128933.4724084897,saturation
random,133371.25559534342,133446.85345503158,saturation
random,142690.335256245,142712.09945545794,saturation
random,14549.378750441783,14560.982112949023,saturation
random,40232.985305447924,40257.965342230455,saturation
random,38051.59291158989,38179.289831929374,saturation
random,42274.263782285765,42313.308275865886,saturation
random,47750.25364109039,47774.98477004554,saturation
random,46666.98518897208,46675.765357165146,saturation
random,63225.983803969684,63289.73632804968,saturation
random,66558.92091463164,66637.87269276615,saturation
random,76808.50470284115,76831.35907819922,saturation
random,81810.09806131173,81824.53717789333,saturation
random,80889.87533671047,80937.29396383534,saturation
random,89958.64641606365,90015.9658997836,saturation
random,96852.47979039732,96891.85087367859,saturation
random,104703.1758717551,104734.79344419771,saturation
random,111525.5796822847,111538.22639464104,saturation
random,110078.20952129476,110114.20346547102,saturation
random,121075.49385456997,121135.5942386225,saturation
random,133930.15717873847,134097.80131862432,saturation
random,131740.2049966245,131810.55973605125,saturation
random,148416.26338274442,148490.2312029373,saturation
random,18491.422318087083,18502.978648812874,saturation
random,25346.128377918078,25391.82061718862,saturation
random,33996.70263363702,34018.9442200358,saturation
random,35861.11097685828,35896.76729610111,saturation
random,48997.76465560153,49008.74643156828,saturation
random,50581.13762676059,50602.793923062025,saturation
random,55097.45634297607,55112.75763934286,saturation
random,65429.570038990445,65473.20275399402,saturation
random,75469.86287271167,75489.81095141065,saturation
random,75926.72336873927,75953.71759917888,saturation
random,79687.98411546605,79721.38278025921,saturation
random,90207.64747959824,90261.89477388459,saturation
random,95836.03430968884,95897.85005306039,saturation
random,105479.71947870356,105528.72448945677,saturation
random,106923.72253555164,106989.7493779416,saturation
random,116270.2346499612,116351.72363129826,saturation
random,125425.6656007539,125431.12247113758,saturation
random,131178.8142309307,131255.84525273746,saturation
random,135517.48637234917,135615.62906906713,saturation
random,137156.1092688136,137212.32218393194,saturation
random,15656.210653371452,15700.247358527178,saturation
random,32544.724672762644,32567.929230049423,saturation
random,34091.304850918335,34170.302063565454,saturation
random,43014.79987733887,43126.53274313186,saturation
random,49229.78858137351,49250.027175866024,saturation
random,51913.73455045002,51929.75156522427,saturation
random,67642.65359848125,67666.56173934355,saturation
random,67734.26441371598,67765.12962078804,saturation
random,69628.67284901625,69704.94034255222,saturation
random,80982.62324530272,80983.41994219502,saturation
random,83158.88873460633,83218.0344966082,saturation
random,87281.33469878438,87332.52885637114,saturation
random,98256.55818100885,98346.88189383995,saturation
random,107168.01841398599,107241.62412310932,saturation
random,113297.35736932565,113394.79890385439,saturation
random,112768.60199471912,112796.82560086703,saturation
random,130750.94750484754,130767.56971019044,saturation
random,130980.45582786397,131026.92681732074,saturation
random,134763.8369561613,134798.49918341584,saturation
random,148776.65197785187,148835.24239234085,saturation
random,13240.78196676774,13264.661152279032,saturation
random,33165.663821165705,33199.05637473651,saturation
random,35117.533639386,35208.541722048336,saturation
random,42499.48330504492,42540.94254835991,saturation
random,48157.45689055839,48181.962092378984,saturation
random,47562.23104766681,47647.42578347905,saturation
random,72213.02228867658,72235.9842951604,saturation
random,65363.701215807196,65396.00026030918,saturation
random,74325.33662364393,74361.84572052673,saturation
random,84455.24109169982,84511.04152478586,saturation
random,78340.82780917955,78353.03947234881,saturation
random,91295.58124589466,91319.7648854923,saturation
random,103088.60634519166,103171.01281723908,saturation
random,101913.02734888231,101973.22598208048,saturation
random,103473.582814743,103530.88859399248,saturation
random,112004.69618004393,112034.59107624993,saturation
random,125608.20375712197,125643.20104350826,saturation
random,127501.15034617673,127594.40632454974,saturation
random,131382.69298096516,131444.58882109425,saturation
random,139902.67766434856,139948.44926722598,saturation
random,17346.837462335872,17395.574139576107,saturation
random,29444.99800393944,29456.518134257745,saturation
random,29683.46988261788,29700.976732917632,saturation
random,36505.22768264616,36529.01416863302,saturation
random,43310.955021942114,43342.703799450246,saturation
random,44901.68039572743,44935.348727261575,saturation
random,64086.483001880966,64117.72091420092,saturation
random,69106.29755984554,69127.18040585809,saturation
random,68298.0765896652,68331.51468356486,saturation
random,72542.94350726962,72566.65240880745,saturation
random,80843.04371746715,80901.296576536,saturation
random,96153.62930514214,96195.03693055111,saturation
random,100095.59999279692,100106.15629867653,saturation
random,99487.58492473011,99496.1481877475,saturation
random,108438.95663391305,108461.48526068215,saturation
random,114051.96882646364,114105.65544711982,saturation
random,120429.65315953006,120450.81722555088,saturation
random,130198.65299486845,130229.76396709142,saturation
random,133236.5493473007,133253.2679638678,saturation
random,143154.30382494026,143191.81576916284,saturation
random,16420.10532683641,16431.057327924224,saturation
random,25529.442084788163,25541.453181482735,saturation
random,31549.63884141758,31609.886082103916,saturation
random,40790.71318445772,40816.54907808351,saturation
random,48598.20890681425,48632.74370919548,saturation
random,49976.70754780018,50022.66615516524,saturation
random,60192.89476024149,60220.08848175592,saturation
random,67287.37057192641,67337.16319467728,saturation
random,70461.89668184078,70466.71476671993,saturation
random,75201.5924084552,75254.38270511452,saturation
random,81208.11502473094,81255.22370849195,saturation
random,83537.85741308963,83560.77044762773,saturation
random,93607.49560181638,93686.30916115307,saturation
random,106339.91435239461,106454.54995044993,saturation
random,113707.4142011151,113815.04416222573,saturation
random,113277.1953853559,113290.74607964818,saturation
random,122356.56362565114,122403.33176948034,saturation
random,132953.76866746327,133081.49626345752,saturation
random,136909.46217835293,136955.47692912503,saturation
random,142637.69862819757,142666.67731281865,saturation
random,16610.823035915808,16653.773686312088,saturation
random,29472.24051929081,29522.514904265518,saturation
random,37212.61797034954,37235.233107071486,saturation
random,43755.04209643294,43811.99560128815,saturation
random,46791.811065780814,46798.156173085634,saturation
random,49746.23747509999,49789.07058320379,saturation
random,70514.18273218752,70561.13843053437,saturation
random,65170.8161172326,65238.10676056663,saturation
random,72284.21153063569,72338.97772592175,saturation
random,75967.69731075292,76012.94690374563,saturation
random,81639.89264725165,81679.51276185585,saturation
random,94581.3529499932,94655.60802731142,saturation
random,96913.07484274638,97114.30957320874,saturation
random,105076.76004887349,105210.77638680804,saturation
random,105688.16733969795,105695.27957728345,saturation
random,115926.64486918709,115992.93815683079,saturation
random,137213.0712266871,137263.3431888256,saturation
random,128996.6151169232,129109.59691282286,saturation
random,133490.80595659744,133528.0638250545,saturation
random,145027.2844766939,145060.97345483518,saturation
oracle,10053.126244918521,10064.480156507056,saturation
oracle,17611.383419285517,17619.070045379573,saturation
oracle,27150.578042272766,27336.221443497143,saturation
oracle,31650.580398293252,31661.961561928136,saturation
oracle,37003.63905400091,37033.22557387587,saturation
oracle,42528.093242043826,42545.30782350499,saturation
oracle,50268.09761149284,50293.32000052979,saturation
oracle,58543.394987156906,58612.080279898604,saturation
oracle,64615.75283618359,64698.62625798337,saturation
oracle,69913.8717480483,69962.05159588484,saturation
oracle,74363.090674513,74406.80312550525,saturation
oracle,82979.38537975366,83057.95912869115,saturation
oracle,90440.89306677591,90512.07008409145,saturation
oracle,96055.46247824242,96148.66489460155,saturation
oracle,102312.49329721111,102432.47361342695,saturation
oracle,106489.92876785914,106521.0875124906,saturation
oracle,114112.80856146739,114160.47112718041,saturation
oracle,123002.21981001967,123100.28924828648,saturation
oracle,128554.1500666629,128608.30569474329,saturation
oracle,133971.57423830478,134089.55378424615,saturation
oracle,10370.407323621876,10402.784848676078,saturation
oracle,18026.365997602745,18054.18521596985,saturation
oracle,26072.286042380158,26106.80791342812,saturation
oracle,32052.5524641877,32076.022242161875,saturation
oracle,37552.30655163914,37582.11512564179,saturation
oracle,42065.86270797766,42117.05161605709,saturation
oracle,50400.898123704486,50418.23557748497,saturation
oracle,58222.34740344908,58359.48923092056,saturation
oracle,63568.90940515572,63626.90237042554,saturation
oracle,69979.23431535809,70010.68089625944,saturation
oracle,74664.29574949491,74680.69371736306,saturation
oracle,82260.81230276819,82300.74400555182,saturation
oracle,90440.66352070779,90486.45393943985,saturation
oracle,96030.8409126068,96109.57742335802,saturation
oracle,101472.44804197305,101498.1175343176,saturation
oracle,106814.31652077133,106853.91526206279,saturation
oracle,114574.88314104777,114583.14610769515,saturation
oracle,123132.003415467,123161.48650979513,saturation
oracle,128755.4149914937,128764.60745049987,saturation
oracle,134571.40223379707,134606.2296183899,saturation
oracle,10099.527448954683,10157.913484405617,saturation
oracle,18314.329279553876,18346.890823750895,saturation
oracle,26304.129333209672,26340.387168441215,saturation
oracle,31382.582403184995,31397.104215252744,saturation
oracle,37911.316185044576,37922.66198299742,saturation
oracle,42591.646343771135,42639.99648218756,saturation
oracle,49882.67052128415,49893.284733333276,saturation
oracle,58901.94534757898,58964.784256914834,saturation
oracle,63812.03356804571,63828.83772602342,saturation
oracle,69366.66921765957,69381.2231391468,saturation
oracle,74627.22558867797,74665.74726291306,saturation
oracle,82272.83549744991,82287.78877204662,saturation
oracle,91102.44031729922,91163.03740065971,saturation
oracle,96262.58693312967,96302.13935715138,saturation
oracle,101966.44053926335,101983.26258651257,saturation
oracle,106861.16208803728,106921.75770672131,saturation
oracle,114843.07017323819,114868.5791077312,saturation
oracle,122672.26714044558,122751.40784250695,saturation
oracle,128369.60045311834,128472.37426407567,saturation
oracle,134351.39827827076,134418.48499751237,saturation
oracle,9978.731919990509,9983.748353790956,saturation
oracle,17757.654162560568,17771.80240580641,saturation
oracle,26429.870242947505,26441.081941951084,saturation
oracle,31571.800640563568,31604.544867277666,saturation
oracle,37114.25676051469,37138.681908469356,saturation
oracle,42625.28818779555,42635.19211712539,saturation
oracle,50280.134820987216,50288.104884103435,saturation
oracle,58033.26699930428,58105.05473100071,saturation
oracle,64097.79918667761,64121.34479765508,saturation
oracle,69725.3683702514,69730.50195154689,saturation
oracle,74171.33497973735,74223.65218278092,saturation
oracle,82658.70261722305,82689.93080318216,saturation
oracle,90264.8772478713,90317.48710590228,saturation
oracle,95825.08335004326,95848.19666948954,saturation
oracle,102549.97693030519,102578.51173332639,saturation
oracle,106459.1667095671,106475.2106948201,saturation
oracle,114956.31808697866,115021.17589002431,saturation
oracle,122811.45354940536,122876.19329491118,saturation
oracle,128520.04236989764,128608.2320662762,saturation
oracle,133804.85228234864,133839.64226817593,saturation
oracle,10440.7898492372,10509.97407128213,saturation
oracle,17938.42903274245,17946.160690993944,saturation
oracle,26160.254492803593,26232.19941509114,saturation
oracle,31913.035167323276,31920.224870045968,saturation
oracle,37480.82283892394,37499.916978001165,saturation
oracle,41887.64716362443,41943.02798735177,saturation
oracle,50455.4470943124,50487.44477952481,saturation
oracle,58232.48290318028,58309.61900420253,saturation
oracle,63596.43462511089,63679.68237138564,saturation
oracle,70009.96583597905,70012.02728086259,saturation
oracle,74445.70918768956,74518.64250227752,saturation
oracle,82004.74533406568,82104.39349909962,saturation
oracle,90595.41561490801,90646.28439470212,saturation
oracle,96132.51691496313,96187.7564865603,saturation
oracle,101666.13461049086,101726.59052246672,saturation
oracle,106952.49963284125,106967.09764667244,saturation
oracle,114953.1226143773,114979.1584626387,saturation
oracle,122976.55075410356,123227.2234524739,saturation
oracle,128425.13630046399,128443.03838329643,saturation
oracle,134179.278674866,134246.0046985537,saturation
oracle,9790.226407100152,9803.26547394935,saturation
oracle,18330.60678536365,18337.80407149283,saturation
oracle,26199.55800225581,26244.545832900123,saturation
oracle,31466.639591429426,31500.400068325136,saturation
oracle,37991.51973644487,37995.107473660835,saturation
oracle,42309.698265759645,42330.61596351191,saturation
oracle,49849.0377048246,49855.11224320924,saturation
oracle,58806.72489400284,58855.211291024374,saturation
oracle,63762.10493447432,63795.294995984856,saturation
oracle,69233.71654355923,69305.18416575997,saturation
oracle,74772.88143993894,74829.55269597936,saturation
oracle,82327.8781039927,82355.76505498854,saturation
oracle,90472.77669832722,90482.70326853254,saturation
oracle,96353.53523375311,96369.03230394787,saturation
oracle,102127.62058968634,102148.44381567417,saturation
oracle,106723.05301493403,106852.7959056171,saturation
oracle,114862.00576642537,114904.05627846986,saturation
oracle,123077.29840335589,123224.70098423929,saturation
oracle,127843.34613815017,127907.501322392,saturation
oracle,134627.1462457144,134708.2868840741,saturation
oracle,10109.935001601882,10156.342918183971,saturation
oracle,17660.291739560962,17702.556255950432,saturation
oracle,27335.598616386167,27417.71642793875,saturation
oracle,31516.185920887012,31566.195156451206,saturation
oracle,37238.92452694406,37256.3840314205,saturation
oracle,42479.93728843472,42498.64863302197,saturation
oracle,50186.79189231485,50194.49592987556,saturation
oracle,58467.48730353023,58484.43880630323,saturation
oracle,64114.09332186192,64150.29271672637,saturation
oracle,69707.57460680424,69749.28876410698,saturation
oracle,74312.5297881922,74343.742247404,saturation
oracle,83045.92704380158,83103.30896331638,saturation
oracle,90210.11413633704,90444.89325083651,saturation
oracle,96166.09506558704,96215.89917922228,saturation
oracle,102485.23955776036,102513.88667610919,saturation
oracle,106800.90959215797,106871.94033528533,saturation
oracle,114573.79254123617,114652.76102465844,saturation
oracle,122543.94064507294,122629.34989083928,saturation
oracle,128155.39637286263,128249.11220577495,saturation
oracle,133989.48339936635,134003.6618576855,saturation
oracle,10522.910929147522,10543.921697896618,saturation
oracle,18122.95638747392,18158.67172722975,saturation
oracle,26236.48005089064,26290.13972792863,saturation
oracle,31779.431216242694,31805.75642750531,saturation
oracle,37651.15858757064,37665.32745698685,saturation
oracle,42408.505867710446,42439.12105598838,saturation
oracle,50422.727287988,50448.30078249399,saturation
oracle,58063.56075063071,58156.66394211564,saturation
oracle,63529.83760846919,63535.54075921999,saturation
oracle,70140.68691891755,70166.92088805763,saturation
oracle,74286.00025303141,74318.33802583248,saturation
oracle,82035.33817870861,82055.93480113038,saturation
oracle,90887.53213325297,90915.14352921721,saturation
oracle,96103.9559467006,96120.9862555511,saturation
oracle,101677.69127732754,101707.76273048206,saturation
oracle,106943.43058509676,106966.78070069908,saturation
oracle,114609.63242904982,114635.2227645797,saturation
oracle,123098.9060277976,123146.320689033,saturation
oracle,128480.38903082132,128617.09764347039,saturation
oracle,134609.37377622092,134687.65197356127,saturation
oracle,9874.064924619775,9891.43279909759,saturation
oracle,18279.13988634146,18297.25582261797,saturation
oracle,26125.35434013908,26182.657268122573,saturation
oracle,31512.000771272826,31540.397062924858,saturation
oracle,37873.2913404013,37915.637099828,saturation
oracle,42142.3427477057,42155.84085567112,saturation
oracle,49947.52959903059,49957.80753878294,saturation
oracle,58834.743779791526,58987.34109039577,saturation
oracle,63655.94044461814,63781.52499008806,saturation
oracle,69206.66447779971,69312.39553158691,saturation
oracle,75004.18016687887,75032.63423565077,saturation
oracle,82333.5202690482,82401.39161542771,saturation
oracle,90419.92097711399,90477.46659191084,saturation
oracle,96481.5008420689,96527.0649968533,saturation
oracle,101978.83772745219,102006.35783455134,saturation
oracle,106439.76764384165,106459.87257280486,saturation
oracle,115112.78278577595,115179.27600970387,saturation
oracle,122231.55871392858,122259.85411188364,saturation
oracle,128544.00077374784,128586.84974827408,saturation
oracle,134833.05137913724,134908.5198398898,saturation
oracle,10097.124816388956,10105.110541595248,saturation
oracle,17721.3994562123,17737.87681956795,saturation
oracle,26474.794863827683,26542.712992085464,saturation
oracle,31592.18876680237,31621.9543542832,saturation
oracle,36994.94857391252,37009.65333383265,saturation
oracle,42597.64871411139,42662.917216813104,saturation
oracle,50090.28792408751,50141.42314465791,saturation
oracle,58572.436958772174,58674.29295768453,saturation
oracle,63970.537817790326,64017.56677245861,saturation
oracle,69558.84654043714,69602.27601548344,saturation
oracle,74303.12789182464,74391.45732352961,saturation
oracle,82781.66251086543,82860.15910009114,saturation
oracle,90378.77493772817,90429.28254623109,saturation
oracle,95654.04283318622,95684.26791017837,saturation
oracle,102483.18542734119,102520.28285121685,saturation
oracle,106574.6100994698,106675.19373993298,saturation
oracle,114206.72744992452,114242.46136161804,saturation
oracle,122709.17995267273,122735.91116248132,saturation
oracle,128320.76496364124,128355.41288791144,saturation
oracle,133703.01959356494,133767.0369414116,saturation
SIT-safe,6984.881654312592,7016.865898466574,low
SIT-safe,7925.945718996793,7948.408674709203,low
SIT-safe,9415.285201435614,9512.398605833243,low
SIT-safe,19179.133902496073,19185.82859794899,low
SIT-safe,8266.92020649901,8324.377549199204,low
SIT-safe,4699.759583112531,4737.380312842641,low
SIT-safe,101613.84485214384,101641.04044486134,low
SIT-safe,9402.340628980266,9435.14365357576,low
SIT-safe,15407.020237082164,15439.159597072456,low
SIT-safe,12967.086246763909,13016.421876750801,low
SIT-safe,13082.81708838048,13138.478860282117,low
SIT-safe,36004.02969263642,36013.86966413796,low
SIT-safe,18826.177473501873,18927.135587912817,low
SIT-safe,9138.659253942462,9149.162722282634,low
SIT-safe,15162.936934262867,15190.145433978523,low
SIT-safe,10187.560679549819,10252.232838721518,low
SIT-safe,13916.618875420409,13938.514008307524,low
SIT-safe,19319.780833953573,19388.058452026402,low
SIT-safe,22848.286959954567,22862.807447751613,low
SIT-safe,10700.136247036384,10716.75743776081,low
SIT-safe,5778.482008528314,5804.678703605808,low
SIT-safe,3789.4714679861772,3808.4777117357417,low
SIT-safe,8560.392540983621,8637.48832428167,low
SIT-safe,5737.121603658306,5788.094066031455,low
SIT-safe,8850.248944768415,8893.399187757997,low
SIT-safe,11598.755192463297,11711.309201545548,low
SIT-safe,9584.892440085132,9622.292140740246,low
SIT-safe,17205.55108439504,17213.02136772425,low
SIT-safe,12691.638925363186,12739.710244954302,low
SIT-safe,9746.118180509982,9764.702524489929,low
SIT-safe,13561.707706027906,13590.175349149193,low
SIT-safe,15679.84861535502,15713.414885279213,low
SIT-safe,10732.631829957892,10813.512065266159,low
SIT-safe,58268.935705783486,58280.98894669257,low
SIT-safe,15141.36391629738,15150.94506903704,low
SIT-safe,12744.778329066732,12781.387983395358,low
SIT-safe,15162.94444747606,15208.109135221952,low
SIT-safe,15988.310330206501,16197.012874444183,low
SIT-safe,15863.29882817368,15908.641920686912,low
SIT-safe,12144.326644797871,12162.420915797993,low
SIT-safe,22414.52918735103,22429.386576619974,low
SIT-safe,5952.799635755161,5959.856790369418,low
SIT-safe,7912.449894104329,7949.115371843816,low
SIT-safe,8856.236863761496,8882.990129673266,low
SIT-safe,13103.04289084238,13201.291326799073,low
SIT-safe,6620.298539770423,6737.770688790681,low
SIT-safe,9239.680453896584,9272.918968306461,low
SIT-safe,20806.081195496594,20895.229572228134,low
SIT-safe,14894.696937705996,14934.142325826117,low
SIT-safe,16293.66028064781,16301.606929098767,low
SIT-safe,16294.083756415217,16307.61638423408,low
SIT-safe,11439.758303411743,11486.371996722464,low
SIT-safe,13132.064076922787,13163.003192171032,low
SIT-safe,12060.93234101671,12130.735954497899,low
SIT-safe,17090.48045801894,17094.206591850907,low
SIT-safe,11741.003173014735,11815.618001878145,low
SIT-safe,19989.744048441487,19997.54973167161,low
SIT-safe,14610.897879825661,14746.137856507114,low
SIT-safe,12535.637027060027,12564.856253044294,low
SIT-safe,16778.992081458466,16816.88487613979,low
SIT-safe,6776.002960741413,6853.565036065591,low
SIT-safe,13432.1841055129,13470.965813691273,low
SIT-safe,8682.201304384154,8740.121347041859,low
SIT-safe,9896.027749019326,9950.340545768413,low
SIT-safe,7833.483267109691,7847.892370039626,low
SIT-safe,8829.838959347058,8838.407775855776,low
SIT-safe,68552.78112568408,68565.31617977237,low
SIT-safe,11038.54348468739,11090.784780372895,low
SIT-safe,10876.477610890322,10903.32146828474,low
SIT-safe,10438.10837829967,10443.14548730684,low
SIT-safe,26925.186334131333,26962.897805881632,low
SIT-safe,14468.095450305585,14485.989710685462,low
SIT-safe,14775.06945520849,14827.777309516528,low
SIT-safe,11965.787185873205,12007.004069700448,low
SIT-safe,12787.637465327181,12792.883255244731,low
SIT-safe,37564.39406048423,37599.7253872124,low
SIT-safe,9881.907377035297,9926.986825814565,low
SIT-safe,68268.12684375606,68393.53924633803,low
SIT-safe,11209.672388040259,11287.80641450284,low
SIT-safe,13460.611527000918,13502.90367789103,low
SIT-safe,6470.749441911632,6485.632754425651,low
SIT-safe,8585.373314581911,8606.379543458395,low
SIT-safe,9164.955745182677,9228.581119179938,low
SIT-safe,7385.129156340238,7430.363140581549,low
SIT-safe,7046.356302785583,7066.025688321115,low
SIT-safe,6837.959504834087,6871.333431871926,low
SIT-safe,18612.88399004454,18625.61881060923,low
SIT-safe,7060.651162613818,7145.175960299257,low
SIT-safe,7667.052471503673,7731.024453788003,low
SIT-safe,7619.185250000844,7667.284158030785,low
SIT-safe,7214.855087526397,7221.353523157805,low
SIT-safe,11294.395358841566,11318.215025109335,low
SIT-safe,12753.571227937575,12857.991069288266,low
SIT-safe,14812.07020368956,14860.64452417964,low
SIT-safe,10132.48880976131,10209.99405577447,low
SIT-safe,9874.330948814228,9945.560168054248,low
SIT-safe,17312.091680330275,17356.768066514793,low
SIT-safe,11593.08541166392,11660.869084574535,low
SIT-safe,13441.892201357892,13485.35912071129,low
SIT-safe,13549.099485783508,13665.910242292946,low
SIT-safe,10274.269499304823,10310.317370457939,low
SIT-safe,17304.79913371718,17331.729517388252,low
SIT-safe,15479.34971312066,15562.959561905474,low
SIT-safe,4481.321998355467,4512.046389395381,low
SIT-safe,6935.61932128792,6971.721484780222,low
SIT-safe,5604.337426224755,5632.429024288585,low
SIT-safe,6114.148670710423,6133.773438003434,low
SIT-safe,18929.98511112418,18970.61385227837,low
SIT-safe,9777.557134931272,9885.40640964801,low
SIT-safe,10115.495551546654,10138.395661631534,low
SIT-safe,15208.097042861715,15284.677257387832,low
SIT-safe,13600.89300322137,13677.289028213632,low
SIT-safe,8626.591673111428,8712.644611782238,low
SIT-safe,10460.082255795909,10507.515533614966,low
SIT-safe,11502.34636120825,11520.232170634288,low
SIT-safe,14499.108132024132,14570.501354692155,low
SIT-safe,16173.849336283853,16194.788684325345,low
SIT-safe,14677.913519215304,14771.285856232877,low
SIT-safe,17820.41821038652,17832.239294574007,low
SIT-safe,10904.29961271629,10929.168646382957,low
SIT-safe,4451.263275117814,4500.741161754837,low
SIT-safe,5611.328954004161,5683.119359830123,low
SIT-safe,11476.406549600173,11557.869192672457,low
SIT-safe,15039.74267036635,15061.400914382566,low
SIT-safe,5869.037176381079,5885.746422886084,low
SIT-safe,23575.437230546053,23600.070667350275,low
SIT-safe,26704.54271511438,26765.30069359699,low
SIT-safe,8138.54881560992,8224.554554445962,low
SIT-safe,10951.605407660138,11003.13308271259,low
SIT-safe,11463.075680204138,11473.198453437164,low
SIT-safe,17979.696113366834,18022.205896619453,low
SIT-safe,9971.638346685231,10045.325860286533,low
SIT-safe,13551.717768709557,13647.940131008456,low
SIT-safe,19504.695255213082,19537.58621419645,low
SIT-safe,16740.38399427876,16793.623400422854,low
SIT-safe,26128.969066270663,26156.513912786715,low
SIT-safe,12138.747136017393,12144.381446332696,low
SIT-safe,19770.322661292,19854.575428747106,low
SIT-safe,15852.401568056146,15985.274531157787,low
SIT-safe,15184.776330237673,15249.348862693008,low
SIT-safe,5455.794760464655,5581.877397414005,low
SIT-safe,11832.071219816164,11877.418234228062,low
SIT-safe,8102.140448063349,8213.369390686195,low
SIT-safe,11186.927473318432,11234.783642205217,low
SIT-safe,5204.332479068344,5242.156965569779,low
SIT-safe,11930.324704226847,11943.386859868431,low
SIT-safe,22551.09070251272,22559.24541933756,low
SIT-safe,10462.336228980896,10558.642769153856,low
SIT-safe,21025.89287901862,21046.74726552751,low
SIT-safe,12287.11320567974,12305.020370623053,low
SIT-safe,7552.056423348587,7554.6569873461685,low
SIT-safe,16201.804677469383,16285.27446361876,low
SIT-safe,14159.447336088204,14265.65597695777,low
SIT-safe,9330.576580719604,9361.23417438091,low
SIT-safe,11195.621492813447,11210.983998418566,low
SIT-safe,17101.0036920199,17146.98802008258,low
SIT-safe,11112.231641018318,11138.964224343948,low
SIT-safe,13620.38187621042,13692.220204479088,low
SIT-safe,12113.213517524018,12140.529651783298,low
SIT-safe,11870.41343463399,11893.523766747076,low
SIT-safe,11752.188843868254,11779.774335296537,low
SIT-safe,18829.76444747437,18894.187761783996,low
SIT-safe,8296.393636662162,8370.298445685417,low
SIT-safe,5532.247207298793,5602.434926556351,low
SIT-safe,5795.162191177806,5820.068777166871,low
SIT-safe,7340.303059990813,7403.732078426207,low
SIT-safe,8580.09322893307,8629.279328927765,low
SIT-safe,12530.690583626209,12578.896454244965,low
SIT-safe,10252.052710282956,10257.601339752364,low
SIT-safe,13409.035124350916,13416.394266606425,low
SIT-safe,9231.994395412581,9311.63051347844,low
SIT-safe,14945.150387377882,14978.960611646824,low
SIT-safe,9983.048326908613,10055.108009561674,low
SIT-safe,24985.327365385674,25063.850193426515,low
SIT-safe,12162.582533577397,12283.22731026182,low
SIT-safe,11735.816618636154,11783.017498709873,low
SIT-safe,17213.090510939794,17234.22770757742,low
SIT-safe,17616.839902139076,17657.834002331303,low
SIT-safe,14990.154836900303,15032.226042947868,low
SIT-safe,10790.63265781224,10840.051750609931,low
SIT-safe,15636.73880704312,15685.159978715028,low
SIT-safe,8426.79522882579,8445.873445360205,low
SIT-safe,26260.178835670024,26328.81992227608,low
SIT-safe,15028.527307243652,15045.087620592054,low
SIT-safe,9716.07998611228,9731.506719625135,low
SIT-safe,13583.603661428824,13620.933908839947,low
SIT-safe,13291.811441147116,13364.383965006265,low
SIT-safe,6604.4270235276035,6645.391513499722,low
SIT-safe,12936.267330739007,13008.145627906995,low
SIT-safe,12984.844686744947,12998.87667120866,low
SIT-safe,23197.423301737534,23271.05514548679,low
SIT-safe,10095.738572048227,10117.248881658974,low
SIT-safe,9561.127113927108,9597.531895567312,low
SIT-safe,11995.302593662693,12089.014244061318,low
SIT-safe,13576.526879830817,13588.704651208867,low
SIT-safe,12820.418120631522,12858.398198933206,low
SIT-safe,16685.94812148104,16756.960224452374,low
SIT-safe,10813.655236240036,10815.355356902335,low
SIT-safe,19442.57292590129,19467.225348145614,low
SIT-safe,12057.139403928191,12069.229201192567,low
partition,6825.4000811941005,6850.930341425678,low
partition,7086.702349942514,7111.209281531283,low
partition,10861.485269775474,10949.196614840504,low
partition,9105.31778873902,9114.209370471846,low
partition,7338.50254360871,7352.028259688108,low
partition,3266.4488421898664,3281.9482499833307,low
partition,8024.016963769617,8136.666444801091,low
partition,9877.606486719551,9914.089139089785,low
partition,8897.24559169392,8904.957446773791,low
partition,10667.87279049948,10684.471915854956,low
partition,9989.42800229896,10024.651334665603,low
partition,6661.415557078975,6697.722363050578,low
partition,30799.529597288318,30820.766509410358,low
partition,10646.937905983747,10658.953592091364,low
partition,15833.65798843573,15866.70420453264,low
partition,277981.7284900839,278002.200089462,low
partition,12979.160817896238,13013.012508580476,low
partition,37987.739896715946,38054.691572417476,low
partition,9713.26348550636,9747.007301692161,low
partition,44735.19246081775,44784.5609226306,low
partition,4563.793152659683,4700.648666443152,low
partition,3411.45657430298,3436.040828188111,low
partition,6537.415183632974,6554.254204274803,low
partition,3959.4710075457724,3996.8004561803195,low
partition,12539.138178157971,12613.68549406124,low
partition,3021.6734399111033,3066.3177572061077,low
partition,7167.254627796819,7244.499459684541,low
partition,6544.599995395681,6611.10421861041,low
partition,14089.502081078914,14123.707142084735,low
partition,5874.038045985843,5897.624294497109,low
partition,6942.463922932028,6957.555632396945,low
partition,37581.24702984096,37610.33296150346,low
partition,12221.102794801222,12392.072201608817,low
partition,23853.676500654277,23954.89246333581,low
partition,7929.58105547396,7978.348853322053,low
partition,10853.079451476367,10969.016066640472,low
partition,13317.259172790767,13357.757344046498,low
partition,14772.283211804652,14782.589558512504,low
partition,12554.71910384408,12566.532949007964,low
partition,11358.210329558766,11367.371776545257,low
partition,1564.1540165763404,1603.3684333018346,low
partition,18139.039030190102,18165.938583679,low
partition,13390.0311653687,13472.388972423525,low
partition,6697.806134660168,6724.154364121912,low
partition,11654.337862597416,11675.015335554968,low
partition,10670.533096883326,10702.922982855463,low
partition,29270.440108635492,29277.087183403804,low
partition,6564.89911441343,6622.423158247496,low
partition,15024.277106543152,15049.93643651788,low
partition,12141.305471103191,12149.737785682202,low
partition,18073.060129589474,18090.41070844917,low
partition,23266.50585095115,23288.805348623217,low
partition,11562.150016647047,11675.669200136159,low
partition,10207.665468212297,10246.519097228069,low
partition,60925.02294239279,60954.76041312975,low
partition,16630.66373505222,16645.63555330762,low
partition,13185.04276244084,13208.39932950196,low
partition,18239.293352984285,18310.870733415624,low
partition,11224.609896066126,11251.40056887317,low
partition,18834.38037585765,18844.192548428815,low
partition,33051.20023508886,33084.9912741418,low
partition,12621.801098766044,12628.57114283944,low
partition,17539.620372601916,17566.368156945668,low
partition,5201.448747770988,5251.431671667764,low
partition,8225.500629923272,8235.898044266505,low
partition,15270.59936590884,15287.057220358505,low
partition,12377.52587563334,12411.40795828767,low
partition,5578.171259781356,5654.234137821713,low
partition,12138.448950694317,12231.878693430253,low
partition,7505.574276536472,7512.832331236021,low
partition,10228.74473468073,10245.383669050832,low
partition,6324.593047050002,6349.522731767402,low
partition,10002.189669131085,10040.579270652684,low
partition,8495.122711627202,8506.386443610523,low
partition,22579.14087610877,22652.80479917751,low
partition,12627.316748317098,12652.541875433923,low
partition,18106.410552450005,18137.84380036623,low
partition,9006.683497558935,9030.748202140821,low
partition,28922.25085556041,28954.024662880554,low
partition,14023.282797070646,14053.143677845817,low
partition,16137.982177706315,16221.681063729702,low
partition,5955.514342758049,6015.24755705371,low
partition,7966.017276665166,8017.388155240829,low
partition,15179.305001043473,15215.227255478867,low
partition,2670.7289738604914,2696.3107547218124,low
partition,8117.285190320816,8167.337259432215,low
partition,17942.42840302618,17972.37248854412,low
partition,7402.361851473486,7416.448091448453,low
partition,9244.195086910462,9291.540814670212,low
partition,33889.29306276834,33950.19370731866,low
partition,16133.573346774914,16167.233964636678,low
partition,7069.353349090091,7071.978987036652,low
partition,7286.140557770527,7389.566374527238,low
partition,9444.210203639335,9450.977064488154,low
partition,17398.264303471296,17420.942519850527,low
partition,9946.87743497367,9977.03733334074,low
partition,13967.689064397155,13985.30215444621,low
partition,24509.310792375687,24541.619307437104,low
partition,22224.887744607648,22251.514370681743,low
partition,13409.855583844495,13425.342114796425,low
partition,5428.528950622024,5514.839843352513,low
partition,3193.600724011349,3227.0517874683055,low
partition,4414.466053829608,4453.329315658992,low
partition,9836.621725107558,9855.436503739209,low
partition,4625.270973102545,4646.108749611377,low
partition,3029.9064373282754,3067.041331768253,low
partition,4608.436853096893,4620.751297536402,low
partition,11195.339944749483,11208.70468229217,low
partition,4407.763335186755,4413.3692870708055,low
partition,5807.18527872077,5824.013588351583,low
partition,10433.963978140317,10471.25863112521,low
partition,11277.992794485643,11315.165226124762,low
partition,10249.375643955056,10414.61153520745,low
partition,7634.640450150955,7647.851363341595,low
partition,9181.633129958545,9194.826088632568,low
partition,11468.078798242457,11524.2852937288,low
partition,16052.629516015859,16090.366795221544,low
partition,12744.186383114447,12772.969151671525,low
partition,13595.164689223924,13606.89725081161,low
partition,12327.142091941516,12338.98225201465,low
partition,5236.346325323724,5252.241639900918,low
partition,6618.571966023824,6636.888669620876,low
partition,13146.996373817141,13197.773763770845,low
partition,20119.21570727414,20195.119065001683,low
partition,4333.939266874964,4365.789821620545,low
partition,7158.532802428382,7202.711775756019,low
partition,16542.277976310772,16578.858178658633,low
partition,14434.863257616382,14470.29448886262,low
partition,9117.411050572386,9142.368806348055,low
partition,7935.686524715219,7986.441064015347,low
partition,12573.924786090867,12628.99026773014,low
partition,7093.769644645868,7101.14810690545,low
partition,7722.5318378639595,7759.101341030368,low
partition,11463.94997413869,11529.330714245025,low
partition,7493.598329341561,7557.181484797964,low
partition,9620.457709824705,9631.48608942803,low
partition,11509.378694206596,11567.161223884334,low
partition,11296.087117617195,11438.29544934505,low
partition,13817.553926781164,13840.78921341442,low
partition,13028.850540043102,13073.698346320132,low
partition,3772.874813773971,3788.251994419863,low
partition,4372.571173772079,4389.175164564846,low
partition,6531.514847778195,6576.798943713606,low
partition,7956.101944847271,7977.467270129449,low
partition,7794.618678210376,7801.88115635416,low
partition,14134.923718819788,14193.381119673755,low
partition,7522.8474120690935,7566.753923008651,low
partition,8258.018283354735,8373.586854300622,low
partition,4407.784542876721,4460.139303597476,low
partition,5057.925650075689,5068.437535278269,low
partition,7791.154348407872,7842.98155094927,low
partition,26194.581213312777,26211.4269880286,low
partition,12317.295914541333,12362.863253356623,low
partition,9170.432006810295,9200.269578320422,low
partition,10474.172471911463,10496.347819352628,low
partition,10855.54678988798,10945.218093179083,low
partition,8255.864364017203,8308.501324987736,low
partition,13446.121910185497,13586.38915259833,low
partition,20394.760522617,20429.795693265907,low
partition,10067.6425250576,10103.803105551253,low
partition,927.0957516768686,945.1697378093654,low
partition,6114.7880576026855,6139.537856554888,low
partition,4519.175397175414,4665.345518335585,low
partition,9257.82616975285,9321.43590939741,low
partition,8275.868092071629,8285.862513055952,low
partition,10989.141902843237,11067.132730693857,low
partition,6009.4616656104,6019.691578249418,low
partition,5106.400291010535,5250.366136651391,low
partition,9970.999157657656,9998.413738567442,low
partition,18717.657606065477,18759.93038675317,low
partition,8983.656502620972,9041.207659634583,low
partition,7601.095861662235,7630.911388742255,low
partition,7297.759383667121,7337.455722235808,low
partition,11570.217899358662,11594.328405736735,low
partition,14619.365204920501,14751.55325262154,low
partition,11318.953642397271,11355.064228998233,low
partition,7921.687489823055,7990.533626041259,low
partition,11071.657013071175,11135.254045269867,low
partition,14264.732909887965,14271.982100957033,low
partition,9132.012392840197,9137.012492358532,low
partition,7945.506449086934,7961.540717371702,low
partition,12731.385171240632,12773.234618257578,low
partition,8497.809377965803,8552.61477060931,low
partition,16990.226706198187,17006.616160641406,low
partition,6876.677847925525,6894.988610494001,low
partition,8778.661938490597,8790.109215938617,low
partition,6497.922906652023,6507.214547557442,low
partition,22096.5723323601,22115.089944350308,low
partition,9649.867219547903,9660.57009340166,low
partition,6138.4992070054495,6162.912986124992,low
partition,11053.240591775344,11072.914949109003,low
partition,5508.090723509853,5546.067035789486,low
partition,14549.636536342503,14673.189095504034,low
partition,11789.591428163767,11816.863030591285,low
partition,19566.136049492994,19617.55842381515,low
partition,8363.59018699622,8412.975050139812,low
partition,14364.97379082987,14372.628702611892,low
partition,18680.380051719847,18727.679262403486,low
partition,9822.10274822521,9863.290258395995,low
partition,11308.72861312281,11336.691665585371,low
random,31082.719790630446,31160.98255806257,low
random,5866.709297572798,5894.718232703175,low
random,14419.308043685032,14589.649445526684,low
random,11370.04408718571,11421.413351373172,low
random,18167.838798245906,18201.36717149269,low
random,12965.379478199107,13044.570868631949,low
random,23427.11693650588,23462.72500945846,low
random,9004.81151884608,9081.059473264439,low
random,14973.704427104472,15022.020221586425,low
random,22073.353421862266,22140.184477890176,low
random,8630.886813760979,8632.2673127589,low
random,13333.803671454632,13433.345914196489,low
random,15476.387755174932,15522.624803787108,low
random,14268.831960775122,14278.93412813079,low
random,19522.715806666703,19583.435012074333,low
random,16161.983702149097,16279.684346600156,low
random,12071.211929110812,12120.948418264994,low
random,12849.790150647783,12903.121761342158,low
random,14149.355188678563,14190.815778693626,low
random,14036.397336373053,14063.913279918139,low
random,8707.152626782257,8723.061874835357,low
random,9208.244240250395,9211.33029382478,low
random,7314.901261733015,7433.654504573897,low
random,10542.047509774107,10564.859189068928,low
random,11335.535087742857,11357.481905228069,low
random,9610.464857334959,9660.965219153524,low
random,9923.077254603817,9933.908292771173,low
random,11766.647079600167,11838.579548592224,low
random,10104.261442516052,10158.31516272079,low
random,20841.25512239243,23930.2866039324,low
random,15279.72949738381,15348.517150482678,low
random,20503.15065289597,20550.46612880547,low
random,17550.767151460495,17707.47791275556,low
random,12391.538219955322,12396.996731721554,low
random,13208.165941326224,13221.780093757894,low
random,13688.645685518184,13770.370483813049,low
random,15705.378595457572,15734.891454871273,low
random,15786.09303399228,15860.132888468514,low
random,17752.85007514704,17774.531928862834,low
random,13011.46740927254,13031.826492795644,low
random,4592.4341199140745,4624.364268906994,low
random,28041.130963780368,28118.469980834587,low
random,7013.563639906788,7015.913692968306,low
random,6678.708912025332,6706.382894781615,low
random,11533.26728501491,11591.214967187838,low
random,9437.084119354718,9442.995822212664,low
random,15230.663561086105,15239.506041347446,low
random,13721.20544627266,13770.128822518825,low
random,24506.10434004882,24548.749368368048,low
random,9721.425896730303,9737.010098531107,low
random,11424.673626759974,11491.444812585954,low
random,13108.29842582339,13247.595377650709,low
random,17009.261698159862,17082.80087584338,low
random,15319.758594318828,15382.388347173579,low
random,23287.19576414155,23298.95930647901,low
random,10603.313959468791,10623.258615688192,low
random,16703.365900136956,16747.791820274964,low
random,34258.72982038163,34286.13610254446,low
random,14572.867629323515,14627.21797936044,low
random,14766.330138768279,14815.014314996482,low
random,6314.263020195394,6393.95061126263,low
random,10203.61692996204,10231.446456184876,low
random,6757.011739183681,7003.943937622078,low
random,30784.41294624399,30837.54270811494,low
random,25587.974492367794,25605.819454750337,low
random,11655.362858918928,11712.347477942569,low
random,19141.89694992515,19155.53420885308,low
random,14229.545082512908,14242.05437319489,low
random,9744.600193030168,9778.953530260536,low
random,11595.075490625624,11616.354521788666,low
random,16727.379817600984,16729.609013870162,low
random,17855.018707581734,17872.76135294351,low
random,11102.453808565875,11207.900628832722,low
random,10798.889363365834,10811.376728544892,low
random,18268.881286658798,18305.925000696756,low
random,20574.458132768068,20614.993262086115,low
random,13219.221142430026,13234.942656744395,low
random,14160.913904569075,14366.930295721479,low
random,22982.146171435852,23031.47643854026,low
random,19010.220273718034,19068.878019333668,low
random,8307.165168303509,8324.313404260753,low
random,7342.287829798393,7374.831172593875,low
random,10802.794181183226,10828.667794717367,low
random,13804.529931268342,13813.69637754,low
random,10851.174242558156,10892.20107977594,low
random,7671.358877840568,7703.221719329886,low
random,8448.082785387976,8489.961907636365,low
random,44484.63329963506,44492.284310156974,low
random,12895.494448601461,12938.371823677951,low
random,13355.761269343393,13399.955079209167,low
random,11612.802397808891,11672.21402247665,low
random,11825.758201405013,11832.315319210691,low
random,12019.786725814285,12123.062492741956,low
random,17277.902823835248,17304.961290012237,low
random,12439.93055560337,12520.817256294353,low
random,10805.897280114854,10861.616386061214,low
random,15510.996154538007,15573.611912289689,low
random,13044.479420972624,13130.078724069052,low
random,66847.98092826783,66934.74787951865,low
random,26965.99715304304,26980.127131064582,low
random,21075.04748894417,21086.109050341656,low
random,9133.649518277885,9145.553157493217,low
random,15197.77611103312,15572.159776978888,low
random,9100.02317391728,9115.21270653346,low
random,9098.836192672543,9118.797579509235,low
random,15152.627795844894,15172.667716760821,low
random,19072.242057267318,19085.547379631225,low
random,24172.675790309502,24273.353636693562,low
random,14770.242826031674,14837.762516815535,low
random,50117.473530737945,50626.96818119804,low
random,12435.95083873559,12530.742493065258,low
random,19756.238363672546,19872.640181017894,low
random,16963.627690420908,17035.705383950255,low
random,15855.943576988826,15891.228567684293,low
random,25721.10035313981,25732.97755975672,low
random,14057.86288713954,14143.834836209804,low
random,23807.837969988916,23853.92908649187,low
random,16243.806624447461,16349.879007809359,low
random,13016.928408590808,13062.86566654205,low
random,15682.16943848832,15724.061998085617,low
random,7582.187981941032,7592.593396421242,low
random,8233.248960137033,8264.360783296928,low
random,5232.247329524866,5246.730123567102,low
random,12362.886875281532,12371.776889974717,low
random,11490.228816828509,11499.172295646375,low
random,22383.57579082339,22551.87142223858,low
random,18963.26576436913,18970.149171078287,low
random,10964.64814503209,11044.833402476961,low
random,13596.508673489574,13628.628258044253,low
random,8761.03062521709,8768.251282588066,low
random,12712.291926607939,12784.006045316535,low
random,15789.346395057772,15816.866564361648,low
random,19657.30293386317,19897.082551219828,low
random,14101.517005497626,14179.91348939899,low
random,13094.310025200979,13105.636740855203,low
random,16984.73928028178,17020.74596792675,low
random,33459.94004141861,33494.08808175169,low
random,20453.365786613715,20560.946122617934,low
random,14475.097002948456,14486.66589535226,low
random,23001.545798630246,23119.955362208457,low
random,3792.721954491148,3917.1116508652476,low
random,5905.375771459859,5914.6876676544525,low
random,10897.961095220613,10982.760118131508,low
random,9356.413024461166,9378.16164736112,low
random,12308.00274562025,12312.89444348618,low
random,16623.52275934276,16650.67289151982,low
random,10592.728678635403,10617.660283680758,low
random,16529.007625278315,16583.257039554752,low
random,15703.66978515484,15764.386917459196,low
random,9323.296717361,9385.666588894852,low
random,42642.172652663205,42658.92099743874,low
random,18423.982240032103,18457.302787897443,low
random,35928.857549143475,36038.467275933115,low
random,26401.213090108315,26420.34230473764,low
random,21102.931810744627,21115.119691077838,low
random,13258.018945440848,13264.440959507578,low
random,14716.576155865321,14795.76173963975,low
random,12483.856568908252,12489.268202927096,low
random,20355.249763877244,20406.903234507477,low
random,24836.71675665387,24847.361210913346,low
random,33802.65758183005,33819.92289444564,low
random,6971.5001990409855,7033.106283705243,low
random,18538.18323457064,18578.062951929045,low
random,7787.271583028924,7816.443878094646,low
random,9404.669390423138,9426.165541003327,low
random,12717.63399285441,12731.500641025072,low
random,14436.142411920437,14462.923844850444,low
random,13901.099374910329,13987.34381799605,low
random,9609.873511011756,9665.216519997062,low
random,19760.639418555427,19803.5506354478,low
random,16783.594306321913,16870.929625739263,low
random,18240.3113219598,18243.600845183195,low
random,11526.858483934086,11537.033221448373,low
random,10474.38260271691,10506.444895827382,low
random,32038.051554509115,32065.373360915437,low
random,26504.051068171444,26543.044978174166,low
random,20108.16278547728,20127.20455857317,low
random,13863.55098865725,13959.787821431086,low
random,29281.42422863679,29363.338222881168,low
random,14741.21645654354,14783.360043927078,low
random,4705.929422828906,4732.81100514635,low
random,6858.83750598915,6880.584090927832,low
random,12583.625845118027,12611.45690605125,low
random,6276.372864885301,6290.630876267331,low
random,18890.271855032377,18925.970788991315,low
random,24037.195924230076,24056.897878207266,low
random,10653.908483934343,10724.52528754835,low
random,10934.221662558382,10993.978590570554,low
random,9291.530603031319,9433.979095434279,low
random,24895.464483468473,24956.12924148095,low
random,13449.897338465558,13481.823215266159,low
random,16688.83782266407,16699.850680340067,low
random,26680.7371815982,26815.655104952923,low
random,14041.674933589627,14069.52845538478,low
random,26748.163975106127,26791.206457923676,low
random,12637.672239506217,12678.780489322467,low
random,19990.811130523918,20014.92021998584,low
random,14546.737489919733,14569.347207364215,low
random,13704.221383846663,13798.084018366539,low
random,24323.639951226087,24376.63823010148,low
oracle,7731.595746819439,7745.186954736639,low
oracle,11656.402229682733,11741.55364816145,low
oracle,17813.29248395823,17943.77075210492,low
oracle,6614.112049856969,6660.548902493116,low
oracle,65477.02533664813,65484.25026713536,low
oracle,7823.121051572468,7854.377677184068,low
oracle,13416.296759824807,13462.988239603348,low
oracle,11632.631418573312,11735.643903197139,low
oracle,22148.02596999424,27547.44730785204,low
oracle,14362.183077756787,14393.87053901657,low
oracle,7903.146508049319,7972.47240842712,low
oracle,17794.182555173793,17840.847445716507,low
oracle,8806.029311075363,9005.565525589858,low
oracle,13768.03450754164,13826.103401291999,low
oracle,17353.330973952998,17431.141327774712,low
oracle,18996.565356971027,19011.526530824893,low
oracle,9832.488636124013,9891.61912318279,low
oracle,23788.164355547957,24103.83143937081,low
oracle,15886.653645627843,15910.425864151028,low
oracle,12227.255708964887,12258.307715412375,low
oracle,5434.334284651544,5472.607533493396,low
oracle,6539.225818785513,6621.912307047791,low
oracle,12830.475928121732,12915.321534327815,low
oracle,11470.377906490521,11486.880982935509,low
oracle,10421.301653865648,10432.766086387328,low
oracle,10980.95960093024,11005.202805808754,low
oracle,19847.674892357252,19858.016422305613,low
oracle,7230.214813104499,7326.496172644052,low
oracle,18197.250657787885,18224.592756109203,low
oracle,8942.593531696177,8952.121098924717,low
oracle,10409.951507846861,10454.149773046098,low
oracle,10298.48139101462,10342.565208762553,low
oracle,10562.32172311253,10589.080306469259,low
oracle,40330.62971355534,40350.54669459217,low
oracle,8499.222667644082,8510.83025512716,low
oracle,25767.490823637465,25818.86307928861,low
oracle,14961.380206614827,14971.664565663474,low
oracle,10426.88845270461,10488.171143914995,low
oracle,14462.741159754329,14489.293287189565,low
oracle,16963.73785259913,16989.587203454503,low
oracle,7950.342096466581,7965.96767301653,low
oracle,13960.790255561422,13974.944873334298,low
oracle,7553.240587620015,7595.9619680058,low
oracle,4980.355213661735,5018.70683690971,low
oracle,5531.555359346425,5579.678531634498,low
oracle,7587.818222478907,7613.950310859278,low
oracle,20918.773980754268,20936.102301619772,low
oracle,10465.907145859303,10552.718382877265,low
oracle,12088.933642383383,12121.68125755824,low
oracle,24462.066232940357,24512.60410521626,low
oracle,15379.831285156843,15446.961048488172,low
oracle,9674.951922168726,9708.916946243247,low
oracle,11012.840764808156,11034.205080433563,low
oracle,9112.28490994814,9170.125766587582,low
oracle,10782.700886223436,10798.14166915512,low
oracle,14013.369284747565,14027.57220919334,low
oracle,19050.241302922863,19136.606459945404,low
oracle,11699.299781683934,11749.93780212451,low
oracle,13712.569242718564,13736.86164996022,low
oracle,31715.746483003557,31742.644194132747,low
oracle,11224.624464588322,11251.578630167482,low
oracle,5250.892209393974,5361.537829753075,low
oracle,7344.523841476948,7421.765012604744,low
oracle,6281.416323170093,6318.964537768083,low
oracle,17350.4186903643,17382.63367977622,low
oracle,12790.75329385929,12836.829879463552,low
oracle,6058.623199360082,6092.262118977218,low
oracle,20071.58823623989,20168.531393566198,low
oracle,13804.18086369345,13880.444839525437,low
oracle,13368.112543958643,13382.757818655558,low
oracle,9655.801625080236,9740.429897571305,low
oracle,14233.349258780318,14278.838589644529,low
oracle,16883.331430562685,16899.078777616218,low
oracle,24878.97948225421,24893.553021948275,low
oracle,15767.889324733525,15799.284093053615,low
oracle,11500.13688372595,11531.192738485413,low
oracle,19282.82630155576,19294.00490592919,low
oracle,13871.033813531209,14002.199934828664,low
oracle,11447.619921580526,11537.028942858604,low
oracle,10554.993982596592,10584.33757691726,low
oracle,47476.25024590237,47551.63375293514,low
oracle,7326.509167413247,7342.746457521629,low
oracle,10166.694959172104,10208.131452286634,low
oracle,9093.571414663875,9146.943585890891,low
oracle,7651.793800705396,7666.346806520909,low
oracle,8479.41587973609,8500.121198347984,low
oracle,17847.92617476647,17859.350634225666,low
oracle,11485.02886928383,11542.53062423262,low
oracle,7958.1666318423895,8055.378740678989,low
oracle,10833.143008599078,10850.40271633723,low
oracle,27000.321740079962,27011.469340189353,low
oracle,11116.915646489912,11125.22207801557,low
oracle,18188.88297220283,18338.488118686477,low
oracle,16167.148905783284,16204.003708545144,low
oracle,22033.60742931243,22060.599329562043,low
oracle,10471.424751873024,10501.230099533112,low
oracle,39049.186925664464,39080.99619379837,low
oracle,24231.06597821872,24299.43035503131,low
oracle,13735.58929724513,13830.362738417767,low
oracle,19286.52621825235,19299.41269544491,low
oracle,17785.997693355715,17798.642531001748,low
oracle,22627.816468429526,22647.93755906784,low
oracle,27450.590378792072,27461.60833477717,low
oracle,14705.83479689324,14721.826558795769,low
oracle,5846.606419076825,5866.324632492639,low
oracle,6689.6378324961615,6754.2780282557815,low
oracle,7739.660595874508,7754.521201812535,low
oracle,7985.7337618182055,8088.247074913718,low
oracle,64903.108020761305,64921.17262691555,low
oracle,14010.713823372605,14098.53069934768,low
oracle,7427.517408736116,7498.487784592478,low
oracle,7415.011764061738,7445.770356184635,low
oracle,12497.435664144901,12628.235111129648,low
oracle,15987.57152461469,16023.734449470345,low
oracle,11157.400149652853,11177.134057276002,low
oracle,10507.049679645486,10526.250933493626,low
oracle,13422.059358280489,13478.609967865756,low
oracle,17076.2034774307,17100.811814477103,low
oracle,16175.927099632481,16180.670382901233,low
oracle,17959.717096551503,17964.22440431945,low
oracle,4398.079033527304,4450.408302717988,low
oracle,13522.783366971733,13547.461049435002,low
oracle,8739.46259542704,8857.987317496438,low
oracle,7381.7825402534,7415.221483704677,low
oracle,10148.092255941498,10164.254079601531,low
oracle,14431.893969711022,14475.7937235904,low
oracle,13573.35423323571,13607.241320537165,low
oracle,7643.044217674227,7720.732657039857,low
oracle,8356.484672589826,8410.445255853454,low
oracle,7784.267761225532,7800.918164552329,low
oracle,12135.35266191846,12158.755221934756,low
oracle,15327.254832184795,15332.545698933704,low
oracle,9480.80563420946,9777.974209287368,low
oracle,18083.251847542502,18144.980660333673,low
oracle,9198.988065874688,9212.916785809513,low
oracle,8621.702257917404,8641.011116370672,low
oracle,9930.212069351697,9949.911946225027,low
oracle,16383.881164426282,16512.255717867498,low
oracle,12988.115564620832,13036.084301553608,low
oracle,17092.241999314247,17142.03537633482,low
oracle,8927.253528719551,8932.02600948168,low
oracle,22451.52366098786,22463.442189485555,low
oracle,13252.913979048237,13367.833480880325,low
oracle,9297.710238530188,9338.524617698524,low
oracle,12449.156832469744,12471.9937248323,low
oracle,7352.433362798692,7357.942670651288,low
oracle,8047.207199607195,8057.9125759842755,low
oracle,8931.515630315429,9016.645578440068,low
oracle,10020.402654384607,10044.845667239555,low
oracle,7337.15054474025,7339.062639421547,low
oracle,16412.497139149098,16458.34033374246,low
oracle,26806.225262157983,26834.97413894262,low
oracle,12322.432277683434,12449.099949522868,low
oracle,14367.062785777416,14390.299042449606,low
oracle,10626.830123977066,10654.2626599728,low
oracle,11836.681681003587,11867.270243654402,low
oracle,23276.52158387126,23291.70862016288,low
oracle,11324.656723642393,11508.73502993284,low
oracle,22897.828643988596,22928.68289175041,low
oracle,17178.320662723618,17198.71284005008,low
oracle,7197.90536806866,7249.9053144417485,low
oracle,32958.32704677545,32991.209064758616,low
oracle,9072.51220157083,9112.26948401575,low
oracle,4274.673680974159,4291.7407761075865,low
oracle,63833.4273027968,63852.00051654085,low
oracle,6254.714348520656,6285.183702194354,low
oracle,9789.824030303864,9804.230900544577,low
oracle,21949.382175413914,22117.66827524021,low
oracle,10148.070564786734,10180.53503654326,low
oracle,10007.643647584502,10009.629226881763,low
oracle,25437.216973082595,25490.068626346918,low
oracle,24091.96637259213,24127.488077731257,low
oracle,16292.229046415203,16364.119171795639,low
oracle,9446.115030654973,9487.405477016677,low
oracle,11440.226437193627,11463.518301906293,low
oracle,12434.978638314347,12464.75340798392,low
oracle,21639.75713066345,21691.82753975295,low
oracle,17123.767461169315,17270.03813430115,low
oracle,11584.589656575277,11669.617349155546,low
oracle,12548.309793716235,12579.670224008056,low
oracle,6037.177699629353,6085.15072179896,low
oracle,6633.67525685359,6647.949304930376,low
oracle,8309.798468686262,8336.980134940191,low
oracle,8385.43117797347,8407.337976032579,low
oracle,49980.991409284165,50004.883220076386,low
oracle,34633.343364016575,34683.22055694346,low
oracle,6062.512724212636,6248.626998160473,low
oracle,6916.750173971169,6993.686822019743,low
oracle,7108.900056482694,7138.560320325985,low
oracle,8735.304426966222,8802.997038860802,low
oracle,12569.58613309723,12575.15026930345,low
oracle,15340.167956887399,15367.713934884086,low
oracle,21669.49681534597,21678.135351792484,low
oracle,8935.923131836382,9002.892618521964,low
oracle,51722.07228536711,51742.0563830616,low
oracle,14516.311894138167,14558.346188921369,low
oracle,20875.517260655928,20932.00116816129,low
oracle,27757.214146391343,27820.31105485731,low
oracle,10363.16674444898,10406.92019597402,low
oracle,720831.1875171212,720855.5223522487,low
SIT-safe,9655.50499954061,9674.152350589475,medium
SIT-safe,18169.976089262283,18206.0733902302,medium
SIT-safe,20847.037864498085,20897.961312707004,medium
SIT-safe,9136.991907530883,9172.650675202705,medium
SIT-safe,14715.291387556068,14739.011327398635,medium
SIT-safe,10102.67843689078,10120.671945615148,medium
SIT-safe,15791.696784340102,15810.165109611858,medium
SIT-safe,19874.971722236856,19898.834944757797,medium
SIT-safe,13409.912110997646,13435.834192115664,medium
SIT-safe,17132.199795916848,17145.589334371467,medium
SIT-safe,15624.527155654729,15700.735965045345,medium
SIT-safe,17011.442441257816,17091.57001276455,medium
SIT-safe,28380.649687150442,28452.623177830537,medium
SIT-safe,19715.782749285972,19764.56725257464,medium
SIT-safe,33328.04997913007,33369.81153237018,medium
SIT-safe,17277.841022614855,17287.626958187564,medium
SIT-safe,22829.319748145197,22879.730263375768,medium
SIT-safe,34545.51701659179,34696.333464167765,medium
SIT-safe,20592.705914487684,20626.73193762058,medium
SIT-safe,31172.794889865727,31210.262552958608,medium
SIT-safe,24565.127465917532,24582.51616285771,medium
SIT-safe,16393.976059362103,16446.425030925653,medium
SIT-safe,10601.151368968613,10658.475515121245,medium
SIT-safe,19747.997277883187,19756.812794650417,medium
SIT-safe,19303.17107726036,19307.16177495185,medium
SIT-safe,13050.10113595383,13067.852509758311,medium
SIT-safe,18437.83666722583,18447.16965814251,medium
SIT-safe,24210.21358379728,24238.4280488762,medium
SIT-safe,14203.054097361548,14223.838791708582,medium
SIT-safe,17881.011124184024,17898.523673717376,medium
SIT-safe,15476.735653283396,15525.984301860917,medium
SIT-safe,14920.893869626583,14929.607090120564,medium
SIT-safe,22285.03807346849,22313.5889400445,medium
SIT-safe,21893.12055363478,21945.961753746,medium
SIT-safe,23271.15959346689,23276.034128007166,medium
SIT-safe,26774.20363144527,26802.210593978685,medium
SIT-safe,34213.15294346517,34218.3218310372,medium
SIT-safe,27327.132328848154,27351.3386112737,medium
SIT-safe,32278.393856612234,32288.46638458236,medium
SIT-safe,74271.75036170709,74297.29997177789,medium
SIT-safe,7211.545430008048,7229.210265675564,medium
SIT-safe,8767.968006836985,8781.226142559528,medium
SIT-safe,15753.550334015543,15852.04437350715,medium
SIT-safe,16261.739782551724,16337.596641178545,medium
SIT-safe,14217.062444344034,14236.250011481614,medium
SIT-safe,9267.821041718096,9285.61808171252,medium
SIT-safe,15275.88956746389,15278.715681961801,medium
SIT-safe,12933.676230463692,12949.369751062204,medium
SIT-safe,25592.96614271129,25717.93849807659,medium
SIT-safe,18075.73046043077,18112.290090556893,medium
SIT-safe,36003.1526606211,36010.421581060946,medium
SIT-safe,21374.66850558963,21382.19529609612,medium
SIT-safe,26832.294048190273,26849.145390446516,medium
SIT-safe,27414.592631148982,27428.97606567422,medium
SIT-safe,25044.325927431157,25076.12975333178,medium
SIT-safe,28996.160233943272,29015.662863299975,medium
SIT-safe,19487.64098599082,19506.731835466842,medium
SIT-safe,30452.48116629542,30471.680124452887,medium
SIT-safe,24115.017815792446,24151.45974029068,medium
SIT-safe,24213.101167082197,24262.24098539717,medium
SIT-safe,45063.21471715222,45080.74149623203,medium
SIT-safe,11866.897129716312,11887.033823368354,medium
SIT-safe,35788.57046471357,35961.02256681021,medium
SIT-safe,10481.239167551958,10579.372482503724,medium
SIT-safe,14436.785814148667,14453.245102972722,medium
SIT-safe,34656.69924710351,34719.501935784494,medium
SIT-safe,11753.566073512065,11777.607414789807,medium
SIT-safe,18114.91427573714,18188.35195690783,medium
SIT-safe,20158.198579919917,20187.840050944935,medium
SIT-safe,14156.997393904232,14255.603729280718,medium
SIT-safe,23581.503374140884,23589.351031594113,medium
SIT-safe,24286.087047920024,24350.173769367597,medium
SIT-safe,39488.94571818145,39547.42771328066,medium
SIT-safe,21747.298367355455,21769.217092358238,medium
SIT-safe,20764.636343494465,20822.876866679562,medium
SIT-safe,23508.42121190181,23557.140348686473,medium
SIT-safe,20172.673290627412,20177.7566839688,medium
SIT-safe,24613.4108301418,24669.19421518941,medium
SIT-safe,22438.698532830564,22574.118030482765,medium
SIT-safe,26388.3104031148,26407.541761394146,medium
SIT-safe,8828.771141550564,8848.003195729885,medium
SIT-safe,14186.455530130841,14201.011119181716,medium
SIT-safe,30791.33376834851,30875.324595924118,medium
SIT-safe,13372.716271952528,13381.700252130053,medium
SIT-safe,21838.731221302896,21873.77863222028,medium
SIT-safe,12620.142738852372,12682.842378700947,medium
SIT-safe,13188.792695888622,13204.73160836429,medium
SIT-safe,25451.774702222534,25549.138644315637,medium
SIT-safe,40565.26714892802,40578.49384582525,medium
SIT-safe,18011.97766975588,18037.700421450652,medium
SIT-safe,15062.056460699847,15075.843326471011,medium
SIT-safe,19034.04671139975,19088.263518076,medium
SIT-safe,20525.29326979564,20565.754704770174,medium
SIT-safe,23454.361690537746,23555.97817930585,medium
SIT-safe,24652.78648353025,24662.804141355795,medium
SIT-safe,17633.507363569264,17640.212239926386,medium
SIT-safe,20036.325526413253,20089.15821557505,medium
SIT-safe,28893.249040860588,28994.8414058471,medium
SIT-safe,33195.98555919009,33285.151973997854,medium
SIT-safe,32591.862077424932,32625.577952448963,medium
SIT-safe,9284.684642449345,9295.734219322025,medium
SIT-safe,13284.311818624748,13299.961843804227,medium
SIT-safe,24352.295122257823,24607.84112864062,medium
SIT-safe,10469.822805967613,10482.198327745027,medium
SIT-safe,12963.24880565092,12969.40509877953,medium
SIT-safe,12819.876829822691,12836.902285652472,medium
SIT-safe,19049.32663126749,19070.815879429247,medium
SIT-safe,20411.389695421698,20428.380459283067,medium
SIT-safe,13030.284946130314,13047.82026945662,medium
SIT-safe,24099.7979138031,24114.80007716926,medium
SIT-safe,18605.528777129937,18673.02339885501,medium
SIT-safe,15467.649309115372,15477.535969618937,medium
SIT-safe,17439.51072469871,17514.608339123148,medium
SIT-safe,31207.949255568477,31311.09820282719,medium
SIT-safe,23766.62933807803,23807.44057844709,medium
SIT-safe,42127.03928876979,42140.50997738371,medium
SIT-safe,34874.14949565404,34980.123195713364,medium
SIT-safe,21922.39556891437,21995.517891590716,medium
SIT-safe,28298.42000956624,28306.411957277756,medium
SIT-safe,22259.738820868843,22266.63064919086,medium
SIT-safe,8885.68360604555,8902.418367373066,medium
SIT-safe,13359.4504741501,13400.603747536241,medium
SIT-safe,10213.853278240202,10320.82592949029,medium
SIT-safe,15046.384186686792,15089.5157265788,medium
SIT-safe,14713.407251018343,14734.06302578963,medium
SIT-safe,14364.152999593294,14456.96090176624,medium
SIT-safe,16487.200578000415,16493.387933452024,medium
SIT-safe,31908.370700488937,31919.843152886755,medium
SIT-safe,46507.25237678271,46607.47191406024,medium
SIT-safe,24413.0689728323,24473.370435975114,medium
SIT-safe,15039.020125305728,15046.68249714295,medium
SIT-safe,18523.658853987094,18537.613462834302,medium
SIT-safe,41473.37871396625,41483.354319591876,medium
SIT-safe,18247.859488706097,18284.41282533115,medium
SIT-safe,22853.747940805122,22885.60862532013,medium
SIT-safe,43377.21985045411,43392.861654392356,medium
SIT-safe,24346.86188428134,24365.932639456463,medium
SIT-safe,31221.279812481065,31249.759906175124,medium
SIT-safe,27469.79074158734,27492.709940850094,medium
SIT-safe,27680.597603213537,27686.28858602039,medium
SIT-safe,5516.10179604116,5573.992558935641,medium
SIT-safe,14642.110351782689,14646.622216546766,medium
SIT-safe,10437.003600713495,10467.322653658615,medium
SIT-safe,14064.561475116294,14090.257313698763,medium
SIT-safe,11823.421391602986,11867.430147883799,medium
SIT-safe,22922.122995637925,23007.68363149703,medium
SIT-safe,21757.29520771986,21789.437432265644,medium
SIT-safe,22507.525717133132,22550.863409593574,medium
SIT-safe,13591.675256040635,13714.247363758528,medium
SIT-safe,14991.83710533982,15000.804735039768,medium
SIT-safe,20312.9034232886,20369.573800941253,medium
SIT-safe,17444.079419508475,17472.193748808553,medium
SIT-safe,19047.67999973576,19510.962608023303,medium
SIT-safe,50036.90936406718,50066.046260262534,medium
SIT-safe,17993.97039561168,18007.008925371254,medium
SIT-safe,22056.54009330283,22109.263176177075,medium
SIT-safe,21695.837927466135,21721.427036104316,medium
SIT-safe,44879.71483229148,44942.62924339141,medium
SIT-safe,24210.498877360675,24228.225505542086,medium
SIT-safe,22960.07241736322,23116.62910670897,medium
SIT-safe,18379.40177758671,18414.72371998006,medium
SIT-safe,33662.99944892707,33690.88223504185,medium
SIT-safe,12038.682184329225,12128.104811957395,medium
SIT-safe,12718.921244705414,12748.72813011771,medium
SIT-safe,13321.180335331013,13328.105291824031,medium
SIT-safe,26156.03348345283,26168.851873710457,medium
SIT-safe,21212.89654066951,21257.225053803777,medium
SIT-safe,12667.162504269292,12677.61169914996,medium
SIT-safe,16617.67622597047,16664.64459768121,medium
SIT-safe,18763.960332727216,18782.17926896684,medium
SIT-safe,16677.5775407798,16695.08108067271,medium
SIT-safe,17241.665730794404,17285.32558967986,medium
SIT-safe,31637.047483315902,31737.901095562403,medium
SIT-safe,19785.506099779563,19807.34725810914,medium
SIT-safe,18726.826562693015,18738.518742328008,medium
SIT-safe,31109.548995656583,31149.020388456316,medium
SIT-safe,23380.203607901934,23404.09252847061,medium
SIT-safe,23481.43010129435,23529.99838476086,medium
SIT-safe,24297.221731391728,24369.585607065706,medium
SIT-safe,24901.69004362822,24927.6129000892,medium
SIT-safe,18906.549148163493,18920.605106643197,medium
SIT-safe,10527.06316545304,10577.595153615135,medium
SIT-safe,10004.086950684703,10184.806560277182,medium
SIT-safe,25500.71339818539,25520.5355506369,medium
SIT-safe,9876.074809583613,9905.194363193077,medium
SIT-safe,15159.990830993447,15177.208889087271,medium
SIT-safe,26050.01788867562,26056.308986301643,medium
SIT-safe,13508.347893492355,13618.01168846745,medium
SIT-safe,18571.98435479599,18682.13594286357,medium
SIT-safe,17623.196444461522,17685.632182368805,medium
SIT-safe,20566.06168130432,20581.632431114187,medium
SIT-safe,15943.634010105745,15946.141803129934,medium
SIT-safe,19457.190098420808,19501.697808316898,medium
SIT-safe,26863.33451654633,26890.15789577082,medium
SIT-safe,23666.29064500558,23690.483826506086,medium
SIT-safe,21306.361604497266,21323.58958949385,medium
SIT-safe,25345.532097870182,25363.0580059601,medium
SIT-safe,30788.547205699855,30826.037135931496,medium
SIT-safe,27238.830652195094,27268.120003912314,medium
SIT-safe,22069.453927905008,22082.405579469327,medium
partition,2720.077448085121,2757.919111363718,medium
partition,3660.138292459523,3736.8618234192854,medium
partition,38888.25629920392,38933.98125396349,medium
partition,16063.33044518927,16094.242091730275,medium
partition,11938.858649649263,11988.745075262008,medium
partition,13678.282708352197,13705.604528215485,medium
partition,12950.895051020747,13076.46530202663,medium
partition,13512.845705622583,13571.46425234564,medium
partition,10125.117380050453,10153.293394512293,medium
partition,18648.900348277402,18692.105712183926,medium
partition,11038.789399580235,11042.989530306251,medium
partition,16755.635864071053,16782.50525344163,medium
partition,24907.188480698314,24949.219633335284,medium
partition,18372.168643189285,18390.94121416978,medium
partition,21421.085151362917,21439.0807353782,medium
partition,34603.55829493515,34676.542969312366,medium
partition,18619.302127128733,18646.75215597522,medium
partition,24796.315249153093,24829.383882107963,medium
partition,18129.699561897312,18153.304908769816,medium
partition,25571.07475616087,25632.77749947299,medium
partition,2407.025967126737,2442.042928573099,medium
partition,4565.624531862217,4598.85940642043,medium
partition,23533.800945821662,23546.311042891524,medium
partition,6636.93891558085,6691.173438118303,medium
partition,65359.79543613232,65376.214323067834,medium
partition,7975.570314172075,8029.37996867688,medium
partition,9535.442135984447,9551.713945213021,medium
partition,12200.915851064328,12320.09984360304,medium
partition,30494.7868767601,30511.661213212145,medium
partition,15804.969986050968,15820.174201677135,medium
partition,15671.381776757818,15777.277514945501,medium
partition,13754.290112037655,13842.339673138054,medium
partition,14756.699456623963,14812.830551011655,medium
partition,14640.333099976418,14646.499648750541,medium
partition,13382.349769470356,13401.561908924159,medium
partition,15722.315739261316,15730.135990643712,medium
partition,18409.28302784989,18433.404653710062,medium
partition,24995.79110513077,25027.368695710204,medium
partition,16769.70740878764,16788.19986261865,medium
partition,29927.102889694823,29949.254033211677,medium
partition,9486.20784672964,9510.198191775085,medium
partition,6123.186009482759,6139.401206287934,medium
partition,14582.842692863003,14646.515890371022,medium
partition,18325.5437353946,18345.59515750994,medium
partition,12026.400745779672,12068.183634440878,medium
partition,11837.779314400299,11841.94623922078,medium
partition,9010.922273455408,9032.178716379167,medium
partition,9821.90052090284,9903.337867503287,medium
partition,8996.609479912373,9077.291263732224,medium
partition,13165.106975632416,13174.423170274385,medium
partition,30230.589368436118,30266.70644085015,medium
partition,12154.66834633174,12161.646245584248,medium
partition,14045.2641492558,14099.233758107757,medium
partition,12870.06247895691,12891.394579835372,medium
partition,21152.744679245054,21159.38543827924,medium
partition,17783.16249486315,17851.553617570255,medium
partition,57893.29973843982,57906.47157951862,medium
partition,20578.786954354953,20631.30658105194,medium
partition,45273.45814078219,45288.20233086808,medium
partition,29912.37007832229,29954.237974001728,medium
partition,7706.452316068287,7783.379726395204,medium
partition,3290.1306784827466,3313.574617763369,medium
partition,22592.489771523808,22754.59661601497,medium
partition,13670.530934441076,13720.680226965382,medium
partition,6795.311204794967,6815.298600274624,medium
partition,35868.71516388907,35880.8719490895,medium
partition,12101.851757146125,12115.52406033142,medium
partition,18355.014038983845,18467.03538399582,medium
partition,10899.924955527085,10959.488107509653,medium
partition,22719.76702552438,22735.350811665077,medium
partition,37326.406851333486,37345.36236486096,medium
partition,15948.146724604694,15966.803688833967,medium
partition,24236.036904428493,24300.55330142523,medium
partition,18053.710331516835,18102.575767271752,medium
partition,18428.85885084214,18444.363479664917,medium
partition,14093.145876411621,14098.984347190148,medium
partition,15582.850664346142,15610.618435664723,medium
partition,29810.632929682768,29923.884854100244,medium
partition,20724.984986134587,20757.701076495643,medium
partition,21768.096955580713,21806.472774342663,medium
partition,6116.2511371596065,6132.97021966734,medium
partition,9154.789752778368,9185.367128956037,medium
partition,8362.779463707227,8396.113333014258,medium
partition,5024.171643723776,5045.674671297528,medium
partition,6620.680855247045,6646.297286913672,medium
partition,6350.592402153774,6374.62819053032,medium
partition,23857.505200323478,23864.66075347374,medium
partition,11339.585054145677,11457.402584958627,medium
partition,24334.25002895503,24371.55553437265,medium
partition,24943.504112681698,25055.80927153604,medium
partition,19086.199002969406,19121.463752707907,medium
partition,164224.35732639953,164247.10355785955,medium
partition,13643.151559643926,13658.93602199473,medium
partition,15644.400491143691,15675.172876927378,medium
partition,22998.501397355918,23032.222384145156,medium
partition,15367.26473482782,15384.875185757828,medium
partition,22300.334033095536,22346.495104185986,medium
partition,19579.00282632648,19710.655894628548,medium
partition,26632.908691201177,26661.85348292531,medium
partition,25777.43916914175,25804.57337253644,medium
partition,3928.356742107581,3933.3969892434493,medium
partition,8842.809588921524,8856.813711089693,medium
partition,13056.446081341537,13124.374225039428,medium
partition,11281.519379032023,11355.122208919101,medium
partition,9612.379588081341,9628.984694308801,medium
partition,15857.959537170247,15870.418663918015,medium
partition,9381.477055575673,9392.365582790342,medium
partition,13663.934573288925,13710.76979774204,medium
partition,19530.50621710543,19599.123183303494,medium
partition,13453.856885649457,13466.6692686629,medium
partition,14699.300034824018,14733.120648191996,medium
partition,14993.49829803075,15021.735240811475,medium
partition,26041.278757602544,26140.3641031428,medium
partition,17661.68513684792,17750.57077641208,medium
partition,16809.389908983034,16842.736963910313,medium
partition,46970.705599676374,47018.423390730604,medium
partition,31755.9099954335,31779.205175382263,medium
partition,23760.54468495863,23907.9991312024,medium
partition,21655.76120187153,21662.1482099734,medium
partition,31646.722646756305,31679.07489735059,medium
partition,8735.388636704034,8796.57008952888,medium
partition,5024.023120348617,5058.291607691543,medium
partition,9187.310228170569,9282.62524515329,medium
partition,12345.965899223727,12399.049539124251,medium
partition,11056.692581005293,11076.363166047815,medium
partition,10902.628985849367,10927.18221524384,medium
partition,14127.523872036265,14202.060370181627,medium
partition,22654.514645177478,22696.430537337736,medium
partition,12971.020509422657,12992.480679935128,medium
partition,24089.154365749826,24101.306151089964,medium
partition,24011.442294856563,24044.96983716839,medium
partition,15286.549824796706,15304.569294130453,medium
partition,17395.183275082763,17435.91327655263,medium
partition,20850.495821690598,20877.242288358197,medium
partition,14809.21104256586,14822.204788980256,medium
partition,13753.763125927824,13770.266968399104,medium
partition,17571.532015183217,17599.804111800397,medium
partition,20579.2100359797,20679.6233421906,medium
partition,67703.00647212664,67723.14897958591,medium
partition,56722.1248394065,56756.97801786114,medium
partition,6655.298307777923,6666.9145586531395,medium
partition,17206.010227745763,17223.373347552682,medium
partition,15414.995038268495,15475.092088348041,medium
partition,10284.30063064346,10299.977299449642,medium
partition,5602.017307890003,5621.147071501013,medium
partition,16417.07103910075,16441.66091509863,medium
partition,12225.726040875166,12236.629611460383,medium
partition,16710.492995289304,16752.868482762984,medium
partition,8799.086951619563,8825.626370219685,medium
partition,14669.958150266875,14678.496507338714,medium
partition,11962.170301152182,12006.348642421603,medium
partition,15660.989949711859,15744.632273192361,medium
partition,14695.778482471453,14753.157329208982,medium
partition,29036.291258127214,29077.002062740714,medium
partition,17819.457139585218,17844.82579346606,medium
partition,19571.460825985716,19593.931628018705,medium
partition,17667.432936857447,17673.42427509006,medium
partition,18694.577680245853,18761.33317567777,medium
partition,16792.078839564383,16797.178734617555,medium
partition,19236.053814080904,19254.90557118407,medium
partition,6254.583280267038,6280.477515432496,medium
partition,4845.026572308599,4864.967238760924,medium
partition,13052.456500443985,13082.072409613458,medium
partition,4664.231868034212,4673.137115863857,medium
partition,8262.391830284405,8283.04188763404,medium
partition,10757.420427628147,10788.465899233963,medium
partition,9129.639461894149,9152.368987604208,medium
partition,9792.998870175179,9819.580908458265,medium
partition,18864.248391723617,18876.922907449298,medium
partition,13801.096082582319,13814.665514857486,medium
partition,15800.592355477922,15923.858691464868,medium
partition,19049.066286781046,19075.14047223552,medium
partition,16093.4875025904,16124.683957601434,medium
partition,13004.00780798862,13040.999537149819,medium
partition,14468.370162975609,14478.03270134727,medium
partition,31883.791854976098,31908.989052935118,medium
partition,22228.825731853398,22259.5452153293,medium
partition,17623.725414248827,17699.45773328978,medium
partition,23239.591339082985,23334.375391081794,medium
partition,46229.108212086416,46241.22134216702,medium
partition,12297.559188090197,12303.351561245196,medium
partition,3329.3854111882283,3351.0234170847934,medium
partition,6697.888196648951,6731.169586274212,medium
partition,6576.257766770752,6577.933433685379,medium
partition,7750.354565408718,7781.705700981144,medium
partition,11045.9390347484,11069.116109005165,medium
partition,12479.69891944436,12513.415966644443,medium
partition,10849.026642552577,10907.59318641787,medium
partition,11595.37558843004,11615.674658679485,medium
partition,56910.167324896094,56930.414861216435,medium
partition,11917.136095050826,11927.655126751417,medium
partition,19288.300029173697,19294.907116268652,medium
partition,18364.62163248015,18629.507384275807,medium
partition,15615.357305255653,15625.576061212467,medium
partition,20648.532946377578,20666.454720528898,medium
partition,31468.853609484373,31508.157280223466,medium
partition,22581.75242592675,22600.241965571207,medium
partition,30673.507901978806,30692.7550005751,medium
partition,16710.718232126805,16734.849979210656,medium
partition,19623.013004191147,19657.25732964205,medium
random,13239.924539597921,13269.588354550959,medium
random,12845.296648891868,12933.558211648702,medium
random,14707.19036157206,14873.978210431796,medium
random,23760.442405877984,23771.3935969441,medium
random,19595.512528717678,19673.445370442692,medium
random,24303.742714684737,24410.092953831918,medium
random,28939.03056505245,28948.567354736108,medium
random,20206.11822579159,20258.239317316664,medium
random,20094.54694423354,20118.24990342491,medium
random,28762.58573729224,28767.118913315328,medium
random,19004.5417540089,19015.732913090607,medium
random,26553.313317590717,26561.60580120865,medium
random,24881.32897487277,24936.868464634295,medium
random,21746.73897555831,21804.857652629442,medium
random,44735.66063800482,44758.27620183254,medium
random,27521.585453707426,27535.58095397921,medium
random,24594.351172762414,24608.096446090618,medium
random,30846.067945926596,30964.48731835006,medium
random,25148.066568231647,25186.748048686706,medium
random,33606.38424179898,33618.88524645457,medium
random,9825.555916299754,9862.493968506205,medium
random,15962.561860139047,15989.367938434,medium
random,14574.173277876094,14678.243355486453,medium
random,14528.510096204147,14555.530038140823,medium
random,26201.383613569087,26224.45867757673,medium
random,17578.19548164906,17598.747107855816,medium
random,20823.213480468432,20846.24983678824,medium
random,24746.65721456006,24757.87200563232,medium
random,19698.674091796867,19719.994863035517,medium
random,17027.17728351617,17077.071034745968,medium
random,19015.869498201097,19032.55459286455,medium
random,19967.103763859242,19988.272183861,medium
random,21561.60661585271,21607.917229044775,medium
random,25078.45658068129,25177.64013546083,medium
random,25892.295866672237,25913.380414339234,medium
random,30076.885732775656,30119.13143885859,medium
random,35159.86537158066,35182.324368323374,medium
random,42796.389728255905,42872.50733229691,medium
random,26838.247951052865,26963.630281998172,medium
random,34376.087680746175,34413.67214937905,medium
random,16376.815746995648,16462.885045990108,medium
random,24345.039118904995,24360.92466386276,medium
random,80324.72120875478,80699.93214838908,medium
random,20546.53944996269,20598.358444088946,medium
random,17102.38233931982,17123.19139184528,medium
random,14078.938453965751,14095.791535502427,medium
random,40452.50772894636,40479.24336038841,medium
random,53997.050395217775,54040.786391777,medium
random,22591.168313749313,22640.96427902605,medium
random,18459.065799951437,18472.681928419184,medium
random,18963.774486092905,19011.847228821163,medium
random,33234.93106409492,33238.50743989858,medium
random,39230.48405405064,39235.35886092714,medium
random,19993.797031482678,19996.720822956406,medium
random,26068.944461477407,26093.16408071485,medium
random,21471.51029100184,21525.42740101316,medium
random,33050.559775749905,33111.42897772194,medium
random,23378.62432788956,23418.377318487157,medium
random,26768.875450691925,26858.71563762927,medium
random,31838.495967297134,31887.311141453658,medium
random,12481.855726660327,12521.144470282135,medium
random,14004.558328028657,14053.324689516388,medium
random,19239.67334279216,19311.450853721006,medium
random,16831.528897728225,16849.089934284602,medium
random,17779.890637213222,17790.38241970772,medium
random,25487.455777931864,25502.17222752265,medium
random,15841.7223109569,15885.488694786582,medium
random,15118.932928954484,15141.022542475908,medium
random,16083.740598053731,16095.091329456558,medium
random,19152.378174911286,19158.998971594898,medium
random,16040.199029663354,16048.657851631257,medium
random,55171.140567098395,55183.4070683256,medium
random,20015.546762220267,20118.111298198462,medium
random,24535.634299659654,24635.798654529615,medium
random,26104.150438982982,26138.478351171514,medium
random,32080.02958381836,32086.340192610933,medium
random,23774.286067487912,23801.72902290944,medium
random,91761.39928199431,91989.96220079521,medium
random,111074.35765611453,111076.47732404163,medium
random,31457.34226064067,31510.35514095614,medium
random,11018.537375551014,11080.332259019262,medium
random,20180.74557586431,20190.74946308833,medium
random,15147.035516071086,15200.758514277528,medium
random,12402.822194034943,12443.663283749003,medium
random,17047.304227359247,17062.349023688483,medium
random,12680.67855709106,12688.747285640226,medium
random,21343.594677324727,21374.1308397391,medium
random,20419.033394367918,20433.154838924398,medium
random,21640.46282884147,21677.2578231823,medium
random,34861.041052769804,34902.38044572818,medium
random,18497.703306571813,18545.798946297757,medium
random,16515.316833288303,16590.91826215734,medium
random,31051.518644332005,31092.80516843961,medium
random,28498.860240177404,28573.1502778602,medium
random,23832.352986553,23840.78690752094,medium
random,45571.98585636737,45662.066471080405,medium
random,25077.88700507589,25190.059190927466,medium
random,36450.68183379895,36510.93065662586,medium
random,26894.001726579798,26915.700640464078,medium
random,30157.5941029952,30174.78294435065,medium
random,15583.786549320585,15609.079372230985,medium
random,13048.795170327045,13085.243233740006,medium
random,33436.63081774966,33588.011928943,medium
random,13069.94006273386,13111.339506888035,medium
random,40663.86264897787,40682.18862253931,medium
random,15530.197554232704,15544.087594303275,medium
random,35075.05603536426,35093.82229133074,medium
random,17520.86687373539,17557.92765256913,medium
random,46863.53261453963,46879.23172695827,medium
random,25914.375185982586,25920.409697263287,medium
random,23481.395678566998,23499.396569952325,medium
random,30544.862158133583,30571.377585874296,medium
random,24455.792406372664,24625.76029987861,medium
random,21266.398768829607,21299.443076446354,medium
random,28763.461218466466,28795.286394508,medium
random,22117.359115618678,22157.498019475144,medium
random,24174.517738943865,24196.5380816493,medium
random,27438.500209044025,27529.865368836116,medium
random,29580.292391355386,29640.431450080985,medium
random,68409.23305240834,68442.64224276328,medium
random,13721.850694000577,13762.794609015034,medium
random,15677.51845187691,15698.118491909132,medium
random,12544.068635392052,12563.734813817042,medium
random,16615.224113633794,16628.750622800762,medium
random,12454.243948483841,12469.644900702264,medium
random,13821.461913108196,13842.605781608545,medium
random,18572.276131773193,18582.513715393026,medium
random,18695.021542897593,18791.808578070413,medium
random,19119.828902633,19123.56164332777,medium
random,23565.080434742587,23609.117863092913,medium
random,23410.05866043341,23474.164392925268,medium
random,21086.970325423605,21093.506580359834,medium
random,21771.82559157441,21912.012277657373,medium
random,31293.890189926977,31332.638715210913,medium
random,31369.17501417298,31410.642435433096,medium
random,24774.873127794326,24812.535639717666,medium
random,45286.67997301982,45305.5455184132,medium
random,24890.249637801095,25145.40518769312,medium
random,29757.087474982305,29777.65917179291,medium
random,25629.98287561044,25644.03499173931,medium
random,12160.363485597087,12163.150326210822,medium
random,12084.245114298663,12094.492014034486,medium
random,16971.77607854496,17004.83206079498,medium
random,22261.15607960928,22286.04668941162,medium
random,21986.78821054569,22006.222536991627,medium
random,13458.397582892896,13515.979818826716,medium
random,20114.004005225448,20176.070355402146,medium
random,20735.547530016065,20820.921779730706,medium
random,24158.04053326263,24201.473230553656,medium
random,31016.87171320692,31047.53118244307,medium
random,23835.24405690425,23863.55990605089,medium
random,33191.31457034072,33203.47562100916,medium
random,36750.25951063606,36796.840827988,medium
random,27315.003936486948,29641.21559578932,medium
random,25291.73552364426,25322.97288645271,medium
random,22109.49453787381,22134.792040941233,medium
random,22479.210611852228,22518.04877587423,medium
random,31972.112009175384,32015.94480063926,medium
random,47683.14689762512,47710.41738699705,medium
random,23925.448931064053,23947.039461402273,medium
random,16084.50965037705,16097.367560944484,medium
random,16740.19173588433,16749.63601638034,medium
random,11847.895016958706,12115.023397504814,medium
random,12497.509732524972,12533.992283384647,medium
random,20763.63124640991,20774.92455270919,medium
random,16366.56497132793,16411.980325499302,medium
random,16147.891560617278,16180.651552753445,medium
random,20260.736150145513,20293.02270764812,medium
random,17947.906268599716,17994.541138724995,medium
random,28091.541856455016,28154.93419347977,medium
random,18862.10047952619,18877.82160464937,medium
random,34525.10889601756,34535.38315711761,medium
random,20955.38762030114,21032.09404046799,medium
random,22879.800462638257,23022.92875673234,medium
random,24827.044767391246,24834.642482486077,medium
random,26216.562015416046,26343.11260210935,medium
random,24063.651911790348,24077.824160738073,medium
random,35392.71661875743,35426.00964391639,medium
random,49928.54251655814,49943.78283254348,medium
random,37220.32170499913,37260.71204138039,medium
random,14622.661970514322,14653.687223651563,medium
random,11555.320140851443,11565.828843983592,medium
random,56928.75931638449,56958.719251128314,medium
random,12554.616782835,12598.679114679258,medium
random,14810.940151432309,14828.278738300516,medium
random,14173.383385475025,14285.908997879935,medium
random,20502.070116208502,22105.151421287548,medium
random,34684.96284455687,34763.68980101065,medium
random,26088.69058211835,26126.79344209082,medium
random,19390.68114458315,19439.8239850292,medium
random,34629.73406091744,34655.3191224606,medium
random,29225.38564468585,29250.471241213123,medium
random,27309.422290737926,27360.055571678568,medium
random,26496.054050054994,26552.503625071367,medium
random,26312.92016403827,26358.383782178364,medium
random,23761.788550111596,23812.942259909916,medium
random,23936.54471882035,23962.42678298788,medium
random,29341.008807972386,29394.377777197584,medium
random,26773.198892190423,26809.38492747347,medium
random,30871.452895223654,30893.822857661085,medium
oracle,12615.11966038241,12616.752245775253,medium
oracle,14907.208792702137,14927.142794131927,medium
oracle,8660.902851253844,8694.809249101196,medium
oracle,25110.605224905426,25858.172934144863,medium
oracle,16033.448983925387,16043.368507864565,medium
oracle,17196.67272828325,17248.085387838233,medium
oracle,14587.201063787168,14609.199671753257,medium
oracle,17590.34885711983,17666.036679458666,medium
oracle,61922.89495464436,61942.24597911643,medium
oracle,16415.407895426044,16491.975619332,medium
oracle,26303.546517428593,26311.900977077115,medium
oracle,27707.24730956749,27725.225970615385,medium
oracle,17019.982575078884,17042.545415705237,medium
oracle,35204.826409586225,35222.51071116466,medium
oracle,24880.20440153434,24906.049842296212,medium
oracle,23384.687581950002,23392.540044169677,medium
oracle,23132.461632058523,23173.662551735004,medium
oracle,24871.694681015477,24960.27050661431,medium
oracle,41288.388021235834,41341.60588153583,medium
oracle,22572.253634610577,22610.67405943012,medium
oracle,6579.464590481849,6592.949736274431,medium
oracle,14760.96982400662,14804.95994477754,medium
oracle,9196.023165635337,9253.995855019533,medium
oracle,20449.654087535644,20518.65078525269,medium
oracle,27345.51861194762,27409.826865036703,medium
oracle,11780.075422193735,11789.772420283334,medium
oracle,10868.89369268534,10889.432417897693,medium
oracle,16805.957254537043,16939.70914228993,medium
oracle,19323.527475114726,19421.535664058174,medium
oracle,14600.674145506382,14646.50059978484,medium
oracle,16106.213142006687,16137.477738125726,medium
oracle,19821.600349561348,19848.440320773436,medium
oracle,18148.098554504857,18241.23251760724,medium
oracle,18990.1748668061,19006.203696934317,medium
oracle,20799.592331026415,20819.46118713815,medium
oracle,85793.79907939324,85803.71946996193,medium
oracle,31245.479637127522,31253.443319475162,medium
oracle,20457.434107153735,20461.93061606755,medium
oracle,24218.194753966465,24265.68595368149,medium
oracle,24779.90930260502,24804.73856015732,medium
oracle,16485.440167873086,16502.57475050657,medium
oracle,14166.839181628253,14202.381507651866,medium
oracle,13619.921559104325,13661.873348561332,medium
oracle,12571.059716390831,12632.536994027787,medium
oracle,16473.355785353164,16482.546728706155,medium
oracle,66722.67302865974,66740.47349842943,medium
oracle,18815.777951195956,18830.810254654258,medium
oracle,21278.47535298137,21341.33747835706,medium
oracle,20597.80155661156,20691.590652529336,medium
oracle,18620.87610370742,18646.74973172015,medium
oracle,14371.792136815047,14386.268109350352,medium
oracle,19273.41668953085,19315.558111033988,medium
oracle,18646.236435618175,18917.6816357352,medium
oracle,21327.543650130803,21440.82473376603,medium
oracle,17295.35071025017,17304.379292924656,medium
oracle,18336.49654135772,18363.377100347272,medium
oracle,19068.066592970736,19078.52108721485,medium
oracle,35694.535733945915,35764.62607603417,medium
oracle,39906.889693606936,39915.3849087092,medium
oracle,25923.56601299921,25949.400312164064,medium
oracle,8696.479994196206,8699.23039829286,medium
oracle,12350.03578907966,12374.753454204638,medium
oracle,23485.330004044183,23526.588461330357,medium
oracle,36324.88756222791,36352.81057613529,medium
oracle,13196.503942637364,13206.415353077848,medium
oracle,19263.371846572325,19283.496346108914,medium
oracle,17039.824703376376,17074.608307785722,medium
oracle,17161.91525253176,17194.65240272351,medium
oracle,13408.128738694491,13429.617836836751,medium
oracle,30747.1188881408,30750.35112349793,medium
oracle,16215.249956905363,16237.126529084895,medium
oracle,15499.711810925604,15524.196911673145,medium
oracle,19245.420436823046,19306.15518853972,medium
oracle,20051.459925666357,20117.35619937776,medium
oracle,25227.648845915734,25294.506859258596,medium
oracle,23006.586432639313,23051.856637737514,medium
oracle,19187.203566571698,19196.68135388159,medium
oracle,21487.988075534427,21567.2412926433,medium
oracle,20655.401135457603,20684.264689828145,medium
oracle,25890.73664331981,25899.57228573573,medium
oracle,6488.312337599765,6517.96193774909,medium
oracle,70629.61907117377,70641.82674714961,medium
oracle,30875.33049086472,30938.528578488604,medium
oracle,15692.131467039457,15708.702591643916,medium
oracle,24068.857466733807,24083.769017874292,medium
oracle,11187.427917115405,11207.040733750848,medium
oracle,55834.64265472122,55882.42116629398,medium
oracle,14273.289620655065,14338.834097975665,medium
oracle,15216.944761645545,15237.067257155953,medium
oracle,14237.566336114342,14252.00064816973,medium
oracle,32680.063042156406,32722.22829977616,medium
oracle,14590.05189315445,14592.007604795599,medium
oracle,20320.78074930831,20405.472286457334,medium
oracle,21407.21141887701,21428.50525170605,medium
oracle,22385.635848575606,22422.98182024071,medium
oracle,21448.251155023954,21471.640541435627,medium
oracle,35210.515349394,35228.20598557293,medium
oracle,42252.549313934294,42297.041709121586,medium
oracle,26806.89803526682,26880.404991010117,medium
oracle,30150.5485348637,30165.53477178221,medium
oracle,5160.221539474074,5167.6448553761875,medium
oracle,47604.19451213644,47628.110365522225,medium
oracle,9766.384419646196,9825.309662521428,medium
oracle,14479.867051921334,14557.770925692876,medium
oracle,12933.637900972299,12976.624693981781,medium
oracle,12163.094607955589,12247.395833158756,medium
oracle,34652.226220689736,34671.56207319569,medium
oracle,24951.324747345527,24982.18251025048,medium
oracle,13180.756447930815,13205.76748483352,medium
oracle,22431.861462517394,22454.408165243105,medium
oracle,14322.086781095852,14341.623890704808,medium
oracle,17852.520153649875,17856.07167092056,medium
oracle,26433.753185260688,26477.314163350504,medium
oracle,26997.446724066787,27074.135511719927,medium
oracle,19337.54180552848,19338.817210885223,medium
oracle,19867.35552526925,19875.363503892797,medium
oracle,22634.431144295915,22640.475220261702,medium
oracle,23648.815574523607,23817.926359375073,medium
oracle,24796.560084118675,24803.75153788741,medium
oracle,25729.060920292726,25765.784561463646,medium
oracle,6556.593339615597,6575.890579487338,medium
oracle,12892.460748101128,12911.909312284894,medium
oracle,20737.154566360605,20797.70952949918,medium
oracle,11585.028763060183,11636.013071303256,medium
oracle,21627.158533258356,21653.142783193645,medium
oracle,20014.239417472618,20035.45342934707,medium
oracle,10916.119760812244,10935.298332857656,medium
oracle,13849.89753578198,13881.67994400557,medium
oracle,13518.518967325217,13675.010881464055,medium
oracle,15084.171014617084,15119.917460154913,medium
oracle,17702.438872014183,17838.745945048468,medium
oracle,25165.765579799696,25185.41151944369,medium
oracle,17519.124379885787,17581.541315195253,medium
oracle,19449.482608275346,19469.81151778157,medium
oracle,20049.56408377036,20058.0776111323,medium
oracle,66050.49363487362,66126.56695762073,medium
oracle,20712.943595848526,20716.389532023844,medium
oracle,29481.31484120232,29628.264236970426,medium
oracle,23173.670341335757,23215.444374223414,medium
oracle,22049.080114156364,22056.471213579818,medium
oracle,16858.140184532018,16869.6468161104,medium
oracle,8397.245344485676,8462.532636575845,medium
oracle,11221.568663329901,11280.315789264392,medium
oracle,13424.628224810724,13474.302601315801,medium
oracle,18168.563249849107,18210.229550183,medium
oracle,25799.07707913127,25833.764666191964,medium
oracle,18272.714759474275,18299.540219951465,medium
oracle,19189.701074787896,19258.440820885007,medium
oracle,13072.896284701896,13103.834695582718,medium
oracle,17829.714946910924,17872.02383740282,medium
oracle,17227.332395420955,17247.493304697917,medium
oracle,14563.448727405317,14586.793183535052,medium
oracle,20088.38133875697,20151.696379817102,medium
oracle,21066.339774462293,21071.194087538788,medium
oracle,30610.44784367693,30637.14361204572,medium
oracle,39359.23904325601,39378.24545264422,medium
oracle,28275.487108232468,28315.77417294489,medium
oracle,21188.034114602677,21261.74251112579,medium
oracle,21228.757893068305,21238.033344828917,medium
oracle,21292.36013877814,21349.81480119548,medium
oracle,8813.600279617462,8860.158712382945,medium
oracle,15560.873884927378,15582.093970381131,medium
oracle,10678.430167902505,10819.129090398908,medium
oracle,8371.309369935963,8404.173850539453,medium
oracle,11264.92760637568,11282.927127084597,medium
oracle,11098.379630728317,11157.658615529861,medium
oracle,16784.218038416453,16798.380032610425,medium
oracle,14579.517463270144,14614.509905579776,medium
oracle,18005.314905946972,18005.989579927395,medium
oracle,14294.109868915775,14313.827388197766,medium
oracle,16677.004628476217,16711.623022137974,medium
oracle,22342.301630853228,22361.11660998981,medium
oracle,23384.29137207906,23388.68075239822,medium
oracle,25122.20197200222,25273.503642312935,medium
oracle,23518.967741239165,23545.096601042234,medium
oracle,20106.52211673781,20138.821179256596,medium
oracle,22606.35985518457,22638.443278962513,medium
oracle,34339.76379847425,34352.17921473195,medium
oracle,22479.562362952376,22503.981925149637,medium
oracle,28636.87841941602,28661.323719327433,medium
oracle,6926.3829227791,6942.169752291082,medium
oracle,141598.706520458,141621.42169186083,medium
oracle,11036.037321729817,11152.849987243413,medium
oracle,14471.105553282388,14519.782572342327,medium
oracle,10022.744916673932,10049.879184686273,medium
oracle,14197.454136506089,14217.80348963664,medium
oracle,21687.95169611596,21710.014118812163,medium
oracle,16204.18441231081,16234.83398971513,medium
oracle,17256.523056191978,17297.919914847702,medium
oracle,13841.298670616097,13870.09612583431,medium
oracle,17151.011383516725,17188.229111953584,medium
oracle,15417.722224700781,15443.771639933146,medium
oracle,18263.85880097837,18374.52830195346,medium
oracle,31425.691847178554,31449.62081232437,medium
oracle,21217.413826534335,21262.483218060697,medium
oracle,20103.20955087182,20147.189990809326,medium
oracle,21112.061064329584,21133.465454297228,medium
oracle,24847.58135989372,24925.294982354964,medium
oracle,21338.40186421046,21409.90703381002,medium
oracle,27319.84026397065,27344.59840315327,medium
SIT-safe,26625.07543811294,26640.073816235945,high
SIT-safe,12106.26019502964,12123.155000090603,high
SIT-safe,33342.172915254974,33523.470844157884,high
SIT-safe,17357.11477083884,17386.148249339734,high
SIT-safe,19985.530067603766,19997.768353109066,high
SIT-safe,46549.93306334939,46554.25166936036,high
SIT-safe,16310.72762426028,16324.053775641034,high
SIT-safe,29576.682203317865,29667.340295152077,high
SIT-safe,24113.867357282994,24133.281278458133,high
SIT-safe,22356.079996407883,22358.153292057003,high
SIT-safe,30402.437807095102,30436.373772312414,high
SIT-safe,24156.311598310367,24177.86039034513,high
SIT-safe,26434.821455822403,26503.215217466517,high
SIT-safe,34391.232802212,34411.2248081278,high
SIT-safe,36121.82596438798,36150.26620079832,high
SIT-safe,27990.328880131863,28021.976835409056,high
SIT-safe,60989.04572433471,60998.429837928896,high
SIT-safe,33062.22219863266,33106.78676692239,high
SIT-safe,36671.8376698167,36728.731441796,high
SIT-safe,40322.08612881524,40345.23178951865,high
SIT-safe,35050.10212164685,35081.04776348958,high
SIT-safe,11980.250164049075,12002.873310101022,high
SIT-safe,18232.97859442553,18283.05178827567,high
SIT-safe,13024.301871735535,13052.551406885636,high
SIT-safe,21608.087943393963,21610.55943966067,high
SIT-safe,24999.396789176404,25069.80497531935,high
SIT-safe,23562.20586385257,23584.763379207892,high
SIT-safe,18995.367833320037,19026.5167412891,high
SIT-safe,30210.069343413605,30218.962177075242,high
SIT-safe,29842.51110786145,29857.625166967315,high
SIT-safe,20327.76343162364,20370.01100284984,high
SIT-safe,24840.694818248143,24859.588649465426,high
SIT-safe,32185.024416433083,32309.703940466054,high
SIT-safe,38301.21890616361,38394.78840283554,high
SIT-safe,47460.47167162068,47491.63604643469,high
SIT-safe,37235.31559882472,37253.22844949007,high
SIT-safe,32215.088884339617,32225.704786210128,high
SIT-safe,31307.197761540137,31380.211324144435,high
SIT-safe,31377.697057342095,31442.547797556945,high
SIT-safe,39125.55479885879,39130.24187788448,high
SIT-safe,9189.458061235608,9218.056213194257,high
SIT-safe,21240.49448806445,21285.75932130558,high
SIT-safe,36454.869684858924,36578.93326462683,high
SIT-safe,17123.702144469396,17131.424078662327,high
SIT-safe,24433.492258943945,24436.16724360809,high
SIT-safe,19178.676436658003,19191.606077394128,high
SIT-safe,17074.280311524566,17100.912147047253,high
SIT-safe,25645.72876237499,25663.636298953308,high
SIT-safe,28173.213146429593,28259.814301715807,high
SIT-safe,21251.145672874212,21285.41183681581,high
SIT-safe,20933.940066602427,20942.846892780195,high
SIT-safe,27788.111757478033,27806.96180387491,high
SIT-safe,28880.340358452737,28950.922169155107,high
SIT-safe,29175.929803718904,29187.568588523034,high
SIT-safe,28957.942100153145,28970.85386546285,high
SIT-safe,45799.90464551701,45839.20891288096,high
SIT-safe,31820.968863225964,31825.823209800612,high
SIT-safe,76613.31381023266,76736.04833459156,high
SIT-safe,36909.22162946002,36981.17139997413,high
SIT-safe,38778.769517255954,38788.660882711665,high
SIT-safe,15593.539012736846,15611.58029081985,high
SIT-safe,11249.5573053229,11291.814142493356,high
SIT-safe,13932.940746350829,13938.734416540246,high
SIT-safe,15740.433847714487,15747.883602467222,high
SIT-safe,19733.92154870343,19737.38209670042,high
SIT-safe,22865.985013621234,22875.669760201607,high
SIT-safe,21333.969138081597,21362.16378659461,high
SIT-safe,25664.53840613622,25763.708811706892,high
SIT-safe,21047.38601657162,21071.802093609647,high
SIT-safe,21616.41896564642,21622.294093889606,high
SIT-safe,22643.379833007482,22669.267116755233,high
SIT-safe,25472.199090933635,25480.987458808362,high
SIT-safe,33386.88692488954,33585.28938886082,high
SIT-safe,25310.389984919384,25354.00496038091,high
SIT-safe,26052.15916494421,26087.04104833764,high
SIT-safe,28685.401372859098,28749.85864096271,high
SIT-safe,30637.04929543478,30717.349650226286,high
SIT-safe,31361.568237103136,31373.2682709166,high
SIT-safe,34016.95564474485,34058.291623129335,high
SIT-safe,38667.378514259595,39602.79355462328,high
SIT-safe,8602.5016747675,8623.726077725682,high
SIT-safe,12941.301929943467,12959.236071572173,high
SIT-safe,15087.45328879553,15111.421557097583,high
SIT-safe,13554.385123992228,13573.242090312724,high
SIT-safe,16545.148454772723,16551.819600865638,high
SIT-safe,17777.30870554599,17826.05753590946,high
SIT-safe,19012.665258039186,19071.74679636074,high
SIT-safe,23421.39980464394,23486.43960716931,high
SIT-safe,19451.033094635368,19530.002724951268,high
SIT-safe,26363.609673247924,26370.371153653847,high
SIT-safe,19937.057932335734,19980.31046156116,high
SIT-safe,25420.40119444749,25436.982022460423,high
SIT-safe,48125.50755637455,48231.368876162305,high
SIT-safe,34632.18693771757,34637.49792743592,high
SIT-safe,29658.513749374026,29672.739751142173,high
SIT-safe,27448.22599286888,27508.41574105011,high
SIT-safe,29928.797620489266,29941.685603704445,high
SIT-safe,78341.11392809983,78347.8873862171,high
SIT-safe,39881.24054835231,39895.82507068236,high
SIT-safe,34078.07288288341,34091.58110489362,high
SIT-safe,9598.243923878023,9618.76898074069,high
SIT-safe,12927.644062332094,12929.919254325945,high
SIT-safe,16784.569346918757,16800.45943055496,high
SIT-safe,12827.364804605233,12839.33686577623,high
SIT-safe,15181.581738790646,15184.010633996419,high
SIT-safe,13742.338878735047,13753.004743686399,high
SIT-safe,58613.46178323203,58626.15401429932,high
SIT-safe,21430.40669129921,21513.885087053575,high
SIT-safe,20229.65312706426,20268.99725293102,high
SIT-safe,23949.62312717559,23971.70484372829,high
SIT-safe,32855.801522110945,32868.48373808353,high
SIT-safe,23635.676429149193,23650.355489906047,high
SIT-safe,38413.98616011797,38426.70774487573,high
SIT-safe,28777.638449628772,28811.912015987265,high
SIT-safe,47946.02510910137,47975.867058709264,high
SIT-safe,31632.58156673902,31645.65917665592,high
SIT-safe,33338.39986065499,33350.632916875344,high
SIT-safe,35106.984143210284,35193.99267082398,high
SIT-safe,33349.725750831865,33396.91446044425,high
SIT-safe,37702.46731363401,37752.770659543196,high
SIT-safe,11772.824066216144,11801.805657562105,high
SIT-safe,11810.557675664591,11826.117306036806,high
SIT-safe,22612.182864029597,22716.525744652725,high
SIT-safe,12742.779571490719,12767.28771605344,high
SIT-safe,15507.34596457735,15527.532653398948,high
SIT-safe,16542.70384731583,16584.21381593799,high
SIT-safe,32458.461710439147,32485.487509901308,high
SIT-safe,27025.9479618574,27185.163026636343,high
SIT-safe,39045.22866793306,39112.782052079005,high
SIT-safe,19840.843760585703,19853.942524533973,high
SIT-safe,20685.471705556633,20715.09970775614,high
SIT-safe,24876.291081924737,24884.096461725974,high
SIT-safe,30209.43903012036,30311.292726899144,high
SIT-safe,29009.245554245917,29043.630206022914,high
SIT-safe,38343.14074101102,38393.052819180084,high
SIT-safe,28384.587121077155,28425.91610142008,high
SIT-safe,34591.75377148202,34637.90941889219,high
SIT-safe,32325.561921305736,32442.2202415095,high
SIT-safe,33625.22242240626,33650.30069438821,high
SIT-safe,38363.08220039259,38399.10449153461,high
SIT-safe,19313.239698268557,19351.895860497072,high
SIT-safe,28873.07941208014,28877.603826289363,high
SIT-safe,20209.242298746856,20274.6314508707,high
SIT-safe,15018.462638591702,15045.716015475617,high
SIT-safe,18546.43823057506,18548.987118403857,high
SIT-safe,21304.394884994148,21329.967032370427,high
SIT-safe,16987.37474485876,16991.70498042319,high
SIT-safe,25835.606376656382,25932.510638822503,high
SIT-safe,25401.30538368187,25412.337578341372,high
SIT-safe,25292.827472388784,25315.1183778422,high
SIT-safe,29382.06304703077,29417.811032030706,high
SIT-safe,26866.605490825576,26884.448098166387,high
SIT-safe,27476.93750219288,27526.45589504212,high
SIT-safe,25405.24787328672,25412.862117097182,high
SIT-safe,31672.169794514684,31694.742230730448,high
SIT-safe,29690.635299110683,29753.911168321396,high
SIT-safe,41808.26988829758,41829.92111337494,high
SIT-safe,31063.498127344967,31069.673396743947,high
SIT-safe,36044.86129997847,36058.19823224262,high
SIT-safe,39860.094987941186,39864.45446045725,high
SIT-safe,16620.865730707876,16647.43399408561,high
SIT-safe,70966.87981527939,70985.79164974082,high
SIT-safe,21650.99032466673,21695.541330252865,high
SIT-safe,21531.80770431926,21536.346003541694,high
SIT-safe,20092.540541625494,20103.770398458342,high
SIT-safe,17064.974096796726,17127.81371748206,high
SIT-safe,25753.966262247144,25770.709916077863,high
SIT-safe,31176.785548995067,31214.077363893575,high
SIT-safe,30604.898277400476,30693.767948870533,high
SIT-safe,185670.35375804245,185688.29658600548,high
SIT-safe,20146.475952995646,20223.038628040355,high
SIT-safe,23465.65290674989,23494.99631263947,high
SIT-safe,27817.87306759989,27935.42775707502,high
SIT-safe,27191.973034590654,27206.787621449315,high
SIT-safe,32557.760286626373,32583.1953836799,high
SIT-safe,36134.22998946935,36147.86000889745,high
SIT-safe,35922.59941877864,35945.92018608301,high
SIT-safe,49628.10001755077,49698.107547358915,high
SIT-safe,40236.1457043891,40284.863676013076,high
SIT-safe,42137.38887336012,42145.219395613734,high
SIT-safe,12153.88222603379,12165.673431290972,high
SIT-safe,16407.22275392201,16410.348079200783,high
SIT-safe,16526.748940205798,16663.315378136518,high
SIT-safe,13185.853940313631,13207.789062240627,high
SIT-safe,29785.38539412409,29789.83373957568,high
SIT-safe,14314.692635903435,14344.858011096869,high
SIT-safe,16622.166137328044,16663.317800639164,high
SIT-safe,46058.90746334294,46153.462530117176,high
SIT-safe,19174.656070352266,19211.547536080325,high
SIT-safe,28078.218922421114,28115.897708042146,high
SIT-safe,26810.967090073398,26827.254278729706,high
SIT-safe,48165.05106204161,48195.3280050602,high
SIT-safe,24690.32425641242,24721.090765431327,high
SIT-safe,27900.426663438353,27994.58301903307,high
SIT-safe,29446.420786944615,29456.728805876013,high
SIT-safe,28370.398001609334,28419.133484785496,high
SIT-safe,32734.826506867856,32767.01532126302,high
SIT-safe,33453.676812469515,33510.521066566944,high
SIT-safe,37625.88952799378,37713.29992042809,high
SIT-safe,57201.959578045105,57243.16683251831,high
partition,8281.188572032695,8319.736476950908,high
partition,7418.538531445813,7422.371055026758,high
partition,8168.027342533306,8188.582964207864,high
partition,6907.352307368228,6937.614204948924,high
partition,7208.5807793511185,7239.299684218,high
partition,16207.366990129764,16232.281876434165,high
partition,22522.24938538829,22533.231648437883,high
partition,25192.11779288362,25234.14781416741,high
partition,12954.40703084565,12971.886400672056,high
partition,16841.378721466706,16853.215615435845,high
partition,22293.468640957457,22318.352103487538,high
partition,22035.49309200486,22053.250097316202,high
partition,21197.019186979673,21219.764611358863,high
partition,21294.42520728785,21345.77833096427,high
partition,22912.895725402082,22947.392435506496,high
partition,31133.76665297595,31174.81734990098,high
partition,24198.542226334608,24199.96887346274,high
partition,34393.28895904633,34416.64837298041,high
partition,26546.083807316754,26580.104414797097,high
partition,28543.098419513823,28553.48130103443,high
partition,5532.889323898312,5547.0228000573225,high
partition,25649.096615635786,25663.734099533947,high
partition,10653.623359184738,10695.659478657431,high
partition,26095.530364484835,26140.304998069754,high
partition,15198.48488700575,15218.280248465127,high
partition,12604.988087938162,12614.33250665009,high
partition,15568.418506815106,15595.11105417407,high
partition,24194.77839063244,24226.360779605257,high
partition,26927.80615707531,26963.000335217726,high
partition,17761.08188889706,17764.334148651833,high
partition,21570.181723519072,21586.59042947622,high
partition,23451.398360521056,23459.143757280613,high
partition,24530.04947958281,24584.303419488864,high
partition,31310.851078953085,31333.999468857106,high
partition,29264.249027236285,29268.705930522443,high
partition,27377.344626995528,27422.007152072874,high
partition,26688.016515815314,26700.82986354491,high
partition,28794.48561342918,28844.28156229596,high
partition,31415.607412801437,31428.746083544633,high
partition,37539.081892328024,37550.682857795604,high
partition,11470.812539092633,11506.20495151485,high
partition,9341.343041241147,9376.538829821902,high
partition,12337.321633344241,12428.418417726985,high
partition,7128.121724303617,7162.182804791202,high
partition,8571.82698855839,8577.170309850688,high
partition,13801.973364437927,13884.835457061385,high
partition,13762.278755918815,13765.682078571655,high
partition,20451.44008647932,20568.08623340155,high
partition,19959.516136423113,19978.443736859073,high
partition,14343.384272607838,14363.465574897138,high
partition,56839.22488220926,56846.19726660139,high
partition,18917.965551178404,18951.880967777674,high
partition,29623.832392283148,29638.749943810028,high
partition,28295.84012575901,28327.057012868372,high
partition,19923.564470488367,19944.09288895449,high
partition,23447.20863038767,23460.573963091618,high
partition,24394.78373725916,24457.948623230543,high
partition,40796.2785953449,40931.811053055484,high
partition,33191.970396685596,33223.93136606696,high
partition,25879.305974592073,25885.685294643503,high
partition,5957.953832263097,5973.425227134417,high
partition,4664.772613839925,4673.643192706982,high
partition,12372.605536737417,12430.13754541245,high
partition,13336.843842703245,13385.663634176852,high
partition,13523.850930192946,13534.717612170247,high
partition,16289.522963983518,16302.024837035206,high
partition,11825.596902381989,11873.611158016996,high
partition,15345.765585794581,15454.939403208078,high
partition,15811.485292809763,15820.197596270735,high
partition,15938.194559712674,15961.33450688018,high
partition,14751.776730279917,14775.762887407644,high
partition,24891.002216289868,24909.259270028993,high
partition,20045.693074783594,20065.513300023013,high
partition,20455.316193106333,20470.68654136975,high
partition,21126.625004463727,21171.11646133537,high
partition,28764.674393215213,28794.33185797141,high
partition,27240.565184393243,27290.53316949113,high
partition,29944.718211293643,30018.44968329479,high
partition,31764.486505208104,31788.437332503097,high
partition,46552.10098157475,46566.846697686735,high
partition,41245.230323367374,41299.61373761676,high
partition,21619.746854700625,21648.04947569016,high
partition,14059.846304750205,14104.57684483701,high
partition,11976.984140900515,12091.64995196364,high
partition,16986.463056794182,16989.592665557804,high
partition,13770.141941327665,13776.312712379833,high
partition,15587.303995754944,15601.067632015795,high
partition,21600.083399718416,21686.040279622564,high
partition,17166.030103929603,17194.266344477208,high
partition,14815.431486828786,14825.588632071129,high
partition,19087.763061773563,19147.946859690986,high
partition,16413.833867366055,16446.85135969038,high
partition,27419.352347863023,27487.173703600885,high
partition,35003.86376194111,35024.2468767343,high
partition,24693.1428845776,24710.547872447154,high
partition,231397.47247391357,231416.91266405096,high
partition,29291.06439869791,29307.61104612107,high
partition,26684.393391864854,26724.987029330478,high
partition,25433.708490804056,25459.1009235471,high
partition,30865.550345527565,30934.476272748834,high
partition,11538.789405162373,11602.114960131215,high
partition,7128.408232860099,7157.379124556178,high
partition,26248.752388696226,26275.153408851926,high
partition,37884.505118128305,37918.34398194075,high
partition,11395.493970971003,11404.056454212736,high
partition,16759.87661659246,16799.28814681912,high
partition,10481.495009261631,10496.10544717811,high
partition,17964.804112350277,18023.69509862343,high
partition,13094.289091736027,13122.511739833804,high
partition,16098.233935657803,16112.15282419503,high
partition,22593.177686816893,22608.285443191256,high
partition,37329.617992382104,37341.70111198648,high
partition,20960.501770578037,20976.00872793427,high
partition,20011.46981917196,20021.565980959975,high
partition,19169.129852184124,19190.125346416044,high
partition,21657.192978399908,21676.15101913298,high
partition,23104.293086791717,23122.104225455463,high
partition,27654.564252799162,27780.73471244389,high
partition,32413.040391685772,32438.585418003007,high
partition,32145.549911383303,32158.33993323653,high
partition,3854.830417779277,3889.008189623124,high
partition,8889.397841517048,8899.28947379571,high
partition,101205.78855836183,101239.25947839924,high
partition,12490.32836475284,12517.365491097808,high
partition,42524.00321698434,42533.44861008561,high
partition,15721.680517371029,15734.595153255526,high
partition,23475.12667704939,23617.940627358832,high
partition,17124.010453343097,17148.734619028277,high
partition,14001.535296569285,14009.600852513373,high
partition,22635.173481658596,22672.04483075125,high
partition,21494.17881892651,21637.88460712693,high
partition,36366.198329724255,36402.371485590644,high
partition,24284.846008919212,24338.463370151207,high
partition,19287.161278794578,19309.35040830997,high
partition,20711.224521722488,20752.790187051178,high
partition,21491.758769721135,21504.39043550539,high
partition,22476.283309097405,22497.368222752048,high
partition,27344.86482168831,27395.04752101632,high
partition,33555.21194049896,33588.10659852545,high
partition,40329.822387993045,40400.5782420216,high
partition,10235.173528836032,10249.468449067703,high
partition,8492.033089847942,8496.92268250326,high
partition,17030.545560937793,17067.979954746545,high
partition,7480.3355615281735,7501.478262826213,high
partition,15300.417727568738,15346.969271608352,high
partition,11845.594014675657,11865.43394049332,high
partition,19027.407365213625,19066.892803618543,high
partition,48030.776031085465,48045.37423159509,high
partition,20899.286953079158,20931.219983842602,high
partition,22962.02535649622,22993.46507051863,high
partition,16437.714615494166,16441.35362481066,high
partition,24815.44147380023,24824.212040680788,high
partition,32491.025086328405,32569.53035828225,high
partition,21095.12020710142,21132.49922705621,high
partition,22762.232362350635,22766.81175672345,high
partition,25219.72762350017,25235.383305470823,high
partition,22873.384777937186,22897.605304699675,high
partition,26399.640129847445,26408.252163112844,high
partition,26028.323058429145,26084.179731283297,high
partition,39760.15635363926,39784.83103269964,high
partition,5741.023770332881,5780.415682244435,high
partition,14212.494460237735,14238.57805804865,high
partition,13359.722979037504,13391.639484858904,high
partition,9966.8539899013,9997.442911555325,high
partition,10495.480220020345,10495.745651763136,high
partition,12553.533144289013,12558.215029888415,high
partition,19959.662365252345,19972.71317543154,high
partition,15593.910668647257,15628.092202763892,high
partition,19191.777602073125,19223.838425495287,high
partition,13721.61809780141,13739.380158806907,high
partition,16131.501071883975,16212.824704250517,high
partition,29580.741398181537,29605.101009851995,high
partition,33205.098499837964,33240.57576249831,high
partition,22051.634194584796,22085.075870964534,high
partition,22505.501801244252,22511.452367783168,high
partition,24976.680763004886,25216.967660271865,high
partition,23734.27625403361,23750.516793188755,high
partition,28560.314524365367,28591.73552539006,high
partition,28868.317646025065,28886.717498772236,high
partition,43063.71719073259,43082.897547752684,high
partition,15832.250702708203,15858.664808524689,high
partition,8960.80213934115,9000.81670980798,high
partition,12188.993386536538,22910.406805789964,high
partition,7054.393912506248,7060.255287555383,high
partition,11118.34294021035,11127.292253312135,high
partition,24868.72423560573,24885.252108537446,high
partition,28722.161121395926,28785.60145376169,high
partition,33254.427706433016,33264.529826597005,high
partition,20171.80946152211,20176.47766976474,high
partition,30247.589625583365,30255.44000832626,high
partition,14495.854308453798,14517.013710008276,high
partition,19020.961237050145,19039.23352222808,high
partition,20401.464881054028,20453.41737655234,high
partition,28904.688091526812,29002.72114167887,high
partition,34865.56825178281,34919.96972048549,high
partition,31684.334275106063,31726.181799497008,high
partition,33497.600985139055,33521.15077339852,high
partition,30283.152634449332,30319.1439399671,high
partition,37104.37865153061,37185.505216653575,high
partition,26562.03099061015,26574.810520072122,high
random,25743.01988483362,25751.052264708298,high
random,68516.18904147459,68556.39348176535,high
random,22260.56913844947,22316.650878243338,high
random,20174.317921743794,20210.825182105575,high
random,21162.482793280342,21178.94888528451,high
random,26104.724118940652,26163.378375521665,high
random,39383.982681218375,39388.94215239225,high
random,25276.356662037466,25328.692135373178,high
random,26023.84694417787,26171.18976176032,high
random,25129.626973779454,25162.850368512096,high
random,31230.770592425546,31252.48696455334,high
random,33158.13992877312,33193.97132965924,high
random,35449.545697426096,35530.37581062215,high
random,32608.29164045492,32613.874519526238,high
random,32448.01102100121,32454.79848255609,high
random,38631.45090064101,38679.90308186972,high
random,42727.341363728105,42893.59965875689,high
random,35901.07813085827,35957.07067864107,high
random,45055.046924546594,45069.33667202067,high
random,51184.07016242544,51210.34711410498,high
random,54654.372405401205,54663.98632076249,high
random,22191.160909395414,22223.343737298783,high
random,18852.37686299532,18923.815785609564,high
random,25546.84169701886,25574.363252843097,high
random,16556.45495036689,16571.124418562853,high
random,21987.8266114684,22031.07296411236,high
random,34438.036480652365,34440.275377381244,high
random,24646.198985983905,24698.96529835314,high
random,33633.824519718015,33669.84629886395,high
random,35837.13307534473,35860.09635597444,high
random,33528.48723672037,33548.726423907254,high
random,33140.35046402135,33173.74768996613,high
random,29163.921250484644,29251.43875312038,high
random,59185.232853110465,59228.29514296499,high
random,51631.38635712154,51658.415827347664,high
random,30057.88100828051,30070.925804068618,high
random,37296.32979874828,37328.745418745406,high
random,33687.017141930155,33745.77589057028,high
random,38922.646801619805,38933.909046155415,high
random,52532.13163199843,52570.13422935951,high
random,21805.530926819523,21832.646555549727,high
random,19607.308676528777,19635.54395689351,high
random,26670.330999965678,26824.817085424613,high
random,24489.025651292915,24519.288502074498,high
random,27091.756960187013,27112.251266803658,high
random,17174.060599827713,17177.38175631676,high
random,22261.320710912805,22291.088458104434,high
random,45691.00716981974,45745.695918492725,high
random,22583.026620582106,22601.492828475486,high
random,39018.514295513545,39027.73336205933,high
random,27491.77646126987,27528.892037628408,high
random,40567.64888416639,40611.08925574999,high
random,39795.1720110459,39916.99745934658,high
random,37870.337798826986,37898.598663436336,high
random,39201.393959919216,39269.47830937479,high
random,32018.221795239097,32058.96420190045,high
random,38413.38562334361,38434.41147474984,high
random,45079.422202233945,45148.42831408566,high
random,38789.923889421465,38797.82713497595,high
random,45511.091466743295,45535.59834134672,high
random,16379.537333082362,16454.789767551534,high
random,16728.436026918396,16743.251489361202,high
random,26747.850498767508,26768.649925545815,high
random,21894.63991035044,21948.233087863882,high
random,25808.132992957642,25848.221041802448,high
random,26443.081738533216,26489.57778848063,high
random,19689.966807485293,19728.134405558347,high
random,26496.748170011615,26518.21155891564,high
random,27953.714616630245,27963.967696287018,high
random,24440.455952806875,24477.625206282224,high
random,24316.50593822923,24350.423800631797,high
random,48980.998128141655,49001.102030964656,high
random,42987.19158620359,43048.42088180695,high
random,31082.66357985755,31154.959897183166,high
random,39436.56350952469,39437.02037704579,high
random,36790.97830346996,36807.52152512531,high
random,36942.197969912384,36976.70733377129,high
random,44410.44217532071,44426.84996138848,high
random,41921.91105559795,41924.60794968842,high
random,43431.21764738444,43481.78993346236,high
random,15440.771232615474,15476.21859108187,high
random,13171.996830421605,13193.281774372084,high
random,28781.85579496075,28875.359828901186,high
random,21931.11163265179,21937.15919518061,high
random,30542.81212405736,30571.449750406086,high
random,20887.906891029204,20909.33939235725,high
random,34550.82790097246,34560.917910685355,high
random,21207.529858241043,21270.135209822485,high
random,29719.540862740487,29765.433886032304,high
random,31841.76408075383,31890.08863963373,high
random,26383.715692924525,26440.587854007914,high
random,55667.0913543342,55707.681038846604,high
random,32337.152003357725,32387.631690606257,high
random,35408.65925265616,35450.11492770225,high
random,43562.90334740884,43590.044898305234,high
random,41283.84538393774,41326.90520395315,high
random,31847.46885441514,31866.170352643167,high
random,37626.6316119531,37678.14817829922,high
random,44968.83132222272,45004.2480904548,high
random,40516.15435787558,40541.921310975056,high
random,25307.25040502977,25356.007993762618,high
random,23893.20707774951,23966.954664193618,high
random,30388.640664184375,30434.365270289843,high
random,31598.492572472347,31742.71506790141,high
random,23392.63294673594,23401.502357281996,high
random,24034.107766231642,24048.756572625,high
random,26151.312091352105,26173.05447561849,high
random,38700.76019712021,38765.58833316087,high
random,25555.254477944043,25586.696962695478,high
random,48973.92318263245,49029.632642607925,high
random,30097.10914030166,30158.83101379571,high
random,33267.92593289332,33278.76030334103,high
random,31227.075218524897,31289.33298253498,high
random,40234.560947728554,40268.637881740346,high
random,43056.91088959392,43061.242121081814,high
random,36600.16973484513,36634.47955971517,high
random,39616.586957971675,39700.875998061965,high
random,49790.42511395582,49880.62509883747,high
random,41226.92266859098,41263.23057941913,high
random,39460.102577180354,39496.44735179181,high
random,17880.89179149243,17918.907840072614,high
random,28045.952418837103,28065.024184996397,high
random,23073.454291723316,23262.075918799856,high
random,27752.579043534242,27787.37609909942,high
random,20749.492821327483,20773.528932951114,high
random,17064.139914988024,17083.300459630867,high
random,27076.55487797496,27084.076707924596,high
random,30675.482074075608,30760.01397304127,high
random,23438.289279193694,23473.47970521786,high
random,40705.28200403452,40753.02803869902,high
random,34860.95497567051,34914.27047289,high
random,35673.2568830894,35731.05257993783,high
random,41670.137283180615,41729.616473743634,high
random,35296.47471002908,35350.84869646111,high
random,36969.08847505453,36985.825970170394,high
random,40481.22100296834,40506.6018819819,high
random,67528.24777813451,67574.08047152682,high
random,36573.03777964561,36613.74092973982,high
random,40179.28877444301,40306.352478424305,high
random,55212.97791416292,55236.0212832683,high
random,12513.270946359204,12553.115130929848,high
random,21088.507001886523,21092.04757815989,high
random,21656.443311883224,21709.488925204372,high
random,16532.049588837446,16541.15339249232,high
random,26057.81311577461,26069.354158070804,high
random,32765.160305910973,32771.586040983384,high
random,27550.32546379583,27564.019718736712,high
random,28317.309546900684,28376.41751853889,high
random,28769.444874456134,28800.63402539686,high
random,48651.698065785546,48684.50833810876,high
random,37286.57246694706,37290.13265869622,high
random,23882.74992138981,23894.368355956834,high
random,40198.319180532475,40267.27820198875,high
random,57395.21712596452,57431.1828043682,high
random,38652.913224203,38692.84681755569,high
random,47531.98833771378,47543.974074426435,high
random,41619.58828542668,41639.329427957324,high
random,48682.37304257379,49355.38998038454,high
random,41980.86577392513,42004.905460212576,high
random,36963.58280535988,36974.03439770687,high
random,11213.199702238466,11225.013032643801,high
random,17766.325074057902,17836.56531849505,high
random,20657.365601496305,20798.5307430506,high
random,18992.94157700909,19027.05667400723,high
random,24182.38224268761,24218.446285137383,high
random,56116.21079102836,56128.67661109177,high
random,24775.27923732921,24779.882724654995,high
random,43651.721082348646,43734.5842437616,high
random,24398.01047558794,24453.02781803046,high
random,27661.768445768976,27670.47868681827,high
random,41669.433616507886,41689.60712297661,high
random,23093.878021416087,23117.549931366884,high
random,55877.66185643034,55934.910239176,high
random,29673.2827522771,29696.215134994156,high
random,44493.121101758894,44545.82224984068,high
random,30266.785902019237,30289.926212695842,high
random,39101.187272631156,39157.55124445268,high
random,33758.408504041494,33940.52604129232,high
random,40935.24917495204,40951.74569382317,high
random,37203.35587404243,37247.900425667314,high
random,21606.767480789505,21625.09776340903,high
random,17589.879002875397,17624.59482076845,high
random,17786.38920569508,17870.42296474772,high
random,23439.865520979183,23449.341449521715,high
random,40674.39664184809,40678.744569504735,high
random,21490.460958812047,21506.216278622298,high
random,25434.861703660725,25450.31653739464,high
random,37285.090632277956,37310.54499763632,high
random,20775.345772654626,20792.665237872458,high
random,36236.045584773834,36269.65344901766,high
random,33466.42938865165,33508.84471547909,high
random,28745.298571486,28762.175090994824,high
random,34436.11679231326,34517.44901711831,high
random,31171.25961286284,31175.70715976644,high
random,35285.698498005404,35306.73603454803,high
random,41315.36027508544,41327.61281880149,high
random,36623.780042155915,36649.4294651514,high
random,37891.67463525577,37948.25054947812,high
random,73982.43335022095,74013.69796651241,high
random,35018.167554311374,35084.19174338913,high
oracle,32737.647735822957,32744.99622535894,high
oracle,10371.21295278497,10377.810959807002,high
oracle,14414.86507238137,14424.026596975391,high
oracle,16328.78805847056,16341.062370429809,high
oracle,17183.512737203757,17216.100412850064,high
oracle,14645.969120623571,14685.480219943662,high
oracle,25974.22995973889,25989.1134303984,high
oracle,26931.29050820162,26978.663642034076,high
oracle,31122.364848337915,31146.05313265673,high
oracle,22550.45283946281,22571.643407764597,high
oracle,21894.41635940222,21911.181575064715,high
oracle,24274.017853484333,24309.80761041625,high
oracle,31873.81730199221,31924.205439759266,high
oracle,30129.75126233903,30151.748703538986,high
oracle,38204.03278377652,38212.63529809617,high
oracle,25893.472270394854,25955.18227319889,high
oracle,28750.9773611314,28760.75461867254,high
oracle,36208.60688643046,36293.95356988114,high
oracle,30819.492242678854,30832.97194790003,high
oracle,45201.273095022974,45202.18695552752,high
oracle,14346.529070930725,14396.995682766836,high
oracle,22552.451327251667,22569.7199067603,high
oracle,22426.51903507068,22451.434778223913,high
oracle,15423.032022670057,15439.155540481814,high
oracle,17163.187516841368,17778.652548341957,high
oracle,21586.178085645384,21612.002136866144,high
oracle,16375.634891739288,16404.609676636865,high
oracle,31908.698754894533,31933.384002534898,high
oracle,21133.570276056475,21143.95234917359,high
oracle,24870.40493851457,24885.702006108186,high
oracle,25720.004716164112,25724.12278692082,high
oracle,37057.37090441091,37094.24319909624,high
oracle,32142.891504020798,32151.548441698527,high
oracle,25549.811159346416,25595.971380282514,high
oracle,44291.13267941763,44304.64214450789,high
oracle,25945.257817631827,25973.360557060623,high
oracle,33141.41830238917,33147.614732822585,high
oracle,35905.78492955468,35937.91562816348,high
oracle,44082.125890555726,44110.11409801565,high
oracle,44979.02470746494,44982.94921467239,high
oracle,8470.693057752742,8511.293588323744,high
oracle,16390.2671131851,16434.756010072826,high
oracle,20285.893979862605,20360.52898825598,high
oracle,17787.630228397666,17825.749756750753,high
oracle,14541.623584604737,14543.0072159157,high
oracle,27663.703697247398,27685.0260739072,high
oracle,20416.725427411453,20445.13470880055,high
oracle,23411.464512855004,23532.640844257767,high
oracle,30889.702443651775,30908.818038273097,high
oracle,25248.232394800583,25264.32717743812,high
oracle,20265.16213571108,20277.20924033277,high
oracle,27040.214358181653,27067.789121320595,high
oracle,39212.759598136516,39277.036720189695,high
oracle,25362.044609714172,25387.673281556876,high
oracle,26060.24458569786,26102.809653310243,high
oracle,36024.8160637506,36048.766390889796,high
oracle,37065.267696202754,37103.45928034661,high
oracle,32174.99731279231,32190.365126324214,high
oracle,30485.9019231099,30504.974275341752,high
oracle,32177.67517226046,32241.559501374417,high
oracle,10222.005352249842,10226.019981018624,high
oracle,12467.855344068557,12479.417766438692,high
oracle,17353.895996246203,17359.885330208028,high
oracle,15045.947043796345,15072.51438886961,high
oracle,15030.705018076966,15038.145970722126,high
oracle,18430.412212145362,18479.070545726325,high
oracle,18836.485269463752,18860.106724030862,high
oracle,32335.870393133766,32481.280620419362,high
oracle,24378.244729954436,24404.44048795774,high
oracle,42259.63940398972,42263.2514102663,high
oracle,33939.99113425767,33958.623665618215,high
oracle,25986.290587603642,26019.555113997885,high
oracle,24584.670113476568,24674.59005749053,high
oracle,24540.42395858236,24552.544731588154,high
oracle,28852.686611485922,28942.37767516314,high
oracle,28768.10998196566,28818.63436371013,high
oracle,32910.591156390816,32951.74399824112,high
oracle,42801.153236491155,42825.233423791346,high
oracle,92667.94437036975,92676.67073837214,high
oracle,37799.48107653765,37889.60453318588,high
oracle,13220.61889710741,13220.84252856252,high
oracle,11059.931939129112,11084.125081002876,high
oracle,18867.826337463368,18947.485374862586,high
oracle,19852.381423913557,19866.39128600072,high
oracle,14056.10530162724,14081.766223961322,high
oracle,17891.446980368182,17922.701238380618,high
oracle,42455.42469945706,42524.182134616305,high
oracle,29179.76002494687,29206.61693773584,high
oracle,78996.94806615383,79063.17003218108,high
oracle,48679.30929025918,48691.337672168826,high
oracle,24803.851943134254,24825.625702416008,high
oracle,42246.95726559593,42261.28514450471,high
oracle,26910.911755057947,26959.214292445562,high
oracle,27961.629581331556,27983.362093823387,high
oracle,28399.80388420814,28425.599817734073,high
oracle,26603.53422290798,26637.88948688372,high
oracle,44009.70644006336,44024.83520507072,high
oracle,33173.38298004458,33214.413843392016,high
oracle,32336.77825129207,32357.675603010088,high
oracle,35267.474671948046,35283.69321952906,high
oracle,12485.470115189126,12505.573727604924,high
oracle,15625.76538113232,15692.83460003035,high
oracle,18347.742118898583,18355.854185324708,high
oracle,14927.67430980058,14963.098411940213,high
oracle,23967.868183652452,23988.992013867468,high
oracle,13992.247166312327,14006.819302290041,high
oracle,19698.47978479328,19720.270763018038,high
oracle,33919.1107587545,33953.63116306976,high
oracle,29887.883177399017,29973.282815043553,high
oracle,24054.81897147463,24058.311283816587,high
oracle,20830.553502145343,20836.6489656196,high
oracle,52111.58104162399,52121.77553626115,high
oracle,28601.55803368609,28631.33461404383,high
oracle,32469.349983279943,32489.71208499073,high
oracle,30120.682817165998,30124.10304442535,high
oracle,37222.49027700566,37316.16603046216,high
oracle,38370.145392415514,38407.829219818,high
oracle,31424.92323533432,31436.210857100887,high
oracle,39741.22894544318,39760.139412772245,high
oracle,40150.8877460734,40198.93192751681,high
oracle,10960.084313818188,10985.565162228926,high
oracle,13087.14297786864,13097.148730932982,high
oracle,22555.896850764115,22647.39730849811,high
oracle,16958.99943005997,16976.59800459817,high
oracle,14190.231419501935,14201.607961842099,high
oracle,15870.907038305542,15884.984169013573,high
oracle,31956.516189924438,31971.412072077263,high
oracle,21339.231043619515,21400.44081827254,high
oracle,29040.636627595766,29119.304082297036,high
oracle,38194.531252461544,38212.900378482314,high
oracle,24938.963788746616,24965.403821148087,high
oracle,22207.69118329454,22215.226175960484,high
oracle,26218.140160217798,26255.86753600581,high
oracle,37711.23802913256,37755.557549733414,high
oracle,26011.76678409235,26024.874979164426,high
oracle,35481.60667041981,35522.04687685725,high
oracle,54362.95251355321,54387.50776506725,high
oracle,31184.80105235052,31226.481731797925,high
oracle,32479.175952881134,32508.90773854297,high
oracle,51616.49324179241,51638.70614063642,high
oracle,17791.705011334023,17811.757780155567,high
oracle,10883.397767127555,10908.22860406592,high
oracle,45087.78108251062,45114.49904416938,high
oracle,13319.058265474267,13391.323045640296,high
oracle,19910.749149070158,19923.16398900418,high
oracle,23524.02903002013,23526.757159526493,high
oracle,19466.358810079855,19475.783931264774,high
oracle,20697.518590243966,20710.9344380339,high
oracle,20437.83714439672,20453.840163174194,high
oracle,21193.9527164823,21205.427992149962,high
oracle,25481.4823116003,25494.77325999513,high
oracle,28466.27377047493,28476.408390022058,high
oracle,41284.68235001703,41288.92697586827,high
oracle,37911.40084636529,38009.07659135468,high
oracle,36111.22512394587,36166.781269393316,high
oracle,33292.46609796989,33324.159661355545,high
oracle,32917.35366654194,33020.24581990289,high
oracle,30698.46835794745,30719.509996510737,high
oracle,37703.15134547343,37709.64517746412,high
oracle,34830.35828500423,34870.37241524493,high
oracle,11919.592494676435,11969.247729418392,high
oracle,15172.967846773463,15191.80964095621,high
oracle,18038.04065235002,18162.180855627088,high
oracle,16169.874678558206,16211.699680383073,high
oracle,17210.7359076711,17232.47504222029,high
oracle,21652.75626321221,21672.180044435874,high
oracle,20703.727923301554,20712.7009351179,high
oracle,28797.213325870016,28897.351420800675,high
oracle,28495.56706519261,28535.26220700024,high
oracle,25940.499561219767,25954.981447908627,high
oracle,24300.529351515885,24310.230526244362,high
oracle,25126.26693156163,25171.89800256044,high
oracle,44073.285799859186,44141.8007264684,high
oracle,28996.500970702895,29011.699984284278,high
oracle,29119.96446226891,29134.479304881068,high
oracle,32965.68764345707,32988.248556581086,high
oracle,30038.724773529513,30057.173461390008,high
oracle,30803.549089208223,30816.024289695844,high
oracle,33619.983491205356,33649.234065520024,high
oracle,33688.73878865571,33744.694116995655,high
oracle,9336.365866254559,9350.980895792389,high
oracle,11643.087327422081,11648.66088076846,high
oracle,14218.198997828287,14236.995907614719,high
oracle,17102.68369792621,17134.57838806248,high
oracle,16958.283596231024,16976.937704017095,high
oracle,17093.186424660675,17140.595690455,high
oracle,30364.860030759708,30413.19721158736,high
oracle,25003.37869874239,25058.12777407266,high
oracle,19308.088497603432,19329.484737908624,high
oracle,21896.164817399516,21900.044285545853,high
oracle,20192.934698284404,20212.68384758901,high
oracle,25538.984324903206,25547.49233288937,high
oracle,26949.947526209588,26978.578116880868,high
oracle,25900.070977451756,25940.99243661604,high
oracle,32714.70197680592,33571.26462554296,high
oracle,34652.247841881515,34660.37457816118,high
oracle,33795.25167789309,33800.35701786304,high
oracle,34412.350096439724,34415.31801426546,high
oracle,38278.295083566096,38305.69797466961,high
oracle,56157.30888343524,56253.88659739451,high
SIT-safe,130854.98534493006,130858.39165193145,saturation
SIT-safe,21689.30590305197,21712.14445629202,saturation
SIT-safe,19176.916198546165,19228.655192743598,saturation
SIT-safe,23464.48025390835,23478.507360313582,saturation
SIT-safe,28978.764513264014,29013.332014619897,saturation
SIT-safe,25111.152994631164,25161.008095435725,saturation
SIT-safe,24058.943456688943,24099.314311638358,saturation
SIT-safe,26508.065829853367,26520.624120678563,saturation
SIT-safe,30575.56551970649,30619.406388928684,saturation
SIT-safe,37028.40569926552,37054.75128839241,saturation
SIT-safe,30622.601672666417,30631.08188160255,saturation
SIT-safe,35396.48095174834,35427.34493536163,saturation
SIT-safe,48789.03508990767,48799.85599272135,saturation
SIT-safe,33743.968760330456,33760.512913777406,saturation
SIT-safe,36309.39668347301,36316.76119028083,saturation
SIT-safe,37994.40260019528,38000.01014407532,saturation
SIT-safe,42799.677596891896,42894.02591485831,saturation
SIT-safe,43152.29450933839,43162.6838030479,saturation
SIT-safe,45464.30950774265,45490.37384620147,saturation
SIT-safe,44137.22963901549,44170.66699338608,saturation
SIT-safe,14756.426788220924,14798.661872199933,saturation
SIT-safe,17748.57263884863,17767.88994076894,saturation
SIT-safe,16611.12256138044,16667.844976335415,saturation
SIT-safe,30475.414454485617,30509.574614873258,saturation
SIT-safe,23925.280227226638,23945.673976084843,saturation
SIT-safe,22658.56440590286,22679.078241061314,saturation
SIT-safe,34877.191444012446,34884.28547253888,saturation
SIT-safe,27744.557874657003,27778.533686176183,saturation
SIT-safe,27438.309033487694,27446.341930608745,saturation
SIT-safe,29211.15364077878,29240.697843180307,saturation
SIT-safe,35657.455394176075,35674.072998024705,saturation
SIT-safe,38934.65307412522,38957.15477512416,saturation
SIT-safe,39444.60380922157,39500.70325975484,saturation
SIT-safe,38681.45339801061,38699.54369912314,saturation
SIT-safe,35014.83782659477,35019.52508898191,saturation
SIT-safe,41340.481171961226,41375.48075132686,saturation
SIT-safe,38916.60595767683,38962.86163306453,saturation
SIT-safe,53061.118417396596,53099.0863033747,saturation
SIT-safe,49036.23980238022,49052.46254285821,saturation
SIT-safe,47530.4017481635,47547.33128715995,saturation
SIT-safe,20829.656252485707,20862.059720690682,saturation
SIT-safe,19523.67534413824,19555.600030256464,saturation
SIT-safe,22079.05823561976,22106.035216595345,saturation
SIT-safe,18831.95718896673,18896.080582758805,saturation
SIT-safe,19628.38874618581,19701.667127248373,saturation
SIT-safe,20211.630308104144,20243.418089728246,saturation
SIT-safe,26475.412072166815,26490.05213983054,saturation
SIT-safe,25874.367849784998,25896.58343798657,saturation
SIT-safe,27220.73461473698,27252.11032037292,saturation
SIT-safe,35622.163157354174,35634.76096654097,saturation
SIT-safe,38988.398840385125,39047.18919270595,saturation
SIT-safe,31584.131017480464,31613.270983970673,saturation
SIT-safe,34317.33954784008,34334.38076361136,saturation
SIT-safe,36330.545007111345,36360.513946416235,saturation
SIT-safe,39137.926895966426,39180.318307834954,saturation
SIT-safe,35102.24371649397,35169.725886220105,saturation
SIT-safe,48792.87638664928,48802.05802328342,saturation
SIT-safe,55799.38465872215,56051.61548559895,saturation
SIT-safe,43119.41403032597,43175.947929003305,saturation
SIT-safe,44895.594865887906,44939.03531517351,saturation
SIT-safe,19154.09172185012,19176.65390898104,saturation
SIT-safe,33052.49852912533,33097.64896465109,saturation
SIT-safe,16864.05125863291,16896.813458866112,saturation
SIT-safe,24010.498642630973,24044.034600889052,saturation
SIT-safe,19281.18474272554,19293.014594570945,saturation
SIT-safe,20493.105282287343,20516.446668352903,saturation
SIT-safe,30152.951029043612,30201.971766799776,saturation
SIT-safe,34328.10293883585,34351.68248878309,saturation
SIT-safe,25995.85505979371,26026.185558241246,saturation
SIT-safe,30165.921411507567,30169.300258127303,saturation
SIT-safe,29581.092374047206,29609.229565350273,saturation
SIT-safe,32637.30767783866,32651.71543450406,saturation
SIT-safe,37716.95809328251,37813.79463829074,saturation
SIT-safe,36246.67881589706,36257.93622030088,saturation
SIT-safe,55795.89833187491,55816.11181251831,saturation
SIT-safe,37461.604499325105,37519.32282735614,saturation
SIT-safe,41625.762488957225,41654.17305399962,saturation
SIT-safe,49745.46106147184,49762.99315548496,saturation
SIT-safe,99275.40924273118,99294.55930416251,saturation
SIT-safe,41903.6743493444,41997.751428926225,saturation
SIT-safe,13001.652904980263,13019.743433017284,saturation
SIT-safe,16273.909899213373,16298.934295941433,saturation
SIT-safe,18704.160647613324,18779.462509202578,saturation
SIT-safe,20234.23051245863,20262.828753624894,saturation
SIT-safe,80334.87110628914,108579.4782993005,saturation
SIT-safe,19671.135315031646,19699.30083850106,saturation
SIT-safe,55572.01580404883,55589.648548298865,saturation
SIT-safe,24436.38984756213,24451.06853462635,saturation
SIT-safe,28284.081983237462,28285.733908319606,saturation
SIT-safe,31253.861776362817,31263.7673927703,saturation
SIT-safe,46719.5387933754,46762.1414127764,saturation
SIT-safe,36668.39871445981,36743.6518302217,saturation
SIT-safe,39428.986769225725,39470.44177155812,saturation
SIT-safe,36058.368319992245,36070.503662532115,saturation
SIT-safe,43226.24958204993,43236.12050356601,saturation
SIT-safe,45865.40100652925,45930.8583485356,saturation
SIT-safe,42835.283520573474,42863.01055541111,saturation
SIT-safe,50878.86119926169,51143.04134038847,saturation
SIT-safe,49310.693782293616,49319.22636407569,saturation
SIT-safe,46269.02921230335,46273.84830452425,saturation
SIT-safe,10441.944227786358,10457.978241526904,saturation
SIT-safe,24264.404821889464,24325.426798090666,saturation
SIT-safe,16583.525701857798,16782.62721008138,saturation
SIT-safe,24767.15237501027,25777.92038145089,saturation
SIT-safe,27213.037946702683,27233.71287023979,saturation
SIT-safe,21260.073171178843,21280.32985731413,saturation
SIT-safe,23911.305091493326,23919.813203719328,saturation
SIT-safe,25125.848220889213,25140.967149123462,saturation
SIT-safe,33998.76331267828,34012.61919941531,saturation
SIT-safe,28793.91634194919,28801.935588120432,saturation
SIT-safe,32893.43704844865,32918.519390307425,saturation
SIT-safe,38453.43506199525,38485.91748496033,saturation
SIT-safe,33370.846841111896,33383.70564521999,saturation
SIT-safe,34274.89473174641,34391.53892234071,saturation
SIT-safe,96188.8977166741,96219.55947540517,saturation
SIT-safe,33954.461196757235,33979.54083337055,saturation
SIT-safe,42136.67698549437,42137.930270147204,saturation
SIT-safe,42296.54574555779,42454.11951829864,saturation
SIT-safe,45671.90741225362,45700.21429017032,saturation
SIT-safe,46765.43784682874,46793.9664681145,saturation
SIT-safe,23562.385217354782,23673.330343320275,saturation
SIT-safe,14278.493833472845,14322.779130897521,saturation
SIT-safe,23424.944872590746,23464.104115487775,saturation
SIT-safe,18099.870338402758,18124.745246681894,saturation
SIT-safe,25158.699282237398,25163.609197045596,saturation
SIT-safe,22619.68682138105,22626.86032589504,saturation
SIT-safe,21862.583125504003,21869.81053466768,saturation
SIT-safe,34178.47708632789,34465.10908964958,saturation
SIT-safe,26726.025227546543,26770.5101726047,saturation
SIT-safe,28611.513313067928,28626.567704353027,saturation
SIT-safe,28326.537275661914,28379.49992140928,saturation
SIT-safe,48596.581979622555,48604.11256152361,saturation
SIT-safe,41515.91317999621,41580.729835038466,saturation
SIT-safe,33993.193526716444,34004.639751708906,saturation
SIT-safe,55751.19381344488,55774.86373698166,saturation
SIT-safe,38529.35609292625,38546.521719173674,saturation
SIT-safe,39693.16805968805,39727.163709222616,saturation
SIT-safe,47903.51157436336,47941.77783511764,saturation
SIT-safe,42958.71276457049,42965.15070492544,saturation
SIT-safe,44923.78696090457,44954.84006890983,saturation
SIT-safe,12887.849111797224,12926.618668490502,saturation
SIT-safe,18453.633889256867,18469.324915070127,saturation
SIT-safe,23004.49531414329,23297.980467642064,saturation
SIT-safe,21695.203552329553,21702.73307269188,saturation
SIT-safe,29652.64737154185,29700.84274585457,saturation
SIT-safe,26643.384941613152,26667.873924664476,saturation
SIT-safe,42502.39398436345,42526.08960278881,saturation
SIT-safe,35647.20549904335,35701.99047831172,saturation
SIT-safe,30372.778867837118,30413.772218137718,saturation
SIT-safe,29897.143801448266,29899.864198809533,saturation
SIT-safe,31089.355075132768,31098.852723858785,saturation
SIT-safe,36432.19187759447,36443.536971901674,saturation
SIT-safe,33447.767196467204,33484.289917444985,saturation
SIT-safe,46482.65691863014,46512.16655526268,saturation
SIT-safe,35700.81981115956,35724.610942808475,saturation
SIT-safe,34510.365090067295,34580.75720352368,saturation
SIT-safe,49748.75850744832,49792.65461177389,saturation
SIT-safe,51926.097202543846,51936.14425612343,saturation
SIT-safe,43002.586442882515,43008.098875265714,saturation
SIT-safe,46685.689230647375,46696.393785793065,saturation
SIT-safe,15456.03714837397,15480.858495574183,saturation
SIT-safe,17945.68358592494,17985.60447281378,saturation
SIT-safe,17458.471069433206,17518.74800041436,saturation
SIT-safe,35143.34071374247,35302.28308401482,saturation
SIT-safe,18863.28168200358,18873.334214221934,saturation
SIT-safe,26381.188383773297,26394.567847804796,saturation
SIT-safe,22275.580894008774,22294.48580509132,saturation
SIT-safe,25064.614860432655,25079.66232322946,saturation
SIT-safe,28678.706301840284,28760.203978677302,saturation
SIT-safe,28874.107432539917,28882.704667291342,saturation
SIT-safe,26280.794587863114,26322.10696662412,saturation
SIT-safe,40058.10489266617,40071.534125219005,saturation
SIT-safe,33246.576466803075,33313.85171779481,saturation
SIT-safe,41012.03105751094,41081.32275231677,saturation
SIT-safe,35969.9404784362,35983.89600664639,saturation
SIT-safe,36389.13327092022,36438.18803065658,saturation
SIT-safe,43420.97430833705,43425.4215657114,saturation
SIT-safe,48023.23075687126,48263.06540258728,saturation
SIT-safe,46757.6797173738,46803.404116284335,saturation
SIT-safe,45151.567111398326,45187.50584683541,saturation
SIT-safe,31452.37223454904,31496.517823414557,saturation
SIT-safe,19157.419159749294,19214.41692373161,saturation
SIT-safe,21303.161304546164,21330.68938053421,saturation
SIT-safe,31401.047780866294,31421.810551060356,saturation
SIT-safe,22102.56521968002,22126.289576695093,saturation
SIT-safe,22252.33741400107,22266.6120197805,saturation
SIT-safe,34415.44391416003,34471.461741841806,saturation
SIT-safe,27330.417847181052,27448.077127950957,saturation
SIT-safe,28862.340234734776,28908.981832522233,saturation
SIT-safe,50536.207367979696,50543.52757646468,saturation
SIT-safe,27806.711274430323,27811.91927742423,saturation
SIT-safe,33294.2692937707,33346.760269586564,saturation
SIT-safe,37950.49218361549,38127.14566351734,saturation
SIT-safe,33723.83424822288,33748.76359042182,saturation
SIT-safe,36911.23560740212,36939.393011348984,saturation
SIT-safe,41509.71076456185,41526.39563021556,saturation
SIT-safe,36903.61116765688,36910.13836283854,saturation
SIT-safe,53003.9641344575,53092.67564205243,saturation
SIT-safe,65903.16425449947,65926.19439121115,saturation
SIT-safe,77251.40252707702,77283.08237456517,saturation
partition,14005.577217863058,14026.772640393567,saturation
partition,8400.60433144308,8419.943651533087,saturation
partition,10832.260092648343,10900.975557836173,saturation
partition,12762.527588601748,12777.339369887104,saturation
partition,15489.766176919142,15505.11589253312,saturation
partition,22768.80722016454,22792.2589190878,saturation
partition,255574.73734127538,255584.48432441684,saturation
partition,20244.510369482447,20265.192866474565,saturation
partition,18565.65706135897,18661.669370182106,saturation
partition,22838.76943581682,22875.48238911684,saturation
partition,19880.709545477795,19891.188817340335,saturation
partition,35299.83902273997,35319.038300433676,saturation
partition,28877.810752189627,28976.0722422516,saturation
partition,31114.06998262727,31126.131929030285,saturation
partition,30538.2867169592,30557.23537341874,saturation
partition,58534.64829248099,58598.07234329634,saturation
partition,38947.073429385855,38959.14923212539,saturation
partition,38351.28608820611,38494.543187326795,saturation
partition,34074.86229363691,34132.55133288866,saturation
partition,33711.91356718579,33726.86920598826,saturation
partition,6623.898673590442,6638.960438185171,saturation
partition,26720.482351108818,26725.327824255277,saturation
partition,11216.792509940457,11271.508120879738,saturation
partition,24443.820753101365,24468.730251512694,saturation
partition,9694.30089414951,9700.0831572871,saturation
partition,18183.090174988818,18189.927221001533,saturation
partition,24313.776293603994,24387.40605324204,saturation
partition,18746.332323848634,18774.440493063506,saturation
partition,19105.57773244814,19165.66867350645,saturation
partition,18279.675706733953,18290.30431545216,saturation
partition,19308.010257532376,19324.343579452197,saturation
partition,24017.70316238243,24028.47236415321,saturation
partition,35129.18782958721,35173.97382313393,saturation
partition,28290.99272489109,28329.278912143083,saturation
partition,25562.779599560512,25599.49072193678,saturation
partition,31300.377144954215,31341.297152431267,saturation
partition,30055.13328771047,30086.8974328949,saturation
partition,38974.860567417636,39165.79496756288,saturation
partition,46788.00884989266,46804.98797389973,saturation
partition,38735.75213602284,38759.7977429858,saturation
partition,4902.710296751946,4971.158357876109,saturation
partition,18895.557422036873,18909.602977581882,saturation
partition,13957.415639878047,14051.208446822373,saturation
partition,40084.300490598405,40113.62294813212,saturation
partition,28234.346362489512,28278.222291851336,saturation
partition,23998.443762140898,24021.15837030321,saturation
partition,24661.294204002093,24671.404547627404,saturation
partition,20784.094718001834,20851.60100035218,saturation
partition,22668.04079438722,22690.47478705926,saturation
partition,19626.89728985692,19635.013465418364,saturation
partition,37849.82917650678,37868.66491953229,saturation
partition,37905.28861288724,37917.06203554179,saturation
partition,32017.36225639057,32064.118158681013,saturation
partition,26650.582685412734,26687.942558492505,saturation
partition,27177.556163667552,27192.233289026095,saturation
partition,52945.84893558765,53030.587069450296,saturation
partition,32025.227408255472,32030.658246713458,saturation
partition,48851.79341081989,48926.608640138555,saturation
partition,45359.034545530405,52388.45475291401,saturation
partition,34002.69773530304,34032.481382972386,saturation
partition,13478.911896331689,13519.7012426064,saturation
partition,16032.327129281346,16056.095174936614,saturation
partition,13730.183063505277,13833.55040852263,saturation
partition,11031.260881359533,11055.521629647988,saturation
partition,15490.246800086963,15496.129863867587,saturation
partition,12649.246910916501,12707.12506217659,saturation
partition,15435.95063168324,15448.127260140162,saturation
partition,24745.925959963777,24863.636900428264,saturation
partition,18803.796281956136,18888.5147550464,saturation
partition,39376.528243761524,39382.0139582196,saturation
partition,19233.86906885799,19253.86253582849,saturation
partition,23201.73880528985,23202.24024848096,saturation
partition,39623.248693230315,39706.02956318833,saturation
partition,29583.78053661707,29597.68166639962,saturation
partition,26808.228113693676,26825.914126363983,saturation
partition,28847.633133339416,28865.468548189187,saturation
partition,48154.72795425243,48194.4244350669,saturation
partition,60946.77459407697,61037.34677921381,saturation
partition,54600.094486639784,54652.13351847694,saturation
partition,33567.127308999545,33577.14644341014,saturation
partition,15949.17311284374,15957.622472826926,saturation
partition,11977.785813366703,11986.225454820305,saturation
partition,14042.269104075536,14100.034544312432,saturation
partition,20716.602300094877,20733.168018593533,saturation
partition,14920.93748822533,14936.704036351643,saturation
partition,13419.464407580528,13430.374405212466,saturation
partition,23905.210325921533,23919.50715115096,saturation
partition,24315.66913897794,24399.47599376167,saturation
partition,17172.548476886197,17205.918843859243,saturation
partition,21031.099239638654,21048.91973845582,saturation
partition,20971.915936000725,21022.345745986422,saturation
partition,27083.931598243384,27096.210497222484,saturation
partition,30014.280059906003,30089.200571065187,saturation
partition,27039.93370621709,27069.56231568277,saturation
partition,37129.738015923205,37146.683830440365,saturation
partition,29411.878451114855,29412.83259950232,saturation
partition,34567.88149025957,34597.93540804429,saturation
partition,34618.22558949561,34709.943481036615,saturation
partition,33782.64496433788,33810.296275672554,saturation
partition,43601.010650043565,43615.01698856924,saturation
partition,12090.302405712388,12203.106137110122,saturation
partition,11730.413277708685,11768.191869970355,saturation
partition,14667.922363330179,14779.03864956261,saturation
partition,26640.062538375267,26673.03455567076,saturation
partition,11130.388757018052,11139.885912066484,saturation
partition,19954.31878971552,19971.513220321132,saturation
partition,17315.17320197989,17348.078667528487,saturation
partition,20379.639878609774,20397.8694265795,saturation
partition,28366.76875789753,28401.97836875998,saturation
partition,21135.99995531078,21167.92606487945,saturation
partition,28785.55781359193,28810.781872932217,saturation
partition,26746.971502674904,26748.229448848724,saturation
partition,26789.155480899437,26906.58037672548,saturation
partition,30543.81168581589,30844.88670244516,saturation
partition,34802.014410261574,34808.53272360785,saturation
partition,36844.75147959394,36889.57755351709,saturation
partition,36553.18599508137,36581.37203366222,saturation
partition,35516.75034034293,35527.3024483277,saturation
partition,33453.37070325713,33457.67314588596,saturation
partition,39955.48638721782,39985.43437364782,saturation
partition,36670.40371320078,36683.7186101007,saturation
partition,5969.467312694768,5998.800471425695,saturation
partition,16299.314922767837,16326.990550934494,saturation
partition,21985.737820084098,22026.680321013395,saturation
partition,10958.047689199368,10975.887267888145,saturation
partition,12342.301182790674,12362.771954941676,saturation
partition,19296.082924444836,19300.837568536917,saturation
partition,19643.59998337845,19676.477623735693,saturation
partition,21589.654939052096,21621.027528292776,saturation
partition,24964.80758719727,24969.646642478132,saturation
partition,37590.980532078815,37625.096548261005,saturation
partition,24517.16794706194,24536.696787613182,saturation
partition,35105.92428872966,35169.293344222926,saturation
partition,51467.0395881536,51493.12138889817,saturation
partition,29513.09038180198,29559.242949043357,saturation
partition,56775.22722032643,56830.22946754022,saturation
partition,41156.70300617135,41191.753701936424,saturation
partition,40740.24304234314,40889.14472369068,saturation
partition,34218.635863077594,34259.46722832745,saturation
partition,36091.40845422242,36114.15537181071,saturation
partition,33125.14146658843,33169.13621718992,saturation
partition,6812.032154385327,6832.278841596035,saturation
partition,26761.223091497257,26784.865312234047,saturation
partition,11161.70512359274,11175.610650511579,saturation
partition,9741.727781905454,9746.894689880774,saturation
partition,14486.410394417715,14539.3542822593,saturation
partition,17047.760820207688,17070.392901603867,saturation
partition,36070.304391581376,36106.27688680439,saturation
partition,18936.143332391646,19012.11304469961,saturation
partition,20765.420404146775,20795.367693354718,saturation
partition,39457.28042438145,39496.542981306164,saturation
partition,38994.98798712337,39010.308000346115,saturation
partition,35856.89159645027,35885.90914744918,saturation
partition,29384.97871792217,29433.857996639068,saturation
partition,26671.66051043807,26693.397357822287,saturation
partition,34461.099052518315,34471.542344278845,saturation
partition,34034.5841236347,34044.31985593827,saturation
partition,34595.777376493206,34682.891668779535,saturation
partition,45676.39425903739,45686.15467707615,saturation
partition,39125.93094989709,39146.24111783973,saturation
partition,20424.014191557504,20429.766610045925,saturation
partition,5754.258616822827,5790.028205086795,saturation
partition,14480.482880999689,14498.42464577335,saturation
partition,13570.835046407514,13610.901106748828,saturation
partition,9976.246904245081,9984.316176546301,saturation
partition,13203.510372745106,13261.362402564699,saturation
partition,17995.830737853852,18026.467070482402,saturation
partition,25713.261564901528,25730.863074602705,saturation
partition,35270.10596097313,35287.8153634766,saturation
partition,25816.514907676054,25836.357037335336,saturation
partition,29048.761367126375,29053.182040410153,saturation
partition,23855.8551737687,23866.830189267,saturation
partition,30821.379817327655,30865.588455667355,saturation
partition,26900.395974961273,26923.31846275313,saturation
partition,28541.190779268625,28575.82531495083,saturation
partition,40645.901881666345,40691.30820661488,saturation
partition,31403.652253114014,31443.99792419492,saturation
partition,46471.05808850621,46527.04904199498,saturation
partition,70939.1030081861,70951.3596272331,saturation
partition,42284.94803017725,42301.53363714932,saturation
partition,8341.799637899045,8394.344255716802,saturation
partition,57538.52393471822,57584.77179166741,saturation
partition,23289.31014195774,23320.07571375409,saturation
partition,17130.111517344325,17136.732664016963,saturation
partition,26969.251409172288,27023.02112318032,saturation
partition,19119.50610798183,19144.89722145121,saturation
partition,16904.373724876852,16926.384066894272,saturation
partition,20792.994034998635,21010.16322610581,saturation
partition,17150.266119935233,17367.11224104155,saturation
partition,26638.582553509215,26651.183836521122,saturation
partition,22389.949567687363,22400.058984496605,saturation
partition,23868.31872797378,23886.1559473649,saturation
partition,26829.371073970895,26858.3678995803,saturation
partition,26016.332808319476,26024.197449952553,saturation
partition,36464.64987645417,36478.353803577775,saturation
partition,28745.662394777086,28757.159337204903,saturation
partition,60681.498930369766,60735.42191103044,saturation
partition,37610.10373075717,37651.581138232184,saturation
partition,76472.66956324791,76566.72490782842,saturation
partition,38231.23059967398,38236.25562584508,saturation
random,21616.947543900216,21654.891314202512,saturation
random,27450.836510642956,27485.04306525248,saturation
random,45689.983800488895,45802.96040953765,saturation
random,26565.143435756152,26577.80159944026,saturation
random,21694.01936570306,21697.315854756765,saturation
random,27201.809740156325,27231.447349898794,saturation
random,33839.392283293004,33871.3121839392,saturation
random,37782.55766391363,37900.50766301088,saturation
random,31180.362889439468,31205.28367121554,saturation
random,36333.69660663831,36344.711600701004,saturation
random,35864.99561158388,35880.24473518777,saturation
random,43787.657364449646,43839.45279674156,saturation
random,55053.02793213538,55070.53524773243,saturation
random,44351.74339431904,44368.120025114054,saturation
random,52390.56344732577,52396.43457515203,saturation
random,51558.593145827064,51630.958737363864,saturation
random,46195.079221944354,46204.320576447455,saturation
random,45602.67233645026,45690.17220459177,saturation
random,48788.111333276254,48832.242966201884,saturation
random,52467.12803963934,52495.24553151454,saturation
random,24988.646325365724,25014.900866498843,saturation
random,31354.264621152295,31377.7554941635,saturation
random,73424.06122340738,73462.16053326002,saturation
random,26966.66790996555,27021.324371524013,saturation
random,31007.52913604508,31026.981585218266,saturation
random,28231.80709469546,28247.972142786777,saturation
random,33358.75454757269,33372.66468080492,saturation
random,32188.160796615077,32213.55950309507,saturation
random,32819.675594557564,32841.80639077451,saturation
random,37636.31632111165,37653.04161816913,saturation
random,35387.65628529258,35410.5923262586,saturation
random,41586.44586591008,41600.803853446814,saturation
random,44524.16825636111,44598.24943879309,saturation
random,47401.0685078622,47414.735017967956,saturation
random,54388.25672038698,54402.10972399716,saturation
random,41233.43385325796,41265.602993648274,saturation
random,51989.2036326489,52008.22744608106,saturation
random,46620.13348500362,46728.03615848112,saturation
random,50519.901539078804,50564.947896390375,saturation
random,62451.524193056604,62502.97491174456,saturation
random,40569.40531855056,40578.80023898427,saturation
random,23024.30655525346,23061.199194737528,saturation
random,24074.900458999564,24259.43907480308,saturation
random,34610.220672492185,34657.489135265445,saturation
random,31104.78558445845,31162.412774948076,saturation
random,31213.437102558328,31236.626123940965,saturation
random,31824.05910906996,31832.997281962067,saturation
random,39145.79495044303,39265.162859208096,saturation
random,30250.404962600747,30259.081914832437,saturation
random,42581.06579135081,42601.426688907064,saturation
random,33416.85968073347,33456.42160191813,saturation
random,36825.862341397646,36856.14709733319,saturation
random,53186.74548164143,53270.59513162948,saturation
random,44873.091246888296,44878.134446087955,saturation
random,49680.921763960796,49687.64479408439,saturation
random,52611.1435830293,52661.913827925266,saturation
random,49301.618583307965,49350.02299215534,saturation
random,59805.691592223884,59913.925589915176,saturation
random,47791.43481881056,47805.0005805203,saturation
random,55564.56925412034,55587.74833412316,saturation
random,28161.27870998612,28175.68798712987,saturation
random,31862.5463813463,31929.55648292066,saturation
random,28452.74573328462,29548.711897708345,saturation
random,28933.86607321556,28943.15362977052,saturation
random,28026.139669029377,28051.67831593809,saturation
random,32639.937691451523,32723.713697224175,saturation
random,33675.39406950078,33692.322619428756,saturation
random,45351.95813301234,45432.649926631726,saturation
random,39317.118200666766,39340.16123611517,saturation
random,54415.006894918304,54472.54127898108,saturation
random,40205.99836674145,40256.86783331685,saturation
random,36269.23181512962,36312.6612381266,saturation
random,45790.164855550305,45820.21925744986,saturation
random,47644.502956107295,47781.603561752825,saturation
random,45211.66916444293,45229.8073273177,saturation
random,53624.01412033353,53702.30582148046,saturation
random,63345.099358872816,63389.07638272511,saturation
random,52254.29938707078,52271.670889315064,saturation
random,53541.23990759621,53568.6310626388,saturation
random,71879.57586309404,71900.35315977648,saturation
random,20286.70771701263,20346.729028502792,saturation
random,22179.8181623513,22191.700968060417,saturation
random,32857.02031173775,32913.86763397533,saturation
random,27198.512569341437,27303.707173760442,saturation
random,32123.70821586588,32138.577788029266,saturation
random,26111.974938685973,26153.141880255334,saturation
random,24109.37935975979,24137.381988509456,saturation
random,31925.341142452722,31960.011878479774,saturation
random,36197.6857787214,36231.285707571136,saturation
random,43143.97942770001,43164.123298178776,saturation
random,32795.5507799535,32843.4509296116,saturation
random,45976.78263758347,46021.59645985461,saturation
random,61757.6739695817,61815.25521919426,saturation
random,37628.0587036795,37668.85635412444,saturation
random,40663.172354492475,40682.18748007847,saturation
random,44411.14600357182,44434.60455862811,saturation
random,48202.70114310732,48240.6367852555,saturation
random,58052.1743772656,58145.05451562854,saturation
random,72430.04474070514,72477.12339292004,saturation
random,64757.33712051458,64788.61314081045,saturation
random,30208.333528770556,30231.469842801227,saturation
random,38427.51176981015,38442.37760228724,saturation
random,25760.84216534837,25936.164272272952,saturation
random,21415.486069317692,21477.24778155546,saturation
random,26397.84965965591,26416.798509527096,saturation
random,38937.391464520275,38947.72962644406,saturation
random,37655.37583809335,37709.56858347599,saturation
random,58085.0143892692,58218.501865876766,saturation
random,57832.586991388016,57839.751714597674,saturation
random,50367.811174340066,50414.8484208309,saturation
random,57180.63516060333,57198.009312562484,saturation
random,42764.74751664297,42789.19448475869,saturation
random,56068.71828723703,56128.42507746903,saturation
random,44911.14101617376,44949.3335137762,saturation
random,39363.47518826424,39365.98648162761,saturation
random,44087.67091718828,44289.677027129954,saturation
random,58878.04853961734,58943.51187066997,saturation
random,58379.36952966992,58482.964021185195,saturation
random,58107.09947420904,58118.57690791681,saturation
random,58239.04297845473,58277.50950345356,saturation
random,15910.678996596296,15954.057782347907,saturation
random,41863.3855491449,41865.86653013165,saturation
random,27051.59111446637,27067.03769249574,saturation
random,24471.368086452516,24529.854737360645,saturation
random,38150.41776761359,38168.47598882175,saturation
random,26249.440439684135,26322.00950988251,saturation
random,31329.288804750387,31398.01857985463,saturation
random,35187.31968417983,35196.703935061305,saturation
random,37432.84892167987,37498.20686762159,saturation
random,63643.99854064977,63686.89401477587,saturation
random,53878.80660427704,53924.109994074635,saturation
random,71728.87513649339,71743.37890632957,saturation
random,48321.859073708365,48358.14150679167,saturation
random,41977.10732198489,41993.99567657339,saturation
random,55582.278504162095,55600.87489570529,saturation
random,46830.02179947382,46859.95079423357,saturation
random,46977.849247518236,46979.006045021815,saturation
random,55873.306532653296,55922.05650623698,saturation
random,55859.76494106582,55867.45823306053,saturation
random,53315.007062467404,53371.06235275672,saturation
random,21832.558856424886,21848.96238201949,saturation
random,28323.607462684246,28357.7315117256,saturation
random,32839.558307861924,32872.610708194086,saturation
random,29028.195766996843,29078.117437724166,saturation
random,28530.62795999667,28541.562533346754,saturation
random,42038.2199996764,42074.132000121666,saturation
random,30299.696297063758,30365.005975119904,saturation
random,44125.71518322537,44190.003257099495,saturation
random,32978.57833151879,32983.00271666964,saturation
random,88023.22981702705,88040.33265954202,saturation
random,33553.07893591326,33564.450776852435,saturation
random,48322.55310839683,48396.233320485786,saturation
random,46978.74130129242,47072.69352731456,saturation
random,41408.74412052322,41469.99818562651,saturation
random,57957.968778232374,57965.69787983239,saturation
random,43886.07610439449,43904.655943033256,saturation
random,45861.08767168301,45915.81812213054,saturation
random,52500.577091873034,52563.38349639975,saturation
random,50936.52692803283,50976.54358092255,saturation
random,56124.183078599934,56159.95972250623,saturation
random,15079.782996791539,15104.337512645878,saturation
random,23415.90298056634,23424.214902204123,saturation
random,37120.09881579502,37177.518175468605,saturation
random,33704.61481173868,33724.04948992947,saturation
random,23293.698208024995,23320.13963874335,saturation
random,33234.32647992725,33318.16933059485,saturation
random,31093.141432329,31131.809371721676,saturation
random,32415.347110182818,32465.98328939264,saturation
random,49193.94308392625,49223.73974664361,saturation
random,37652.6999663514,37666.835456505265,saturation
random,34959.50166377806,34980.74024399835,saturation
random,39619.20380977733,39655.364930857584,saturation
random,44036.00214193224,44106.97072206921,saturation
random,41713.665607886054,41718.16134830571,saturation
random,48807.48623796776,48849.662396601314,saturation
random,42202.37476613046,42217.22781915917,saturation
random,50764.72348693168,50808.44299429765,saturation
random,59854.27258246658,59935.70913468434,saturation
random,53464.59580051565,53487.99259685875,saturation
random,58749.748567242794,58753.880659036906,saturation
random,21114.86559400079,21132.733204805696,saturation
random,27333.16222000564,27342.853203366998,saturation
random,25526.614826263292,25574.774727072312,saturation
random,28174.210008857648,28188.392604285327,saturation
random,27208.050546397462,27263.963942722417,saturation
random,32986.609641799,33006.59271933332,saturation
random,29351.892611774434,29367.171561895913,saturation
random,54504.23483414062,54553.95146789343,saturation
random,34683.177741835236,34689.78258024172,saturation
random,42547.19307834654,42617.169922282286,saturation
random,56796.88253966777,56818.13941833021,saturation
random,60894.51115289981,60916.355656721425,saturation
random,45786.49011741021,45942.68903064984,saturation
random,42933.6268893315,42970.25946862003,saturation
random,48104.36739281615,48116.58657035,saturation
random,42484.990523497996,42496.78419363208,saturation
random,49554.95657039503,49565.627917463426,saturation
random,51408.921409998904,51433.69476759041,saturation
random,62894.982653679566,62912.46672954424,saturation
random,58837.45111002708,58882.28842664967,saturation
oracle,15221.504884476572,15224.88675039558,saturation
oracle,17770.334468034955,17791.857497327506,saturation
oracle,18882.124333481035,18975.401544477296,saturation
oracle,37008.315144160915,37034.245418674676,saturation
oracle,18117.27402185583,18140.370613551437,saturation
oracle,21439.281901470855,21522.13319298377,saturation
oracle,24934.396817971097,24976.437867566056,saturation
oracle,26836.02454042457,26870.26326943133,saturation
oracle,33797.65096280202,33804.72980612943,saturation
oracle,29060.26665305647,29065.4531012389,saturation
oracle,27635.79479480302,27736.902712510822,saturation
oracle,30849.672460397793,30884.66302062066,saturation
oracle,33215.35540841676,33256.94980432813,saturation
oracle,45097.93882395511,45125.915480964526,saturation
oracle,54752.37757086002,54776.96925663807,saturation
oracle,39912.44719125213,40001.67689405089,saturation
oracle,36933.90202309241,36963.45811551821,saturation
oracle,42994.956120945164,43006.210271871416,saturation
oracle,43947.29125380019,43990.32387227242,saturation
oracle,86632.41242455135,86667.29541720278,saturation
oracle,23714.32843246993,23740.443271695527,saturation
oracle,16866.659747194677,16881.6380095473,saturation
oracle,18758.429231946466,18777.847373161792,saturation
oracle,22247.22122833588,22270.973670451753,saturation
oracle,24205.483734254794,24236.42489382514,saturation
oracle,28733.872859421164,28763.023997849843,saturation
oracle,28604.08447890722,28607.839131674118,saturation
oracle,38091.325144240356,38121.29978356984,saturation
oracle,38759.26562655457,38766.89403532086,saturation
oracle,30558.926648021097,30573.04646033242,saturation
oracle,32140.93769309186,32152.2915583191,saturation
oracle,31714.85532595384,31731.368220033393,saturation
oracle,34282.63429475219,34307.59236613456,saturation
oracle,36891.93148188511,36914.66805066421,saturation
oracle,40384.87340672732,40392.26471108201,saturation
oracle,41480.73030662763,41533.84227321993,saturation
oracle,47364.83023095073,47395.00635081704,saturation
oracle,60000.90099593531,60031.22871181731,saturation
oracle,51188.008255056615,51220.313756975935,saturation
oracle,45924.64757137495,45950.67039624889,saturation
oracle,26216.995957007788,26250.602738696158,saturation
oracle,28878.723061662975,28886.04189714074,saturation
oracle,20215.516945858668,20228.21089951596,saturation
oracle,16604.76875122847,16615.79016456748,saturation
oracle,39870.16852614017,39927.9818909048,saturation
oracle,24472.832440578793,24486.23362117196,saturation
oracle,42894.297937434705,42907.99126070303,saturation
oracle,29471.057065421308,29500.068925860312,saturation
oracle,25054.096239201095,25069.033174794167,saturation
oracle,31478.52339494641,31509.66170680564,saturation
oracle,32067.30775026072,32088.551913668023,saturation
oracle,34493.860303380134,34503.539592429595,saturation
oracle,33460.67657314423,33522.296746968204,saturation
oracle,41374.543542550426,41455.097230028696,saturation
oracle,49051.68187065268,49054.60624340145,saturation
oracle,42093.433910336804,42134.456953401794,saturation
oracle,47727.42144135847,47781.128405924304,saturation
oracle,58031.6888207218,58161.5456195617,saturation
oracle,40613.76221240909,40634.39591496468,saturation
oracle,47543.34016359783,47586.21684338074,saturation
oracle,13785.551524206798,13802.25492310005,saturation
oracle,18046.235339335668,18051.87717253957,saturation
oracle,19855.35251703492,19916.514814124806,saturation
oracle,20749.000357450423,20762.183692377046,saturation
oracle,18345.781740036473,18370.394490639403,saturation
oracle,20533.31502470822,20608.27829556234,saturation
oracle,38108.837600715124,38125.671902684066,saturation
oracle,25945.81287893028,26396.947778985617,saturation
oracle,39203.725879370606,39206.014089829856,saturation
oracle,39604.957694248886,39625.3785598807,saturation
oracle,29447.012770430403,29471.696516346936,saturation
oracle,32425.28796913392,32489.13524577371,saturation
oracle,32824.45554005764,32832.953429998044,saturation
oracle,46733.68091207566,46760.20956064454,saturation
oracle,42587.050147218644,42622.71290685749,saturation
oracle,35968.05558731152,35970.55375079379,saturation
oracle,38659.11820169112,38698.451148353095,saturation
oracle,51554.76164667623,51585.51180373056,saturation
oracle,46667.52599847199,46698.232363238305,saturation
oracle,45035.24020476005,45067.41891341854,saturation
oracle,15538.459480628626,15546.719395160946,saturation
oracle,14607.347246107976,14645.930019432442,saturation
oracle,16625.761147729845,16697.556014810445,saturation
oracle,27218.18564919042,27221.838240729387,saturation
oracle,30882.291547908066,30903.805000604523,saturation
oracle,25638.422396950944,25640.24251287785,saturation
oracle,21483.042479004806,21524.525441873302,saturation
oracle,28872.4579003651,28901.067966279006,saturation
oracle,33741.53925834256,33772.519260537665,saturation
oracle,32153.5558106457,32188.67368761086,saturation
oracle,29549.757099391616,29584.773756694947,saturation
oracle,31021.20735512685,31059.81345035846,saturation
oracle,43451.164212094656,43542.19677202734,saturation
oracle,37773.35110576936,37805.56102082963,saturation
oracle,42007.8305075194,42027.404962528846,saturation
oracle,35723.26575184528,35738.76982637716,saturation
oracle,44055.600064990795,44078.97222618875,saturation
oracle,46659.93976275397,46773.98405991506,saturation
oracle,62053.28505213245,62101.77985863399,saturation
oracle,46302.4952303388,46325.03858441401,saturation
oracle,20187.687863544747,20260.72225865646,saturation
oracle,20499.20593332468,20555.053331294737,saturation
oracle,28760.854662602716,28823.61517509889,saturation
oracle,33783.32238190821,33846.9916199577,saturation
oracle,22274.87652836762,22306.4386332134,saturation
oracle,24904.849542984586,24924.439476234547,saturation
oracle,22728.345380567713,22737.138446963872,saturation
oracle,34749.676986087055,34777.27945578846,saturation
oracle,35670.656908225996,35710.978269190455,saturation
oracle,65438.50862841967,65452.257582942184,saturation
oracle,28569.829552828738,28578.486657158344,saturation
oracle,30440.783174802218,30443.595349775627,saturation
oracle,36858.34687519184,36897.15815084604,saturation
oracle,35094.99028282472,35128.85480015431,saturation
oracle,35079.5036787188,35105.11603380948,saturation
oracle,35968.449586550516,35991.757053760375,saturation
oracle,37991.45966186405,38007.315307735116,saturation
oracle,43036.439202561356,43063.551098881086,saturation
oracle,43678.95836585164,43706.52096158229,saturation
oracle,48021.02508038846,48053.74136232049,saturation
oracle,10894.432272220569,10903.16098717873,saturation
oracle,21317.692292943542,21352.767638039855,saturation
oracle,41049.35361808895,41067.60863693554,saturation
oracle,24428.9398701389,24444.22259738436,saturation
oracle,25877.087601349984,25884.798990747382,saturation
oracle,26716.011827221064,26739.802829782202,saturation
oracle,22046.643820931968,22068.857241118498,saturation
oracle,29118.16227581605,29218.4303389419,saturation
oracle,26066.936654715824,26073.35473707346,saturation
oracle,29174.75949333308,29197.20476997013,saturation
oracle,34155.4531473652,34162.55852541534,saturation
oracle,36641.26348832603,36670.03687122244,saturation
oracle,36289.235108566405,36299.433360622075,saturation
oracle,32704.472909513588,32725.233790864688,saturation
oracle,48502.323246890664,48542.33060885794,saturation
oracle,37625.13962446198,37641.10242104504,saturation
oracle,37577.71362480408,37644.165647598216,saturation
oracle,65097.41766799757,65125.01386173992,saturation
oracle,43707.445033496646,43731.98092762452,saturation
oracle,46820.30375781932,46837.42721122758,saturation
oracle,10421.578786936054,10422.860583765832,saturation
oracle,26378.59143868258,26414.083437233203,saturation
oracle,18477.64591832519,18519.086733995362,saturation
oracle,19407.602362113415,19447.655664906637,saturation
oracle,24446.239195611874,24455.42916544148,saturation
oracle,28387.36858693493,28398.762538219322,saturation
oracle,25492.54513690299,25523.523067411166,saturation
oracle,29384.061661595922,29407.10588536955,saturation
oracle,25349.99788350182,25385.353363410548,saturation
oracle,26582.718310663036,26620.69747815156,saturation
oracle,31951.99279172727,31974.11544321449,saturation
oracle,32213.853745741802,32218.24559500887,saturation
oracle,32996.510694882105,33005.876271389476,saturation
oracle,39339.327757767496,39373.17524097618,saturation
oracle,48072.809052885554,48091.9780073213,saturation
oracle,40498.17672804883,40535.259586550834,saturation
oracle,42365.593585016664,42392.382048027226,saturation
oracle,47887.75999054282,48023.323578392214,saturation
oracle,41743.67677026238,41771.61246725343,saturation
oracle,49580.94133410851,49632.04677675799,saturation
oracle,19562.344734142625,19566.17547464447,saturation
oracle,13554.462213185338,13565.655244393289,saturation
oracle,16737.110027039198,17051.950428531105,saturation
oracle,16954.743320365218,16978.905955517912,saturation
oracle,21951.30527712663,21974.734011600664,saturation
oracle,22899.499212097544,22905.32500427615,saturation
oracle,27268.852413155666,27293.49904396991,saturation
oracle,31509.901962812328,31594.70900797338,saturation
oracle,29244.011727597757,29256.940800374017,saturation
oracle,29654.759306946067,29663.456402553988,saturation
oracle,30262.3429242637,30301.483275142724,saturation
oracle,40276.67248748261,40283.4656790787,saturation
oracle,34974.48077071003,35002.46124711052,saturation
oracle,35190.13246374809,35220.07625338064,saturation
oracle,38986.69744452242,38990.06251055747,saturation
oracle,37435.34328729131,37444.589807391356,saturation
oracle,41405.00346878314,41418.78145467165,saturation
oracle,42871.58287956566,42918.93279753708,saturation
oracle,67221.42991712742,67237.26959246409,saturation
oracle,45545.9852893799,45578.90181340017,saturation
oracle,72955.36636687128,72994.29850211999,saturation
oracle,35313.81812674874,35359.5776232401,saturation
oracle,17488.30151287939,17608.71805344639,saturation
oracle,19019.30152211388,19042.877912307435,saturation
oracle,23562.709998472263,23579.739791689222,saturation
oracle,24864.48172321134,24920.709699069786,saturation
oracle,22226.550055561987,22234.613488285475,saturation
oracle,38123.423671802506,38209.31961694057,saturation
oracle,33186.25149108136,33206.55775228966,saturation
oracle,27057.652128695063,27072.429254912506,saturation
oracle,26827.704191190383,26852.257997158384,saturation
oracle,33405.76599076872,33430.77029731953,saturation
oracle,33695.219312149435,33738.64327501428,saturation
oracle,32512.027262762538,32532.771686631328,saturation
oracle,37645.970018776745,37652.89979298634,saturation
oracle,40378.04169417399,40441.743693400625,saturation
oracle,38488.27507683747,38509.398417638906,saturation
oracle,45368.57855857481,45403.37539530343,saturation
oracle,43559.79404578839,43576.90605522101,saturation
oracle,44414.797908000335,44427.99078125213,saturation
